,E_amine,ES_root_dipole_amine,ES_root_electronic_spatial_extent_amine,ES_root_molar_volume_amine,E_thermal_correction_amine,dipole_amine,electronegativity_amine,hardness_amine,homo_energy_amine,molar_mass_amine,molar_volume_amine,N1_APT_charge,N1_ES_root_Mulliken_charge,N1_ES_root_NPA_Rydberg,N1_ES_root_NPA_charge,N1_ES_root_NPA_core,N1_Mulliken_charge,N1_NMR_anisotropy,N1_NMR_shift,N1_NPA_Rydberg,N1_NPA_charge,N1_NPA_core,N1_VBur,E_COCl,ES_root_dipole_COCl,ES_root_electronic_spatial_extent_COCl,ES_root_molar_volume_COCl,E_thermal_correction_COCl,dipole_COCl,electronegativity_COCl,hardness_COCl,homo_energy_COCl,lumo_energy_COCl,molar_mass_COCl,molar_volume_COCl,C1_APT_charge,C1_ES_root_Mulliken_charge,C1_ES_root_NPA_Rydberg,C1_ES_root_NPA_charge,C1_ES_root_NPA_core,C1_NMR_anisotropy,C1_NMR_shift,C1_VBur,C2_APT_charge,C2_ES_root_Mulliken_charge,C2_ES_root_NPA_Rydberg,C2_ES_root_NPA_charge,C2_ES_root_NPA_core,C2_Mulliken_charge,C2_NMR_anisotropy,C2_NMR_shift,C2_NPA_Rydberg,C2_NPA_charge,C2_NPA_core,C2_VBur,O1_ES_root_Mulliken_charge,O1_ES_root_NPA_core,O1_Mulliken_charge,O1_NMR_anisotropy,O1_NMR_shift,O1_NPA_Rydberg,O1_NPA_charge,O1_VBur,Cl1_APT_charge,Cl1_Mulliken_charge,Cl1_NMR_anisotropy,Cl1_NMR_shift,Cl1_NPA_Rydberg,Cl1_NPA_charge,Cl1_NPA_core,Cl1_VBur,rate
C1CCC(NC2CCCCC2)CC1.CC(=O)Cl,-524.7648819673755,2.280902002536588,3286.51937582556,1673.6982420258225,0.3521390000671796,0.8732000457163624,0.07990000272377584,0.137520004990915,-0.2174200077146909,181.3204,1566.4098006703573,-0.5903190307378815,0.03636798925451537,0.013089997601576062,-0.24437997474586814,1.9991499999039766,-0.26844594410002914,54.799585067194215,201.2962691990147,0.01682999963911223,-0.7405899735644321,1.999309999951904,0.6890338926346674,-613.070645,1.8407,361.1538,589.647,0.051921,2.5752,0.17481000000000002,0.13476,-0.30957,-0.04005,78.4981,543.096,-0.16842,-0.019931,0.00801,-0.68972,1.99914,58.3883,161.9989,0.3882945248584015,1.19561,-0.022262,0.04824,0.23014,1.99928,0.181407,78.3666,21.3299,0.05149,0.57826,1.99927,0.49370673379483954,-0.031774,1.99969,-0.138192,709.0371,-224.4771,0.01248,-0.48574,0.3472309628697294,-0.497062,-0.249833,776.7802,462.7909,0.02158,-0.12005,9.99964,0.3590308370044053,2.715059985558049
C1CCC(NC2CCCCC2)CC1.CC(C)(C)C(=O)Cl,-524.7648819673755,2.280902002536588,3286.51937582556,1673.6982420258225,0.3521390000671796,0.8732000457163624,0.07990000272377584,0.137520004990915,-0.2174200077146909,181.3204,1566.4098006703573,-0.5903190307378815,0.03636798925451537,0.013089997601576062,-0.24437997474586814,1.9991499999039766,-0.26844594410002914,54.799585067194215,201.2962691990147,0.01682999963911223,-0.7405899735644321,1.999309999951904,0.6890338926346674,-730.74792,2.2489,944.8434,987.864,0.140866,2.7537,0.1676,0.13162,-0.29922,-0.03598,120.5785,1095.631,-0.002895,-0.401545,0.01495,-0.12509,1.99882,43.2203,145.8968,0.7474826935179358,1.086134,0.105519,0.05777,0.24151,1.999,0.311319,92.3348,10.4385,0.06159,0.60184,1.99904,0.6241346758967904,-0.044561,1.99969,-0.134635,702.0892,-210.5595,0.01227,-0.49442,0.4129955947136564,-0.486258,-0.243396,657.1407,517.8314,0.02014,-0.11423,9.99964,0.4117369414726243,0.7936869182544245
C1CCC(NC2CCCCC2)CC1.CC(C)(C)c1ccc(C(=O)Cl)cc1,-524.7648819673755,2.280902002536588,3286.51937582556,1673.6982420258225,0.3521390000671796,0.8732000457163624,0.07990000272377584,0.137520004990915,-0.2174200077146909,181.3204,1566.4098006703573,-0.5903190307378815,0.03636798925451537,0.013089997601576062,-0.24437997474586814,1.9991499999039766,-0.26844594410002914,54.799585067194215,201.2962691990147,0.01682999963911223,-0.7405899735644321,1.999309999951904,0.6890338926346674,-961.3640173962594,0.8439951331320028,3736.8617162104047,1666.1327468680736,0.22702856304127478,4.218331555187393,0.1765543462087611,0.10122506668047276,-0.2777794128892339,-0.07532927952828836,196.6761,1756.2896208656803,-0.4178817038419192,-0.05493930742117488,0.01711,-0.19114765846693713,1.9987399999999997,145.50595114472912,64.19142355353065,0.6443475428431109,1.4770539433619239,0.2047373555601576,0.04842981988207208,0.3621147765800905,1.9990249099410362,0.31251209335266183,87.58830934681762,23.936423813800438,0.05250472982310813,0.5711581988207208,1.99906,0.5483809008647571,-0.017174605652256175,1.9997,-0.14438870176891871,691.262978378876,-184.8857997811485,0.01198,-0.5034901801179279,0.385780052201509,-0.5155604648516117,-0.2547429379952255,652.1694292748869,528.6326041804466,0.020760180117927914,-0.10642675787729755,9.99966,0.38215008883285495,0.6102765408469427
C1CCC(NC2CCCCC2)CC1.CC(C)C(=O)Cl,-524.7648819673755,2.280902002536588,3286.51937582556,1673.6982420258225,0.3521390000671796,0.8732000457163624,0.07990000272377584,0.137520004990915,-0.2174200077146909,181.3204,1566.4098006703573,-0.5903190307378815,0.03636798925451537,0.013089997601576062,-0.24437997474586814,1.9991499999039766,-0.26844594410002914,54.799585067194215,201.2962691990147,0.01682999963911223,-0.7405899735644321,1.999309999951904,0.6890338926346674,-691.5212651203827,2.1259058055730957,774.3015688508707,791.3296195399124,0.11183604170191642,2.7012129828698455,0.17010773050232164,0.13244814752148587,-0.3025558780238075,-0.0376595829808358,106.5517,975.6940716840189,-0.024167191055353945,-0.17073551463321235,0.013924490779907133,-0.30198609076336,1.998945169740031,48.80721556952866,147.29575347812465,0.6314692916962978,1.1238819960085888,0.04858485903341499,0.0550134723397214,0.23591374372657942,1.9991075848700155,0.25247221421848887,88.59731276692389,12.733502739310532,0.0582213191506965,0.5944755962050935,1.9991375848700155,0.5800598381088926,-0.041438333812522876,1.99969,-0.1376712573166062,707.048479399112,-210.10582375691683,0.012389359809427323,-0.49276171727806395,0.39244024014119183,-0.49584497796278615,-0.2460183941104488,714.2513821331088,492.33222075195357,0.020564830259969046,-0.11847795268777256,9.99964,0.38745155439779033,1.280673800419742
C1CCC(NC2CCCCC2)CC1.CCC(C(=O)Cl)c1ccccc1,-524.7648819673755,2.280902002536588,3286.51937582556,1673.6982420258225,0.3521390000671796,0.8732000457163624,0.07990000272377584,0.137520004990915,-0.2174200077146909,181.3204,1566.4098006703573,-0.5903190307378815,0.03636798925451537,0.013089997601576062,-0.24437997474586814,1.9991499999039766,-0.26844594410002914,54.799585067194215,201.2962691990147,0.01682999963911223,-0.7405899735644321,1.999309999951904,0.6890338926346674,-922.1350941424333,4.569522987935531,2455.9020135917617,1503.8121474082207,0.19835830978909602,2.7196956404060453,0.15641062941202977,0.11147264569784315,-0.267883275109873,-0.044937983714186606,182.6493,1522.0795475579139,-0.04878392032155667,-0.06036727587828204,0.02106411226593012,-0.32502486318000223,1.99889,30.15305416820589,127.38872271494051,0.7227754446342497,1.1178043569820812,0.06601085036127433,0.056704631153088186,0.26634316303879657,1.999111010410588,0.2584528867848544,80.18911170349905,15.605117816098318,0.05923987339580025,0.5947519757187832,1.999131232884499,0.6209158445810388,-0.11952997468335282,1.999685360884168,-0.143804062173481,712.2092388306249,-204.0050258804775,0.012248062306486857,-0.5005021470911517,0.43435065207263357,-0.4765579049182884,-0.2283885640121543,717.517615534147,464.5850831441031,0.021029658300558765,-0.0958973312821047,9.99961558335808,0.388169114477217,1.761765437600715
C1CCC(NC2CCCCC2)CC1.CCCCC(=O)Cl,-524.7648819673755,2.280902002536588,3286.51937582556,1673.6982420258225,0.3521390000671796,0.8732000457163624,0.07990000272377584,0.137520004990915,-0.2174200077146909,181.3204,1566.4098006703573,-0.5903190307378815,0.03636798925451537,0.013089997601576062,-0.24437997474586814,1.9991499999039766,-0.26844594410002914,54.799585067194215,201.2962691990147,0.01682999963911223,-0.7405899735644321,1.999309999951904,0.6890338926346674,-730.7450150574017,2.090291331652506,1341.9302009057062,994.4515719835497,0.1418835432507869,2.6086344119789233,0.1712263701297755,0.1335958284882569,-0.3048221986180324,-0.037630541641518626,120.57850000000002,1041.7633434165296,-0.09671197627204661,0.007804712444770221,0.014038775373839806,-0.4880626302178358,1.9990404359511826,56.464141490849684,147.1293956944729,0.5593904691258827,1.1789239078387639,0.007528819367576247,0.05127629781296082,0.23642929006115296,1.9991881569913779,0.21380243779784716,82.77940616490689,16.660432212862794,0.05512335177243502,0.588506474333033,1.999198156991378,0.5578940906295883,-0.04184591941059398,1.9996900000000002,-0.14164929933233972,714.7961360943984,-212.9005115825591,0.012188685583343585,-0.49471489576310834,0.3995731427490579,-0.5163867508662023,-0.24523050175144934,770.1191505493439,470.94318983615574,0.020878088448009844,-0.11732762706245506,9.999642023227146,0.3671949651309757,2.44487484066428
C1CCC(NC2CCCCC2)CC1.CCCCC(CC)C(=O)Cl,-524.7648819673755,2.280902002536588,3286.51937582556,1673.6982420258225,0.3521390000671796,0.8732000457163624,0.07990000272377584,0.137520004990915,-0.2174200077146909,181.3204,1566.4098006703573,-0.5903190307378815,0.03636798925451537,0.013089997601576062,-0.24437997474586814,1.9991499999039766,-0.26844594410002914,54.799585067194215,201.2962691990147,0.01682999963911223,-0.7405899735644321,1.999309999951904,0.6890338926346674,-848.4194799426583,2.1267217278302994,2464.267019669444,1500.231394373068,0.23155073390523292,2.677801397359587,0.16853390822493342,0.13085299777436263,-0.29938690599929607,-0.037680910450570794,162.6589,1466.9452087716104,-0.0842353595837951,-0.12303181060215712,0.01891789249052634,-0.29470057863953375,1.9989210580785208,30.751430758385847,131.96111134930018,0.7081076322850737,1.1146350543229737,0.04049639435702823,0.05769645486653496,0.23430779863995022,1.999079831858541,0.2342915125830618,79.28964453295023,10.72058245681579,0.06134362576284608,0.5865793709141864,1.999110961152719,0.6405613297343266,-0.04916664952674792,1.9996827557665517,-0.14383461934649713,723.1028236690747,-205.35061664385827,0.012373376332512752,-0.5004955405011925,0.44056690495066464,-0.4902433087740082,-0.23982660938031483,795.885334662436,424.81685121337784,0.02061303988994313,-0.10758898034704956,9.999627692135396,0.39206250471260456,0.6471813512110501
C1CCC(NC2CCCCC2)CC1.CCCCCCC(=O)Cl,-524.7648819673755,2.280902002536588,3286.51937582556,1673.6982420258225,0.3521390000671796,0.8732000457163624,0.07990000272377584,0.137520004990915,-0.2174200077146909,181.3204,1566.4098006703573,-0.5903190307378815,0.03636798925451537,0.013089997601576062,-0.24437997474586814,1.9991499999039766,-0.26844594410002914,54.799585067194215,201.2962691990147,0.01682999963911223,-0.7405899735644321,1.999309999951904,0.6890338926346674,-809.1928450186999,2.191972683108519,2694.585979207065,1390.3008597551361,0.20178400746022246,2.7244460547894533,0.17032995662812994,0.13265533018130402,-0.30298528680943393,-0.03767462644682591,148.63210000000004,1261.5194415620172,-0.09799205324244195,0.017531207143586563,0.014411268813625472,-0.4870248810235342,1.9990360661441282,52.29176351269705,146.78208323625879,0.5553711533823926,1.1744333662866158,0.005174748608251482,0.05187764178651444,0.23654530602917653,1.9991838244073419,0.2092039866890283,82.95284094577164,16.8293560755272,0.055168636678038244,0.5896019425118675,1.9991965260075706,0.554803422626299,-0.04042034364900629,1.9996900000000004,-0.1394788994015972,704.4901204727937,-215.8672177680678,0.01234712539999367,-0.4919174099593421,0.38646821572942175,-0.5069924791734688,-0.24872178501458486,751.6188641806931,476.4115554370388,0.020814874094548554,-0.1210213165562404,9.999640000000001,0.3740534939797181,2.442604859685826
C1CCC(NC2CCCCC2)CC1.CCCCCCCCCCCC(=O)Cl,-524.7648819673755,2.280902002536588,3286.51937582556,1673.6982420258225,0.3521390000671796,0.8732000457163624,0.07990000272377584,0.137520004990915,-0.2174200077146909,181.3204,1566.4098006703573,-0.5903190307378815,0.03636798925451537,0.013089997601576062,-0.24437997474586814,1.9991499999039766,-0.26844594410002914,54.799585067194215,201.2962691990147,0.01682999963911223,-0.7405899735644321,1.999309999951904,0.6890338926346674,-1005.3142281705781,2.051840846684475,7589.4788243149,2063.8977884186593,0.35148147884172565,2.580964688743521,0.17130593121998355,0.13237374139497904,-0.3036796726149626,-0.038932189825004494,218.76610000000002,2028.2284431012831,-0.09832466528407613,0.011300852452152831,0.014411262852878942,-0.4876371810409823,1.9990393233150183,54.09437145699512,147.61948876998457,0.5618015097823486,1.1889594778380719,0.0034922479456673456,0.05177155382090726,0.23634184011774262,1.9991781601252514,0.20777313911983045,80.09136057476589,16.11372837040959,0.05541338385685213,0.5883281241859004,1.999188590390622,0.5688480715114945,-0.04156562730035017,1.9996867476005615,-0.13988340193202087,708.4357928496703,-213.85227427913944,0.012237201999370216,-0.49679063701810433,0.4188836362668115,-0.5185254162381545,-0.24439257461254094,760.4693324636868,471.25224452499526,0.020883543820409477,-0.11594466851905619,9.999637177865932,0.3724491019162263,2.604813540756292
C1CCC(NC2CCCCC2)CC1.CCc1ccc(C(=O)Cl)cc1,-524.7648819673755,2.280902002536588,3286.51937582556,1673.6982420258225,0.3521390000671796,0.8732000457163624,0.07990000272377584,0.137520004990915,-0.2174200077146909,181.3204,1566.4098006703573,-0.5903190307378815,0.03636798925451537,0.013089997601576062,-0.24437997474586814,1.9991499999039766,-0.26844594410002914,54.799585067194215,201.2962691990147,0.01682999963911223,-0.7405899735644321,1.999309999951904,0.6890338926346674,-882.914671,0.8056,2669.3825,1421.7125,0.168403,4.1213,0.17781,0.10156000000000001,-0.27937,-0.07625,168.6225,1314.007,-0.402094,-0.061786,0.01695,-0.19259,1.99875,146.8733,63.8668,0.6452957835116425,1.456055,0.205216,0.04843,0.36246,1.99903,0.312565,87.4623,23.8993,0.05253,0.57058,1.99906,0.5498741346758967,-0.017375,1.9997,-0.144731,691.6855,-184.816,0.01198,-0.50355,0.3866425424795469,-0.509939,-0.254084,651.6022,528.6102,0.02081,-0.10547,9.99966,0.38294524858401513,1.0411797007258066
C1CCC(NC2CCCCC2)CC1.COc1cc(C(=O)Cl)cc(OC)c1OC,-524.7648819673755,2.280902002536588,3286.51937582556,1673.6982420258225,0.3521390000671796,0.8732000457163624,0.07990000272377584,0.137520004990915,-0.2174200077146909,181.3204,1566.4098006703573,-0.5903190307378815,0.03636798925451537,0.013089997601576062,-0.24437997474586814,1.9991499999039766,-0.26844594410002914,54.799585067194215,201.2962691990147,0.01682999963911223,-0.7405899735644321,1.999309999951904,0.6890338926346674,-1147.3988728386491,9.590245055798524,4098.000453261923,1788.438858126628,0.21336973094695055,3.820453988387011,0.1589222523904965,0.08715554844614821,-0.2460778008366447,-0.07176670394434828,230.64750000000004,1702.8529527836297,-0.30062621086644153,-0.0505418648015625,0.01901263016358685,-0.16597456713914246,1.9988191465822256,138.9709269242885,66.29146063677923,0.6464282423283223,1.4648143543682646,0.20572451472928088,0.0527408394357223,0.4021922948019736,1.9991034206621257,0.30939671461077606,86.80447373218087,24.14315727612148,0.052543474138718856,0.5717040388310601,1.9990608534177752,0.5505070876792586,-0.22497649330386443,1.9997000000000003,-0.1474567049669537,690.2213647653614,-182.89085364682126,0.011964543057302771,-0.5069527124341651,0.38708728584549945,-0.5075244044704986,-0.2524332482777629,651.9670016723583,528.9051928576206,0.020845079417672406,-0.10312794717934845,9.999652567244352,0.38354454400728805,0.872064584846081
C1CCC(NC2CCCCC2)CC1.COc1ccc(C(=O)Cl)cc1,-524.7648819673755,2.280902002536588,3286.51937582556,1673.6982420258225,0.3521390000671796,0.8732000457163624,0.07990000272377584,0.137520004990915,-0.2174200077146909,181.3204,1566.4098006703573,-0.5903190307378815,0.03636798925451537,0.013089997601576062,-0.24437997474586814,1.9991499999039766,-0.26844594410002914,54.799585067194215,201.2962691990147,0.01682999963911223,-0.7405899735644321,1.999309999951904,0.6890338926346674,-918.7794806452093,1.8095578782030461,2595.8845344392657,1351.432412177592,0.14413766686447077,4.69247217594736,0.16339189113066868,0.09466255858855176,-0.2580544497192204,-0.06872933254211694,170.5951,1330.3161569267518,-0.5316156870230284,-0.057328369918361544,0.01689,-0.20658333135529233,1.9987499999999998,139.08126280090607,69.5119016314473,0.6464023557102192,1.5082461480170826,0.19680829664503793,0.04825977751403898,0.35202155146760417,1.99902,0.30959364046198856,88.97441949403056,25.308381727266305,0.052509332542116934,0.5694617858218112,1.99905,0.5495559709571898,-0.023747567188664966,1.9997,-0.15034197745033262,671.7481042751876,-174.48073225064894,0.011970222485961022,-0.5095373064319758,0.38616179649303717,-0.5192249050540321,-0.26183382883983775,650.1022819991035,534.1770665455147,0.020634443785097444,-0.11341470187579644,9.99966,0.3827949177457842,0.8171181316129663
C1CCC(NC2CCCCC2)CC1.Cc1ccc(C(=O)Cl)cc1,-524.7648819673755,2.280902002536588,3286.51937582556,1673.6982420258225,0.3521390000671796,0.8732000457163624,0.07990000272377584,0.137520004990915,-0.2174200077146909,181.3204,1566.4098006703573,-0.5903190307378815,0.03636798925451537,0.013089997601576062,-0.24437997474586814,1.9991499999039766,-0.26844594410002914,54.799585067194215,201.2962691990147,0.01682999963911223,-0.7405899735644321,1.999309999951904,0.6890338926346674,-843.690474,0.7847,2037.6054,1331.695,0.138241,4.0826,0.17777500000000002,0.101495,-0.27927,-0.07628,154.5957,957.156,-0.396447,-0.063926,0.01695,-0.19369,1.99875,146.8166,64.1383,0.6464757709251101,1.444549,0.205095,0.0484,0.3622,1.99903,0.312699,87.2722,23.9815,0.05251,0.57046,1.99906,0.5497954688483323,-0.017809,1.9997,-0.144896,691.7944,-184.7633,0.01198,-0.50358,0.3868785399622404,-0.507387,-0.254103,652.0078,529.0068,0.02081,-0.10548,9.99966,0.38231592196349906,0.7057832467333562
C1CCC(NC2CCCCC2)CC1.Cc1ccccc1C(=O)Cl,-524.7648819673755,2.280902002536588,3286.51937582556,1673.6982420258225,0.3521390000671796,0.8732000457163624,0.07990000272377584,0.137520004990915,-0.2174200077146909,181.3204,1566.4098006703573,-0.5903190307378815,0.03636798925451537,0.013089997601576062,-0.24437997474586814,1.9991499999039766,-0.26844594410002914,54.799585067194215,201.2962691990147,0.01682999963911223,-0.7405899735644321,1.999309999951904,0.6890338926346674,-843.6875560574109,0.11441203094299326,1727.5775237937205,1185.5250490989843,0.13826824892949693,2.9335652803962233,0.17744671457012706,0.09930211916386854,-0.2767488337339956,-0.07814459540625854,154.5957,1206.8423660351868,-0.3609323356612174,-0.04382074162750573,0.017399388198169285,-0.18550015969286923,1.99871,143.88919896912307,63.72922694533436,0.6763989980060084,1.3794532603765848,0.17964343533990834,0.04829439509069746,0.3670932883597818,1.9990500711227133,0.2936090109211529,86.60514481931877,23.749668767244493,0.051918321357468225,0.5733261876760661,1.9990899288772865,0.5774004604109436,-0.03147546807824839,1.9996999288772865,-0.14907075579200177,701.4520483596131,-205.6625805599628,0.012379573263719579,-0.5042245104984888,0.4371025917512716,-0.51174269585703,-0.25672397091808735,673.4314174438672,509.25428815634746,0.020633982871950604,-0.11187011540779132,9.999669857754574,0.38752509665341367,1.2888975940771148
C1CCC(NC2CCCCC2)CC1.O=C(Cl)C12CC3CC(CC(C3)C1)C2,-524.7648819673755,2.280902002536588,3286.51937582556,1673.6982420258225,0.3521390000671796,0.8732000457163624,0.07990000272377584,0.137520004990915,-0.2174200077146909,181.3204,1566.4098006703573,-0.5903190307378815,0.03636798925451537,0.013089997601576062,-0.24437997474586814,1.9991499999039766,-0.26844594410002914,54.799585067194215,201.2962691990147,0.01682999963911223,-0.7405899735644321,1.999309999951904,0.6890338926346674,-962.581811,3.0439,2417.6329,1837.01,0.2551,3.1191,0.16248,0.12827,-0.29075,-0.03421,198.6919,1506.761,-0.109963,-0.417603,0.01866,-0.12505,1.99879,47.667,144.0592,0.8325991189427313,1.135254,0.136483,0.05847,0.25586,1.99893,0.339763,94.9955,11.4326,0.06189,0.61891,1.99899,0.6260226557583386,-0.055463,1.99969,-0.134531,703.9745,-206.4244,0.01198,-0.49526,0.4133102580239144,-0.495051,-0.246408,649.7835,526.6917,0.01986,-0.11707,9.99965,0.4122089364380113,0.5848493151229608
C1CCC(NC2CCCCC2)CC1.O=C(Cl)C=Cc1ccccc1,-524.7648819673755,2.280902002536588,3286.51937582556,1673.6982420258225,0.3521390000671796,0.8732000457163624,0.07990000272377584,0.137520004990915,-0.2174200077146909,181.3204,1566.4098006703573,-0.5903190307378815,0.03636798925451537,0.013089997601576062,-0.24437997474586814,1.9991499999039766,-0.26844594410002914,54.799585067194215,201.2962691990147,0.01682999963911223,-0.7405899735644321,1.999309999951904,0.6890338926346674,-881.7076424349888,1.4583330632451224,3001.2649234041864,1257.7523733779365,0.14500556194108782,4.007677662728389,0.18097215746167145,0.08464781157985767,-0.2656199690415291,-0.09632434588181382,166.6067,1318.0489361294021,-0.6487631505721401,-0.11180734591608987,0.015986889213416643,-0.40177837436797814,1.9988062506712867,97.67235097153285,72.11756207665134,0.5471110545535718,1.594812176212798,0.21686245915706964,0.047810688301961585,0.3951780161227317,1.9990600002421206,0.2773765541231414,79.2212823091358,26.059164333630676,0.05162692895158519,0.5406730279839103,1.9991162506021094,0.518506511257886,-0.01080933265076242,1.99969,-0.1561087210570263,684.9150017741213,-177.68841986288376,0.012026865077963791,-0.508001072172739,0.3739683515791476,-0.5679760192194105,-0.25474012890245074,721.0320699222212,470.0895892939961,0.02118627173739866,-0.11190134066066033,9.99965374939789,0.36138049216617174,2.2601151698206228
C1CCC(NC2CCCCC2)CC1.O=C(Cl)c1ccc(-c2ccccc2)cc1,-524.7648819673755,2.280902002536588,3286.51937582556,1673.6982420258225,0.3521390000671796,0.8732000457163624,0.07990000272377584,0.137520004990915,-0.2174200077146909,181.3204,1566.4098006703573,-0.5903190307378815,0.03636798925451537,0.013089997601576062,-0.24437997474586814,1.9991499999039766,-0.26844594410002914,54.799585067194215,201.2962691990147,0.01682999963911223,-0.7405899735644321,1.999309999951904,0.6890338926346674,-1035.081421,13.748,5091.4627,1754.559,0.195241,4.008,0.17202,0.08703,-0.25905,-0.08499,216.6665,1648.5790000000002,-0.476397,-0.069238,0.01931,-0.13635,1.99876,146.3066,63.2115,0.6453744493392071,1.557555,0.237449,0.05246,0.45217,1.99908,0.313028,86.8115,23.8787,0.05251,0.56896,1.99906,0.5493234738829452,-0.197972,1.99969,-0.14352,696.741,-187.3885,0.012,-0.50251,0.38569855254877283,-0.528893,-0.251945,650.7091,526.9992,0.02088,-0.10309,9.99966,0.38223725613593457,0.9424102911050448
C1CCC(NC2CCCCC2)CC1.O=C(Cl)c1ccc(Br)cc1,-524.7648819673755,2.280902002536588,3286.51937582556,1673.6982420258225,0.3521390000671796,0.8732000457163624,0.07990000272377584,0.137520004990915,-0.2174200077146909,181.3204,1566.4098006703573,-0.5903190307378815,0.03636798925451537,0.013089997601576062,-0.24437997474586814,1.9991499999039766,-0.26844594410002914,54.799585067194215,201.2962691990147,0.01682999963911223,-0.7405899735644321,1.999309999951904,0.6890338926346674,-3377.857666,2.1799,3388.6568,1232.628,0.100324,2.0328,0.18545,0.09516000000000002,-0.28061,-0.09029,219.465,1258.854,-0.39698,-0.055564,0.01694,-0.19555,1.99875,149.5302,63.26,0.645846444304594,1.462386,0.217711,0.04852,0.3717,1.99904,0.315275,85.0022,24.181,0.05263,0.56687,1.99907,0.5486154814348647,-0.010299,1.9997,-0.140191,709.2575,-191.8647,0.01202,-0.49899,0.38719320327249845,-0.500793,-0.242085,647.9072,524.2242,0.02118,-0.09299,9.99965,0.382001258653241,1.427533001928914
C1CCC(NC2CCCCC2)CC1.O=C(Cl)c1ccc(C(F)(F)F)cc1,-524.7648819673755,2.280902002536588,3286.51937582556,1673.6982420258225,0.3521390000671796,0.8732000457163624,0.07990000272377584,0.137520004990915,-0.2174200077146909,181.3204,1566.4098006703573,-0.5903190307378815,0.03636798925451537,0.013089997601576062,-0.24437997474586814,1.9991499999039766,-0.26844594410002914,54.799585067194215,201.2962691990147,0.01682999963911223,-0.7405899735644321,1.999309999951904,0.6890338926346674,-1141.009328,3.3671,3493.4189,1579.5935,0.117803,1.0538,0.202225,0.10366500000000001,-0.30589,-0.09856,208.5672,1203.002,-0.281208,-0.066681,0.01707,-0.18876,1.99875,151.6583,59.3407,0.6463184392699811,1.375664,0.226354,0.04856,0.38009,1.99904,0.318189,83.9248,23.6216,0.05264,0.56628,1.99908,0.5490874764002517,-0.003696,1.9997,-0.135777,725.5918,-200.3338,0.01205,-0.49428,0.3871145374449339,-0.48031,-0.234509,646.3328,518.8401,0.02137,-0.08533,9.99964,0.38239458779106356,1.9149387071586668
C1CCC(NC2CCCCC2)CC1.O=C(Cl)c1ccc(Cl)cc1,-524.7648819673755,2.280902002536588,3286.51937582556,1673.6982420258225,0.3521390000671796,0.8732000457163624,0.07990000272377584,0.137520004990915,-0.2174200077146909,181.3204,1566.4098006703573,-0.5903190307378815,0.03636798925451537,0.013089997601576062,-0.24437997474586814,1.9991499999039766,-0.26844594410002914,54.799585067194215,201.2962691990147,0.01682999963911223,-0.7405899735644321,1.999309999951904,0.6890338926346674,-1263.981948,2.0754,2495.0487,918.639,0.100727,2.063,0.18674,0.09755,-0.28429,-0.08919,175.014,1159.235,-0.395009,-0.059104,0.01687,-0.19718,1.99875,148.1762,63.8432,0.6469477658904972,1.447541,0.216306,0.04848,0.37028,1.99904,0.314974,85.26,24.3534,0.05263,0.56696,1.99907,0.5487728130899937,-0.010873,1.9997,-0.140838,706.9426,-190.8553,0.01202,-0.49966,0.38719320327249845,-0.497634,-0.243186,647.8379,524.4538,0.02115,-0.09408,9.99965,0.38231592196349906,1.4229809451308104
C1CCC(NC2CCCCC2)CC1.O=C(Cl)c1ccc(Cl)cc1Cl,-524.7648819673755,2.280902002536588,3286.51937582556,1673.6982420258225,0.3521390000671796,0.8732000457163624,0.07990000272377584,0.137520004990915,-0.2174200077146909,181.3204,1566.4098006703573,-0.5903190307378815,0.03636798925451537,0.013089997601576062,-0.24437997474586814,1.9991499999039766,-0.26844594410002914,54.799585067194215,201.2962691990147,0.01682999963911223,-0.7405899735644321,1.999309999951904,0.6890338926346674,-1723.4939374606504,1.2883800810490484,2980.2158268029457,1474.2397074519768,0.09215022714359405,2.4027020201639373,0.1889194293631092,0.09675937747005803,-0.28567880683316726,-0.09216005189305122,209.45909999999998,1522.9075142418037,-0.4253249866263163,-0.07327173319778336,0.019400577896779823,-0.2055589686983824,1.9986567970101383,141.94229947990505,63.78112283667599,0.6720934400530437,1.383887345120303,0.20099762442309496,0.051071825734569344,0.377952249212696,1.9990716014949308,0.30132847764488324,89.17290808438919,26.71033238705266,0.053662067271891524,0.5672160495446766,1.9991067970101382,0.5710416884369257,-0.02376615770075898,1.9996899999999997,-0.12318614046610027,738.0003184385099,-221.68962119212986,0.01246359402027631,-0.4777808249899132,0.41465210131273,-0.4997364317231278,-0.23461153961306366,691.034157820026,475.66836513053863,0.02126264516867135,-0.09382789320718006,9.999653594020277,0.3876269732870548,1.977413805275109
C1CCC(NC2CCCCC2)CC1.O=C(Cl)c1ccc(F)cc1,-524.7648819673755,2.280902002536588,3286.51937582556,1673.6982420258225,0.3521390000671796,0.8732000457163624,0.07990000272377584,0.137520004990915,-0.2174200077146909,181.3204,1566.4098006703573,-0.5903190307378815,0.03636798925451537,0.013089997601576062,-0.24437997474586814,1.9991499999039766,-0.26844594410002914,54.799585067194215,201.2962691990147,0.01682999963911223,-0.7405899735644321,1.999309999951904,0.6890338926346674,-903.560911,1.3905,1932.8255,1039.562,0.101816,2.1677,0.18521500000000002,0.102935,-0.28815,-0.08228,158.5594,1118.02,-0.402654,-0.063696,0.0167,-0.20093,1.99875,144.8678,66.2483,0.6475770925110133,1.405945,0.206459,0.0484,0.35807,1.99903,0.313827,86.1662,24.8469,0.05265,0.56797,1.99907,0.5505034612964128,-0.01578,1.9997,-0.143118,697.5602,-186.3864,0.01202,-0.50216,0.38735053492762744,-0.489988,-0.246855,647.3665,526.5674,0.02105,-0.09791,9.99965,0.38247325361862805,1.218509956186261
C1CCC(NC2CCCCC2)CC1.O=C(Cl)c1ccc(F)cc1F,-524.7648819673755,2.280902002536588,3286.51937582556,1673.6982420258225,0.3521390000671796,0.8732000457163624,0.07990000272377584,0.137520004990915,-0.2174200077146909,181.3204,1566.4098006703573,-0.5903190307378815,0.03636798925451537,0.013089997601576062,-0.24437997474586814,1.9991499999039766,-0.26844594410002914,54.799585067194215,201.2962691990147,0.01682999963911223,-0.7405899735644321,1.999309999951904,0.6890338926346674,-1002.6542594723891,1.5628342043633043,2120.324392652248,1108.7274438818417,0.09460995236304569,2.9002627333284448,0.18897774100507306,0.1031808922527925,-0.29215863325786556,-0.08579684875228055,176.5499,1217.2759401612166,-0.4762535813565251,-0.14156288723632596,0.01749714178274225,-0.2655723345228288,1.9987275595461926,125.52130121331402,76.87735232825071,0.6601959388546843,1.4011957195348994,0.21017866036864236,0.05033202645075863,0.3574196198405706,1.999092440453807,0.31311296107594244,89.14458035729169,29.976610165880096,0.053738691863957924,0.5602134195157078,1.9991175595461927,0.5592025931930473,-0.0013660944016755583,1.999692440453807,-0.12574949132688037,715.3363046299694,-206.25609228525013,0.012154107747207482,-0.4855636222965187,0.4016195195314515,-0.4835200440528855,-0.24479578722213755,687.6901003715086,492.5449564929477,0.021139816660918742,-0.0970344038983523,9.99966023818477,0.38741746794270504,1.9558139377153672
C1CCC(NC2CCCCC2)CC1.O=C(Cl)c1ccc(OC(F)(F)F)cc1,-524.7648819673755,2.280902002536588,3286.51937582556,1673.6982420258225,0.3521390000671796,0.8732000457163624,0.07990000272377584,0.137520004990915,-0.2174200077146909,181.3204,1566.4098006703573,-0.5903190307378815,0.03636798925451537,0.013089997601576062,-0.24437997474586814,1.9991499999039766,-0.26844594410002914,54.799585067194215,201.2962691990147,0.01682999963911223,-0.7405899735644321,1.999309999951904,0.6890338926346674,-1216.116295,1.9373,4202.2051,1483.97,0.123247,2.1043,0.18684,0.10098000000000001,-0.28782,-0.08586,224.5666,1686.329,-0.41883,-0.055985,0.01693,-0.20009,1.99875,144.7474,65.8979,0.6455317809943361,1.437835,0.211505,0.04838,0.36227,1.99903,0.315037,85.8367,24.8444,0.0526,0.56737,1.99907,0.5483008181246066,-0.013036,1.9997,-0.141975,702.237,-188.2112,0.01203,-0.50095,0.3865638766519824,-0.492427,-0.24471,647.5785,525.941,0.02111,-0.09583,9.99965,0.382001258653241,1.5270663931378077
C1CCC(NC2CCCCC2)CC1.O=C(Cl)c1ccc(SC(F)(F)F)cc1,-524.7648819673755,2.280902002536588,3286.51937582556,1673.6982420258225,0.3521390000671796,0.8732000457163624,0.07990000272377584,0.137520004990915,-0.2174200077146909,181.3204,1566.4098006703573,-0.5903190307378815,0.03636798925451537,0.013089997601576062,-0.24437997474586814,1.9991499999039766,-0.26844594410002914,54.799585067194215,201.2962691990147,0.01682999963911223,-0.7405899735644321,1.999309999951904,0.6890338926346674,-1539.108656,10.93545,4535.03445,1625.511,0.120362,1.4151,0.19517500000000002,0.09453500000000001,-0.28971,-0.10064,240.6272,1337.92,-0.29784849999999996,-0.0998015,0.01897,-0.20292,1.99876,153.6659,59.602199999999996,0.6472624292007552,1.4163860000000001,0.25255150000000004,0.05244,0.4746,1.99909,0.3170855,83.78805,23.4428,0.05266,0.56606,1.99908,0.5502674638137193,-0.18941449999999999,1.99969,-0.1355175,726.435,-201.13459999999998,0.01204,-0.49415,0.3878618628067967,-0.49045249999999996,-0.234585,646.7714000000001,518.4003,0.02136,-0.08533,9.99964,0.38333857772183766,1.896240729482065
C1CCC(NC2CCCCC2)CC1.O=C(Cl)c1ccc([N+](=O)[O-])cc1,-524.7648819673755,2.280902002536588,3286.51937582556,1673.6982420258225,0.3521390000671796,0.8732000457163624,0.07990000272377584,0.137520004990915,-0.2174200077146909,181.3204,1566.4098006703573,-0.5903190307378815,0.03636798925451537,0.013089997601576062,-0.24437997474586814,1.9991499999039766,-0.26844594410002914,54.799585067194215,201.2962691990147,0.01682999963911223,-0.7405899735644321,1.999309999951904,0.6890338926346674,-1008.649643,2.8883,2934.3431,1429.187,0.114492,1.9316,0.21973499999999999,0.09540499999999999,-0.31514,-0.12433,185.5665,1180.633,-0.243545,-0.095972,0.01759,-0.19498,1.99875,153.1256,57.3166,0.6472624292007552,1.373848,0.307302,0.05273,0.54955,1.99909,0.319677,82.3735,23.8112,0.0527,0.56324,1.99908,0.5486154814348647,-0.149197,1.99968,-0.131168,741.5805,-208.9034,0.01209,-0.49014,0.3881371932032725,-0.473753,-0.225712,643.2683,512.101,0.02162,-0.07607,9.99964,0.38215859030837,2.287979491020097
C1CCC(NC2CCCCC2)CC1.O=C(Cl)c1ccc2ccccc2c1,-524.7648819673755,2.280902002536588,3286.51937582556,1673.6982420258225,0.3521390000671796,0.8732000457163624,0.07990000272377584,0.137520004990915,-0.2174200077146909,181.3204,1566.4098006703573,-0.5903190307378815,0.03636798925451537,0.013089997601576062,-0.24437997474586814,1.9991499999039766,-0.26844594410002914,54.799585067194215,201.2962691990147,0.01682999963911223,-0.7405899735644321,1.999309999951904,0.6890338926346674,-957.8231548793865,8.942984281922897,3120.642424188284,1617.483620444743,0.15897933382482796,3.963189472116048,0.1688166691241398,0.08189167649655926,-0.25070834562069905,-0.08692499262758055,190.6287,1577.0617708477648,-0.406241613979723,-0.0853495998229043,0.01913813624300125,-0.18617714833386767,1.9987759805367138,143.21741244463914,64.17324326159877,0.6477991941427841,1.4941111495158192,0.2417364895313614,0.05284029194928839,0.45526854910095393,1.9990940194632858,0.3139393768798561,87.57417048040392,23.502188115581014,0.052508428192289645,0.5698158832202846,1.9990640194632858,0.5497785108064259,-0.20163146446439634,1.9996899999999997,-0.14309156915373786,699.7480535233219,-189.1846326741985,0.01198794161014232,-0.5022111235626368,0.38731661884381463,-0.5121153102357949,-0.2502995078146661,650.3423603945448,527.1525046879868,0.020885980536714102,-0.10191680330266659,9.999655980536714,0.3832938279780859,1.0745306280071691
C1CCC(NC2CCCCC2)CC1.O=C(Cl)c1cccc2ccccc12,-524.7648819673755,2.280902002536588,3286.51937582556,1673.6982420258225,0.3521390000671796,0.8732000457163624,0.07990000272377584,0.137520004990915,-0.2174200077146909,181.3204,1566.4098006703573,-0.5903190307378815,0.03636798925451537,0.013089997601576062,-0.24437997474586814,1.9991499999039766,-0.26844594410002914,54.799585067194215,201.2962691990147,0.01682999963911223,-0.7405899735644321,1.999309999951904,0.6890338926346674,-957.8186401303651,7.76497366122391,2727.8224101566643,1452.655905920424,0.1591435410273463,3.138155778233965,0.17141258730322817,0.07978083346207067,-0.2511934207652988,-0.09163175384115753,190.62869999999998,1654.673933628048,-0.3606608914538662,-0.060651833547166085,0.019562781082751415,-0.15268271376427908,1.9987499999999998,140.36828004155382,67.13279503149818,0.67083710319587,1.4184804447627122,0.24250688344425783,0.05177296194712997,0.4757362417913853,1.9991198794237475,0.3059404481129295,90.28639256302401,23.548420283844816,0.051731334167722944,0.5763399240539799,1.9990998794237473,0.5737331192431018,-0.21399212998145925,1.9996800602881257,-0.14835273747499386,677.8735529026063,-199.8173439886677,0.012231266050649904,-0.5084526793064421,0.42167378684587214,-0.536095752759764,-0.25799595608850817,690.7625756377732,499.1303403904185,0.020573617287571157,-0.11333870811906079,9.999669879423749,0.38839317125744705,1.0110447506048643
C1CCC(NC2CCCCC2)CC1.O=C(Cl)c1ccccc1,-524.7648819673755,2.280902002536588,3286.51937582556,1673.6982420258225,0.3521390000671796,0.8732000457163624,0.07990000272377584,0.137520004990915,-0.2174200077146909,181.3204,1566.4098006703573,-0.5903190307378815,0.03636798925451537,0.013089997601576062,-0.24437997474586814,1.9991499999039766,-0.26844594410002914,54.799585067194215,201.2962691990147,0.01682999963911223,-0.7405899735644321,1.999309999951904,0.6890338926346674,-804.46025,0.6975,1464.397,1335.877,0.109113,3.4435,0.18524,0.10419999999999999,-0.28944,-0.08104,140.5689,1259.541,-0.319057,-0.06921,0.01701,-0.18925,1.99875,150.2369,61.7104,0.6467904342353682,1.381429,0.207568,0.04848,0.36494,1.99903,0.313396,86.434,23.3461,0.05259,0.56996,1.99907,0.5492448080553808,-0.014961,1.9997,-0.142092,704.1163,-190.2727,0.012,-0.50042,0.3867212083071114,-0.491795,-0.248031,648.8095,526.2085,0.02098,-0.09932,9.99965,0.38247325361862805,1.0691919817071538
C1CCC(NC2CCCCC2)CC1.O=C(Cl)c1ccco1,-524.7648819673755,2.280902002536588,3286.51937582556,1673.6982420258225,0.3521390000671796,0.8732000457163624,0.07990000272377584,0.137520004990915,-0.2174200077146909,181.3204,1566.4098006703573,-0.5903190307378815,0.03636798925451537,0.013089997601576062,-0.24437997474586814,1.9991499999039766,-0.26844594410002914,54.799585067194215,201.2962691990147,0.01682999963911223,-0.7405899735644321,1.999309999951904,0.6890338926346674,-802.2749436403665,0.9628803601977091,1106.8639320512225,837.4781616717298,0.07810627687091332,4.223320701907314,0.17692659069992278,0.09926084693630044,-0.2761874376362232,-0.07766574376362233,130.53050000000002,1023.5943809662729,-0.2571876525553629,0.07456587223868763,0.028521784583548964,0.16679427666839172,1.9986394965983396,84.42036001940463,48.795129254280766,0.6092274123751691,1.4654626254563974,0.18523025001857074,0.045608009071094816,0.29806073691619983,1.9990367505669435,0.28778355340700085,80.27414887766211,36.27046418281246,0.04943652154385018,0.5133097981460898,1.9990600000000003,0.5273364642768135,-0.01243844273116867,1.999706750566944,-0.14375068628124404,690.1763189879638,-171.46429701179642,0.012345972786715571,-0.4947455057576371,0.3678338463825751,-0.4709219205838191,-0.23281669984785022,670.2421570172194,515.4998959950124,0.022066292520756925,-0.08390614500521279,9.99965324943306,0.373560076402609,1.7283604649907085
C1CCC(NC2CCCCC2)CC1.O=C(Cl)c1cccs1,-524.7648819673755,2.280902002536588,3286.51937582556,1673.6982420258225,0.3521390000671796,0.8732000457163624,0.07990000272377584,0.137520004990915,-0.2174200077146909,181.3204,1566.4098006703573,-0.5903190307378815,0.03636798925451537,0.013089997601576062,-0.24437997474586814,1.9991499999039766,-0.26844594410002914,54.799585067194215,201.2962691990147,0.01682999963911223,-0.7405899735644321,1.999309999951904,0.6890338926346674,-1125.2983746590153,0.8989004644803423,1318.760431390368,1051.8664137490334,0.07514125703092484,3.9869099489807027,0.1825097879616161,0.09715189528668504,-0.27966168324830115,-0.08535789267493107,146.5911,967.0850566647645,-0.36846109931444926,-0.017428701234791306,0.01983363911738161,-0.3620010732506892,1.9987481652957104,92.68784922793068,54.81236467913048,0.6462467515807672,1.4370241272768098,0.2224287020695229,0.04673669408579305,0.36090770231153096,1.9989036391173816,0.30910380250162073,80.55742798492986,32.972354231999795,0.05245018174718617,0.5457332583905814,1.9989436391173816,0.5414205707054607,-0.010696796550940281,1.9997,-0.1456564430324384,653.6458953915552,-169.41871646632262,0.012134495887131043,-0.5017229207448509,0.3800545942263263,-0.48442835604958645,-0.24229535996721743,702.4773700234127,507.97409032060614,0.02155,-0.09357010393236291,9.999647278234763,0.38004302083175984,1.069017568023276
C=Cc1ccc(N)cc1.CC(=O)Cl,-364.284379,3.365,1374.2332,958.213,0.15891,2.1224,0.110595,0.089565,-0.20016,119.1658,1006.123,-0.805106,-0.068312,0.01101,-0.69739,1.99927,-0.136336,78.0394,198.8133,0.01132,-0.80931,1.99929,0.37570799244808056,-613.070645,1.8407,361.1538,589.647,0.051921,2.5752,0.17481000000000002,0.13476,-0.30957,-0.04005,78.4981,543.096,-0.16842,-0.019931,0.00801,-0.68972,1.99914,58.3883,161.9989,0.3882945248584015,1.19561,-0.022262,0.04824,0.23014,1.99928,0.181407,78.3666,21.3299,0.05149,0.57826,1.99927,0.49370673379483954,-0.031774,1.99969,-0.138192,709.0371,-224.4771,0.01248,-0.48574,0.3472309628697294,-0.497062,-0.249833,776.7802,462.7909,0.02158,-0.12005,9.99964,0.3590308370044053,2.4149733479708178
C=Cc1ccc(N)cc1.CC(C)(C)C(=O)Cl,-364.284379,3.365,1374.2332,958.213,0.15891,2.1224,0.110595,0.089565,-0.20016,119.1658,1006.123,-0.805106,-0.068312,0.01101,-0.69739,1.99927,-0.136336,78.0394,198.8133,0.01132,-0.80931,1.99929,0.37570799244808056,-730.74792,2.2489,944.8434,987.864,0.140866,2.7537,0.1676,0.13162,-0.29922,-0.03598,120.5785,1095.631,-0.002895,-0.401545,0.01495,-0.12509,1.99882,43.2203,145.8968,0.7474826935179358,1.086134,0.105519,0.05777,0.24151,1.999,0.311319,92.3348,10.4385,0.06159,0.60184,1.99904,0.6241346758967904,-0.044561,1.99969,-0.134635,702.0892,-210.5595,0.01227,-0.49442,0.4129955947136564,-0.486258,-0.243396,657.1407,517.8314,0.02014,-0.11423,9.99964,0.4117369414726243,1.304689192518448
C=Cc1ccc(N)cc1.CC(C)(C)c1ccc(C(=O)Cl)cc1,-364.284379,3.365,1374.2332,958.213,0.15891,2.1224,0.110595,0.089565,-0.20016,119.1658,1006.123,-0.805106,-0.068312,0.01101,-0.69739,1.99927,-0.136336,78.0394,198.8133,0.01132,-0.80931,1.99929,0.37570799244808056,-961.3640173962594,0.8439951331320028,3736.8617162104047,1666.1327468680736,0.22702856304127478,4.218331555187393,0.1765543462087611,0.10122506668047276,-0.2777794128892339,-0.07532927952828836,196.6761,1756.2896208656803,-0.4178817038419192,-0.05493930742117488,0.01711,-0.19114765846693713,1.9987399999999997,145.50595114472912,64.19142355353065,0.6443475428431109,1.4770539433619239,0.2047373555601576,0.04842981988207208,0.3621147765800905,1.9990249099410362,0.31251209335266183,87.58830934681762,23.936423813800438,0.05250472982310813,0.5711581988207208,1.99906,0.5483809008647571,-0.017174605652256175,1.9997,-0.14438870176891871,691.262978378876,-184.8857997811485,0.01198,-0.5034901801179279,0.385780052201509,-0.5155604648516117,-0.2547429379952255,652.1694292748869,528.6326041804466,0.020760180117927914,-0.10642675787729755,9.99966,0.38215008883285495,0.6774400883591186
C=Cc1ccc(N)cc1.CC(C)C(=O)Cl,-364.284379,3.365,1374.2332,958.213,0.15891,2.1224,0.110595,0.089565,-0.20016,119.1658,1006.123,-0.805106,-0.068312,0.01101,-0.69739,1.99927,-0.136336,78.0394,198.8133,0.01132,-0.80931,1.99929,0.37570799244808056,-691.5212651203827,2.1259058055730957,774.3015688508707,791.3296195399124,0.11183604170191642,2.7012129828698455,0.17010773050232164,0.13244814752148587,-0.3025558780238075,-0.0376595829808358,106.5517,975.6940716840189,-0.024167191055353945,-0.17073551463321235,0.013924490779907133,-0.30198609076336,1.998945169740031,48.80721556952866,147.29575347812465,0.6314692916962978,1.1238819960085888,0.04858485903341499,0.0550134723397214,0.23591374372657942,1.9991075848700155,0.25247221421848887,88.59731276692389,12.733502739310532,0.0582213191506965,0.5944755962050935,1.9991375848700155,0.5800598381088926,-0.041438333812522876,1.99969,-0.1376712573166062,707.048479399112,-210.10582375691683,0.012389359809427323,-0.49276171727806395,0.39244024014119183,-0.49584497796278615,-0.2460183941104488,714.2513821331088,492.33222075195357,0.020564830259969046,-0.11847795268777256,9.99964,0.38745155439779033,2.296430052885805
C=Cc1ccc(N)cc1.CCC(C(=O)Cl)c1ccccc1,-364.284379,3.365,1374.2332,958.213,0.15891,2.1224,0.110595,0.089565,-0.20016,119.1658,1006.123,-0.805106,-0.068312,0.01101,-0.69739,1.99927,-0.136336,78.0394,198.8133,0.01132,-0.80931,1.99929,0.37570799244808056,-922.1350941424333,4.569522987935531,2455.9020135917617,1503.8121474082207,0.19835830978909602,2.7196956404060453,0.15641062941202977,0.11147264569784315,-0.267883275109873,-0.044937983714186606,182.6493,1522.0795475579139,-0.04878392032155667,-0.06036727587828204,0.02106411226593012,-0.32502486318000223,1.99889,30.15305416820589,127.38872271494051,0.7227754446342497,1.1178043569820812,0.06601085036127433,0.056704631153088186,0.26634316303879657,1.999111010410588,0.2584528867848544,80.18911170349905,15.605117816098318,0.05923987339580025,0.5947519757187832,1.999131232884499,0.6209158445810388,-0.11952997468335282,1.999685360884168,-0.143804062173481,712.2092388306249,-204.0050258804775,0.012248062306486857,-0.5005021470911517,0.43435065207263357,-0.4765579049182884,-0.2283885640121543,717.517615534147,464.5850831441031,0.021029658300558765,-0.0958973312821047,9.99961558335808,0.388169114477217,2.2566432410098
C=Cc1ccc(N)cc1.CCCCC(=O)Cl,-364.284379,3.365,1374.2332,958.213,0.15891,2.1224,0.110595,0.089565,-0.20016,119.1658,1006.123,-0.805106,-0.068312,0.01101,-0.69739,1.99927,-0.136336,78.0394,198.8133,0.01132,-0.80931,1.99929,0.37570799244808056,-730.7450150574017,2.090291331652506,1341.9302009057062,994.4515719835497,0.1418835432507869,2.6086344119789233,0.1712263701297755,0.1335958284882569,-0.3048221986180324,-0.037630541641518626,120.57850000000002,1041.7633434165296,-0.09671197627204661,0.007804712444770221,0.014038775373839806,-0.4880626302178358,1.9990404359511826,56.464141490849684,147.1293956944729,0.5593904691258827,1.1789239078387639,0.007528819367576247,0.05127629781296082,0.23642929006115296,1.9991881569913779,0.21380243779784716,82.77940616490689,16.660432212862794,0.05512335177243502,0.588506474333033,1.999198156991378,0.5578940906295883,-0.04184591941059398,1.9996900000000002,-0.14164929933233972,714.7961360943984,-212.9005115825591,0.012188685583343585,-0.49471489576310834,0.3995731427490579,-0.5163867508662023,-0.24523050175144934,770.1191505493439,470.94318983615574,0.020878088448009844,-0.11732762706245506,9.999642023227146,0.3671949651309757,2.529649186595796
C=Cc1ccc(N)cc1.CCCCC(CC)C(=O)Cl,-364.284379,3.365,1374.2332,958.213,0.15891,2.1224,0.110595,0.089565,-0.20016,119.1658,1006.123,-0.805106,-0.068312,0.01101,-0.69739,1.99927,-0.136336,78.0394,198.8133,0.01132,-0.80931,1.99929,0.37570799244808056,-848.4194799426583,2.1267217278302994,2464.267019669444,1500.231394373068,0.23155073390523292,2.677801397359587,0.16853390822493342,0.13085299777436263,-0.29938690599929607,-0.037680910450570794,162.6589,1466.9452087716104,-0.0842353595837951,-0.12303181060215712,0.01891789249052634,-0.29470057863953375,1.9989210580785208,30.751430758385847,131.96111134930018,0.7081076322850737,1.1146350543229737,0.04049639435702823,0.05769645486653496,0.23430779863995022,1.999079831858541,0.2342915125830618,79.28964453295023,10.72058245681579,0.06134362576284608,0.5865793709141864,1.999110961152719,0.6405613297343266,-0.04916664952674792,1.9996827557665517,-0.14383461934649713,723.1028236690747,-205.35061664385827,0.012373376332512752,-0.5004955405011925,0.44056690495066464,-0.4902433087740082,-0.23982660938031483,795.885334662436,424.81685121337784,0.02061303988994313,-0.10758898034704956,9.999627692135396,0.39206250471260456,0.8148119343663113
C=Cc1ccc(N)cc1.CCCCCCC(=O)Cl,-364.284379,3.365,1374.2332,958.213,0.15891,2.1224,0.110595,0.089565,-0.20016,119.1658,1006.123,-0.805106,-0.068312,0.01101,-0.69739,1.99927,-0.136336,78.0394,198.8133,0.01132,-0.80931,1.99929,0.37570799244808056,-809.1928450186999,2.191972683108519,2694.585979207065,1390.3008597551361,0.20178400746022246,2.7244460547894533,0.17032995662812994,0.13265533018130402,-0.30298528680943393,-0.03767462644682591,148.63210000000004,1261.5194415620172,-0.09799205324244195,0.017531207143586563,0.014411268813625472,-0.4870248810235342,1.9990360661441282,52.29176351269705,146.78208323625879,0.5553711533823926,1.1744333662866158,0.005174748608251482,0.05187764178651444,0.23654530602917653,1.9991838244073419,0.2092039866890283,82.95284094577164,16.8293560755272,0.055168636678038244,0.5896019425118675,1.9991965260075706,0.554803422626299,-0.04042034364900629,1.9996900000000004,-0.1394788994015972,704.4901204727937,-215.8672177680678,0.01234712539999367,-0.4919174099593421,0.38646821572942175,-0.5069924791734688,-0.24872178501458486,751.6188641806931,476.4115554370388,0.020814874094548554,-0.1210213165562404,9.999640000000001,0.3740534939797181,2.817231320489284
C=Cc1ccc(N)cc1.CCCCCCCCCCCC(=O)Cl,-364.284379,3.365,1374.2332,958.213,0.15891,2.1224,0.110595,0.089565,-0.20016,119.1658,1006.123,-0.805106,-0.068312,0.01101,-0.69739,1.99927,-0.136336,78.0394,198.8133,0.01132,-0.80931,1.99929,0.37570799244808056,-1005.3142281705781,2.051840846684475,7589.4788243149,2063.8977884186593,0.35148147884172565,2.580964688743521,0.17130593121998355,0.13237374139497904,-0.3036796726149626,-0.038932189825004494,218.76610000000002,2028.2284431012831,-0.09832466528407613,0.011300852452152831,0.014411262852878942,-0.4876371810409823,1.9990393233150183,54.09437145699512,147.61948876998457,0.5618015097823486,1.1889594778380719,0.0034922479456673456,0.05177155382090726,0.23634184011774262,1.9991781601252514,0.20777313911983045,80.09136057476589,16.11372837040959,0.05541338385685213,0.5883281241859004,1.999188590390622,0.5688480715114945,-0.04156562730035017,1.9996867476005615,-0.13988340193202087,708.4357928496703,-213.85227427913944,0.012237201999370216,-0.49679063701810433,0.4188836362668115,-0.5185254162381545,-0.24439257461254094,760.4693324636868,471.25224452499526,0.020883543820409477,-0.11594466851905619,9.999637177865932,0.3724491019162263,2.741185072917323
C=Cc1ccc(N)cc1.CCc1ccc(C(=O)Cl)cc1,-364.284379,3.365,1374.2332,958.213,0.15891,2.1224,0.110595,0.089565,-0.20016,119.1658,1006.123,-0.805106,-0.068312,0.01101,-0.69739,1.99927,-0.136336,78.0394,198.8133,0.01132,-0.80931,1.99929,0.37570799244808056,-882.914671,0.8056,2669.3825,1421.7125,0.168403,4.1213,0.17781,0.10156000000000001,-0.27937,-0.07625,168.6225,1314.007,-0.402094,-0.061786,0.01695,-0.19259,1.99875,146.8733,63.8668,0.6452957835116425,1.456055,0.205216,0.04843,0.36246,1.99903,0.312565,87.4623,23.8993,0.05253,0.57058,1.99906,0.5498741346758967,-0.017375,1.9997,-0.144731,691.6855,-184.816,0.01198,-0.50355,0.3866425424795469,-0.509939,-0.254084,651.6022,528.6102,0.02081,-0.10547,9.99966,0.38294524858401513,0.7866188108734334
C=Cc1ccc(N)cc1.COc1cc(C(=O)Cl)cc(OC)c1OC,-364.284379,3.365,1374.2332,958.213,0.15891,2.1224,0.110595,0.089565,-0.20016,119.1658,1006.123,-0.805106,-0.068312,0.01101,-0.69739,1.99927,-0.136336,78.0394,198.8133,0.01132,-0.80931,1.99929,0.37570799244808056,-1147.3988728386491,9.590245055798524,4098.000453261923,1788.438858126628,0.21336973094695055,3.820453988387011,0.1589222523904965,0.08715554844614821,-0.2460778008366447,-0.07176670394434828,230.64750000000004,1702.8529527836297,-0.30062621086644153,-0.0505418648015625,0.01901263016358685,-0.16597456713914246,1.9988191465822256,138.9709269242885,66.29146063677923,0.6464282423283223,1.4648143543682646,0.20572451472928088,0.0527408394357223,0.4021922948019736,1.9991034206621257,0.30939671461077606,86.80447373218087,24.14315727612148,0.052543474138718856,0.5717040388310601,1.9990608534177752,0.5505070876792586,-0.22497649330386443,1.9997000000000003,-0.1474567049669537,690.2213647653614,-182.89085364682126,0.011964543057302771,-0.5069527124341651,0.38708728584549945,-0.5075244044704986,-0.2524332482777629,651.9670016723583,528.9051928576206,0.020845079417672406,-0.10312794717934845,9.999652567244352,0.38354454400728805,0.9327720927665636
C=Cc1ccc(N)cc1.COc1ccc(C(=O)Cl)cc1,-364.284379,3.365,1374.2332,958.213,0.15891,2.1224,0.110595,0.089565,-0.20016,119.1658,1006.123,-0.805106,-0.068312,0.01101,-0.69739,1.99927,-0.136336,78.0394,198.8133,0.01132,-0.80931,1.99929,0.37570799244808056,-918.7794806452093,1.8095578782030461,2595.8845344392657,1351.432412177592,0.14413766686447077,4.69247217594736,0.16339189113066868,0.09466255858855176,-0.2580544497192204,-0.06872933254211694,170.5951,1330.3161569267518,-0.5316156870230284,-0.057328369918361544,0.01689,-0.20658333135529233,1.9987499999999998,139.08126280090607,69.5119016314473,0.6464023557102192,1.5082461480170826,0.19680829664503793,0.04825977751403898,0.35202155146760417,1.99902,0.30959364046198856,88.97441949403056,25.308381727266305,0.052509332542116934,0.5694617858218112,1.99905,0.5495559709571898,-0.023747567188664966,1.9997,-0.15034197745033262,671.7481042751876,-174.48073225064894,0.011970222485961022,-0.5095373064319758,0.38616179649303717,-0.5192249050540321,-0.26183382883983775,650.1022819991035,534.1770665455147,0.020634443785097444,-0.11341470187579644,9.99966,0.3827949177457842,0.365959363805271
C=Cc1ccc(N)cc1.Cc1ccc(C(=O)Cl)cc1,-364.284379,3.365,1374.2332,958.213,0.15891,2.1224,0.110595,0.089565,-0.20016,119.1658,1006.123,-0.805106,-0.068312,0.01101,-0.69739,1.99927,-0.136336,78.0394,198.8133,0.01132,-0.80931,1.99929,0.37570799244808056,-843.690474,0.7847,2037.6054,1331.695,0.138241,4.0826,0.17777500000000002,0.101495,-0.27927,-0.07628,154.5957,957.156,-0.396447,-0.063926,0.01695,-0.19369,1.99875,146.8166,64.1383,0.6464757709251101,1.444549,0.205095,0.0484,0.3622,1.99903,0.312699,87.2722,23.9815,0.05251,0.57046,1.99906,0.5497954688483323,-0.017809,1.9997,-0.144896,691.7944,-184.7633,0.01198,-0.50358,0.3868785399622404,-0.507387,-0.254103,652.0078,529.0068,0.02081,-0.10548,9.99966,0.38231592196349906,0.5548507606162941
C=Cc1ccc(N)cc1.Cc1ccccc1C(=O)Cl,-364.284379,3.365,1374.2332,958.213,0.15891,2.1224,0.110595,0.089565,-0.20016,119.1658,1006.123,-0.805106,-0.068312,0.01101,-0.69739,1.99927,-0.136336,78.0394,198.8133,0.01132,-0.80931,1.99929,0.37570799244808056,-843.6875560574109,0.11441203094299326,1727.5775237937205,1185.5250490989843,0.13826824892949693,2.9335652803962233,0.17744671457012706,0.09930211916386854,-0.2767488337339956,-0.07814459540625854,154.5957,1206.8423660351868,-0.3609323356612174,-0.04382074162750573,0.017399388198169285,-0.18550015969286923,1.99871,143.88919896912307,63.72922694533436,0.6763989980060084,1.3794532603765848,0.17964343533990834,0.04829439509069746,0.3670932883597818,1.9990500711227133,0.2936090109211529,86.60514481931877,23.749668767244493,0.051918321357468225,0.5733261876760661,1.9990899288772865,0.5774004604109436,-0.03147546807824839,1.9996999288772865,-0.14907075579200177,701.4520483596131,-205.6625805599628,0.012379573263719579,-0.5042245104984888,0.4371025917512716,-0.51174269585703,-0.25672397091808735,673.4314174438672,509.25428815634746,0.020633982871950604,-0.11187011540779132,9.999669857754574,0.38752509665341367,0.7687163840955588
C=Cc1ccc(N)cc1.O=C(Cl)C12CC3CC(CC(C3)C1)C2,-364.284379,3.365,1374.2332,958.213,0.15891,2.1224,0.110595,0.089565,-0.20016,119.1658,1006.123,-0.805106,-0.068312,0.01101,-0.69739,1.99927,-0.136336,78.0394,198.8133,0.01132,-0.80931,1.99929,0.37570799244808056,-962.581811,3.0439,2417.6329,1837.01,0.2551,3.1191,0.16248,0.12827,-0.29075,-0.03421,198.6919,1506.761,-0.109963,-0.417603,0.01866,-0.12505,1.99879,47.667,144.0592,0.8325991189427313,1.135254,0.136483,0.05847,0.25586,1.99893,0.339763,94.9955,11.4326,0.06189,0.61891,1.99899,0.6260226557583386,-0.055463,1.99969,-0.134531,703.9745,-206.4244,0.01198,-0.49526,0.4133102580239144,-0.495051,-0.246408,649.7835,526.6917,0.01986,-0.11707,9.99965,0.4122089364380113,1.7370077112103666
C=Cc1ccc(N)cc1.O=C(Cl)C=Cc1ccccc1,-364.284379,3.365,1374.2332,958.213,0.15891,2.1224,0.110595,0.089565,-0.20016,119.1658,1006.123,-0.805106,-0.068312,0.01101,-0.69739,1.99927,-0.136336,78.0394,198.8133,0.01132,-0.80931,1.99929,0.37570799244808056,-881.7076424349888,1.4583330632451224,3001.2649234041864,1257.7523733779365,0.14500556194108782,4.007677662728389,0.18097215746167145,0.08464781157985767,-0.2656199690415291,-0.09632434588181382,166.6067,1318.0489361294021,-0.6487631505721401,-0.11180734591608987,0.015986889213416643,-0.40177837436797814,1.9988062506712867,97.67235097153285,72.11756207665134,0.5471110545535718,1.594812176212798,0.21686245915706964,0.047810688301961585,0.3951780161227317,1.9990600002421206,0.2773765541231414,79.2212823091358,26.059164333630676,0.05162692895158519,0.5406730279839103,1.9991162506021094,0.518506511257886,-0.01080933265076242,1.99969,-0.1561087210570263,684.9150017741213,-177.68841986288376,0.012026865077963791,-0.508001072172739,0.3739683515791476,-0.5679760192194105,-0.25474012890245074,721.0320699222212,470.0895892939961,0.02118627173739866,-0.11190134066066033,9.99965374939789,0.36138049216617174,2.9102270318215737
C=Cc1ccc(N)cc1.O=C(Cl)c1ccc(-c2ccccc2)cc1,-364.284379,3.365,1374.2332,958.213,0.15891,2.1224,0.110595,0.089565,-0.20016,119.1658,1006.123,-0.805106,-0.068312,0.01101,-0.69739,1.99927,-0.136336,78.0394,198.8133,0.01132,-0.80931,1.99929,0.37570799244808056,-1035.081421,13.748,5091.4627,1754.559,0.195241,4.008,0.17202,0.08703,-0.25905,-0.08499,216.6665,1648.5790000000002,-0.476397,-0.069238,0.01931,-0.13635,1.99876,146.3066,63.2115,0.6453744493392071,1.557555,0.237449,0.05246,0.45217,1.99908,0.313028,86.8115,23.8787,0.05251,0.56896,1.99906,0.5493234738829452,-0.197972,1.99969,-0.14352,696.741,-187.3885,0.012,-0.50251,0.38569855254877283,-0.528893,-0.251945,650.7091,526.9992,0.02088,-0.10309,9.99966,0.38223725613593457,0.8537700375354493
C=Cc1ccc(N)cc1.O=C(Cl)c1ccc(Br)cc1,-364.284379,3.365,1374.2332,958.213,0.15891,2.1224,0.110595,0.089565,-0.20016,119.1658,1006.123,-0.805106,-0.068312,0.01101,-0.69739,1.99927,-0.136336,78.0394,198.8133,0.01132,-0.80931,1.99929,0.37570799244808056,-3377.857666,2.1799,3388.6568,1232.628,0.100324,2.0328,0.18545,0.09516000000000002,-0.28061,-0.09029,219.465,1258.854,-0.39698,-0.055564,0.01694,-0.19555,1.99875,149.5302,63.26,0.645846444304594,1.462386,0.217711,0.04852,0.3717,1.99904,0.315275,85.0022,24.181,0.05263,0.56687,1.99907,0.5486154814348647,-0.010299,1.9997,-0.140191,709.2575,-191.8647,0.01202,-0.49899,0.38719320327249845,-0.500793,-0.242085,647.9072,524.2242,0.02118,-0.09299,9.99965,0.382001258653241,1.1712235147949606
C=Cc1ccc(N)cc1.O=C(Cl)c1ccc(C(F)(F)F)cc1,-364.284379,3.365,1374.2332,958.213,0.15891,2.1224,0.110595,0.089565,-0.20016,119.1658,1006.123,-0.805106,-0.068312,0.01101,-0.69739,1.99927,-0.136336,78.0394,198.8133,0.01132,-0.80931,1.99929,0.37570799244808056,-1141.009328,3.3671,3493.4189,1579.5935,0.117803,1.0538,0.202225,0.10366500000000001,-0.30589,-0.09856,208.5672,1203.002,-0.281208,-0.066681,0.01707,-0.18876,1.99875,151.6583,59.3407,0.6463184392699811,1.375664,0.226354,0.04856,0.38009,1.99904,0.318189,83.9248,23.6216,0.05264,0.56628,1.99908,0.5490874764002517,-0.003696,1.9997,-0.135777,725.5918,-200.3338,0.01205,-0.49428,0.3871145374449339,-0.48031,-0.234509,646.3328,518.8401,0.02137,-0.08533,9.99964,0.38239458779106356,1.9170465141590325
C=Cc1ccc(N)cc1.O=C(Cl)c1ccc(Cl)cc1,-364.284379,3.365,1374.2332,958.213,0.15891,2.1224,0.110595,0.089565,-0.20016,119.1658,1006.123,-0.805106,-0.068312,0.01101,-0.69739,1.99927,-0.136336,78.0394,198.8133,0.01132,-0.80931,1.99929,0.37570799244808056,-1263.981948,2.0754,2495.0487,918.639,0.100727,2.063,0.18674,0.09755,-0.28429,-0.08919,175.014,1159.235,-0.395009,-0.059104,0.01687,-0.19718,1.99875,148.1762,63.8432,0.6469477658904972,1.447541,0.216306,0.04848,0.37028,1.99904,0.314974,85.26,24.3534,0.05263,0.56696,1.99907,0.5487728130899937,-0.010873,1.9997,-0.140838,706.9426,-190.8553,0.01202,-0.49966,0.38719320327249845,-0.497634,-0.243186,647.8379,524.4538,0.02115,-0.09408,9.99965,0.38231592196349906,1.2999838632716056
C=Cc1ccc(N)cc1.O=C(Cl)c1ccc(Cl)cc1Cl,-364.284379,3.365,1374.2332,958.213,0.15891,2.1224,0.110595,0.089565,-0.20016,119.1658,1006.123,-0.805106,-0.068312,0.01101,-0.69739,1.99927,-0.136336,78.0394,198.8133,0.01132,-0.80931,1.99929,0.37570799244808056,-1723.4939374606504,1.2883800810490484,2980.2158268029457,1474.2397074519768,0.09215022714359405,2.4027020201639373,0.1889194293631092,0.09675937747005803,-0.28567880683316726,-0.09216005189305122,209.45909999999998,1522.9075142418037,-0.4253249866263163,-0.07327173319778336,0.019400577896779823,-0.2055589686983824,1.9986567970101383,141.94229947990505,63.78112283667599,0.6720934400530437,1.383887345120303,0.20099762442309496,0.051071825734569344,0.377952249212696,1.9990716014949308,0.30132847764488324,89.17290808438919,26.71033238705266,0.053662067271891524,0.5672160495446766,1.9991067970101382,0.5710416884369257,-0.02376615770075898,1.9996899999999997,-0.12318614046610027,738.0003184385099,-221.68962119212986,0.01246359402027631,-0.4777808249899132,0.41465210131273,-0.4997364317231278,-0.23461153961306366,691.034157820026,475.66836513053863,0.02126264516867135,-0.09382789320718006,9.999653594020277,0.3876269732870548,2.160872711364267
C=Cc1ccc(N)cc1.O=C(Cl)c1ccc(F)cc1,-364.284379,3.365,1374.2332,958.213,0.15891,2.1224,0.110595,0.089565,-0.20016,119.1658,1006.123,-0.805106,-0.068312,0.01101,-0.69739,1.99927,-0.136336,78.0394,198.8133,0.01132,-0.80931,1.99929,0.37570799244808056,-903.560911,1.3905,1932.8255,1039.562,0.101816,2.1677,0.18521500000000002,0.102935,-0.28815,-0.08228,158.5594,1118.02,-0.402654,-0.063696,0.0167,-0.20093,1.99875,144.8678,66.2483,0.6475770925110133,1.405945,0.206459,0.0484,0.35807,1.99903,0.313827,86.1662,24.8469,0.05265,0.56797,1.99907,0.5505034612964128,-0.01578,1.9997,-0.143118,697.5602,-186.3864,0.01202,-0.50216,0.38735053492762744,-0.489988,-0.246855,647.3665,526.5674,0.02105,-0.09791,9.99965,0.38247325361862805,1.1363672707534085
C=Cc1ccc(N)cc1.O=C(Cl)c1ccc(F)cc1F,-364.284379,3.365,1374.2332,958.213,0.15891,2.1224,0.110595,0.089565,-0.20016,119.1658,1006.123,-0.805106,-0.068312,0.01101,-0.69739,1.99927,-0.136336,78.0394,198.8133,0.01132,-0.80931,1.99929,0.37570799244808056,-1002.6542594723891,1.5628342043633043,2120.324392652248,1108.7274438818417,0.09460995236304569,2.9002627333284448,0.18897774100507306,0.1031808922527925,-0.29215863325786556,-0.08579684875228055,176.5499,1217.2759401612166,-0.4762535813565251,-0.14156288723632596,0.01749714178274225,-0.2655723345228288,1.9987275595461926,125.52130121331402,76.87735232825071,0.6601959388546843,1.4011957195348994,0.21017866036864236,0.05033202645075863,0.3574196198405706,1.999092440453807,0.31311296107594244,89.14458035729169,29.976610165880096,0.053738691863957924,0.5602134195157078,1.9991175595461927,0.5592025931930473,-0.0013660944016755583,1.999692440453807,-0.12574949132688037,715.3363046299694,-206.25609228525013,0.012154107747207482,-0.4855636222965187,0.4016195195314515,-0.4835200440528855,-0.24479578722213755,687.6901003715086,492.5449564929477,0.021139816660918742,-0.0970344038983523,9.99966023818477,0.38741746794270504,2.1711444124710546
C=Cc1ccc(N)cc1.O=C(Cl)c1ccc(OC(F)(F)F)cc1,-364.284379,3.365,1374.2332,958.213,0.15891,2.1224,0.110595,0.089565,-0.20016,119.1658,1006.123,-0.805106,-0.068312,0.01101,-0.69739,1.99927,-0.136336,78.0394,198.8133,0.01132,-0.80931,1.99929,0.37570799244808056,-1216.116295,1.9373,4202.2051,1483.97,0.123247,2.1043,0.18684,0.10098000000000001,-0.28782,-0.08586,224.5666,1686.329,-0.41883,-0.055985,0.01693,-0.20009,1.99875,144.7474,65.8979,0.6455317809943361,1.437835,0.211505,0.04838,0.36227,1.99903,0.315037,85.8367,24.8444,0.0526,0.56737,1.99907,0.5483008181246066,-0.013036,1.9997,-0.141975,702.237,-188.2112,0.01203,-0.50095,0.3865638766519824,-0.492427,-0.24471,647.5785,525.941,0.02111,-0.09583,9.99965,0.382001258653241,1.3718322198558657
C=Cc1ccc(N)cc1.O=C(Cl)c1ccc(SC(F)(F)F)cc1,-364.284379,3.365,1374.2332,958.213,0.15891,2.1224,0.110595,0.089565,-0.20016,119.1658,1006.123,-0.805106,-0.068312,0.01101,-0.69739,1.99927,-0.136336,78.0394,198.8133,0.01132,-0.80931,1.99929,0.37570799244808056,-1539.108656,10.93545,4535.03445,1625.511,0.120362,1.4151,0.19517500000000002,0.09453500000000001,-0.28971,-0.10064,240.6272,1337.92,-0.29784849999999996,-0.0998015,0.01897,-0.20292,1.99876,153.6659,59.602199999999996,0.6472624292007552,1.4163860000000001,0.25255150000000004,0.05244,0.4746,1.99909,0.3170855,83.78805,23.4428,0.05266,0.56606,1.99908,0.5502674638137193,-0.18941449999999999,1.99969,-0.1355175,726.435,-201.13459999999998,0.01204,-0.49415,0.3878618628067967,-0.49045249999999996,-0.234585,646.7714000000001,518.4003,0.02136,-0.08533,9.99964,0.38333857772183766,1.732739573209557
C=Cc1ccc(N)cc1.O=C(Cl)c1ccc([N+](=O)[O-])cc1,-364.284379,3.365,1374.2332,958.213,0.15891,2.1224,0.110595,0.089565,-0.20016,119.1658,1006.123,-0.805106,-0.068312,0.01101,-0.69739,1.99927,-0.136336,78.0394,198.8133,0.01132,-0.80931,1.99929,0.37570799244808056,-1008.649643,2.8883,2934.3431,1429.187,0.114492,1.9316,0.21973499999999999,0.09540499999999999,-0.31514,-0.12433,185.5665,1180.633,-0.243545,-0.095972,0.01759,-0.19498,1.99875,153.1256,57.3166,0.6472624292007552,1.373848,0.307302,0.05273,0.54955,1.99909,0.319677,82.3735,23.8112,0.0527,0.56324,1.99908,0.5486154814348647,-0.149197,1.99968,-0.131168,741.5805,-208.9034,0.01209,-0.49014,0.3881371932032725,-0.473753,-0.225712,643.2683,512.101,0.02162,-0.07607,9.99964,0.38215859030837,2.5993424416228312
C=Cc1ccc(N)cc1.O=C(Cl)c1ccc2ccccc2c1,-364.284379,3.365,1374.2332,958.213,0.15891,2.1224,0.110595,0.089565,-0.20016,119.1658,1006.123,-0.805106,-0.068312,0.01101,-0.69739,1.99927,-0.136336,78.0394,198.8133,0.01132,-0.80931,1.99929,0.37570799244808056,-957.8231548793865,8.942984281922897,3120.642424188284,1617.483620444743,0.15897933382482796,3.963189472116048,0.1688166691241398,0.08189167649655926,-0.25070834562069905,-0.08692499262758055,190.6287,1577.0617708477648,-0.406241613979723,-0.0853495998229043,0.01913813624300125,-0.18617714833386767,1.9987759805367138,143.21741244463914,64.17324326159877,0.6477991941427841,1.4941111495158192,0.2417364895313614,0.05284029194928839,0.45526854910095393,1.9990940194632858,0.3139393768798561,87.57417048040392,23.502188115581014,0.052508428192289645,0.5698158832202846,1.9990640194632858,0.5497785108064259,-0.20163146446439634,1.9996899999999997,-0.14309156915373786,699.7480535233219,-189.1846326741985,0.01198794161014232,-0.5022111235626368,0.38731661884381463,-0.5121153102357949,-0.2502995078146661,650.3423603945448,527.1525046879868,0.020885980536714102,-0.10191680330266659,9.999655980536714,0.3832938279780859,1.021351807714389
C=Cc1ccc(N)cc1.O=C(Cl)c1cccc2ccccc12,-364.284379,3.365,1374.2332,958.213,0.15891,2.1224,0.110595,0.089565,-0.20016,119.1658,1006.123,-0.805106,-0.068312,0.01101,-0.69739,1.99927,-0.136336,78.0394,198.8133,0.01132,-0.80931,1.99929,0.37570799244808056,-957.8186401303651,7.76497366122391,2727.8224101566643,1452.655905920424,0.1591435410273463,3.138155778233965,0.17141258730322817,0.07978083346207067,-0.2511934207652988,-0.09163175384115753,190.62869999999998,1654.673933628048,-0.3606608914538662,-0.060651833547166085,0.019562781082751415,-0.15268271376427908,1.9987499999999998,140.36828004155382,67.13279503149818,0.67083710319587,1.4184804447627122,0.24250688344425783,0.05177296194712997,0.4757362417913853,1.9991198794237475,0.3059404481129295,90.28639256302401,23.548420283844816,0.051731334167722944,0.5763399240539799,1.9990998794237473,0.5737331192431018,-0.21399212998145925,1.9996800602881257,-0.14835273747499386,677.8735529026063,-199.8173439886677,0.012231266050649904,-0.5084526793064421,0.42167378684587214,-0.536095752759764,-0.25799595608850817,690.7625756377732,499.1303403904185,0.020573617287571157,-0.11333870811906079,9.999669879423749,0.38839317125744705,0.6635791648397235
C=Cc1ccc(N)cc1.O=C(Cl)c1ccccc1,-364.284379,3.365,1374.2332,958.213,0.15891,2.1224,0.110595,0.089565,-0.20016,119.1658,1006.123,-0.805106,-0.068312,0.01101,-0.69739,1.99927,-0.136336,78.0394,198.8133,0.01132,-0.80931,1.99929,0.37570799244808056,-804.46025,0.6975,1464.397,1335.877,0.109113,3.4435,0.18524,0.10419999999999999,-0.28944,-0.08104,140.5689,1259.541,-0.319057,-0.06921,0.01701,-0.18925,1.99875,150.2369,61.7104,0.6467904342353682,1.381429,0.207568,0.04848,0.36494,1.99903,0.313396,86.434,23.3461,0.05259,0.56996,1.99907,0.5492448080553808,-0.014961,1.9997,-0.142092,704.1163,-190.2727,0.012,-0.50042,0.3867212083071114,-0.491795,-0.248031,648.8095,526.2085,0.02098,-0.09932,9.99965,0.38247325361862805,1.1463435786811749
C=Cc1ccc(N)cc1.O=C(Cl)c1ccco1,-364.284379,3.365,1374.2332,958.213,0.15891,2.1224,0.110595,0.089565,-0.20016,119.1658,1006.123,-0.805106,-0.068312,0.01101,-0.69739,1.99927,-0.136336,78.0394,198.8133,0.01132,-0.80931,1.99929,0.37570799244808056,-802.2749436403665,0.9628803601977091,1106.8639320512225,837.4781616717298,0.07810627687091332,4.223320701907314,0.17692659069992278,0.09926084693630044,-0.2761874376362232,-0.07766574376362233,130.53050000000002,1023.5943809662729,-0.2571876525553629,0.07456587223868763,0.028521784583548964,0.16679427666839172,1.9986394965983396,84.42036001940463,48.795129254280766,0.6092274123751691,1.4654626254563974,0.18523025001857074,0.045608009071094816,0.29806073691619983,1.9990367505669435,0.28778355340700085,80.27414887766211,36.27046418281246,0.04943652154385018,0.5133097981460898,1.9990600000000003,0.5273364642768135,-0.01243844273116867,1.999706750566944,-0.14375068628124404,690.1763189879638,-171.46429701179642,0.012345972786715571,-0.4947455057576371,0.3678338463825751,-0.4709219205838191,-0.23281669984785022,670.2421570172194,515.4998959950124,0.022066292520756925,-0.08390614500521279,9.99965324943306,0.373560076402609,1.3587130779885
C=Cc1ccc(N)cc1.O=C(Cl)c1cccs1,-364.284379,3.365,1374.2332,958.213,0.15891,2.1224,0.110595,0.089565,-0.20016,119.1658,1006.123,-0.805106,-0.068312,0.01101,-0.69739,1.99927,-0.136336,78.0394,198.8133,0.01132,-0.80931,1.99929,0.37570799244808056,-1125.2983746590153,0.8989004644803423,1318.760431390368,1051.8664137490334,0.07514125703092484,3.9869099489807027,0.1825097879616161,0.09715189528668504,-0.27966168324830115,-0.08535789267493107,146.5911,967.0850566647645,-0.36846109931444926,-0.017428701234791306,0.01983363911738161,-0.3620010732506892,1.9987481652957104,92.68784922793068,54.81236467913048,0.6462467515807672,1.4370241272768098,0.2224287020695229,0.04673669408579305,0.36090770231153096,1.9989036391173816,0.30910380250162073,80.55742798492986,32.972354231999795,0.05245018174718617,0.5457332583905814,1.9989436391173816,0.5414205707054607,-0.010696796550940281,1.9997,-0.1456564430324384,653.6458953915552,-169.41871646632262,0.012134495887131043,-0.5017229207448509,0.3800545942263263,-0.48442835604958645,-0.24229535996721743,702.4773700234127,507.97409032060614,0.02155,-0.09357010393236291,9.999647278234763,0.38004302083175984,1.2034870781981095
CC(=O)c1cccc(N)c1.CC(=O)Cl,-439.4156985129686,1.3832547608553747,1593.041961473249,1153.5112651516192,0.1644699527485838,3.3779444750195027,0.13532619055103356,0.08403961241528454,-0.2193658029663181,135.1652,968.9794058576949,-0.7057989471497019,-0.13635972762342596,0.011293440395509082,-0.8076838882232737,1.999292344039551,-0.13743374707137088,78.78652788987269,199.9519777657823,0.011389376158203632,-0.8123289777690743,1.999292344039551,0.3747124008457291,-613.070645,1.8407,361.1538,589.647,0.051921,2.5752,0.17481000000000002,0.13476,-0.30957,-0.04005,78.4981,543.096,-0.16842,-0.019931,0.00801,-0.68972,1.99914,58.3883,161.9989,0.3882945248584015,1.19561,-0.022262,0.04824,0.23014,1.99928,0.181407,78.3666,21.3299,0.05149,0.57826,1.99927,0.49370673379483954,-0.031774,1.99969,-0.138192,709.0371,-224.4771,0.01248,-0.48574,0.3472309628697294,-0.497062,-0.249833,776.7802,462.7909,0.02158,-0.12005,9.99964,0.3590308370044053,2.773339751616456
CC(=O)c1cccc(N)c1.CC(C)(C)C(=O)Cl,-439.4156985129686,1.3832547608553747,1593.041961473249,1153.5112651516192,0.1644699527485838,3.3779444750195027,0.13532619055103356,0.08403961241528454,-0.2193658029663181,135.1652,968.9794058576949,-0.7057989471497019,-0.13635972762342596,0.011293440395509082,-0.8076838882232737,1.999292344039551,-0.13743374707137088,78.78652788987269,199.9519777657823,0.011389376158203632,-0.8123289777690743,1.999292344039551,0.3747124008457291,-730.74792,2.2489,944.8434,987.864,0.140866,2.7537,0.1676,0.13162,-0.29922,-0.03598,120.5785,1095.631,-0.002895,-0.401545,0.01495,-0.12509,1.99882,43.2203,145.8968,0.7474826935179358,1.086134,0.105519,0.05777,0.24151,1.999,0.311319,92.3348,10.4385,0.06159,0.60184,1.99904,0.6241346758967904,-0.044561,1.99969,-0.134635,702.0892,-210.5595,0.01227,-0.49442,0.4129955947136564,-0.486258,-0.243396,657.1407,517.8314,0.02014,-0.11423,9.99964,0.4117369414726243,0.9213768536053056
CC(=O)c1cccc(N)c1.CC(C)(C)c1ccc(C(=O)Cl)cc1,-439.4156985129686,1.3832547608553747,1593.041961473249,1153.5112651516192,0.1644699527485838,3.3779444750195027,0.13532619055103356,0.08403961241528454,-0.2193658029663181,135.1652,968.9794058576949,-0.7057989471497019,-0.13635972762342596,0.011293440395509082,-0.8076838882232737,1.999292344039551,-0.13743374707137088,78.78652788987269,199.9519777657823,0.011389376158203632,-0.8123289777690743,1.999292344039551,0.3747124008457291,-961.3640173962594,0.8439951331320028,3736.8617162104047,1666.1327468680736,0.22702856304127478,4.218331555187393,0.1765543462087611,0.10122506668047276,-0.2777794128892339,-0.07532927952828836,196.6761,1756.2896208656803,-0.4178817038419192,-0.05493930742117488,0.01711,-0.19114765846693713,1.9987399999999997,145.50595114472912,64.19142355353065,0.6443475428431109,1.4770539433619239,0.2047373555601576,0.04842981988207208,0.3621147765800905,1.9990249099410362,0.31251209335266183,87.58830934681762,23.936423813800438,0.05250472982310813,0.5711581988207208,1.99906,0.5483809008647571,-0.017174605652256175,1.9997,-0.14438870176891871,691.262978378876,-184.8857997811485,0.01198,-0.5034901801179279,0.385780052201509,-0.5155604648516117,-0.2547429379952255,652.1694292748869,528.6326041804466,0.020760180117927914,-0.10642675787729755,9.99966,0.38215008883285495,0.5344674105530216
CC(=O)c1cccc(N)c1.CC(C)C(=O)Cl,-439.4156985129686,1.3832547608553747,1593.041961473249,1153.5112651516192,0.1644699527485838,3.3779444750195027,0.13532619055103356,0.08403961241528454,-0.2193658029663181,135.1652,968.9794058576949,-0.7057989471497019,-0.13635972762342596,0.011293440395509082,-0.8076838882232737,1.999292344039551,-0.13743374707137088,78.78652788987269,199.9519777657823,0.011389376158203632,-0.8123289777690743,1.999292344039551,0.3747124008457291,-691.5212651203827,2.1259058055730957,774.3015688508707,791.3296195399124,0.11183604170191642,2.7012129828698455,0.17010773050232164,0.13244814752148587,-0.3025558780238075,-0.0376595829808358,106.5517,975.6940716840189,-0.024167191055353945,-0.17073551463321235,0.013924490779907133,-0.30198609076336,1.998945169740031,48.80721556952866,147.29575347812465,0.6314692916962978,1.1238819960085888,0.04858485903341499,0.0550134723397214,0.23591374372657942,1.9991075848700155,0.25247221421848887,88.59731276692389,12.733502739310532,0.0582213191506965,0.5944755962050935,1.9991375848700155,0.5800598381088926,-0.041438333812522876,1.99969,-0.1376712573166062,707.048479399112,-210.10582375691683,0.012389359809427323,-0.49276171727806395,0.39244024014119183,-0.49584497796278615,-0.2460183941104488,714.2513821331088,492.33222075195357,0.020564830259969046,-0.11847795268777256,9.99964,0.38745155439779033,1.53681900836896
CC(=O)c1cccc(N)c1.CCC(C(=O)Cl)c1ccccc1,-439.4156985129686,1.3832547608553747,1593.041961473249,1153.5112651516192,0.1644699527485838,3.3779444750195027,0.13532619055103356,0.08403961241528454,-0.2193658029663181,135.1652,968.9794058576949,-0.7057989471497019,-0.13635972762342596,0.011293440395509082,-0.8076838882232737,1.999292344039551,-0.13743374707137088,78.78652788987269,199.9519777657823,0.011389376158203632,-0.8123289777690743,1.999292344039551,0.3747124008457291,-922.1350941424333,4.569522987935531,2455.9020135917617,1503.8121474082207,0.19835830978909602,2.7196956404060453,0.15641062941202977,0.11147264569784315,-0.267883275109873,-0.044937983714186606,182.6493,1522.0795475579139,-0.04878392032155667,-0.06036727587828204,0.02106411226593012,-0.32502486318000223,1.99889,30.15305416820589,127.38872271494051,0.7227754446342497,1.1178043569820812,0.06601085036127433,0.056704631153088186,0.26634316303879657,1.999111010410588,0.2584528867848544,80.18911170349905,15.605117816098318,0.05923987339580025,0.5947519757187832,1.999131232884499,0.6209158445810388,-0.11952997468335282,1.999685360884168,-0.143804062173481,712.2092388306249,-204.0050258804775,0.012248062306486857,-0.5005021470911517,0.43435065207263357,-0.4765579049182884,-0.2283885640121543,717.517615534147,464.5850831441031,0.021029658300558765,-0.0958973312821047,9.99961558335808,0.388169114477217,1.9707836288653249
CC(=O)c1cccc(N)c1.CCCCC(=O)Cl,-439.4156985129686,1.3832547608553747,1593.041961473249,1153.5112651516192,0.1644699527485838,3.3779444750195027,0.13532619055103356,0.08403961241528454,-0.2193658029663181,135.1652,968.9794058576949,-0.7057989471497019,-0.13635972762342596,0.011293440395509082,-0.8076838882232737,1.999292344039551,-0.13743374707137088,78.78652788987269,199.9519777657823,0.011389376158203632,-0.8123289777690743,1.999292344039551,0.3747124008457291,-730.7450150574017,2.090291331652506,1341.9302009057062,994.4515719835497,0.1418835432507869,2.6086344119789233,0.1712263701297755,0.1335958284882569,-0.3048221986180324,-0.037630541641518626,120.57850000000002,1041.7633434165296,-0.09671197627204661,0.007804712444770221,0.014038775373839806,-0.4880626302178358,1.9990404359511826,56.464141490849684,147.1293956944729,0.5593904691258827,1.1789239078387639,0.007528819367576247,0.05127629781296082,0.23642929006115296,1.9991881569913779,0.21380243779784716,82.77940616490689,16.660432212862794,0.05512335177243502,0.588506474333033,1.999198156991378,0.5578940906295883,-0.04184591941059398,1.9996900000000002,-0.14164929933233972,714.7961360943984,-212.9005115825591,0.012188685583343585,-0.49471489576310834,0.3995731427490579,-0.5163867508662023,-0.24523050175144934,770.1191505493439,470.94318983615574,0.020878088448009844,-0.11732762706245506,9.999642023227146,0.3671949651309757,2.386844595233528
CC(=O)c1cccc(N)c1.CCCCC(CC)C(=O)Cl,-439.4156985129686,1.3832547608553747,1593.041961473249,1153.5112651516192,0.1644699527485838,3.3779444750195027,0.13532619055103356,0.08403961241528454,-0.2193658029663181,135.1652,968.9794058576949,-0.7057989471497019,-0.13635972762342596,0.011293440395509082,-0.8076838882232737,1.999292344039551,-0.13743374707137088,78.78652788987269,199.9519777657823,0.011389376158203632,-0.8123289777690743,1.999292344039551,0.3747124008457291,-848.4194799426583,2.1267217278302994,2464.267019669444,1500.231394373068,0.23155073390523292,2.677801397359587,0.16853390822493342,0.13085299777436263,-0.29938690599929607,-0.037680910450570794,162.6589,1466.9452087716104,-0.0842353595837951,-0.12303181060215712,0.01891789249052634,-0.29470057863953375,1.9989210580785208,30.751430758385847,131.96111134930018,0.7081076322850737,1.1146350543229737,0.04049639435702823,0.05769645486653496,0.23430779863995022,1.999079831858541,0.2342915125830618,79.28964453295023,10.72058245681579,0.06134362576284608,0.5865793709141864,1.999110961152719,0.6405613297343266,-0.04916664952674792,1.9996827557665517,-0.14383461934649713,723.1028236690747,-205.35061664385827,0.012373376332512752,-0.5004955405011925,0.44056690495066464,-0.4902433087740082,-0.23982660938031483,795.885334662436,424.81685121337784,0.02061303988994313,-0.10758898034704956,9.999627692135396,0.39206250471260456,0.4908100347865815
CC(=O)c1cccc(N)c1.CCCCCCC(=O)Cl,-439.4156985129686,1.3832547608553747,1593.041961473249,1153.5112651516192,0.1644699527485838,3.3779444750195027,0.13532619055103356,0.08403961241528454,-0.2193658029663181,135.1652,968.9794058576949,-0.7057989471497019,-0.13635972762342596,0.011293440395509082,-0.8076838882232737,1.999292344039551,-0.13743374707137088,78.78652788987269,199.9519777657823,0.011389376158203632,-0.8123289777690743,1.999292344039551,0.3747124008457291,-809.1928450186999,2.191972683108519,2694.585979207065,1390.3008597551361,0.20178400746022246,2.7244460547894533,0.17032995662812994,0.13265533018130402,-0.30298528680943393,-0.03767462644682591,148.63210000000004,1261.5194415620172,-0.09799205324244195,0.017531207143586563,0.014411268813625472,-0.4870248810235342,1.9990360661441282,52.29176351269705,146.78208323625879,0.5553711533823926,1.1744333662866158,0.005174748608251482,0.05187764178651444,0.23654530602917653,1.9991838244073419,0.2092039866890283,82.95284094577164,16.8293560755272,0.055168636678038244,0.5896019425118675,1.9991965260075706,0.554803422626299,-0.04042034364900629,1.9996900000000004,-0.1394788994015972,704.4901204727937,-215.8672177680678,0.01234712539999367,-0.4919174099593421,0.38646821572942175,-0.5069924791734688,-0.24872178501458486,751.6188641806931,476.4115554370388,0.020814874094548554,-0.1210213165562404,9.999640000000001,0.3740534939797181,2.489522882514702
CC(=O)c1cccc(N)c1.CCCCCCCCCCCC(=O)Cl,-439.4156985129686,1.3832547608553747,1593.041961473249,1153.5112651516192,0.1644699527485838,3.3779444750195027,0.13532619055103356,0.08403961241528454,-0.2193658029663181,135.1652,968.9794058576949,-0.7057989471497019,-0.13635972762342596,0.011293440395509082,-0.8076838882232737,1.999292344039551,-0.13743374707137088,78.78652788987269,199.9519777657823,0.011389376158203632,-0.8123289777690743,1.999292344039551,0.3747124008457291,-1005.3142281705781,2.051840846684475,7589.4788243149,2063.8977884186593,0.35148147884172565,2.580964688743521,0.17130593121998355,0.13237374139497904,-0.3036796726149626,-0.038932189825004494,218.76610000000002,2028.2284431012831,-0.09832466528407613,0.011300852452152831,0.014411262852878942,-0.4876371810409823,1.9990393233150183,54.09437145699512,147.61948876998457,0.5618015097823486,1.1889594778380719,0.0034922479456673456,0.05177155382090726,0.23634184011774262,1.9991781601252514,0.20777313911983045,80.09136057476589,16.11372837040959,0.05541338385685213,0.5883281241859004,1.999188590390622,0.5688480715114945,-0.04156562730035017,1.9996867476005615,-0.13988340193202087,708.4357928496703,-213.85227427913944,0.012237201999370216,-0.49679063701810433,0.4188836362668115,-0.5185254162381545,-0.24439257461254094,760.4693324636868,471.25224452499526,0.020883543820409477,-0.11594466851905619,9.999637177865932,0.3724491019162263,2.385116875850664
CC(=O)c1cccc(N)c1.CCc1ccc(C(=O)Cl)cc1,-439.4156985129686,1.3832547608553747,1593.041961473249,1153.5112651516192,0.1644699527485838,3.3779444750195027,0.13532619055103356,0.08403961241528454,-0.2193658029663181,135.1652,968.9794058576949,-0.7057989471497019,-0.13635972762342596,0.011293440395509082,-0.8076838882232737,1.999292344039551,-0.13743374707137088,78.78652788987269,199.9519777657823,0.011389376158203632,-0.8123289777690743,1.999292344039551,0.3747124008457291,-882.914671,0.8056,2669.3825,1421.7125,0.168403,4.1213,0.17781,0.10156000000000001,-0.27937,-0.07625,168.6225,1314.007,-0.402094,-0.061786,0.01695,-0.19259,1.99875,146.8733,63.8668,0.6452957835116425,1.456055,0.205216,0.04843,0.36246,1.99903,0.312565,87.4623,23.8993,0.05253,0.57058,1.99906,0.5498741346758967,-0.017375,1.9997,-0.144731,691.6855,-184.816,0.01198,-0.50355,0.3866425424795469,-0.509939,-0.254084,651.6022,528.6102,0.02081,-0.10547,9.99966,0.38294524858401513,0.6946701965476993
CC(=O)c1cccc(N)c1.COc1cc(C(=O)Cl)cc(OC)c1OC,-439.4156985129686,1.3832547608553747,1593.041961473249,1153.5112651516192,0.1644699527485838,3.3779444750195027,0.13532619055103356,0.08403961241528454,-0.2193658029663181,135.1652,968.9794058576949,-0.7057989471497019,-0.13635972762342596,0.011293440395509082,-0.8076838882232737,1.999292344039551,-0.13743374707137088,78.78652788987269,199.9519777657823,0.011389376158203632,-0.8123289777690743,1.999292344039551,0.3747124008457291,-1147.3988728386491,9.590245055798524,4098.000453261923,1788.438858126628,0.21336973094695055,3.820453988387011,0.1589222523904965,0.08715554844614821,-0.2460778008366447,-0.07176670394434828,230.64750000000004,1702.8529527836297,-0.30062621086644153,-0.0505418648015625,0.01901263016358685,-0.16597456713914246,1.9988191465822256,138.9709269242885,66.29146063677923,0.6464282423283223,1.4648143543682646,0.20572451472928088,0.0527408394357223,0.4021922948019736,1.9991034206621257,0.30939671461077606,86.80447373218087,24.14315727612148,0.052543474138718856,0.5717040388310601,1.9990608534177752,0.5505070876792586,-0.22497649330386443,1.9997000000000003,-0.1474567049669537,690.2213647653614,-182.89085364682126,0.011964543057302771,-0.5069527124341651,0.38708728584549945,-0.5075244044704986,-0.2524332482777629,651.9670016723583,528.9051928576206,0.020845079417672406,-0.10312794717934845,9.999652567244352,0.38354454400728805,0.5182343363835143
CC(=O)c1cccc(N)c1.COc1ccc(C(=O)Cl)cc1,-439.4156985129686,1.3832547608553747,1593.041961473249,1153.5112651516192,0.1644699527485838,3.3779444750195027,0.13532619055103356,0.08403961241528454,-0.2193658029663181,135.1652,968.9794058576949,-0.7057989471497019,-0.13635972762342596,0.011293440395509082,-0.8076838882232737,1.999292344039551,-0.13743374707137088,78.78652788987269,199.9519777657823,0.011389376158203632,-0.8123289777690743,1.999292344039551,0.3747124008457291,-918.7794806452093,1.8095578782030461,2595.8845344392657,1351.432412177592,0.14413766686447077,4.69247217594736,0.16339189113066868,0.09466255858855176,-0.2580544497192204,-0.06872933254211694,170.5951,1330.3161569267518,-0.5316156870230284,-0.057328369918361544,0.01689,-0.20658333135529233,1.9987499999999998,139.08126280090607,69.5119016314473,0.6464023557102192,1.5082461480170826,0.19680829664503793,0.04825977751403898,0.35202155146760417,1.99902,0.30959364046198856,88.97441949403056,25.308381727266305,0.052509332542116934,0.5694617858218112,1.99905,0.5495559709571898,-0.023747567188664966,1.9997,-0.15034197745033262,671.7481042751876,-174.48073225064894,0.011970222485961022,-0.5095373064319758,0.38616179649303717,-0.5192249050540321,-0.26183382883983775,650.1022819991035,534.1770665455147,0.020634443785097444,-0.11341470187579644,9.99966,0.3827949177457842,0.8229741223793963
CC(=O)c1cccc(N)c1.Cc1ccc(C(=O)Cl)cc1,-439.4156985129686,1.3832547608553747,1593.041961473249,1153.5112651516192,0.1644699527485838,3.3779444750195027,0.13532619055103356,0.08403961241528454,-0.2193658029663181,135.1652,968.9794058576949,-0.7057989471497019,-0.13635972762342596,0.011293440395509082,-0.8076838882232737,1.999292344039551,-0.13743374707137088,78.78652788987269,199.9519777657823,0.011389376158203632,-0.8123289777690743,1.999292344039551,0.3747124008457291,-843.690474,0.7847,2037.6054,1331.695,0.138241,4.0826,0.17777500000000002,0.101495,-0.27927,-0.07628,154.5957,957.156,-0.396447,-0.063926,0.01695,-0.19369,1.99875,146.8166,64.1383,0.6464757709251101,1.444549,0.205095,0.0484,0.3622,1.99903,0.312699,87.2722,23.9815,0.05251,0.57046,1.99906,0.5497954688483323,-0.017809,1.9997,-0.144896,691.7944,-184.7633,0.01198,-0.50358,0.3868785399622404,-0.507387,-0.254103,652.0078,529.0068,0.02081,-0.10548,9.99966,0.38231592196349906,0.6697601245781957
CC(=O)c1cccc(N)c1.Cc1ccccc1C(=O)Cl,-439.4156985129686,1.3832547608553747,1593.041961473249,1153.5112651516192,0.1644699527485838,3.3779444750195027,0.13532619055103356,0.08403961241528454,-0.2193658029663181,135.1652,968.9794058576949,-0.7057989471497019,-0.13635972762342596,0.011293440395509082,-0.8076838882232737,1.999292344039551,-0.13743374707137088,78.78652788987269,199.9519777657823,0.011389376158203632,-0.8123289777690743,1.999292344039551,0.3747124008457291,-843.6875560574109,0.11441203094299326,1727.5775237937205,1185.5250490989843,0.13826824892949693,2.9335652803962233,0.17744671457012706,0.09930211916386854,-0.2767488337339956,-0.07814459540625854,154.5957,1206.8423660351868,-0.3609323356612174,-0.04382074162750573,0.017399388198169285,-0.18550015969286923,1.99871,143.88919896912307,63.72922694533436,0.6763989980060084,1.3794532603765848,0.17964343533990834,0.04829439509069746,0.3670932883597818,1.9990500711227133,0.2936090109211529,86.60514481931877,23.749668767244493,0.051918321357468225,0.5733261876760661,1.9990899288772865,0.5774004604109436,-0.03147546807824839,1.9996999288772865,-0.14907075579200177,701.4520483596131,-205.6625805599628,0.012379573263719579,-0.5042245104984888,0.4371025917512716,-0.51174269585703,-0.25672397091808735,673.4314174438672,509.25428815634746,0.020633982871950604,-0.11187011540779132,9.999669857754574,0.38752509665341367,0.6816984822133668
CC(=O)c1cccc(N)c1.O=C(Cl)C12CC3CC(CC(C3)C1)C2,-439.4156985129686,1.3832547608553747,1593.041961473249,1153.5112651516192,0.1644699527485838,3.3779444750195027,0.13532619055103356,0.08403961241528454,-0.2193658029663181,135.1652,968.9794058576949,-0.7057989471497019,-0.13635972762342596,0.011293440395509082,-0.8076838882232737,1.999292344039551,-0.13743374707137088,78.78652788987269,199.9519777657823,0.011389376158203632,-0.8123289777690743,1.999292344039551,0.3747124008457291,-962.581811,3.0439,2417.6329,1837.01,0.2551,3.1191,0.16248,0.12827,-0.29075,-0.03421,198.6919,1506.761,-0.109963,-0.417603,0.01866,-0.12505,1.99879,47.667,144.0592,0.8325991189427313,1.135254,0.136483,0.05847,0.25586,1.99893,0.339763,94.9955,11.4326,0.06189,0.61891,1.99899,0.6260226557583386,-0.055463,1.99969,-0.134531,703.9745,-206.4244,0.01198,-0.49526,0.4133102580239144,-0.495051,-0.246408,649.7835,526.6917,0.01986,-0.11707,9.99965,0.4122089364380113,1.0579648356784532
CC(=O)c1cccc(N)c1.O=C(Cl)C=Cc1ccccc1,-439.4156985129686,1.3832547608553747,1593.041961473249,1153.5112651516192,0.1644699527485838,3.3779444750195027,0.13532619055103356,0.08403961241528454,-0.2193658029663181,135.1652,968.9794058576949,-0.7057989471497019,-0.13635972762342596,0.011293440395509082,-0.8076838882232737,1.999292344039551,-0.13743374707137088,78.78652788987269,199.9519777657823,0.011389376158203632,-0.8123289777690743,1.999292344039551,0.3747124008457291,-881.7076424349888,1.4583330632451224,3001.2649234041864,1257.7523733779365,0.14500556194108782,4.007677662728389,0.18097215746167145,0.08464781157985767,-0.2656199690415291,-0.09632434588181382,166.6067,1318.0489361294021,-0.6487631505721401,-0.11180734591608987,0.015986889213416643,-0.40177837436797814,1.9988062506712867,97.67235097153285,72.11756207665134,0.5471110545535718,1.594812176212798,0.21686245915706964,0.047810688301961585,0.3951780161227317,1.9990600002421206,0.2773765541231414,79.2212823091358,26.059164333630676,0.05162692895158519,0.5406730279839103,1.9991162506021094,0.518506511257886,-0.01080933265076242,1.99969,-0.1561087210570263,684.9150017741213,-177.68841986288376,0.012026865077963791,-0.508001072172739,0.3739683515791476,-0.5679760192194105,-0.25474012890245074,721.0320699222212,470.0895892939961,0.02118627173739866,-0.11190134066066033,9.99965374939789,0.36138049216617174,2.7755363858548385
CC(=O)c1cccc(N)c1.O=C(Cl)c1ccc(-c2ccccc2)cc1,-439.4156985129686,1.3832547608553747,1593.041961473249,1153.5112651516192,0.1644699527485838,3.3779444750195027,0.13532619055103356,0.08403961241528454,-0.2193658029663181,135.1652,968.9794058576949,-0.7057989471497019,-0.13635972762342596,0.011293440395509082,-0.8076838882232737,1.999292344039551,-0.13743374707137088,78.78652788987269,199.9519777657823,0.011389376158203632,-0.8123289777690743,1.999292344039551,0.3747124008457291,-1035.081421,13.748,5091.4627,1754.559,0.195241,4.008,0.17202,0.08703,-0.25905,-0.08499,216.6665,1648.5790000000002,-0.476397,-0.069238,0.01931,-0.13635,1.99876,146.3066,63.2115,0.6453744493392071,1.557555,0.237449,0.05246,0.45217,1.99908,0.313028,86.8115,23.8787,0.05251,0.56896,1.99906,0.5493234738829452,-0.197972,1.99969,-0.14352,696.741,-187.3885,0.012,-0.50251,0.38569855254877283,-0.528893,-0.251945,650.7091,526.9992,0.02088,-0.10309,9.99966,0.38223725613593457,0.8503201862681276
CC(=O)c1cccc(N)c1.O=C(Cl)c1ccc(Br)cc1,-439.4156985129686,1.3832547608553747,1593.041961473249,1153.5112651516192,0.1644699527485838,3.3779444750195027,0.13532619055103356,0.08403961241528454,-0.2193658029663181,135.1652,968.9794058576949,-0.7057989471497019,-0.13635972762342596,0.011293440395509082,-0.8076838882232737,1.999292344039551,-0.13743374707137088,78.78652788987269,199.9519777657823,0.011389376158203632,-0.8123289777690743,1.999292344039551,0.3747124008457291,-3377.857666,2.1799,3388.6568,1232.628,0.100324,2.0328,0.18545,0.09516000000000002,-0.28061,-0.09029,219.465,1258.854,-0.39698,-0.055564,0.01694,-0.19555,1.99875,149.5302,63.26,0.645846444304594,1.462386,0.217711,0.04852,0.3717,1.99904,0.315275,85.0022,24.181,0.05263,0.56687,1.99907,0.5486154814348647,-0.010299,1.9997,-0.140191,709.2575,-191.8647,0.01202,-0.49899,0.38719320327249845,-0.500793,-0.242085,647.9072,524.2242,0.02118,-0.09299,9.99965,0.382001258653241,1.2739134723186225
CC(=O)c1cccc(N)c1.O=C(Cl)c1ccc(C(F)(F)F)cc1,-439.4156985129686,1.3832547608553747,1593.041961473249,1153.5112651516192,0.1644699527485838,3.3779444750195027,0.13532619055103356,0.08403961241528454,-0.2193658029663181,135.1652,968.9794058576949,-0.7057989471497019,-0.13635972762342596,0.011293440395509082,-0.8076838882232737,1.999292344039551,-0.13743374707137088,78.78652788987269,199.9519777657823,0.011389376158203632,-0.8123289777690743,1.999292344039551,0.3747124008457291,-1141.009328,3.3671,3493.4189,1579.5935,0.117803,1.0538,0.202225,0.10366500000000001,-0.30589,-0.09856,208.5672,1203.002,-0.281208,-0.066681,0.01707,-0.18876,1.99875,151.6583,59.3407,0.6463184392699811,1.375664,0.226354,0.04856,0.38009,1.99904,0.318189,83.9248,23.6216,0.05264,0.56628,1.99908,0.5490874764002517,-0.003696,1.9997,-0.135777,725.5918,-200.3338,0.01205,-0.49428,0.3871145374449339,-0.48031,-0.234509,646.3328,518.8401,0.02137,-0.08533,9.99964,0.38239458779106356,1.8498403404978052
CC(=O)c1cccc(N)c1.O=C(Cl)c1ccc(Cl)cc1,-439.4156985129686,1.3832547608553747,1593.041961473249,1153.5112651516192,0.1644699527485838,3.3779444750195027,0.13532619055103356,0.08403961241528454,-0.2193658029663181,135.1652,968.9794058576949,-0.7057989471497019,-0.13635972762342596,0.011293440395509082,-0.8076838882232737,1.999292344039551,-0.13743374707137088,78.78652788987269,199.9519777657823,0.011389376158203632,-0.8123289777690743,1.999292344039551,0.3747124008457291,-1263.981948,2.0754,2495.0487,918.639,0.100727,2.063,0.18674,0.09755,-0.28429,-0.08919,175.014,1159.235,-0.395009,-0.059104,0.01687,-0.19718,1.99875,148.1762,63.8432,0.6469477658904972,1.447541,0.216306,0.04848,0.37028,1.99904,0.314974,85.26,24.3534,0.05263,0.56696,1.99907,0.5487728130899937,-0.010873,1.9997,-0.140838,706.9426,-190.8553,0.01202,-0.49966,0.38719320327249845,-0.497634,-0.243186,647.8379,524.4538,0.02115,-0.09408,9.99965,0.38231592196349906,0.8473997020923856
CC(=O)c1cccc(N)c1.O=C(Cl)c1ccc(Cl)cc1Cl,-439.4156985129686,1.3832547608553747,1593.041961473249,1153.5112651516192,0.1644699527485838,3.3779444750195027,0.13532619055103356,0.08403961241528454,-0.2193658029663181,135.1652,968.9794058576949,-0.7057989471497019,-0.13635972762342596,0.011293440395509082,-0.8076838882232737,1.999292344039551,-0.13743374707137088,78.78652788987269,199.9519777657823,0.011389376158203632,-0.8123289777690743,1.999292344039551,0.3747124008457291,-1723.4939374606504,1.2883800810490484,2980.2158268029457,1474.2397074519768,0.09215022714359405,2.4027020201639373,0.1889194293631092,0.09675937747005803,-0.28567880683316726,-0.09216005189305122,209.45909999999998,1522.9075142418037,-0.4253249866263163,-0.07327173319778336,0.019400577896779823,-0.2055589686983824,1.9986567970101383,141.94229947990505,63.78112283667599,0.6720934400530437,1.383887345120303,0.20099762442309496,0.051071825734569344,0.377952249212696,1.9990716014949308,0.30132847764488324,89.17290808438919,26.71033238705266,0.053662067271891524,0.5672160495446766,1.9991067970101382,0.5710416884369257,-0.02376615770075898,1.9996899999999997,-0.12318614046610027,738.0003184385099,-221.68962119212986,0.01246359402027631,-0.4777808249899132,0.41465210131273,-0.4997364317231278,-0.23461153961306366,691.034157820026,475.66836513053863,0.02126264516867135,-0.09382789320718006,9.999653594020277,0.3876269732870548,1.775795977343943
CC(=O)c1cccc(N)c1.O=C(Cl)c1ccc(F)cc1,-439.4156985129686,1.3832547608553747,1593.041961473249,1153.5112651516192,0.1644699527485838,3.3779444750195027,0.13532619055103356,0.08403961241528454,-0.2193658029663181,135.1652,968.9794058576949,-0.7057989471497019,-0.13635972762342596,0.011293440395509082,-0.8076838882232737,1.999292344039551,-0.13743374707137088,78.78652788987269,199.9519777657823,0.011389376158203632,-0.8123289777690743,1.999292344039551,0.3747124008457291,-903.560911,1.3905,1932.8255,1039.562,0.101816,2.1677,0.18521500000000002,0.102935,-0.28815,-0.08228,158.5594,1118.02,-0.402654,-0.063696,0.0167,-0.20093,1.99875,144.8678,66.2483,0.6475770925110133,1.405945,0.206459,0.0484,0.35807,1.99903,0.313827,86.1662,24.8469,0.05265,0.56797,1.99907,0.5505034612964128,-0.01578,1.9997,-0.143118,697.5602,-186.3864,0.01202,-0.50216,0.38735053492762744,-0.489988,-0.246855,647.3665,526.5674,0.02105,-0.09791,9.99965,0.38247325361862805,1.0671851709751985
CC(=O)c1cccc(N)c1.O=C(Cl)c1ccc(F)cc1F,-439.4156985129686,1.3832547608553747,1593.041961473249,1153.5112651516192,0.1644699527485838,3.3779444750195027,0.13532619055103356,0.08403961241528454,-0.2193658029663181,135.1652,968.9794058576949,-0.7057989471497019,-0.13635972762342596,0.011293440395509082,-0.8076838882232737,1.999292344039551,-0.13743374707137088,78.78652788987269,199.9519777657823,0.011389376158203632,-0.8123289777690743,1.999292344039551,0.3747124008457291,-1002.6542594723891,1.5628342043633043,2120.324392652248,1108.7274438818417,0.09460995236304569,2.9002627333284448,0.18897774100507306,0.1031808922527925,-0.29215863325786556,-0.08579684875228055,176.5499,1217.2759401612166,-0.4762535813565251,-0.14156288723632596,0.01749714178274225,-0.2655723345228288,1.9987275595461926,125.52130121331402,76.87735232825071,0.6601959388546843,1.4011957195348994,0.21017866036864236,0.05033202645075863,0.3574196198405706,1.999092440453807,0.31311296107594244,89.14458035729169,29.976610165880096,0.053738691863957924,0.5602134195157078,1.9991175595461927,0.5592025931930473,-0.0013660944016755583,1.999692440453807,-0.12574949132688037,715.3363046299694,-206.25609228525013,0.012154107747207482,-0.4855636222965187,0.4016195195314515,-0.4835200440528855,-0.24479578722213755,687.6901003715086,492.5449564929477,0.021139816660918742,-0.0970344038983523,9.99966023818477,0.38741746794270504,1.943447898074553
CC(=O)c1cccc(N)c1.O=C(Cl)c1ccc(OC(F)(F)F)cc1,-439.4156985129686,1.3832547608553747,1593.041961473249,1153.5112651516192,0.1644699527485838,3.3779444750195027,0.13532619055103356,0.08403961241528454,-0.2193658029663181,135.1652,968.9794058576949,-0.7057989471497019,-0.13635972762342596,0.011293440395509082,-0.8076838882232737,1.999292344039551,-0.13743374707137088,78.78652788987269,199.9519777657823,0.011389376158203632,-0.8123289777690743,1.999292344039551,0.3747124008457291,-1216.116295,1.9373,4202.2051,1483.97,0.123247,2.1043,0.18684,0.10098000000000001,-0.28782,-0.08586,224.5666,1686.329,-0.41883,-0.055985,0.01693,-0.20009,1.99875,144.7474,65.8979,0.6455317809943361,1.437835,0.211505,0.04838,0.36227,1.99903,0.315037,85.8367,24.8444,0.0526,0.56737,1.99907,0.5483008181246066,-0.013036,1.9997,-0.141975,702.237,-188.2112,0.01203,-0.50095,0.3865638766519824,-0.492427,-0.24471,647.5785,525.941,0.02111,-0.09583,9.99965,0.382001258653241,1.1602317040332553
CC(=O)c1cccc(N)c1.O=C(Cl)c1ccc(SC(F)(F)F)cc1,-439.4156985129686,1.3832547608553747,1593.041961473249,1153.5112651516192,0.1644699527485838,3.3779444750195027,0.13532619055103356,0.08403961241528454,-0.2193658029663181,135.1652,968.9794058576949,-0.7057989471497019,-0.13635972762342596,0.011293440395509082,-0.8076838882232737,1.999292344039551,-0.13743374707137088,78.78652788987269,199.9519777657823,0.011389376158203632,-0.8123289777690743,1.999292344039551,0.3747124008457291,-1539.108656,10.93545,4535.03445,1625.511,0.120362,1.4151,0.19517500000000002,0.09453500000000001,-0.28971,-0.10064,240.6272,1337.92,-0.29784849999999996,-0.0998015,0.01897,-0.20292,1.99876,153.6659,59.602199999999996,0.6472624292007552,1.4163860000000001,0.25255150000000004,0.05244,0.4746,1.99909,0.3170855,83.78805,23.4428,0.05266,0.56606,1.99908,0.5502674638137193,-0.18941449999999999,1.99969,-0.1355175,726.435,-201.13459999999998,0.01204,-0.49415,0.3878618628067967,-0.49045249999999996,-0.234585,646.7714000000001,518.4003,0.02136,-0.08533,9.99964,0.38333857772183766,1.405433786996964
CC(=O)c1cccc(N)c1.O=C(Cl)c1ccc([N+](=O)[O-])cc1,-439.4156985129686,1.3832547608553747,1593.041961473249,1153.5112651516192,0.1644699527485838,3.3779444750195027,0.13532619055103356,0.08403961241528454,-0.2193658029663181,135.1652,968.9794058576949,-0.7057989471497019,-0.13635972762342596,0.011293440395509082,-0.8076838882232737,1.999292344039551,-0.13743374707137088,78.78652788987269,199.9519777657823,0.011389376158203632,-0.8123289777690743,1.999292344039551,0.3747124008457291,-1008.649643,2.8883,2934.3431,1429.187,0.114492,1.9316,0.21973499999999999,0.09540499999999999,-0.31514,-0.12433,185.5665,1180.633,-0.243545,-0.095972,0.01759,-0.19498,1.99875,153.1256,57.3166,0.6472624292007552,1.373848,0.307302,0.05273,0.54955,1.99909,0.319677,82.3735,23.8112,0.0527,0.56324,1.99908,0.5486154814348647,-0.149197,1.99968,-0.131168,741.5805,-208.9034,0.01209,-0.49014,0.3881371932032725,-0.473753,-0.225712,643.2683,512.101,0.02162,-0.07607,9.99964,0.38215859030837,2.2142191119884456
CC(=O)c1cccc(N)c1.O=C(Cl)c1ccc2ccccc2c1,-439.4156985129686,1.3832547608553747,1593.041961473249,1153.5112651516192,0.1644699527485838,3.3779444750195027,0.13532619055103356,0.08403961241528454,-0.2193658029663181,135.1652,968.9794058576949,-0.7057989471497019,-0.13635972762342596,0.011293440395509082,-0.8076838882232737,1.999292344039551,-0.13743374707137088,78.78652788987269,199.9519777657823,0.011389376158203632,-0.8123289777690743,1.999292344039551,0.3747124008457291,-957.8231548793865,8.942984281922897,3120.642424188284,1617.483620444743,0.15897933382482796,3.963189472116048,0.1688166691241398,0.08189167649655926,-0.25070834562069905,-0.08692499262758055,190.6287,1577.0617708477648,-0.406241613979723,-0.0853495998229043,0.01913813624300125,-0.18617714833386767,1.9987759805367138,143.21741244463914,64.17324326159877,0.6477991941427841,1.4941111495158192,0.2417364895313614,0.05284029194928839,0.45526854910095393,1.9990940194632858,0.3139393768798561,87.57417048040392,23.502188115581014,0.052508428192289645,0.5698158832202846,1.9990640194632858,0.5497785108064259,-0.20163146446439634,1.9996899999999997,-0.14309156915373786,699.7480535233219,-189.1846326741985,0.01198794161014232,-0.5022111235626368,0.38731661884381463,-0.5121153102357949,-0.2502995078146661,650.3423603945448,527.1525046879868,0.020885980536714102,-0.10191680330266659,9.999655980536714,0.3832938279780859,0.7376611261138889
CC(=O)c1cccc(N)c1.O=C(Cl)c1cccc2ccccc12,-439.4156985129686,1.3832547608553747,1593.041961473249,1153.5112651516192,0.1644699527485838,3.3779444750195027,0.13532619055103356,0.08403961241528454,-0.2193658029663181,135.1652,968.9794058576949,-0.7057989471497019,-0.13635972762342596,0.011293440395509082,-0.8076838882232737,1.999292344039551,-0.13743374707137088,78.78652788987269,199.9519777657823,0.011389376158203632,-0.8123289777690743,1.999292344039551,0.3747124008457291,-957.8186401303651,7.76497366122391,2727.8224101566643,1452.655905920424,0.1591435410273463,3.138155778233965,0.17141258730322817,0.07978083346207067,-0.2511934207652988,-0.09163175384115753,190.62869999999998,1654.673933628048,-0.3606608914538662,-0.060651833547166085,0.019562781082751415,-0.15268271376427908,1.9987499999999998,140.36828004155382,67.13279503149818,0.67083710319587,1.4184804447627122,0.24250688344425783,0.05177296194712997,0.4757362417913853,1.9991198794237475,0.3059404481129295,90.28639256302401,23.548420283844816,0.051731334167722944,0.5763399240539799,1.9990998794237473,0.5737331192431018,-0.21399212998145925,1.9996800602881257,-0.14835273747499386,677.8735529026063,-199.8173439886677,0.012231266050649904,-0.5084526793064421,0.42167378684587214,-0.536095752759764,-0.25799595608850817,690.7625756377732,499.1303403904185,0.020573617287571157,-0.11333870811906079,9.999669879423749,0.38839317125744705,0.3822494538879242
CC(=O)c1cccc(N)c1.O=C(Cl)c1ccccc1,-439.4156985129686,1.3832547608553747,1593.041961473249,1153.5112651516192,0.1644699527485838,3.3779444750195027,0.13532619055103356,0.08403961241528454,-0.2193658029663181,135.1652,968.9794058576949,-0.7057989471497019,-0.13635972762342596,0.011293440395509082,-0.8076838882232737,1.999292344039551,-0.13743374707137088,78.78652788987269,199.9519777657823,0.011389376158203632,-0.8123289777690743,1.999292344039551,0.3747124008457291,-804.46025,0.6975,1464.397,1335.877,0.109113,3.4435,0.18524,0.10419999999999999,-0.28944,-0.08104,140.5689,1259.541,-0.319057,-0.06921,0.01701,-0.18925,1.99875,150.2369,61.7104,0.6467904342353682,1.381429,0.207568,0.04848,0.36494,1.99903,0.313396,86.434,23.3461,0.05259,0.56996,1.99907,0.5492448080553808,-0.014961,1.9997,-0.142092,704.1163,-190.2727,0.012,-0.50042,0.3867212083071114,-0.491795,-0.248031,648.8095,526.2085,0.02098,-0.09932,9.99965,0.38247325361862805,1.0344337536187769
CC(=O)c1cccc(N)c1.O=C(Cl)c1ccco1,-439.4156985129686,1.3832547608553747,1593.041961473249,1153.5112651516192,0.1644699527485838,3.3779444750195027,0.13532619055103356,0.08403961241528454,-0.2193658029663181,135.1652,968.9794058576949,-0.7057989471497019,-0.13635972762342596,0.011293440395509082,-0.8076838882232737,1.999292344039551,-0.13743374707137088,78.78652788987269,199.9519777657823,0.011389376158203632,-0.8123289777690743,1.999292344039551,0.3747124008457291,-802.2749436403665,0.9628803601977091,1106.8639320512225,837.4781616717298,0.07810627687091332,4.223320701907314,0.17692659069992278,0.09926084693630044,-0.2761874376362232,-0.07766574376362233,130.53050000000002,1023.5943809662729,-0.2571876525553629,0.07456587223868763,0.028521784583548964,0.16679427666839172,1.9986394965983396,84.42036001940463,48.795129254280766,0.6092274123751691,1.4654626254563974,0.18523025001857074,0.045608009071094816,0.29806073691619983,1.9990367505669435,0.28778355340700085,80.27414887766211,36.27046418281246,0.04943652154385018,0.5133097981460898,1.9990600000000003,0.5273364642768135,-0.01243844273116867,1.999706750566944,-0.14375068628124404,690.1763189879638,-171.46429701179642,0.012345972786715571,-0.4947455057576371,0.3678338463825751,-0.4709219205838191,-0.23281669984785022,670.2421570172194,515.4998959950124,0.022066292520756925,-0.08390614500521279,9.99965324943306,0.373560076402609,1.5690769346944675
CC(=O)c1cccc(N)c1.O=C(Cl)c1cccs1,-439.4156985129686,1.3832547608553747,1593.041961473249,1153.5112651516192,0.1644699527485838,3.3779444750195027,0.13532619055103356,0.08403961241528454,-0.2193658029663181,135.1652,968.9794058576949,-0.7057989471497019,-0.13635972762342596,0.011293440395509082,-0.8076838882232737,1.999292344039551,-0.13743374707137088,78.78652788987269,199.9519777657823,0.011389376158203632,-0.8123289777690743,1.999292344039551,0.3747124008457291,-1125.2983746590153,0.8989004644803423,1318.760431390368,1051.8664137490334,0.07514125703092484,3.9869099489807027,0.1825097879616161,0.09715189528668504,-0.27966168324830115,-0.08535789267493107,146.5911,967.0850566647645,-0.36846109931444926,-0.017428701234791306,0.01983363911738161,-0.3620010732506892,1.9987481652957104,92.68784922793068,54.81236467913048,0.6462467515807672,1.4370241272768098,0.2224287020695229,0.04673669408579305,0.36090770231153096,1.9989036391173816,0.30910380250162073,80.55742798492986,32.972354231999795,0.05245018174718617,0.5457332583905814,1.9989436391173816,0.5414205707054607,-0.010696796550940281,1.9997,-0.1456564430324384,653.6458953915552,-169.41871646632262,0.012134495887131043,-0.5017229207448509,0.3800545942263263,-0.48442835604958645,-0.24229535996721743,702.4773700234127,507.97409032060614,0.02155,-0.09357010393236291,9.999647278234763,0.38004302083175984,1.196892700088653
CC(C)NC1CCCCC1.CC(=O)Cl,-408.2613036981684,2.5501262964393763,2080.051974031638,1846.4834492582959,0.2834809947674794,0.9620008049407329,0.07900496548995391,0.14004486549197004,-0.21904983098192396,141.2558,1421.796650888137,-0.6199438453490113,0.04255460892665809,0.012390004752997234,-0.2306399915873696,1.999120000522611,-0.2464488952991663,56.706714782886564,194.791075036883,0.016949996632725443,-0.7347900490128912,1.9992900002933502,0.635383979122566,-613.070645,1.8407,361.1538,589.647,0.051921,2.5752,0.17481000000000002,0.13476,-0.30957,-0.04005,78.4981,543.096,-0.16842,-0.019931,0.00801,-0.68972,1.99914,58.3883,161.9989,0.3882945248584015,1.19561,-0.022262,0.04824,0.23014,1.99928,0.181407,78.3666,21.3299,0.05149,0.57826,1.99927,0.49370673379483954,-0.031774,1.99969,-0.138192,709.0371,-224.4771,0.01248,-0.48574,0.3472309628697294,-0.497062,-0.249833,776.7802,462.7909,0.02158,-0.12005,9.99964,0.3590308370044053,2.970990222637022
CC(C)NC1CCCCC1.CC(C)(C)C(=O)Cl,-408.2613036981684,2.5501262964393763,2080.051974031638,1846.4834492582959,0.2834809947674794,0.9620008049407329,0.07900496548995391,0.14004486549197004,-0.21904983098192396,141.2558,1421.796650888137,-0.6199438453490113,0.04255460892665809,0.012390004752997234,-0.2306399915873696,1.999120000522611,-0.2464488952991663,56.706714782886564,194.791075036883,0.016949996632725443,-0.7347900490128912,1.9992900002933502,0.635383979122566,-730.74792,2.2489,944.8434,987.864,0.140866,2.7537,0.1676,0.13162,-0.29922,-0.03598,120.5785,1095.631,-0.002895,-0.401545,0.01495,-0.12509,1.99882,43.2203,145.8968,0.7474826935179358,1.086134,0.105519,0.05777,0.24151,1.999,0.311319,92.3348,10.4385,0.06159,0.60184,1.99904,0.6241346758967904,-0.044561,1.99969,-0.134635,702.0892,-210.5595,0.01227,-0.49442,0.4129955947136564,-0.486258,-0.243396,657.1407,517.8314,0.02014,-0.11423,9.99964,0.4117369414726243,0.8653667192053551
CC(C)NC1CCCCC1.CC(C)(C)c1ccc(C(=O)Cl)cc1,-408.2613036981684,2.5501262964393763,2080.051974031638,1846.4834492582959,0.2834809947674794,0.9620008049407329,0.07900496548995391,0.14004486549197004,-0.21904983098192396,141.2558,1421.796650888137,-0.6199438453490113,0.04255460892665809,0.012390004752997234,-0.2306399915873696,1.999120000522611,-0.2464488952991663,56.706714782886564,194.791075036883,0.016949996632725443,-0.7347900490128912,1.9992900002933502,0.635383979122566,-961.3640173962594,0.8439951331320028,3736.8617162104047,1666.1327468680736,0.22702856304127478,4.218331555187393,0.1765543462087611,0.10122506668047276,-0.2777794128892339,-0.07532927952828836,196.6761,1756.2896208656803,-0.4178817038419192,-0.05493930742117488,0.01711,-0.19114765846693713,1.9987399999999997,145.50595114472912,64.19142355353065,0.6443475428431109,1.4770539433619239,0.2047373555601576,0.04842981988207208,0.3621147765800905,1.9990249099410362,0.31251209335266183,87.58830934681762,23.936423813800438,0.05250472982310813,0.5711581988207208,1.99906,0.5483809008647571,-0.017174605652256175,1.9997,-0.14438870176891871,691.262978378876,-184.8857997811485,0.01198,-0.5034901801179279,0.385780052201509,-0.5155604648516117,-0.2547429379952255,652.1694292748869,528.6326041804466,0.020760180117927914,-0.10642675787729755,9.99966,0.38215008883285495,0.7401793267991856
CC(C)NC1CCCCC1.CC(C)C(=O)Cl,-408.2613036981684,2.5501262964393763,2080.051974031638,1846.4834492582959,0.2834809947674794,0.9620008049407329,0.07900496548995391,0.14004486549197004,-0.21904983098192396,141.2558,1421.796650888137,-0.6199438453490113,0.04255460892665809,0.012390004752997234,-0.2306399915873696,1.999120000522611,-0.2464488952991663,56.706714782886564,194.791075036883,0.016949996632725443,-0.7347900490128912,1.9992900002933502,0.635383979122566,-691.5212651203827,2.1259058055730957,774.3015688508707,791.3296195399124,0.11183604170191642,2.7012129828698455,0.17010773050232164,0.13244814752148587,-0.3025558780238075,-0.0376595829808358,106.5517,975.6940716840189,-0.024167191055353945,-0.17073551463321235,0.013924490779907133,-0.30198609076336,1.998945169740031,48.80721556952866,147.29575347812465,0.6314692916962978,1.1238819960085888,0.04858485903341499,0.0550134723397214,0.23591374372657942,1.9991075848700155,0.25247221421848887,88.59731276692389,12.733502739310532,0.0582213191506965,0.5944755962050935,1.9991375848700155,0.5800598381088926,-0.041438333812522876,1.99969,-0.1376712573166062,707.048479399112,-210.10582375691683,0.012389359809427323,-0.49276171727806395,0.39244024014119183,-0.49584497796278615,-0.2460183941104488,714.2513821331088,492.33222075195357,0.020564830259969046,-0.11847795268777256,9.99964,0.38745155439779033,1.8728814687929032
CC(C)NC1CCCCC1.CCC(C(=O)Cl)c1ccccc1,-408.2613036981684,2.5501262964393763,2080.051974031638,1846.4834492582959,0.2834809947674794,0.9620008049407329,0.07900496548995391,0.14004486549197004,-0.21904983098192396,141.2558,1421.796650888137,-0.6199438453490113,0.04255460892665809,0.012390004752997234,-0.2306399915873696,1.999120000522611,-0.2464488952991663,56.706714782886564,194.791075036883,0.016949996632725443,-0.7347900490128912,1.9992900002933502,0.635383979122566,-922.1350941424333,4.569522987935531,2455.9020135917617,1503.8121474082207,0.19835830978909602,2.7196956404060453,0.15641062941202977,0.11147264569784315,-0.267883275109873,-0.044937983714186606,182.6493,1522.0795475579139,-0.04878392032155667,-0.06036727587828204,0.02106411226593012,-0.32502486318000223,1.99889,30.15305416820589,127.38872271494051,0.7227754446342497,1.1178043569820812,0.06601085036127433,0.056704631153088186,0.26634316303879657,1.999111010410588,0.2584528867848544,80.18911170349905,15.605117816098318,0.05923987339580025,0.5947519757187832,1.999131232884499,0.6209158445810388,-0.11952997468335282,1.999685360884168,-0.143804062173481,712.2092388306249,-204.0050258804775,0.012248062306486857,-0.5005021470911517,0.43435065207263357,-0.4765579049182884,-0.2283885640121543,717.517615534147,464.5850831441031,0.021029658300558765,-0.0958973312821047,9.99961558335808,0.388169114477217,1.8985415848248983
CC(C)NC1CCCCC1.CCCCC(=O)Cl,-408.2613036981684,2.5501262964393763,2080.051974031638,1846.4834492582959,0.2834809947674794,0.9620008049407329,0.07900496548995391,0.14004486549197004,-0.21904983098192396,141.2558,1421.796650888137,-0.6199438453490113,0.04255460892665809,0.012390004752997234,-0.2306399915873696,1.999120000522611,-0.2464488952991663,56.706714782886564,194.791075036883,0.016949996632725443,-0.7347900490128912,1.9992900002933502,0.635383979122566,-730.7450150574017,2.090291331652506,1341.9302009057062,994.4515719835497,0.1418835432507869,2.6086344119789233,0.1712263701297755,0.1335958284882569,-0.3048221986180324,-0.037630541641518626,120.57850000000002,1041.7633434165296,-0.09671197627204661,0.007804712444770221,0.014038775373839806,-0.4880626302178358,1.9990404359511826,56.464141490849684,147.1293956944729,0.5593904691258827,1.1789239078387639,0.007528819367576247,0.05127629781296082,0.23642929006115296,1.9991881569913779,0.21380243779784716,82.77940616490689,16.660432212862794,0.05512335177243502,0.588506474333033,1.999198156991378,0.5578940906295883,-0.04184591941059398,1.9996900000000002,-0.14164929933233972,714.7961360943984,-212.9005115825591,0.012188685583343585,-0.49471489576310834,0.3995731427490579,-0.5163867508662023,-0.24523050175144934,770.1191505493439,470.94318983615574,0.020878088448009844,-0.11732762706245506,9.999642023227146,0.3671949651309757,2.0616843466437187
CC(C)NC1CCCCC1.CCCCC(CC)C(=O)Cl,-408.2613036981684,2.5501262964393763,2080.051974031638,1846.4834492582959,0.2834809947674794,0.9620008049407329,0.07900496548995391,0.14004486549197004,-0.21904983098192396,141.2558,1421.796650888137,-0.6199438453490113,0.04255460892665809,0.012390004752997234,-0.2306399915873696,1.999120000522611,-0.2464488952991663,56.706714782886564,194.791075036883,0.016949996632725443,-0.7347900490128912,1.9992900002933502,0.635383979122566,-848.4194799426583,2.1267217278302994,2464.267019669444,1500.231394373068,0.23155073390523292,2.677801397359587,0.16853390822493342,0.13085299777436263,-0.29938690599929607,-0.037680910450570794,162.6589,1466.9452087716104,-0.0842353595837951,-0.12303181060215712,0.01891789249052634,-0.29470057863953375,1.9989210580785208,30.751430758385847,131.96111134930018,0.7081076322850737,1.1146350543229737,0.04049639435702823,0.05769645486653496,0.23430779863995022,1.999079831858541,0.2342915125830618,79.28964453295023,10.72058245681579,0.06134362576284608,0.5865793709141864,1.999110961152719,0.6405613297343266,-0.04916664952674792,1.9996827557665517,-0.14383461934649713,723.1028236690747,-205.35061664385827,0.012373376332512752,-0.5004955405011925,0.44056690495066464,-0.4902433087740082,-0.23982660938031483,795.885334662436,424.81685121337784,0.02061303988994313,-0.10758898034704956,9.999627692135396,0.39206250471260456,0.5379655594125324
CC(C)NC1CCCCC1.CCCCCCC(=O)Cl,-408.2613036981684,2.5501262964393763,2080.051974031638,1846.4834492582959,0.2834809947674794,0.9620008049407329,0.07900496548995391,0.14004486549197004,-0.21904983098192396,141.2558,1421.796650888137,-0.6199438453490113,0.04255460892665809,0.012390004752997234,-0.2306399915873696,1.999120000522611,-0.2464488952991663,56.706714782886564,194.791075036883,0.016949996632725443,-0.7347900490128912,1.9992900002933502,0.635383979122566,-809.1928450186999,2.191972683108519,2694.585979207065,1390.3008597551361,0.20178400746022246,2.7244460547894533,0.17032995662812994,0.13265533018130402,-0.30298528680943393,-0.03767462644682591,148.63210000000004,1261.5194415620172,-0.09799205324244195,0.017531207143586563,0.014411268813625472,-0.4870248810235342,1.9990360661441282,52.29176351269705,146.78208323625879,0.5553711533823926,1.1744333662866158,0.005174748608251482,0.05187764178651444,0.23654530602917653,1.9991838244073419,0.2092039866890283,82.95284094577164,16.8293560755272,0.055168636678038244,0.5896019425118675,1.9991965260075706,0.554803422626299,-0.04042034364900629,1.9996900000000004,-0.1394788994015972,704.4901204727937,-215.8672177680678,0.01234712539999367,-0.4919174099593421,0.38646821572942175,-0.5069924791734688,-0.24872178501458486,751.6188641806931,476.4115554370388,0.020814874094548554,-0.1210213165562404,9.999640000000001,0.3740534939797181,2.2990371856601644
CC(C)NC1CCCCC1.CCCCCCCCCCCC(=O)Cl,-408.2613036981684,2.5501262964393763,2080.051974031638,1846.4834492582959,0.2834809947674794,0.9620008049407329,0.07900496548995391,0.14004486549197004,-0.21904983098192396,141.2558,1421.796650888137,-0.6199438453490113,0.04255460892665809,0.012390004752997234,-0.2306399915873696,1.999120000522611,-0.2464488952991663,56.706714782886564,194.791075036883,0.016949996632725443,-0.7347900490128912,1.9992900002933502,0.635383979122566,-1005.3142281705781,2.051840846684475,7589.4788243149,2063.8977884186593,0.35148147884172565,2.580964688743521,0.17130593121998355,0.13237374139497904,-0.3036796726149626,-0.038932189825004494,218.76610000000002,2028.2284431012831,-0.09832466528407613,0.011300852452152831,0.014411262852878942,-0.4876371810409823,1.9990393233150183,54.09437145699512,147.61948876998457,0.5618015097823486,1.1889594778380719,0.0034922479456673456,0.05177155382090726,0.23634184011774262,1.9991781601252514,0.20777313911983045,80.09136057476589,16.11372837040959,0.05541338385685213,0.5883281241859004,1.999188590390622,0.5688480715114945,-0.04156562730035017,1.9996867476005615,-0.13988340193202087,708.4357928496703,-213.85227427913944,0.012237201999370216,-0.49679063701810433,0.4188836362668115,-0.5185254162381545,-0.24439257461254094,760.4693324636868,471.25224452499526,0.020883543820409477,-0.11594466851905619,9.999637177865932,0.3724491019162263,2.630088714962135
CC(C)NC1CCCCC1.CCc1ccc(C(=O)Cl)cc1,-408.2613036981684,2.5501262964393763,2080.051974031638,1846.4834492582959,0.2834809947674794,0.9620008049407329,0.07900496548995391,0.14004486549197004,-0.21904983098192396,141.2558,1421.796650888137,-0.6199438453490113,0.04255460892665809,0.012390004752997234,-0.2306399915873696,1.999120000522611,-0.2464488952991663,56.706714782886564,194.791075036883,0.016949996632725443,-0.7347900490128912,1.9992900002933502,0.635383979122566,-882.914671,0.8056,2669.3825,1421.7125,0.168403,4.1213,0.17781,0.10156000000000001,-0.27937,-0.07625,168.6225,1314.007,-0.402094,-0.061786,0.01695,-0.19259,1.99875,146.8733,63.8668,0.6452957835116425,1.456055,0.205216,0.04843,0.36246,1.99903,0.312565,87.4623,23.8993,0.05253,0.57058,1.99906,0.5498741346758967,-0.017375,1.9997,-0.144731,691.6855,-184.816,0.01198,-0.50355,0.3866425424795469,-0.509939,-0.254084,651.6022,528.6102,0.02081,-0.10547,9.99966,0.38294524858401513,1.087996160941152
CC(C)NC1CCCCC1.COc1cc(C(=O)Cl)cc(OC)c1OC,-408.2613036981684,2.5501262964393763,2080.051974031638,1846.4834492582959,0.2834809947674794,0.9620008049407329,0.07900496548995391,0.14004486549197004,-0.21904983098192396,141.2558,1421.796650888137,-0.6199438453490113,0.04255460892665809,0.012390004752997234,-0.2306399915873696,1.999120000522611,-0.2464488952991663,56.706714782886564,194.791075036883,0.016949996632725443,-0.7347900490128912,1.9992900002933502,0.635383979122566,-1147.3988728386491,9.590245055798524,4098.000453261923,1788.438858126628,0.21336973094695055,3.820453988387011,0.1589222523904965,0.08715554844614821,-0.2460778008366447,-0.07176670394434828,230.64750000000004,1702.8529527836297,-0.30062621086644153,-0.0505418648015625,0.01901263016358685,-0.16597456713914246,1.9988191465822256,138.9709269242885,66.29146063677923,0.6464282423283223,1.4648143543682646,0.20572451472928088,0.0527408394357223,0.4021922948019736,1.9991034206621257,0.30939671461077606,86.80447373218087,24.14315727612148,0.052543474138718856,0.5717040388310601,1.9990608534177752,0.5505070876792586,-0.22497649330386443,1.9997000000000003,-0.1474567049669537,690.2213647653614,-182.89085364682126,0.011964543057302771,-0.5069527124341651,0.38708728584549945,-0.5075244044704986,-0.2524332482777629,651.9670016723583,528.9051928576206,0.020845079417672406,-0.10312794717934845,9.999652567244352,0.38354454400728805,1.303974376272615
CC(C)NC1CCCCC1.COc1ccc(C(=O)Cl)cc1,-408.2613036981684,2.5501262964393763,2080.051974031638,1846.4834492582959,0.2834809947674794,0.9620008049407329,0.07900496548995391,0.14004486549197004,-0.21904983098192396,141.2558,1421.796650888137,-0.6199438453490113,0.04255460892665809,0.012390004752997234,-0.2306399915873696,1.999120000522611,-0.2464488952991663,56.706714782886564,194.791075036883,0.016949996632725443,-0.7347900490128912,1.9992900002933502,0.635383979122566,-918.7794806452093,1.8095578782030461,2595.8845344392657,1351.432412177592,0.14413766686447077,4.69247217594736,0.16339189113066868,0.09466255858855176,-0.2580544497192204,-0.06872933254211694,170.5951,1330.3161569267518,-0.5316156870230284,-0.057328369918361544,0.01689,-0.20658333135529233,1.9987499999999998,139.08126280090607,69.5119016314473,0.6464023557102192,1.5082461480170826,0.19680829664503793,0.04825977751403898,0.35202155146760417,1.99902,0.30959364046198856,88.97441949403056,25.308381727266305,0.052509332542116934,0.5694617858218112,1.99905,0.5495559709571898,-0.023747567188664966,1.9997,-0.15034197745033262,671.7481042751876,-174.48073225064894,0.011970222485961022,-0.5095373064319758,0.38616179649303717,-0.5192249050540321,-0.26183382883983775,650.1022819991035,534.1770665455147,0.020634443785097444,-0.11341470187579644,9.99966,0.3827949177457842,0.7607147546636456
CC(C)NC1CCCCC1.Cc1ccc(C(=O)Cl)cc1,-408.2613036981684,2.5501262964393763,2080.051974031638,1846.4834492582959,0.2834809947674794,0.9620008049407329,0.07900496548995391,0.14004486549197004,-0.21904983098192396,141.2558,1421.796650888137,-0.6199438453490113,0.04255460892665809,0.012390004752997234,-0.2306399915873696,1.999120000522611,-0.2464488952991663,56.706714782886564,194.791075036883,0.016949996632725443,-0.7347900490128912,1.9992900002933502,0.635383979122566,-843.690474,0.7847,2037.6054,1331.695,0.138241,4.0826,0.17777500000000002,0.101495,-0.27927,-0.07628,154.5957,957.156,-0.396447,-0.063926,0.01695,-0.19369,1.99875,146.8166,64.1383,0.6464757709251101,1.444549,0.205095,0.0484,0.3622,1.99903,0.312699,87.2722,23.9815,0.05251,0.57046,1.99906,0.5497954688483323,-0.017809,1.9997,-0.144896,691.7944,-184.7633,0.01198,-0.50358,0.3868785399622404,-0.507387,-0.254103,652.0078,529.0068,0.02081,-0.10548,9.99966,0.38231592196349906,0.4996994980405926
CC(C)NC1CCCCC1.Cc1ccccc1C(=O)Cl,-408.2613036981684,2.5501262964393763,2080.051974031638,1846.4834492582959,0.2834809947674794,0.9620008049407329,0.07900496548995391,0.14004486549197004,-0.21904983098192396,141.2558,1421.796650888137,-0.6199438453490113,0.04255460892665809,0.012390004752997234,-0.2306399915873696,1.999120000522611,-0.2464488952991663,56.706714782886564,194.791075036883,0.016949996632725443,-0.7347900490128912,1.9992900002933502,0.635383979122566,-843.6875560574109,0.11441203094299326,1727.5775237937205,1185.5250490989843,0.13826824892949693,2.9335652803962233,0.17744671457012706,0.09930211916386854,-0.2767488337339956,-0.07814459540625854,154.5957,1206.8423660351868,-0.3609323356612174,-0.04382074162750573,0.017399388198169285,-0.18550015969286923,1.99871,143.88919896912307,63.72922694533436,0.6763989980060084,1.3794532603765848,0.17964343533990834,0.04829439509069746,0.3670932883597818,1.9990500711227133,0.2936090109211529,86.60514481931877,23.749668767244493,0.051918321357468225,0.5733261876760661,1.9990899288772865,0.5774004604109436,-0.03147546807824839,1.9996999288772865,-0.14907075579200177,701.4520483596131,-205.6625805599628,0.012379573263719579,-0.5042245104984888,0.4371025917512716,-0.51174269585703,-0.25672397091808735,673.4314174438672,509.25428815634746,0.020633982871950604,-0.11187011540779132,9.999669857754574,0.38752509665341367,0.7436992204268281
CC(C)NC1CCCCC1.O=C(Cl)C12CC3CC(CC(C3)C1)C2,-408.2613036981684,2.5501262964393763,2080.051974031638,1846.4834492582959,0.2834809947674794,0.9620008049407329,0.07900496548995391,0.14004486549197004,-0.21904983098192396,141.2558,1421.796650888137,-0.6199438453490113,0.04255460892665809,0.012390004752997234,-0.2306399915873696,1.999120000522611,-0.2464488952991663,56.706714782886564,194.791075036883,0.016949996632725443,-0.7347900490128912,1.9992900002933502,0.635383979122566,-962.581811,3.0439,2417.6329,1837.01,0.2551,3.1191,0.16248,0.12827,-0.29075,-0.03421,198.6919,1506.761,-0.109963,-0.417603,0.01866,-0.12505,1.99879,47.667,144.0592,0.8325991189427313,1.135254,0.136483,0.05847,0.25586,1.99893,0.339763,94.9955,11.4326,0.06189,0.61891,1.99899,0.6260226557583386,-0.055463,1.99969,-0.134531,703.9745,-206.4244,0.01198,-0.49526,0.4133102580239144,-0.495051,-0.246408,649.7835,526.6917,0.01986,-0.11707,9.99965,0.4122089364380113,0.6501706109610196
CC(C)NC1CCCCC1.O=C(Cl)C=Cc1ccccc1,-408.2613036981684,2.5501262964393763,2080.051974031638,1846.4834492582959,0.2834809947674794,0.9620008049407329,0.07900496548995391,0.14004486549197004,-0.21904983098192396,141.2558,1421.796650888137,-0.6199438453490113,0.04255460892665809,0.012390004752997234,-0.2306399915873696,1.999120000522611,-0.2464488952991663,56.706714782886564,194.791075036883,0.016949996632725443,-0.7347900490128912,1.9992900002933502,0.635383979122566,-881.7076424349888,1.4583330632451224,3001.2649234041864,1257.7523733779365,0.14500556194108782,4.007677662728389,0.18097215746167145,0.08464781157985767,-0.2656199690415291,-0.09632434588181382,166.6067,1318.0489361294021,-0.6487631505721401,-0.11180734591608987,0.015986889213416643,-0.40177837436797814,1.9988062506712867,97.67235097153285,72.11756207665134,0.5471110545535718,1.594812176212798,0.21686245915706964,0.047810688301961585,0.3951780161227317,1.9990600002421206,0.2773765541231414,79.2212823091358,26.059164333630676,0.05162692895158519,0.5406730279839103,1.9991162506021094,0.518506511257886,-0.01080933265076242,1.99969,-0.1561087210570263,684.9150017741213,-177.68841986288376,0.012026865077963791,-0.508001072172739,0.3739683515791476,-0.5679760192194105,-0.25474012890245074,721.0320699222212,470.0895892939961,0.02118627173739866,-0.11190134066066033,9.99965374939789,0.36138049216617174,2.248025468365446
CC(C)NC1CCCCC1.O=C(Cl)c1ccc(-c2ccccc2)cc1,-408.2613036981684,2.5501262964393763,2080.051974031638,1846.4834492582959,0.2834809947674794,0.9620008049407329,0.07900496548995391,0.14004486549197004,-0.21904983098192396,141.2558,1421.796650888137,-0.6199438453490113,0.04255460892665809,0.012390004752997234,-0.2306399915873696,1.999120000522611,-0.2464488952991663,56.706714782886564,194.791075036883,0.016949996632725443,-0.7347900490128912,1.9992900002933502,0.635383979122566,-1035.081421,13.748,5091.4627,1754.559,0.195241,4.008,0.17202,0.08703,-0.25905,-0.08499,216.6665,1648.5790000000002,-0.476397,-0.069238,0.01931,-0.13635,1.99876,146.3066,63.2115,0.6453744493392071,1.557555,0.237449,0.05246,0.45217,1.99908,0.313028,86.8115,23.8787,0.05251,0.56896,1.99906,0.5493234738829452,-0.197972,1.99969,-0.14352,696.741,-187.3885,0.012,-0.50251,0.38569855254877283,-0.528893,-0.251945,650.7091,526.9992,0.02088,-0.10309,9.99966,0.38223725613593457,0.920629969239672
CC(C)NC1CCCCC1.O=C(Cl)c1ccc(Br)cc1,-408.2613036981684,2.5501262964393763,2080.051974031638,1846.4834492582959,0.2834809947674794,0.9620008049407329,0.07900496548995391,0.14004486549197004,-0.21904983098192396,141.2558,1421.796650888137,-0.6199438453490113,0.04255460892665809,0.012390004752997234,-0.2306399915873696,1.999120000522611,-0.2464488952991663,56.706714782886564,194.791075036883,0.016949996632725443,-0.7347900490128912,1.9992900002933502,0.635383979122566,-3377.857666,2.1799,3388.6568,1232.628,0.100324,2.0328,0.18545,0.09516000000000002,-0.28061,-0.09029,219.465,1258.854,-0.39698,-0.055564,0.01694,-0.19555,1.99875,149.5302,63.26,0.645846444304594,1.462386,0.217711,0.04852,0.3717,1.99904,0.315275,85.0022,24.181,0.05263,0.56687,1.99907,0.5486154814348647,-0.010299,1.9997,-0.140191,709.2575,-191.8647,0.01202,-0.49899,0.38719320327249845,-0.500793,-0.242085,647.9072,524.2242,0.02118,-0.09299,9.99965,0.382001258653241,1.9020320218462023
CC(C)NC1CCCCC1.O=C(Cl)c1ccc(C(F)(F)F)cc1,-408.2613036981684,2.5501262964393763,2080.051974031638,1846.4834492582959,0.2834809947674794,0.9620008049407329,0.07900496548995391,0.14004486549197004,-0.21904983098192396,141.2558,1421.796650888137,-0.6199438453490113,0.04255460892665809,0.012390004752997234,-0.2306399915873696,1.999120000522611,-0.2464488952991663,56.706714782886564,194.791075036883,0.016949996632725443,-0.7347900490128912,1.9992900002933502,0.635383979122566,-1141.009328,3.3671,3493.4189,1579.5935,0.117803,1.0538,0.202225,0.10366500000000001,-0.30589,-0.09856,208.5672,1203.002,-0.281208,-0.066681,0.01707,-0.18876,1.99875,151.6583,59.3407,0.6463184392699811,1.375664,0.226354,0.04856,0.38009,1.99904,0.318189,83.9248,23.6216,0.05264,0.56628,1.99908,0.5490874764002517,-0.003696,1.9997,-0.135777,725.5918,-200.3338,0.01205,-0.49428,0.3871145374449339,-0.48031,-0.234509,646.3328,518.8401,0.02137,-0.08533,9.99964,0.38239458779106356,2.3232680404466337
CC(C)NC1CCCCC1.O=C(Cl)c1ccc(Cl)cc1,-408.2613036981684,2.5501262964393763,2080.051974031638,1846.4834492582959,0.2834809947674794,0.9620008049407329,0.07900496548995391,0.14004486549197004,-0.21904983098192396,141.2558,1421.796650888137,-0.6199438453490113,0.04255460892665809,0.012390004752997234,-0.2306399915873696,1.999120000522611,-0.2464488952991663,56.706714782886564,194.791075036883,0.016949996632725443,-0.7347900490128912,1.9992900002933502,0.635383979122566,-1263.981948,2.0754,2495.0487,918.639,0.100727,2.063,0.18674,0.09755,-0.28429,-0.08919,175.014,1159.235,-0.395009,-0.059104,0.01687,-0.19718,1.99875,148.1762,63.8432,0.6469477658904972,1.447541,0.216306,0.04848,0.37028,1.99904,0.314974,85.26,24.3534,0.05263,0.56696,1.99907,0.5487728130899937,-0.010873,1.9997,-0.140838,706.9426,-190.8553,0.01202,-0.49966,0.38719320327249845,-0.497634,-0.243186,647.8379,524.4538,0.02115,-0.09408,9.99965,0.38231592196349906,1.002168070741957
CC(C)NC1CCCCC1.O=C(Cl)c1ccc(Cl)cc1Cl,-408.2613036981684,2.5501262964393763,2080.051974031638,1846.4834492582959,0.2834809947674794,0.9620008049407329,0.07900496548995391,0.14004486549197004,-0.21904983098192396,141.2558,1421.796650888137,-0.6199438453490113,0.04255460892665809,0.012390004752997234,-0.2306399915873696,1.999120000522611,-0.2464488952991663,56.706714782886564,194.791075036883,0.016949996632725443,-0.7347900490128912,1.9992900002933502,0.635383979122566,-1723.4939374606504,1.2883800810490484,2980.2158268029457,1474.2397074519768,0.09215022714359405,2.4027020201639373,0.1889194293631092,0.09675937747005803,-0.28567880683316726,-0.09216005189305122,209.45909999999998,1522.9075142418037,-0.4253249866263163,-0.07327173319778336,0.019400577896779823,-0.2055589686983824,1.9986567970101383,141.94229947990505,63.78112283667599,0.6720934400530437,1.383887345120303,0.20099762442309496,0.051071825734569344,0.377952249212696,1.9990716014949308,0.30132847764488324,89.17290808438919,26.71033238705266,0.053662067271891524,0.5672160495446766,1.9991067970101382,0.5710416884369257,-0.02376615770075898,1.9996899999999997,-0.12318614046610027,738.0003184385099,-221.68962119212986,0.01246359402027631,-0.4777808249899132,0.41465210131273,-0.4997364317231278,-0.23461153961306366,691.034157820026,475.66836513053863,0.02126264516867135,-0.09382789320718006,9.999653594020277,0.3876269732870548,1.833199618640293
CC(C)NC1CCCCC1.O=C(Cl)c1ccc(F)cc1,-408.2613036981684,2.5501262964393763,2080.051974031638,1846.4834492582959,0.2834809947674794,0.9620008049407329,0.07900496548995391,0.14004486549197004,-0.21904983098192396,141.2558,1421.796650888137,-0.6199438453490113,0.04255460892665809,0.012390004752997234,-0.2306399915873696,1.999120000522611,-0.2464488952991663,56.706714782886564,194.791075036883,0.016949996632725443,-0.7347900490128912,1.9992900002933502,0.635383979122566,-903.560911,1.3905,1932.8255,1039.562,0.101816,2.1677,0.18521500000000002,0.102935,-0.28815,-0.08228,158.5594,1118.02,-0.402654,-0.063696,0.0167,-0.20093,1.99875,144.8678,66.2483,0.6475770925110133,1.405945,0.206459,0.0484,0.35807,1.99903,0.313827,86.1662,24.8469,0.05265,0.56797,1.99907,0.5505034612964128,-0.01578,1.9997,-0.143118,697.5602,-186.3864,0.01202,-0.50216,0.38735053492762744,-0.489988,-0.246855,647.3665,526.5674,0.02105,-0.09791,9.99965,0.38247325361862805,0.8980635012860668
CC(C)NC1CCCCC1.O=C(Cl)c1ccc(F)cc1F,-408.2613036981684,2.5501262964393763,2080.051974031638,1846.4834492582959,0.2834809947674794,0.9620008049407329,0.07900496548995391,0.14004486549197004,-0.21904983098192396,141.2558,1421.796650888137,-0.6199438453490113,0.04255460892665809,0.012390004752997234,-0.2306399915873696,1.999120000522611,-0.2464488952991663,56.706714782886564,194.791075036883,0.016949996632725443,-0.7347900490128912,1.9992900002933502,0.635383979122566,-1002.6542594723891,1.5628342043633043,2120.324392652248,1108.7274438818417,0.09460995236304569,2.9002627333284448,0.18897774100507306,0.1031808922527925,-0.29215863325786556,-0.08579684875228055,176.5499,1217.2759401612166,-0.4762535813565251,-0.14156288723632596,0.01749714178274225,-0.2655723345228288,1.9987275595461926,125.52130121331402,76.87735232825071,0.6601959388546843,1.4011957195348994,0.21017866036864236,0.05033202645075863,0.3574196198405706,1.999092440453807,0.31311296107594244,89.14458035729169,29.976610165880096,0.053738691863957924,0.5602134195157078,1.9991175595461927,0.5592025931930473,-0.0013660944016755583,1.999692440453807,-0.12574949132688037,715.3363046299694,-206.25609228525013,0.012154107747207482,-0.4855636222965187,0.4016195195314515,-0.4835200440528855,-0.24479578722213755,687.6901003715086,492.5449564929477,0.021139816660918742,-0.0970344038983523,9.99966023818477,0.38741746794270504,2.0262176690550358
CC(C)NC1CCCCC1.O=C(Cl)c1ccc(OC(F)(F)F)cc1,-408.2613036981684,2.5501262964393763,2080.051974031638,1846.4834492582959,0.2834809947674794,0.9620008049407329,0.07900496548995391,0.14004486549197004,-0.21904983098192396,141.2558,1421.796650888137,-0.6199438453490113,0.04255460892665809,0.012390004752997234,-0.2306399915873696,1.999120000522611,-0.2464488952991663,56.706714782886564,194.791075036883,0.016949996632725443,-0.7347900490128912,1.9992900002933502,0.635383979122566,-1216.116295,1.9373,4202.2051,1483.97,0.123247,2.1043,0.18684,0.10098000000000001,-0.28782,-0.08586,224.5666,1686.329,-0.41883,-0.055985,0.01693,-0.20009,1.99875,144.7474,65.8979,0.6455317809943361,1.437835,0.211505,0.04838,0.36227,1.99903,0.315037,85.8367,24.8444,0.0526,0.56737,1.99907,0.5483008181246066,-0.013036,1.9997,-0.141975,702.237,-188.2112,0.01203,-0.50095,0.3865638766519824,-0.492427,-0.24471,647.5785,525.941,0.02111,-0.09583,9.99965,0.382001258653241,1.3149102376714643
CC(C)NC1CCCCC1.O=C(Cl)c1ccc(SC(F)(F)F)cc1,-408.2613036981684,2.5501262964393763,2080.051974031638,1846.4834492582959,0.2834809947674794,0.9620008049407329,0.07900496548995391,0.14004486549197004,-0.21904983098192396,141.2558,1421.796650888137,-0.6199438453490113,0.04255460892665809,0.012390004752997234,-0.2306399915873696,1.999120000522611,-0.2464488952991663,56.706714782886564,194.791075036883,0.016949996632725443,-0.7347900490128912,1.9992900002933502,0.635383979122566,-1539.108656,10.93545,4535.03445,1625.511,0.120362,1.4151,0.19517500000000002,0.09453500000000001,-0.28971,-0.10064,240.6272,1337.92,-0.29784849999999996,-0.0998015,0.01897,-0.20292,1.99876,153.6659,59.602199999999996,0.6472624292007552,1.4163860000000001,0.25255150000000004,0.05244,0.4746,1.99909,0.3170855,83.78805,23.4428,0.05266,0.56606,1.99908,0.5502674638137193,-0.18941449999999999,1.99969,-0.1355175,726.435,-201.13459999999998,0.01204,-0.49415,0.3878618628067967,-0.49045249999999996,-0.234585,646.7714000000001,518.4003,0.02136,-0.08533,9.99964,0.38333857772183766,1.3958798007423254
CC(C)NC1CCCCC1.O=C(Cl)c1ccc([N+](=O)[O-])cc1,-408.2613036981684,2.5501262964393763,2080.051974031638,1846.4834492582959,0.2834809947674794,0.9620008049407329,0.07900496548995391,0.14004486549197004,-0.21904983098192396,141.2558,1421.796650888137,-0.6199438453490113,0.04255460892665809,0.012390004752997234,-0.2306399915873696,1.999120000522611,-0.2464488952991663,56.706714782886564,194.791075036883,0.016949996632725443,-0.7347900490128912,1.9992900002933502,0.635383979122566,-1008.649643,2.8883,2934.3431,1429.187,0.114492,1.9316,0.21973499999999999,0.09540499999999999,-0.31514,-0.12433,185.5665,1180.633,-0.243545,-0.095972,0.01759,-0.19498,1.99875,153.1256,57.3166,0.6472624292007552,1.373848,0.307302,0.05273,0.54955,1.99909,0.319677,82.3735,23.8112,0.0527,0.56324,1.99908,0.5486154814348647,-0.149197,1.99968,-0.131168,741.5805,-208.9034,0.01209,-0.49014,0.3881371932032725,-0.473753,-0.225712,643.2683,512.101,0.02162,-0.07607,9.99964,0.38215859030837,2.1510706562326827
CC(C)NC1CCCCC1.O=C(Cl)c1ccc2ccccc2c1,-408.2613036981684,2.5501262964393763,2080.051974031638,1846.4834492582959,0.2834809947674794,0.9620008049407329,0.07900496548995391,0.14004486549197004,-0.21904983098192396,141.2558,1421.796650888137,-0.6199438453490113,0.04255460892665809,0.012390004752997234,-0.2306399915873696,1.999120000522611,-0.2464488952991663,56.706714782886564,194.791075036883,0.016949996632725443,-0.7347900490128912,1.9992900002933502,0.635383979122566,-957.8231548793865,8.942984281922897,3120.642424188284,1617.483620444743,0.15897933382482796,3.963189472116048,0.1688166691241398,0.08189167649655926,-0.25070834562069905,-0.08692499262758055,190.6287,1577.0617708477648,-0.406241613979723,-0.0853495998229043,0.01913813624300125,-0.18617714833386767,1.9987759805367138,143.21741244463914,64.17324326159877,0.6477991941427841,1.4941111495158192,0.2417364895313614,0.05284029194928839,0.45526854910095393,1.9990940194632858,0.3139393768798561,87.57417048040392,23.502188115581014,0.052508428192289645,0.5698158832202846,1.9990640194632858,0.5497785108064259,-0.20163146446439634,1.9996899999999997,-0.14309156915373786,699.7480535233219,-189.1846326741985,0.01198794161014232,-0.5022111235626368,0.38731661884381463,-0.5121153102357949,-0.2502995078146661,650.3423603945448,527.1525046879868,0.020885980536714102,-0.10191680330266659,9.999655980536714,0.3832938279780859,0.99969851129257
CC(C)NC1CCCCC1.O=C(Cl)c1cccc2ccccc12,-408.2613036981684,2.5501262964393763,2080.051974031638,1846.4834492582959,0.2834809947674794,0.9620008049407329,0.07900496548995391,0.14004486549197004,-0.21904983098192396,141.2558,1421.796650888137,-0.6199438453490113,0.04255460892665809,0.012390004752997234,-0.2306399915873696,1.999120000522611,-0.2464488952991663,56.706714782886564,194.791075036883,0.016949996632725443,-0.7347900490128912,1.9992900002933502,0.635383979122566,-957.8186401303651,7.76497366122391,2727.8224101566643,1452.655905920424,0.1591435410273463,3.138155778233965,0.17141258730322817,0.07978083346207067,-0.2511934207652988,-0.09163175384115753,190.62869999999998,1654.673933628048,-0.3606608914538662,-0.060651833547166085,0.019562781082751415,-0.15268271376427908,1.9987499999999998,140.36828004155382,67.13279503149818,0.67083710319587,1.4184804447627122,0.24250688344425783,0.05177296194712997,0.4757362417913853,1.9991198794237475,0.3059404481129295,90.28639256302401,23.548420283844816,0.051731334167722944,0.5763399240539799,1.9990998794237473,0.5737331192431018,-0.21399212998145925,1.9996800602881257,-0.14835273747499386,677.8735529026063,-199.8173439886677,0.012231266050649904,-0.5084526793064421,0.42167378684587214,-0.536095752759764,-0.25799595608850817,690.7625756377732,499.1303403904185,0.020573617287571157,-0.11333870811906079,9.999669879423749,0.38839317125744705,0.7510148092124386
CC(C)NC1CCCCC1.O=C(Cl)c1ccccc1,-408.2613036981684,2.5501262964393763,2080.051974031638,1846.4834492582959,0.2834809947674794,0.9620008049407329,0.07900496548995391,0.14004486549197004,-0.21904983098192396,141.2558,1421.796650888137,-0.6199438453490113,0.04255460892665809,0.012390004752997234,-0.2306399915873696,1.999120000522611,-0.2464488952991663,56.706714782886564,194.791075036883,0.016949996632725443,-0.7347900490128912,1.9992900002933502,0.635383979122566,-804.46025,0.6975,1464.397,1335.877,0.109113,3.4435,0.18524,0.10419999999999999,-0.28944,-0.08104,140.5689,1259.541,-0.319057,-0.06921,0.01701,-0.18925,1.99875,150.2369,61.7104,0.6467904342353682,1.381429,0.207568,0.04848,0.36494,1.99903,0.313396,86.434,23.3461,0.05259,0.56996,1.99907,0.5492448080553808,-0.014961,1.9997,-0.142092,704.1163,-190.2727,0.012,-0.50042,0.3867212083071114,-0.491795,-0.248031,648.8095,526.2085,0.02098,-0.09932,9.99965,0.38247325361862805,1.117140666422203
CC(C)NC1CCCCC1.O=C(Cl)c1ccco1,-408.2613036981684,2.5501262964393763,2080.051974031638,1846.4834492582959,0.2834809947674794,0.9620008049407329,0.07900496548995391,0.14004486549197004,-0.21904983098192396,141.2558,1421.796650888137,-0.6199438453490113,0.04255460892665809,0.012390004752997234,-0.2306399915873696,1.999120000522611,-0.2464488952991663,56.706714782886564,194.791075036883,0.016949996632725443,-0.7347900490128912,1.9992900002933502,0.635383979122566,-802.2749436403665,0.9628803601977091,1106.8639320512225,837.4781616717298,0.07810627687091332,4.223320701907314,0.17692659069992278,0.09926084693630044,-0.2761874376362232,-0.07766574376362233,130.53050000000002,1023.5943809662729,-0.2571876525553629,0.07456587223868763,0.028521784583548964,0.16679427666839172,1.9986394965983396,84.42036001940463,48.795129254280766,0.6092274123751691,1.4654626254563974,0.18523025001857074,0.045608009071094816,0.29806073691619983,1.9990367505669435,0.28778355340700085,80.27414887766211,36.27046418281246,0.04943652154385018,0.5133097981460898,1.9990600000000003,0.5273364642768135,-0.01243844273116867,1.999706750566944,-0.14375068628124404,690.1763189879638,-171.46429701179642,0.012345972786715571,-0.4947455057576371,0.3678338463825751,-0.4709219205838191,-0.23281669984785022,670.2421570172194,515.4998959950124,0.022066292520756925,-0.08390614500521279,9.99965324943306,0.373560076402609,1.5955659124514692
CC(C)NC1CCCCC1.O=C(Cl)c1cccs1,-408.2613036981684,2.5501262964393763,2080.051974031638,1846.4834492582959,0.2834809947674794,0.9620008049407329,0.07900496548995391,0.14004486549197004,-0.21904983098192396,141.2558,1421.796650888137,-0.6199438453490113,0.04255460892665809,0.012390004752997234,-0.2306399915873696,1.999120000522611,-0.2464488952991663,56.706714782886564,194.791075036883,0.016949996632725443,-0.7347900490128912,1.9992900002933502,0.635383979122566,-1125.2983746590153,0.8989004644803423,1318.760431390368,1051.8664137490334,0.07514125703092484,3.9869099489807027,0.1825097879616161,0.09715189528668504,-0.27966168324830115,-0.08535789267493107,146.5911,967.0850566647645,-0.36846109931444926,-0.017428701234791306,0.01983363911738161,-0.3620010732506892,1.9987481652957104,92.68784922793068,54.81236467913048,0.6462467515807672,1.4370241272768098,0.2224287020695229,0.04673669408579305,0.36090770231153096,1.9989036391173816,0.30910380250162073,80.55742798492986,32.972354231999795,0.05245018174718617,0.5457332583905814,1.9989436391173816,0.5414205707054607,-0.010696796550940281,1.9997,-0.1456564430324384,653.6458953915552,-169.41871646632262,0.012134495887131043,-0.5017229207448509,0.3800545942263263,-0.48442835604958645,-0.24229535996721743,702.4773700234127,507.97409032060614,0.02155,-0.09357010393236291,9.999647278234763,0.38004302083175984,1.352422262197257
CC(C)c1cccc(C(C)C)c1N.CC(=O)Cl,-522.3935065296033,2.7885487994959486,2893.3098196984974,1773.7138028757365,0.3011046234805158,1.5510841023127526,0.09777323694809503,0.10603968265179237,-0.2038129195998874,177.28880000000004,1964.4640939171456,-0.6485671486207475,-0.03603494718178543,0.010287875009260058,-0.684887688015503,1.9992798482438996,-0.12080392310137576,23.372646295395167,205.87048001348657,0.01128100399618816,-0.8344218961981575,1.99931,0.5173958884075123,-613.070645,1.8407,361.1538,589.647,0.051921,2.5752,0.17481000000000002,0.13476,-0.30957,-0.04005,78.4981,543.096,-0.16842,-0.019931,0.00801,-0.68972,1.99914,58.3883,161.9989,0.3882945248584015,1.19561,-0.022262,0.04824,0.23014,1.99928,0.181407,78.3666,21.3299,0.05149,0.57826,1.99927,0.49370673379483954,-0.031774,1.99969,-0.138192,709.0371,-224.4771,0.01248,-0.48574,0.3472309628697294,-0.497062,-0.249833,776.7802,462.7909,0.02158,-0.12005,9.99964,0.3590308370044053,2.7115232870173465
CC(C)c1cccc(C(C)C)c1N.CC(C)(C)C(=O)Cl,-522.3935065296033,2.7885487994959486,2893.3098196984974,1773.7138028757365,0.3011046234805158,1.5510841023127526,0.09777323694809503,0.10603968265179237,-0.2038129195998874,177.28880000000004,1964.4640939171456,-0.6485671486207475,-0.03603494718178543,0.010287875009260058,-0.684887688015503,1.9992798482438996,-0.12080392310137576,23.372646295395167,205.87048001348657,0.01128100399618816,-0.8344218961981575,1.99931,0.5173958884075123,-730.74792,2.2489,944.8434,987.864,0.140866,2.7537,0.1676,0.13162,-0.29922,-0.03598,120.5785,1095.631,-0.002895,-0.401545,0.01495,-0.12509,1.99882,43.2203,145.8968,0.7474826935179358,1.086134,0.105519,0.05777,0.24151,1.999,0.311319,92.3348,10.4385,0.06159,0.60184,1.99904,0.6241346758967904,-0.044561,1.99969,-0.134635,702.0892,-210.5595,0.01227,-0.49442,0.4129955947136564,-0.486258,-0.243396,657.1407,517.8314,0.02014,-0.11423,9.99964,0.4117369414726243,0.5111263728511561
CC(C)c1cccc(C(C)C)c1N.CC(C)(C)c1ccc(C(=O)Cl)cc1,-522.3935065296033,2.7885487994959486,2893.3098196984974,1773.7138028757365,0.3011046234805158,1.5510841023127526,0.09777323694809503,0.10603968265179237,-0.2038129195998874,177.28880000000004,1964.4640939171456,-0.6485671486207475,-0.03603494718178543,0.010287875009260058,-0.684887688015503,1.9992798482438996,-0.12080392310137576,23.372646295395167,205.87048001348657,0.01128100399618816,-0.8344218961981575,1.99931,0.5173958884075123,-961.3640173962594,0.8439951331320028,3736.8617162104047,1666.1327468680736,0.22702856304127478,4.218331555187393,0.1765543462087611,0.10122506668047276,-0.2777794128892339,-0.07532927952828836,196.6761,1756.2896208656803,-0.4178817038419192,-0.05493930742117488,0.01711,-0.19114765846693713,1.9987399999999997,145.50595114472912,64.19142355353065,0.6443475428431109,1.4770539433619239,0.2047373555601576,0.04842981988207208,0.3621147765800905,1.9990249099410362,0.31251209335266183,87.58830934681762,23.936423813800438,0.05250472982310813,0.5711581988207208,1.99906,0.5483809008647571,-0.017174605652256175,1.9997,-0.14438870176891871,691.262978378876,-184.8857997811485,0.01198,-0.5034901801179279,0.385780052201509,-0.5155604648516117,-0.2547429379952255,652.1694292748869,528.6326041804466,0.020760180117927914,-0.10642675787729755,9.99966,0.38215008883285495,0.5795847812746173
CC(C)c1cccc(C(C)C)c1N.CC(C)C(=O)Cl,-522.3935065296033,2.7885487994959486,2893.3098196984974,1773.7138028757365,0.3011046234805158,1.5510841023127526,0.09777323694809503,0.10603968265179237,-0.2038129195998874,177.28880000000004,1964.4640939171456,-0.6485671486207475,-0.03603494718178543,0.010287875009260058,-0.684887688015503,1.9992798482438996,-0.12080392310137576,23.372646295395167,205.87048001348657,0.01128100399618816,-0.8344218961981575,1.99931,0.5173958884075123,-691.5212651203827,2.1259058055730957,774.3015688508707,791.3296195399124,0.11183604170191642,2.7012129828698455,0.17010773050232164,0.13244814752148587,-0.3025558780238075,-0.0376595829808358,106.5517,975.6940716840189,-0.024167191055353945,-0.17073551463321235,0.013924490779907133,-0.30198609076336,1.998945169740031,48.80721556952866,147.29575347812465,0.6314692916962978,1.1238819960085888,0.04858485903341499,0.0550134723397214,0.23591374372657942,1.9991075848700155,0.25247221421848887,88.59731276692389,12.733502739310532,0.0582213191506965,0.5944755962050935,1.9991375848700155,0.5800598381088926,-0.041438333812522876,1.99969,-0.1376712573166062,707.048479399112,-210.10582375691683,0.012389359809427323,-0.49276171727806395,0.39244024014119183,-0.49584497796278615,-0.2460183941104488,714.2513821331088,492.33222075195357,0.020564830259969046,-0.11847795268777256,9.99964,0.38745155439779033,1.2474511350419524
CC(C)c1cccc(C(C)C)c1N.CCC(C(=O)Cl)c1ccccc1,-522.3935065296033,2.7885487994959486,2893.3098196984974,1773.7138028757365,0.3011046234805158,1.5510841023127526,0.09777323694809503,0.10603968265179237,-0.2038129195998874,177.28880000000004,1964.4640939171456,-0.6485671486207475,-0.03603494718178543,0.010287875009260058,-0.684887688015503,1.9992798482438996,-0.12080392310137576,23.372646295395167,205.87048001348657,0.01128100399618816,-0.8344218961981575,1.99931,0.5173958884075123,-922.1350941424333,4.569522987935531,2455.9020135917617,1503.8121474082207,0.19835830978909602,2.7196956404060453,0.15641062941202977,0.11147264569784315,-0.267883275109873,-0.044937983714186606,182.6493,1522.0795475579139,-0.04878392032155667,-0.06036727587828204,0.02106411226593012,-0.32502486318000223,1.99889,30.15305416820589,127.38872271494051,0.7227754446342497,1.1178043569820812,0.06601085036127433,0.056704631153088186,0.26634316303879657,1.999111010410588,0.2584528867848544,80.18911170349905,15.605117816098318,0.05923987339580025,0.5947519757187832,1.999131232884499,0.6209158445810388,-0.11952997468335282,1.999685360884168,-0.143804062173481,712.2092388306249,-204.0050258804775,0.012248062306486857,-0.5005021470911517,0.43435065207263357,-0.4765579049182884,-0.2283885640121543,717.517615534147,464.5850831441031,0.021029658300558765,-0.0958973312821047,9.99961558335808,0.388169114477217,1.5538606089487317
CC(C)c1cccc(C(C)C)c1N.CCCCC(=O)Cl,-522.3935065296033,2.7885487994959486,2893.3098196984974,1773.7138028757365,0.3011046234805158,1.5510841023127526,0.09777323694809503,0.10603968265179237,-0.2038129195998874,177.28880000000004,1964.4640939171456,-0.6485671486207475,-0.03603494718178543,0.010287875009260058,-0.684887688015503,1.9992798482438996,-0.12080392310137576,23.372646295395167,205.87048001348657,0.01128100399618816,-0.8344218961981575,1.99931,0.5173958884075123,-730.7450150574017,2.090291331652506,1341.9302009057062,994.4515719835497,0.1418835432507869,2.6086344119789233,0.1712263701297755,0.1335958284882569,-0.3048221986180324,-0.037630541641518626,120.57850000000002,1041.7633434165296,-0.09671197627204661,0.007804712444770221,0.014038775373839806,-0.4880626302178358,1.9990404359511826,56.464141490849684,147.1293956944729,0.5593904691258827,1.1789239078387639,0.007528819367576247,0.05127629781296082,0.23642929006115296,1.9991881569913779,0.21380243779784716,82.77940616490689,16.660432212862794,0.05512335177243502,0.588506474333033,1.999198156991378,0.5578940906295883,-0.04184591941059398,1.9996900000000002,-0.14164929933233972,714.7961360943984,-212.9005115825591,0.012188685583343585,-0.49471489576310834,0.3995731427490579,-0.5163867508662023,-0.24523050175144934,770.1191505493439,470.94318983615574,0.020878088448009844,-0.11732762706245506,9.999642023227146,0.3671949651309757,2.4703878720833137
CC(C)c1cccc(C(C)C)c1N.CCCCC(CC)C(=O)Cl,-522.3935065296033,2.7885487994959486,2893.3098196984974,1773.7138028757365,0.3011046234805158,1.5510841023127526,0.09777323694809503,0.10603968265179237,-0.2038129195998874,177.28880000000004,1964.4640939171456,-0.6485671486207475,-0.03603494718178543,0.010287875009260058,-0.684887688015503,1.9992798482438996,-0.12080392310137576,23.372646295395167,205.87048001348657,0.01128100399618816,-0.8344218961981575,1.99931,0.5173958884075123,-848.4194799426583,2.1267217278302994,2464.267019669444,1500.231394373068,0.23155073390523292,2.677801397359587,0.16853390822493342,0.13085299777436263,-0.29938690599929607,-0.037680910450570794,162.6589,1466.9452087716104,-0.0842353595837951,-0.12303181060215712,0.01891789249052634,-0.29470057863953375,1.9989210580785208,30.751430758385847,131.96111134930018,0.7081076322850737,1.1146350543229737,0.04049639435702823,0.05769645486653496,0.23430779863995022,1.999079831858541,0.2342915125830618,79.28964453295023,10.72058245681579,0.06134362576284608,0.5865793709141864,1.999110961152719,0.6405613297343266,-0.04916664952674792,1.9996827557665517,-0.14383461934649713,723.1028236690747,-205.35061664385827,0.012373376332512752,-0.5004955405011925,0.44056690495066464,-0.4902433087740082,-0.23982660938031483,795.885334662436,424.81685121337784,0.02061303988994313,-0.10758898034704956,9.999627692135396,0.39206250471260456,-0.0828268912358489
CC(C)c1cccc(C(C)C)c1N.CCCCCCC(=O)Cl,-522.3935065296033,2.7885487994959486,2893.3098196984974,1773.7138028757365,0.3011046234805158,1.5510841023127526,0.09777323694809503,0.10603968265179237,-0.2038129195998874,177.28880000000004,1964.4640939171456,-0.6485671486207475,-0.03603494718178543,0.010287875009260058,-0.684887688015503,1.9992798482438996,-0.12080392310137576,23.372646295395167,205.87048001348657,0.01128100399618816,-0.8344218961981575,1.99931,0.5173958884075123,-809.1928450186999,2.191972683108519,2694.585979207065,1390.3008597551361,0.20178400746022246,2.7244460547894533,0.17032995662812994,0.13265533018130402,-0.30298528680943393,-0.03767462644682591,148.63210000000004,1261.5194415620172,-0.09799205324244195,0.017531207143586563,0.014411268813625472,-0.4870248810235342,1.9990360661441282,52.29176351269705,146.78208323625879,0.5553711533823926,1.1744333662866158,0.005174748608251482,0.05187764178651444,0.23654530602917653,1.9991838244073419,0.2092039866890283,82.95284094577164,16.8293560755272,0.055168636678038244,0.5896019425118675,1.9991965260075706,0.554803422626299,-0.04042034364900629,1.9996900000000004,-0.1394788994015972,704.4901204727937,-215.8672177680678,0.01234712539999367,-0.4919174099593421,0.38646821572942175,-0.5069924791734688,-0.24872178501458486,751.6188641806931,476.4115554370388,0.020814874094548554,-0.1210213165562404,9.999640000000001,0.3740534939797181,2.6575070456095484
CC(C)c1cccc(C(C)C)c1N.CCCCCCCCCCCC(=O)Cl,-522.3935065296033,2.7885487994959486,2893.3098196984974,1773.7138028757365,0.3011046234805158,1.5510841023127526,0.09777323694809503,0.10603968265179237,-0.2038129195998874,177.28880000000004,1964.4640939171456,-0.6485671486207475,-0.03603494718178543,0.010287875009260058,-0.684887688015503,1.9992798482438996,-0.12080392310137576,23.372646295395167,205.87048001348657,0.01128100399618816,-0.8344218961981575,1.99931,0.5173958884075123,-1005.3142281705781,2.051840846684475,7589.4788243149,2063.8977884186593,0.35148147884172565,2.580964688743521,0.17130593121998355,0.13237374139497904,-0.3036796726149626,-0.038932189825004494,218.76610000000002,2028.2284431012831,-0.09832466528407613,0.011300852452152831,0.014411262852878942,-0.4876371810409823,1.9990393233150183,54.09437145699512,147.61948876998457,0.5618015097823486,1.1889594778380719,0.0034922479456673456,0.05177155382090726,0.23634184011774262,1.9991781601252514,0.20777313911983045,80.09136057476589,16.11372837040959,0.05541338385685213,0.5883281241859004,1.999188590390622,0.5688480715114945,-0.04156562730035017,1.9996867476005615,-0.13988340193202087,708.4357928496703,-213.85227427913944,0.012237201999370216,-0.49679063701810433,0.4188836362668115,-0.5185254162381545,-0.24439257461254094,760.4693324636868,471.25224452499526,0.020883543820409477,-0.11594466851905619,9.999637177865932,0.3724491019162263,2.575467763987256
CC(C)c1cccc(C(C)C)c1N.CCc1ccc(C(=O)Cl)cc1,-522.3935065296033,2.7885487994959486,2893.3098196984974,1773.7138028757365,0.3011046234805158,1.5510841023127526,0.09777323694809503,0.10603968265179237,-0.2038129195998874,177.28880000000004,1964.4640939171456,-0.6485671486207475,-0.03603494718178543,0.010287875009260058,-0.684887688015503,1.9992798482438996,-0.12080392310137576,23.372646295395167,205.87048001348657,0.01128100399618816,-0.8344218961981575,1.99931,0.5173958884075123,-882.914671,0.8056,2669.3825,1421.7125,0.168403,4.1213,0.17781,0.10156000000000001,-0.27937,-0.07625,168.6225,1314.007,-0.402094,-0.061786,0.01695,-0.19259,1.99875,146.8733,63.8668,0.6452957835116425,1.456055,0.205216,0.04843,0.36246,1.99903,0.312565,87.4623,23.8993,0.05253,0.57058,1.99906,0.5498741346758967,-0.017375,1.9997,-0.144731,691.6855,-184.816,0.01198,-0.50355,0.3866425424795469,-0.509939,-0.254084,651.6022,528.6102,0.02081,-0.10547,9.99966,0.38294524858401513,0.7060532243129963
CC(C)c1cccc(C(C)C)c1N.COc1cc(C(=O)Cl)cc(OC)c1OC,-522.3935065296033,2.7885487994959486,2893.3098196984974,1773.7138028757365,0.3011046234805158,1.5510841023127526,0.09777323694809503,0.10603968265179237,-0.2038129195998874,177.28880000000004,1964.4640939171456,-0.6485671486207475,-0.03603494718178543,0.010287875009260058,-0.684887688015503,1.9992798482438996,-0.12080392310137576,23.372646295395167,205.87048001348657,0.01128100399618816,-0.8344218961981575,1.99931,0.5173958884075123,-1147.3988728386491,9.590245055798524,4098.000453261923,1788.438858126628,0.21336973094695055,3.820453988387011,0.1589222523904965,0.08715554844614821,-0.2460778008366447,-0.07176670394434828,230.64750000000004,1702.8529527836297,-0.30062621086644153,-0.0505418648015625,0.01901263016358685,-0.16597456713914246,1.9988191465822256,138.9709269242885,66.29146063677923,0.6464282423283223,1.4648143543682646,0.20572451472928088,0.0527408394357223,0.4021922948019736,1.9991034206621257,0.30939671461077606,86.80447373218087,24.14315727612148,0.052543474138718856,0.5717040388310601,1.9990608534177752,0.5505070876792586,-0.22497649330386443,1.9997000000000003,-0.1474567049669537,690.2213647653614,-182.89085364682126,0.011964543057302771,-0.5069527124341651,0.38708728584549945,-0.5075244044704986,-0.2524332482777629,651.9670016723583,528.9051928576206,0.020845079417672406,-0.10312794717934845,9.999652567244352,0.38354454400728805,0.5368069405421838
CC(C)c1cccc(C(C)C)c1N.COc1ccc(C(=O)Cl)cc1,-522.3935065296033,2.7885487994959486,2893.3098196984974,1773.7138028757365,0.3011046234805158,1.5510841023127526,0.09777323694809503,0.10603968265179237,-0.2038129195998874,177.28880000000004,1964.4640939171456,-0.6485671486207475,-0.03603494718178543,0.010287875009260058,-0.684887688015503,1.9992798482438996,-0.12080392310137576,23.372646295395167,205.87048001348657,0.01128100399618816,-0.8344218961981575,1.99931,0.5173958884075123,-918.7794806452093,1.8095578782030461,2595.8845344392657,1351.432412177592,0.14413766686447077,4.69247217594736,0.16339189113066868,0.09466255858855176,-0.2580544497192204,-0.06872933254211694,170.5951,1330.3161569267518,-0.5316156870230284,-0.057328369918361544,0.01689,-0.20658333135529233,1.9987499999999998,139.08126280090607,69.5119016314473,0.6464023557102192,1.5082461480170826,0.19680829664503793,0.04825977751403898,0.35202155146760417,1.99902,0.30959364046198856,88.97441949403056,25.308381727266305,0.052509332542116934,0.5694617858218112,1.99905,0.5495559709571898,-0.023747567188664966,1.9997,-0.15034197745033262,671.7481042751876,-174.48073225064894,0.011970222485961022,-0.5095373064319758,0.38616179649303717,-0.5192249050540321,-0.26183382883983775,650.1022819991035,534.1770665455147,0.020634443785097444,-0.11341470187579644,9.99966,0.3827949177457842,0.5945158603450006
CC(C)c1cccc(C(C)C)c1N.Cc1ccc(C(=O)Cl)cc1,-522.3935065296033,2.7885487994959486,2893.3098196984974,1773.7138028757365,0.3011046234805158,1.5510841023127526,0.09777323694809503,0.10603968265179237,-0.2038129195998874,177.28880000000004,1964.4640939171456,-0.6485671486207475,-0.03603494718178543,0.010287875009260058,-0.684887688015503,1.9992798482438996,-0.12080392310137576,23.372646295395167,205.87048001348657,0.01128100399618816,-0.8344218961981575,1.99931,0.5173958884075123,-843.690474,0.7847,2037.6054,1331.695,0.138241,4.0826,0.17777500000000002,0.101495,-0.27927,-0.07628,154.5957,957.156,-0.396447,-0.063926,0.01695,-0.19369,1.99875,146.8166,64.1383,0.6464757709251101,1.444549,0.205095,0.0484,0.3622,1.99903,0.312699,87.2722,23.9815,0.05251,0.57046,1.99906,0.5497954688483323,-0.017809,1.9997,-0.144896,691.7944,-184.7633,0.01198,-0.50358,0.3868785399622404,-0.507387,-0.254103,652.0078,529.0068,0.02081,-0.10548,9.99966,0.38231592196349906,0.5846084075871351
CC(C)c1cccc(C(C)C)c1N.Cc1ccccc1C(=O)Cl,-522.3935065296033,2.7885487994959486,2893.3098196984974,1773.7138028757365,0.3011046234805158,1.5510841023127526,0.09777323694809503,0.10603968265179237,-0.2038129195998874,177.28880000000004,1964.4640939171456,-0.6485671486207475,-0.03603494718178543,0.010287875009260058,-0.684887688015503,1.9992798482438996,-0.12080392310137576,23.372646295395167,205.87048001348657,0.01128100399618816,-0.8344218961981575,1.99931,0.5173958884075123,-843.6875560574109,0.11441203094299326,1727.5775237937205,1185.5250490989843,0.13826824892949693,2.9335652803962233,0.17744671457012706,0.09930211916386854,-0.2767488337339956,-0.07814459540625854,154.5957,1206.8423660351868,-0.3609323356612174,-0.04382074162750573,0.017399388198169285,-0.18550015969286923,1.99871,143.88919896912307,63.72922694533436,0.6763989980060084,1.3794532603765848,0.17964343533990834,0.04829439509069746,0.3670932883597818,1.9990500711227133,0.2936090109211529,86.60514481931877,23.749668767244493,0.051918321357468225,0.5733261876760661,1.9990899288772865,0.5774004604109436,-0.03147546807824839,1.9996999288772865,-0.14907075579200177,701.4520483596131,-205.6625805599628,0.012379573263719579,-0.5042245104984888,0.4371025917512716,-0.51174269585703,-0.25672397091808735,673.4314174438672,509.25428815634746,0.020633982871950604,-0.11187011540779132,9.999669857754574,0.38752509665341367,0.759423076541984
CC(C)c1cccc(C(C)C)c1N.O=C(Cl)C12CC3CC(CC(C3)C1)C2,-522.3935065296033,2.7885487994959486,2893.3098196984974,1773.7138028757365,0.3011046234805158,1.5510841023127526,0.09777323694809503,0.10603968265179237,-0.2038129195998874,177.28880000000004,1964.4640939171456,-0.6485671486207475,-0.03603494718178543,0.010287875009260058,-0.684887688015503,1.9992798482438996,-0.12080392310137576,23.372646295395167,205.87048001348657,0.01128100399618816,-0.8344218961981575,1.99931,0.5173958884075123,-962.581811,3.0439,2417.6329,1837.01,0.2551,3.1191,0.16248,0.12827,-0.29075,-0.03421,198.6919,1506.761,-0.109963,-0.417603,0.01866,-0.12505,1.99879,47.667,144.0592,0.8325991189427313,1.135254,0.136483,0.05847,0.25586,1.99893,0.339763,94.9955,11.4326,0.06189,0.61891,1.99899,0.6260226557583386,-0.055463,1.99969,-0.134531,703.9745,-206.4244,0.01198,-0.49526,0.4133102580239144,-0.495051,-0.246408,649.7835,526.6917,0.01986,-0.11707,9.99965,0.4122089364380113,0.533401618909383
CC(C)c1cccc(C(C)C)c1N.O=C(Cl)C=Cc1ccccc1,-522.3935065296033,2.7885487994959486,2893.3098196984974,1773.7138028757365,0.3011046234805158,1.5510841023127526,0.09777323694809503,0.10603968265179237,-0.2038129195998874,177.28880000000004,1964.4640939171456,-0.6485671486207475,-0.03603494718178543,0.010287875009260058,-0.684887688015503,1.9992798482438996,-0.12080392310137576,23.372646295395167,205.87048001348657,0.01128100399618816,-0.8344218961981575,1.99931,0.5173958884075123,-881.7076424349888,1.4583330632451224,3001.2649234041864,1257.7523733779365,0.14500556194108782,4.007677662728389,0.18097215746167145,0.08464781157985767,-0.2656199690415291,-0.09632434588181382,166.6067,1318.0489361294021,-0.6487631505721401,-0.11180734591608987,0.015986889213416643,-0.40177837436797814,1.9988062506712867,97.67235097153285,72.11756207665134,0.5471110545535718,1.594812176212798,0.21686245915706964,0.047810688301961585,0.3951780161227317,1.9990600002421206,0.2773765541231414,79.2212823091358,26.059164333630676,0.05162692895158519,0.5406730279839103,1.9991162506021094,0.518506511257886,-0.01080933265076242,1.99969,-0.1561087210570263,684.9150017741213,-177.68841986288376,0.012026865077963791,-0.508001072172739,0.3739683515791476,-0.5679760192194105,-0.25474012890245074,721.0320699222212,470.0895892939961,0.02118627173739866,-0.11190134066066033,9.99965374939789,0.36138049216617174,2.2601151698206228
CC(C)c1cccc(C(C)C)c1N.O=C(Cl)c1ccc(-c2ccccc2)cc1,-522.3935065296033,2.7885487994959486,2893.3098196984974,1773.7138028757365,0.3011046234805158,1.5510841023127526,0.09777323694809503,0.10603968265179237,-0.2038129195998874,177.28880000000004,1964.4640939171456,-0.6485671486207475,-0.03603494718178543,0.010287875009260058,-0.684887688015503,1.9992798482438996,-0.12080392310137576,23.372646295395167,205.87048001348657,0.01128100399618816,-0.8344218961981575,1.99931,0.5173958884075123,-1035.081421,13.748,5091.4627,1754.559,0.195241,4.008,0.17202,0.08703,-0.25905,-0.08499,216.6665,1648.5790000000002,-0.476397,-0.069238,0.01931,-0.13635,1.99876,146.3066,63.2115,0.6453744493392071,1.557555,0.237449,0.05246,0.45217,1.99908,0.313028,86.8115,23.8787,0.05251,0.56896,1.99906,0.5493234738829452,-0.197972,1.99969,-0.14352,696.741,-187.3885,0.012,-0.50251,0.38569855254877283,-0.528893,-0.251945,650.7091,526.9992,0.02088,-0.10309,9.99966,0.38223725613593457,0.8346334028526263
CC(C)c1cccc(C(C)C)c1N.O=C(Cl)c1ccc(Br)cc1,-522.3935065296033,2.7885487994959486,2893.3098196984974,1773.7138028757365,0.3011046234805158,1.5510841023127526,0.09777323694809503,0.10603968265179237,-0.2038129195998874,177.28880000000004,1964.4640939171456,-0.6485671486207475,-0.03603494718178543,0.010287875009260058,-0.684887688015503,1.9992798482438996,-0.12080392310137576,23.372646295395167,205.87048001348657,0.01128100399618816,-0.8344218961981575,1.99931,0.5173958884075123,-3377.857666,2.1799,3388.6568,1232.628,0.100324,2.0328,0.18545,0.09516000000000002,-0.28061,-0.09029,219.465,1258.854,-0.39698,-0.055564,0.01694,-0.19555,1.99875,149.5302,63.26,0.645846444304594,1.462386,0.217711,0.04852,0.3717,1.99904,0.315275,85.0022,24.181,0.05263,0.56687,1.99907,0.5486154814348647,-0.010299,1.9997,-0.140191,709.2575,-191.8647,0.01202,-0.49899,0.38719320327249845,-0.500793,-0.242085,647.9072,524.2242,0.02118,-0.09299,9.99965,0.382001258653241,1.3277300687266198
CC(C)c1cccc(C(C)C)c1N.O=C(Cl)c1ccc(C(F)(F)F)cc1,-522.3935065296033,2.7885487994959486,2893.3098196984974,1773.7138028757365,0.3011046234805158,1.5510841023127526,0.09777323694809503,0.10603968265179237,-0.2038129195998874,177.28880000000004,1964.4640939171456,-0.6485671486207475,-0.03603494718178543,0.010287875009260058,-0.684887688015503,1.9992798482438996,-0.12080392310137576,23.372646295395167,205.87048001348657,0.01128100399618816,-0.8344218961981575,1.99931,0.5173958884075123,-1141.009328,3.3671,3493.4189,1579.5935,0.117803,1.0538,0.202225,0.10366500000000001,-0.30589,-0.09856,208.5672,1203.002,-0.281208,-0.066681,0.01707,-0.18876,1.99875,151.6583,59.3407,0.6463184392699811,1.375664,0.226354,0.04856,0.38009,1.99904,0.318189,83.9248,23.6216,0.05264,0.56628,1.99908,0.5490874764002517,-0.003696,1.9997,-0.135777,725.5918,-200.3338,0.01205,-0.49428,0.3871145374449339,-0.48031,-0.234509,646.3328,518.8401,0.02137,-0.08533,9.99964,0.38239458779106356,1.6084596239109674
CC(C)c1cccc(C(C)C)c1N.O=C(Cl)c1ccc(Cl)cc1,-522.3935065296033,2.7885487994959486,2893.3098196984974,1773.7138028757365,0.3011046234805158,1.5510841023127526,0.09777323694809503,0.10603968265179237,-0.2038129195998874,177.28880000000004,1964.4640939171456,-0.6485671486207475,-0.03603494718178543,0.010287875009260058,-0.684887688015503,1.9992798482438996,-0.12080392310137576,23.372646295395167,205.87048001348657,0.01128100399618816,-0.8344218961981575,1.99931,0.5173958884075123,-1263.981948,2.0754,2495.0487,918.639,0.100727,2.063,0.18674,0.09755,-0.28429,-0.08919,175.014,1159.235,-0.395009,-0.059104,0.01687,-0.19718,1.99875,148.1762,63.8432,0.6469477658904972,1.447541,0.216306,0.04848,0.37028,1.99904,0.314974,85.26,24.3534,0.05263,0.56696,1.99907,0.5487728130899937,-0.010873,1.9997,-0.140838,706.9426,-190.8553,0.01202,-0.49966,0.38719320327249845,-0.497634,-0.243186,647.8379,524.4538,0.02115,-0.09408,9.99965,0.38231592196349906,1.107500457896163
CC(C)c1cccc(C(C)C)c1N.O=C(Cl)c1ccc(Cl)cc1Cl,-522.3935065296033,2.7885487994959486,2893.3098196984974,1773.7138028757365,0.3011046234805158,1.5510841023127526,0.09777323694809503,0.10603968265179237,-0.2038129195998874,177.28880000000004,1964.4640939171456,-0.6485671486207475,-0.03603494718178543,0.010287875009260058,-0.684887688015503,1.9992798482438996,-0.12080392310137576,23.372646295395167,205.87048001348657,0.01128100399618816,-0.8344218961981575,1.99931,0.5173958884075123,-1723.4939374606504,1.2883800810490484,2980.2158268029457,1474.2397074519768,0.09215022714359405,2.4027020201639373,0.1889194293631092,0.09675937747005803,-0.28567880683316726,-0.09216005189305122,209.45909999999998,1522.9075142418037,-0.4253249866263163,-0.07327173319778336,0.019400577896779823,-0.2055589686983824,1.9986567970101383,141.94229947990505,63.78112283667599,0.6720934400530437,1.383887345120303,0.20099762442309496,0.051071825734569344,0.377952249212696,1.9990716014949308,0.30132847764488324,89.17290808438919,26.71033238705266,0.053662067271891524,0.5672160495446766,1.9991067970101382,0.5710416884369257,-0.02376615770075898,1.9996899999999997,-0.12318614046610027,738.0003184385099,-221.68962119212986,0.01246359402027631,-0.4777808249899132,0.41465210131273,-0.4997364317231278,-0.23461153961306366,691.034157820026,475.66836513053863,0.02126264516867135,-0.09382789320718006,9.999653594020277,0.3876269732870548,1.3168808691024876
CC(C)c1cccc(C(C)C)c1N.O=C(Cl)c1ccc(F)cc1,-522.3935065296033,2.7885487994959486,2893.3098196984974,1773.7138028757365,0.3011046234805158,1.5510841023127526,0.09777323694809503,0.10603968265179237,-0.2038129195998874,177.28880000000004,1964.4640939171456,-0.6485671486207475,-0.03603494718178543,0.010287875009260058,-0.684887688015503,1.9992798482438996,-0.12080392310137576,23.372646295395167,205.87048001348657,0.01128100399618816,-0.8344218961981575,1.99931,0.5173958884075123,-903.560911,1.3905,1932.8255,1039.562,0.101816,2.1677,0.18521500000000002,0.102935,-0.28815,-0.08228,158.5594,1118.02,-0.402654,-0.063696,0.0167,-0.20093,1.99875,144.8678,66.2483,0.6475770925110133,1.405945,0.206459,0.0484,0.35807,1.99903,0.313827,86.1662,24.8469,0.05265,0.56797,1.99907,0.5505034612964128,-0.01578,1.9997,-0.143118,697.5602,-186.3864,0.01202,-0.50216,0.38735053492762744,-0.489988,-0.246855,647.3665,526.5674,0.02105,-0.09791,9.99965,0.38247325361862805,1.101843606124731
CC(C)c1cccc(C(C)C)c1N.O=C(Cl)c1ccc(F)cc1F,-522.3935065296033,2.7885487994959486,2893.3098196984974,1773.7138028757365,0.3011046234805158,1.5510841023127526,0.09777323694809503,0.10603968265179237,-0.2038129195998874,177.28880000000004,1964.4640939171456,-0.6485671486207475,-0.03603494718178543,0.010287875009260058,-0.684887688015503,1.9992798482438996,-0.12080392310137576,23.372646295395167,205.87048001348657,0.01128100399618816,-0.8344218961981575,1.99931,0.5173958884075123,-1002.6542594723891,1.5628342043633043,2120.324392652248,1108.7274438818417,0.09460995236304569,2.9002627333284448,0.18897774100507306,0.1031808922527925,-0.29215863325786556,-0.08579684875228055,176.5499,1217.2759401612166,-0.4762535813565251,-0.14156288723632596,0.01749714178274225,-0.2655723345228288,1.9987275595461926,125.52130121331402,76.87735232825071,0.6601959388546843,1.4011957195348994,0.21017866036864236,0.05033202645075863,0.3574196198405706,1.999092440453807,0.31311296107594244,89.14458035729169,29.976610165880096,0.053738691863957924,0.5602134195157078,1.9991175595461927,0.5592025931930473,-0.0013660944016755583,1.999692440453807,-0.12574949132688037,715.3363046299694,-206.25609228525013,0.012154107747207482,-0.4855636222965187,0.4016195195314515,-0.4835200440528855,-0.24479578722213755,687.6901003715086,492.5449564929477,0.021139816660918742,-0.0970344038983523,9.99966023818477,0.38741746794270504,1.6484743257625258
CC(C)c1cccc(C(C)C)c1N.O=C(Cl)c1ccc(OC(F)(F)F)cc1,-522.3935065296033,2.7885487994959486,2893.3098196984974,1773.7138028757365,0.3011046234805158,1.5510841023127526,0.09777323694809503,0.10603968265179237,-0.2038129195998874,177.28880000000004,1964.4640939171456,-0.6485671486207475,-0.03603494718178543,0.010287875009260058,-0.684887688015503,1.9992798482438996,-0.12080392310137576,23.372646295395167,205.87048001348657,0.01128100399618816,-0.8344218961981575,1.99931,0.5173958884075123,-1216.116295,1.9373,4202.2051,1483.97,0.123247,2.1043,0.18684,0.10098000000000001,-0.28782,-0.08586,224.5666,1686.329,-0.41883,-0.055985,0.01693,-0.20009,1.99875,144.7474,65.8979,0.6455317809943361,1.437835,0.211505,0.04838,0.36227,1.99903,0.315037,85.8367,24.8444,0.0526,0.56737,1.99907,0.5483008181246066,-0.013036,1.9997,-0.141975,702.237,-188.2112,0.01203,-0.50095,0.3865638766519824,-0.492427,-0.24471,647.5785,525.941,0.02111,-0.09583,9.99965,0.382001258653241,1.2542285453033104
CC(C)c1cccc(C(C)C)c1N.O=C(Cl)c1ccc(SC(F)(F)F)cc1,-522.3935065296033,2.7885487994959486,2893.3098196984974,1773.7138028757365,0.3011046234805158,1.5510841023127526,0.09777323694809503,0.10603968265179237,-0.2038129195998874,177.28880000000004,1964.4640939171456,-0.6485671486207475,-0.03603494718178543,0.010287875009260058,-0.684887688015503,1.9992798482438996,-0.12080392310137576,23.372646295395167,205.87048001348657,0.01128100399618816,-0.8344218961981575,1.99931,0.5173958884075123,-1539.108656,10.93545,4535.03445,1625.511,0.120362,1.4151,0.19517500000000002,0.09453500000000001,-0.28971,-0.10064,240.6272,1337.92,-0.29784849999999996,-0.0998015,0.01897,-0.20292,1.99876,153.6659,59.602199999999996,0.6472624292007552,1.4163860000000001,0.25255150000000004,0.05244,0.4746,1.99909,0.3170855,83.78805,23.4428,0.05266,0.56606,1.99908,0.5502674638137193,-0.18941449999999999,1.99969,-0.1355175,726.435,-201.13459999999998,0.01204,-0.49415,0.3878618628067967,-0.49045249999999996,-0.234585,646.7714000000001,518.4003,0.02136,-0.08533,9.99964,0.38333857772183766,1.4347039304233364
CC(C)c1cccc(C(C)C)c1N.O=C(Cl)c1ccc([N+](=O)[O-])cc1,-522.3935065296033,2.7885487994959486,2893.3098196984974,1773.7138028757365,0.3011046234805158,1.5510841023127526,0.09777323694809503,0.10603968265179237,-0.2038129195998874,177.28880000000004,1964.4640939171456,-0.6485671486207475,-0.03603494718178543,0.010287875009260058,-0.684887688015503,1.9992798482438996,-0.12080392310137576,23.372646295395167,205.87048001348657,0.01128100399618816,-0.8344218961981575,1.99931,0.5173958884075123,-1008.649643,2.8883,2934.3431,1429.187,0.114492,1.9316,0.21973499999999999,0.09540499999999999,-0.31514,-0.12433,185.5665,1180.633,-0.243545,-0.095972,0.01759,-0.19498,1.99875,153.1256,57.3166,0.6472624292007552,1.373848,0.307302,0.05273,0.54955,1.99909,0.319677,82.3735,23.8112,0.0527,0.56324,1.99908,0.5486154814348647,-0.149197,1.99968,-0.131168,741.5805,-208.9034,0.01209,-0.49014,0.3881371932032725,-0.473753,-0.225712,643.2683,512.101,0.02162,-0.07607,9.99964,0.38215859030837,2.0970258034104488
CC(C)c1cccc(C(C)C)c1N.O=C(Cl)c1ccc2ccccc2c1,-522.3935065296033,2.7885487994959486,2893.3098196984974,1773.7138028757365,0.3011046234805158,1.5510841023127526,0.09777323694809503,0.10603968265179237,-0.2038129195998874,177.28880000000004,1964.4640939171456,-0.6485671486207475,-0.03603494718178543,0.010287875009260058,-0.684887688015503,1.9992798482438996,-0.12080392310137576,23.372646295395167,205.87048001348657,0.01128100399618816,-0.8344218961981575,1.99931,0.5173958884075123,-957.8231548793865,8.942984281922897,3120.642424188284,1617.483620444743,0.15897933382482796,3.963189472116048,0.1688166691241398,0.08189167649655926,-0.25070834562069905,-0.08692499262758055,190.6287,1577.0617708477648,-0.406241613979723,-0.0853495998229043,0.01913813624300125,-0.18617714833386767,1.9987759805367138,143.21741244463914,64.17324326159877,0.6477991941427841,1.4941111495158192,0.2417364895313614,0.05284029194928839,0.45526854910095393,1.9990940194632858,0.3139393768798561,87.57417048040392,23.502188115581014,0.052508428192289645,0.5698158832202846,1.9990640194632858,0.5497785108064259,-0.20163146446439634,1.9996899999999997,-0.14309156915373786,699.7480535233219,-189.1846326741985,0.01198794161014232,-0.5022111235626368,0.38731661884381463,-0.5121153102357949,-0.2502995078146661,650.3423603945448,527.1525046879868,0.020885980536714102,-0.10191680330266659,9.999655980536714,0.3832938279780859,0.8046134272438992
CC(C)c1cccc(C(C)C)c1N.O=C(Cl)c1cccc2ccccc12,-522.3935065296033,2.7885487994959486,2893.3098196984974,1773.7138028757365,0.3011046234805158,1.5510841023127526,0.09777323694809503,0.10603968265179237,-0.2038129195998874,177.28880000000004,1964.4640939171456,-0.6485671486207475,-0.03603494718178543,0.010287875009260058,-0.684887688015503,1.9992798482438996,-0.12080392310137576,23.372646295395167,205.87048001348657,0.01128100399618816,-0.8344218961981575,1.99931,0.5173958884075123,-957.8186401303651,7.76497366122391,2727.8224101566643,1452.655905920424,0.1591435410273463,3.138155778233965,0.17141258730322817,0.07978083346207067,-0.2511934207652988,-0.09163175384115753,190.62869999999998,1654.673933628048,-0.3606608914538662,-0.060651833547166085,0.019562781082751415,-0.15268271376427908,1.9987499999999998,140.36828004155382,67.13279503149818,0.67083710319587,1.4184804447627122,0.24250688344425783,0.05177296194712997,0.4757362417913853,1.9991198794237475,0.3059404481129295,90.28639256302401,23.548420283844816,0.051731334167722944,0.5763399240539799,1.9990998794237473,0.5737331192431018,-0.21399212998145925,1.9996800602881257,-0.14835273747499386,677.8735529026063,-199.8173439886677,0.012231266050649904,-0.5084526793064421,0.42167378684587214,-0.536095752759764,-0.25799595608850817,690.7625756377732,499.1303403904185,0.020573617287571157,-0.11333870811906079,9.999669879423749,0.38839317125744705,0.9343567354085708
CC(C)c1cccc(C(C)C)c1N.O=C(Cl)c1ccccc1,-522.3935065296033,2.7885487994959486,2893.3098196984974,1773.7138028757365,0.3011046234805158,1.5510841023127526,0.09777323694809503,0.10603968265179237,-0.2038129195998874,177.28880000000004,1964.4640939171456,-0.6485671486207475,-0.03603494718178543,0.010287875009260058,-0.684887688015503,1.9992798482438996,-0.12080392310137576,23.372646295395167,205.87048001348657,0.01128100399618816,-0.8344218961981575,1.99931,0.5173958884075123,-804.46025,0.6975,1464.397,1335.877,0.109113,3.4435,0.18524,0.10419999999999999,-0.28944,-0.08104,140.5689,1259.541,-0.319057,-0.06921,0.01701,-0.18925,1.99875,150.2369,61.7104,0.6467904342353682,1.381429,0.207568,0.04848,0.36494,1.99903,0.313396,86.434,23.3461,0.05259,0.56996,1.99907,0.5492448080553808,-0.014961,1.9997,-0.142092,704.1163,-190.2727,0.012,-0.50042,0.3867212083071114,-0.491795,-0.248031,648.8095,526.2085,0.02098,-0.09932,9.99965,0.38247325361862805,0.9425613296694012
CC(C)c1cccc(C(C)C)c1N.O=C(Cl)c1ccco1,-522.3935065296033,2.7885487994959486,2893.3098196984974,1773.7138028757365,0.3011046234805158,1.5510841023127526,0.09777323694809503,0.10603968265179237,-0.2038129195998874,177.28880000000004,1964.4640939171456,-0.6485671486207475,-0.03603494718178543,0.010287875009260058,-0.684887688015503,1.9992798482438996,-0.12080392310137576,23.372646295395167,205.87048001348657,0.01128100399618816,-0.8344218961981575,1.99931,0.5173958884075123,-802.2749436403665,0.9628803601977091,1106.8639320512225,837.4781616717298,0.07810627687091332,4.223320701907314,0.17692659069992278,0.09926084693630044,-0.2761874376362232,-0.07766574376362233,130.53050000000002,1023.5943809662729,-0.2571876525553629,0.07456587223868763,0.028521784583548964,0.16679427666839172,1.9986394965983396,84.42036001940463,48.795129254280766,0.6092274123751691,1.4654626254563974,0.18523025001857074,0.045608009071094816,0.29806073691619983,1.9990367505669435,0.28778355340700085,80.27414887766211,36.27046418281246,0.04943652154385018,0.5133097981460898,1.9990600000000003,0.5273364642768135,-0.01243844273116867,1.999706750566944,-0.14375068628124404,690.1763189879638,-171.46429701179642,0.012345972786715571,-0.4947455057576371,0.3678338463825751,-0.4709219205838191,-0.23281669984785022,670.2421570172194,515.4998959950124,0.022066292520756925,-0.08390614500521279,9.99965324943306,0.373560076402609,1.6653151921992169
CC(C)c1cccc(C(C)C)c1N.O=C(Cl)c1cccs1,-522.3935065296033,2.7885487994959486,2893.3098196984974,1773.7138028757365,0.3011046234805158,1.5510841023127526,0.09777323694809503,0.10603968265179237,-0.2038129195998874,177.28880000000004,1964.4640939171456,-0.6485671486207475,-0.03603494718178543,0.010287875009260058,-0.684887688015503,1.9992798482438996,-0.12080392310137576,23.372646295395167,205.87048001348657,0.01128100399618816,-0.8344218961981575,1.99931,0.5173958884075123,-1125.2983746590153,0.8989004644803423,1318.760431390368,1051.8664137490334,0.07514125703092484,3.9869099489807027,0.1825097879616161,0.09715189528668504,-0.27966168324830115,-0.08535789267493107,146.5911,967.0850566647645,-0.36846109931444926,-0.017428701234791306,0.01983363911738161,-0.3620010732506892,1.9987481652957104,92.68784922793068,54.81236467913048,0.6462467515807672,1.4370241272768098,0.2224287020695229,0.04673669408579305,0.36090770231153096,1.9989036391173816,0.30910380250162073,80.55742798492986,32.972354231999795,0.05245018174718617,0.5457332583905814,1.9989436391173816,0.5414205707054607,-0.010696796550940281,1.9997,-0.1456564430324384,653.6458953915552,-169.41871646632262,0.012134495887131043,-0.5017229207448509,0.3800545942263263,-0.48442835604958645,-0.24229535996721743,702.4773700234127,507.97409032060614,0.02155,-0.09357010393236291,9.999647278234763,0.38004302083175984,1.1291856988368922
CC1CCCC(C)N1.CC(=O)Cl,-329.813366,1.896,1066.632,1447.582,0.22379,0.8668,0.081735,0.138155,-0.21989,113.2022,1110.935,-0.575406,0.037413,0.01197,-0.22244,1.99912,-0.285177,40.6104,199.2971,0.01597,-0.7363,1.99931,0.6164254247954688,-613.070645,1.8407,361.1538,589.647,0.051921,2.5752,0.17481000000000002,0.13476,-0.30957,-0.04005,78.4981,543.096,-0.16842,-0.019931,0.00801,-0.68972,1.99914,58.3883,161.9989,0.3882945248584015,1.19561,-0.022262,0.04824,0.23014,1.99928,0.181407,78.3666,21.3299,0.05149,0.57826,1.99927,0.49370673379483954,-0.031774,1.99969,-0.138192,709.0371,-224.4771,0.01248,-0.48574,0.3472309628697294,-0.497062,-0.249833,776.7802,462.7909,0.02158,-0.12005,9.99964,0.3590308370044053,2.6364903946928884
CC1CCCC(C)N1.CC(C)(C)C(=O)Cl,-329.813366,1.896,1066.632,1447.582,0.22379,0.8668,0.081735,0.138155,-0.21989,113.2022,1110.935,-0.575406,0.037413,0.01197,-0.22244,1.99912,-0.285177,40.6104,199.2971,0.01597,-0.7363,1.99931,0.6164254247954688,-730.74792,2.2489,944.8434,987.864,0.140866,2.7537,0.1676,0.13162,-0.29922,-0.03598,120.5785,1095.631,-0.002895,-0.401545,0.01495,-0.12509,1.99882,43.2203,145.8968,0.7474826935179358,1.086134,0.105519,0.05777,0.24151,1.999,0.311319,92.3348,10.4385,0.06159,0.60184,1.99904,0.6241346758967904,-0.044561,1.99969,-0.134635,702.0892,-210.5595,0.01227,-0.49442,0.4129955947136564,-0.486258,-0.243396,657.1407,517.8314,0.02014,-0.11423,9.99964,0.4117369414726243,0.821484101238241
CC1CCCC(C)N1.CC(C)(C)c1ccc(C(=O)Cl)cc1,-329.813366,1.896,1066.632,1447.582,0.22379,0.8668,0.081735,0.138155,-0.21989,113.2022,1110.935,-0.575406,0.037413,0.01197,-0.22244,1.99912,-0.285177,40.6104,199.2971,0.01597,-0.7363,1.99931,0.6164254247954688,-961.3640173962594,0.8439951331320028,3736.8617162104047,1666.1327468680736,0.22702856304127478,4.218331555187393,0.1765543462087611,0.10122506668047276,-0.2777794128892339,-0.07532927952828836,196.6761,1756.2896208656803,-0.4178817038419192,-0.05493930742117488,0.01711,-0.19114765846693713,1.9987399999999997,145.50595114472912,64.19142355353065,0.6443475428431109,1.4770539433619239,0.2047373555601576,0.04842981988207208,0.3621147765800905,1.9990249099410362,0.31251209335266183,87.58830934681762,23.936423813800438,0.05250472982310813,0.5711581988207208,1.99906,0.5483809008647571,-0.017174605652256175,1.9997,-0.14438870176891871,691.262978378876,-184.8857997811485,0.01198,-0.5034901801179279,0.385780052201509,-0.5155604648516117,-0.2547429379952255,652.1694292748869,528.6326041804466,0.020760180117927914,-0.10642675787729755,9.99966,0.38215008883285495,0.593689997223698
CC1CCCC(C)N1.CC(C)C(=O)Cl,-329.813366,1.896,1066.632,1447.582,0.22379,0.8668,0.081735,0.138155,-0.21989,113.2022,1110.935,-0.575406,0.037413,0.01197,-0.22244,1.99912,-0.285177,40.6104,199.2971,0.01597,-0.7363,1.99931,0.6164254247954688,-691.5212651203827,2.1259058055730957,774.3015688508707,791.3296195399124,0.11183604170191642,2.7012129828698455,0.17010773050232164,0.13244814752148587,-0.3025558780238075,-0.0376595829808358,106.5517,975.6940716840189,-0.024167191055353945,-0.17073551463321235,0.013924490779907133,-0.30198609076336,1.998945169740031,48.80721556952866,147.29575347812465,0.6314692916962978,1.1238819960085888,0.04858485903341499,0.0550134723397214,0.23591374372657942,1.9991075848700155,0.25247221421848887,88.59731276692389,12.733502739310532,0.0582213191506965,0.5944755962050935,1.9991375848700155,0.5800598381088926,-0.041438333812522876,1.99969,-0.1376712573166062,707.048479399112,-210.10582375691683,0.012389359809427323,-0.49276171727806395,0.39244024014119183,-0.49584497796278615,-0.2460183941104488,714.2513821331088,492.33222075195357,0.020564830259969046,-0.11847795268777256,9.99964,0.38745155439779033,1.2751832136985095
CC1CCCC(C)N1.CCC(C(=O)Cl)c1ccccc1,-329.813366,1.896,1066.632,1447.582,0.22379,0.8668,0.081735,0.138155,-0.21989,113.2022,1110.935,-0.575406,0.037413,0.01197,-0.22244,1.99912,-0.285177,40.6104,199.2971,0.01597,-0.7363,1.99931,0.6164254247954688,-922.1350941424333,4.569522987935531,2455.9020135917617,1503.8121474082207,0.19835830978909602,2.7196956404060453,0.15641062941202977,0.11147264569784315,-0.267883275109873,-0.044937983714186606,182.6493,1522.0795475579139,-0.04878392032155667,-0.06036727587828204,0.02106411226593012,-0.32502486318000223,1.99889,30.15305416820589,127.38872271494051,0.7227754446342497,1.1178043569820812,0.06601085036127433,0.056704631153088186,0.26634316303879657,1.999111010410588,0.2584528867848544,80.18911170349905,15.605117816098318,0.05923987339580025,0.5947519757187832,1.999131232884499,0.6209158445810388,-0.11952997468335282,1.999685360884168,-0.143804062173481,712.2092388306249,-204.0050258804775,0.012248062306486857,-0.5005021470911517,0.43435065207263357,-0.4765579049182884,-0.2283885640121543,717.517615534147,464.5850831441031,0.021029658300558765,-0.0958973312821047,9.99961558335808,0.388169114477217,1.5691173032112216
CC1CCCC(C)N1.CCCCC(=O)Cl,-329.813366,1.896,1066.632,1447.582,0.22379,0.8668,0.081735,0.138155,-0.21989,113.2022,1110.935,-0.575406,0.037413,0.01197,-0.22244,1.99912,-0.285177,40.6104,199.2971,0.01597,-0.7363,1.99931,0.6164254247954688,-730.7450150574017,2.090291331652506,1341.9302009057062,994.4515719835497,0.1418835432507869,2.6086344119789233,0.1712263701297755,0.1335958284882569,-0.3048221986180324,-0.037630541641518626,120.57850000000002,1041.7633434165296,-0.09671197627204661,0.007804712444770221,0.014038775373839806,-0.4880626302178358,1.9990404359511826,56.464141490849684,147.1293956944729,0.5593904691258827,1.1789239078387639,0.007528819367576247,0.05127629781296082,0.23642929006115296,1.9991881569913779,0.21380243779784716,82.77940616490689,16.660432212862794,0.05512335177243502,0.588506474333033,1.999198156991378,0.5578940906295883,-0.04184591941059398,1.9996900000000002,-0.14164929933233972,714.7961360943984,-212.9005115825591,0.012188685583343585,-0.49471489576310834,0.3995731427490579,-0.5163867508662023,-0.24523050175144934,770.1191505493439,470.94318983615574,0.020878088448009844,-0.11732762706245506,9.999642023227146,0.3671949651309757,2.324522762358017
CC1CCCC(C)N1.CCCCC(CC)C(=O)Cl,-329.813366,1.896,1066.632,1447.582,0.22379,0.8668,0.081735,0.138155,-0.21989,113.2022,1110.935,-0.575406,0.037413,0.01197,-0.22244,1.99912,-0.285177,40.6104,199.2971,0.01597,-0.7363,1.99931,0.6164254247954688,-848.4194799426583,2.1267217278302994,2464.267019669444,1500.231394373068,0.23155073390523292,2.677801397359587,0.16853390822493342,0.13085299777436263,-0.29938690599929607,-0.037680910450570794,162.6589,1466.9452087716104,-0.0842353595837951,-0.12303181060215712,0.01891789249052634,-0.29470057863953375,1.9989210580785208,30.751430758385847,131.96111134930018,0.7081076322850737,1.1146350543229737,0.04049639435702823,0.05769645486653496,0.23430779863995022,1.999079831858541,0.2342915125830618,79.28964453295023,10.72058245681579,0.06134362576284608,0.5865793709141864,1.999110961152719,0.6405613297343266,-0.04916664952674792,1.9996827557665517,-0.14383461934649713,723.1028236690747,-205.35061664385827,0.012373376332512752,-0.5004955405011925,0.44056690495066464,-0.4902433087740082,-0.23982660938031483,795.885334662436,424.81685121337784,0.02061303988994313,-0.10758898034704956,9.999627692135396,0.39206250471260456,0.5299735620298585
CC1CCCC(C)N1.CCCCCCC(=O)Cl,-329.813366,1.896,1066.632,1447.582,0.22379,0.8668,0.081735,0.138155,-0.21989,113.2022,1110.935,-0.575406,0.037413,0.01197,-0.22244,1.99912,-0.285177,40.6104,199.2971,0.01597,-0.7363,1.99931,0.6164254247954688,-809.1928450186999,2.191972683108519,2694.585979207065,1390.3008597551361,0.20178400746022246,2.7244460547894533,0.17032995662812994,0.13265533018130402,-0.30298528680943393,-0.03767462644682591,148.63210000000004,1261.5194415620172,-0.09799205324244195,0.017531207143586563,0.014411268813625472,-0.4870248810235342,1.9990360661441282,52.29176351269705,146.78208323625879,0.5553711533823926,1.1744333662866158,0.005174748608251482,0.05187764178651444,0.23654530602917653,1.9991838244073419,0.2092039866890283,82.95284094577164,16.8293560755272,0.055168636678038244,0.5896019425118675,1.9991965260075706,0.554803422626299,-0.04042034364900629,1.9996900000000004,-0.1394788994015972,704.4901204727937,-215.8672177680678,0.01234712539999367,-0.4919174099593421,0.38646821572942175,-0.5069924791734688,-0.24872178501458486,751.6188641806931,476.4115554370388,0.020814874094548554,-0.1210213165562404,9.999640000000001,0.3740534939797181,2.5131746628736185
CC1CCCC(C)N1.CCCCCCCCCCCC(=O)Cl,-329.813366,1.896,1066.632,1447.582,0.22379,0.8668,0.081735,0.138155,-0.21989,113.2022,1110.935,-0.575406,0.037413,0.01197,-0.22244,1.99912,-0.285177,40.6104,199.2971,0.01597,-0.7363,1.99931,0.6164254247954688,-1005.3142281705781,2.051840846684475,7589.4788243149,2063.8977884186593,0.35148147884172565,2.580964688743521,0.17130593121998355,0.13237374139497904,-0.3036796726149626,-0.038932189825004494,218.76610000000002,2028.2284431012831,-0.09832466528407613,0.011300852452152831,0.014411262852878942,-0.4876371810409823,1.9990393233150183,54.09437145699512,147.61948876998457,0.5618015097823486,1.1889594778380719,0.0034922479456673456,0.05177155382090726,0.23634184011774262,1.9991781601252514,0.20777313911983045,80.09136057476589,16.11372837040959,0.05541338385685213,0.5883281241859004,1.999188590390622,0.5688480715114945,-0.04156562730035017,1.9996867476005615,-0.13988340193202087,708.4357928496703,-213.85227427913944,0.012237201999370216,-0.49679063701810433,0.4188836362668115,-0.5185254162381545,-0.24439257461254094,760.4693324636868,471.25224452499526,0.020883543820409477,-0.11594466851905619,9.999637177865932,0.3724491019162263,2.3687475457967606
CC1CCCC(C)N1.CCc1ccc(C(=O)Cl)cc1,-329.813366,1.896,1066.632,1447.582,0.22379,0.8668,0.081735,0.138155,-0.21989,113.2022,1110.935,-0.575406,0.037413,0.01197,-0.22244,1.99912,-0.285177,40.6104,199.2971,0.01597,-0.7363,1.99931,0.6164254247954688,-882.914671,0.8056,2669.3825,1421.7125,0.168403,4.1213,0.17781,0.10156000000000001,-0.27937,-0.07625,168.6225,1314.007,-0.402094,-0.061786,0.01695,-0.19259,1.99875,146.8733,63.8668,0.6452957835116425,1.456055,0.205216,0.04843,0.36246,1.99903,0.312565,87.4623,23.8993,0.05253,0.57058,1.99906,0.5498741346758967,-0.017375,1.9997,-0.144731,691.6855,-184.816,0.01198,-0.50355,0.3866425424795469,-0.509939,-0.254084,651.6022,528.6102,0.02081,-0.10547,9.99966,0.38294524858401513,1.287015575082196
CC1CCCC(C)N1.COc1cc(C(=O)Cl)cc(OC)c1OC,-329.813366,1.896,1066.632,1447.582,0.22379,0.8668,0.081735,0.138155,-0.21989,113.2022,1110.935,-0.575406,0.037413,0.01197,-0.22244,1.99912,-0.285177,40.6104,199.2971,0.01597,-0.7363,1.99931,0.6164254247954688,-1147.3988728386491,9.590245055798524,4098.000453261923,1788.438858126628,0.21336973094695055,3.820453988387011,0.1589222523904965,0.08715554844614821,-0.2460778008366447,-0.07176670394434828,230.64750000000004,1702.8529527836297,-0.30062621086644153,-0.0505418648015625,0.01901263016358685,-0.16597456713914246,1.9988191465822256,138.9709269242885,66.29146063677923,0.6464282423283223,1.4648143543682646,0.20572451472928088,0.0527408394357223,0.4021922948019736,1.9991034206621257,0.30939671461077606,86.80447373218087,24.14315727612148,0.052543474138718856,0.5717040388310601,1.9990608534177752,0.5505070876792586,-0.22497649330386443,1.9997000000000003,-0.1474567049669537,690.2213647653614,-182.89085364682126,0.011964543057302771,-0.5069527124341651,0.38708728584549945,-0.5075244044704986,-0.2524332482777629,651.9670016723583,528.9051928576206,0.020845079417672406,-0.10312794717934845,9.999652567244352,0.38354454400728805,0.6736014278527503
CC1CCCC(C)N1.COc1ccc(C(=O)Cl)cc1,-329.813366,1.896,1066.632,1447.582,0.22379,0.8668,0.081735,0.138155,-0.21989,113.2022,1110.935,-0.575406,0.037413,0.01197,-0.22244,1.99912,-0.285177,40.6104,199.2971,0.01597,-0.7363,1.99931,0.6164254247954688,-918.7794806452093,1.8095578782030461,2595.8845344392657,1351.432412177592,0.14413766686447077,4.69247217594736,0.16339189113066868,0.09466255858855176,-0.2580544497192204,-0.06872933254211694,170.5951,1330.3161569267518,-0.5316156870230284,-0.057328369918361544,0.01689,-0.20658333135529233,1.9987499999999998,139.08126280090607,69.5119016314473,0.6464023557102192,1.5082461480170826,0.19680829664503793,0.04825977751403898,0.35202155146760417,1.99902,0.30959364046198856,88.97441949403056,25.308381727266305,0.052509332542116934,0.5694617858218112,1.99905,0.5495559709571898,-0.023747567188664966,1.9997,-0.15034197745033262,671.7481042751876,-174.48073225064894,0.011970222485961022,-0.5095373064319758,0.38616179649303717,-0.5192249050540321,-0.26183382883983775,650.1022819991035,534.1770665455147,0.020634443785097444,-0.11341470187579644,9.99966,0.3827949177457842,0.813066604685409
CC1CCCC(C)N1.Cc1ccc(C(=O)Cl)cc1,-329.813366,1.896,1066.632,1447.582,0.22379,0.8668,0.081735,0.138155,-0.21989,113.2022,1110.935,-0.575406,0.037413,0.01197,-0.22244,1.99912,-0.285177,40.6104,199.2971,0.01597,-0.7363,1.99931,0.6164254247954688,-843.690474,0.7847,2037.6054,1331.695,0.138241,4.0826,0.17777500000000002,0.101495,-0.27927,-0.07628,154.5957,957.156,-0.396447,-0.063926,0.01695,-0.19369,1.99875,146.8166,64.1383,0.6464757709251101,1.444549,0.205095,0.0484,0.3622,1.99903,0.312699,87.2722,23.9815,0.05251,0.57046,1.99906,0.5497954688483323,-0.017809,1.9997,-0.144896,691.7944,-184.7633,0.01198,-0.50358,0.3868785399622404,-0.507387,-0.254103,652.0078,529.0068,0.02081,-0.10548,9.99966,0.38231592196349906,1.3590219426959549
CC1CCCC(C)N1.Cc1ccccc1C(=O)Cl,-329.813366,1.896,1066.632,1447.582,0.22379,0.8668,0.081735,0.138155,-0.21989,113.2022,1110.935,-0.575406,0.037413,0.01197,-0.22244,1.99912,-0.285177,40.6104,199.2971,0.01597,-0.7363,1.99931,0.6164254247954688,-843.6875560574109,0.11441203094299326,1727.5775237937205,1185.5250490989843,0.13826824892949693,2.9335652803962233,0.17744671457012706,0.09930211916386854,-0.2767488337339956,-0.07814459540625854,154.5957,1206.8423660351868,-0.3609323356612174,-0.04382074162750573,0.017399388198169285,-0.18550015969286923,1.99871,143.88919896912307,63.72922694533436,0.6763989980060084,1.3794532603765848,0.17964343533990834,0.04829439509069746,0.3670932883597818,1.9990500711227133,0.2936090109211529,86.60514481931877,23.749668767244493,0.051918321357468225,0.5733261876760661,1.9990899288772865,0.5774004604109436,-0.03147546807824839,1.9996999288772865,-0.14907075579200177,701.4520483596131,-205.6625805599628,0.012379573263719579,-0.5042245104984888,0.4371025917512716,-0.51174269585703,-0.25672397091808735,673.4314174438672,509.25428815634746,0.020633982871950604,-0.11187011540779132,9.999669857754574,0.38752509665341367,0.8091437671541825
CC1CCCC(C)N1.O=C(Cl)C12CC3CC(CC(C3)C1)C2,-329.813366,1.896,1066.632,1447.582,0.22379,0.8668,0.081735,0.138155,-0.21989,113.2022,1110.935,-0.575406,0.037413,0.01197,-0.22244,1.99912,-0.285177,40.6104,199.2971,0.01597,-0.7363,1.99931,0.6164254247954688,-962.581811,3.0439,2417.6329,1837.01,0.2551,3.1191,0.16248,0.12827,-0.29075,-0.03421,198.6919,1506.761,-0.109963,-0.417603,0.01866,-0.12505,1.99879,47.667,144.0592,0.8325991189427313,1.135254,0.136483,0.05847,0.25586,1.99893,0.339763,94.9955,11.4326,0.06189,0.61891,1.99899,0.6260226557583386,-0.055463,1.99969,-0.134531,703.9745,-206.4244,0.01198,-0.49526,0.4133102580239144,-0.495051,-0.246408,649.7835,526.6917,0.01986,-0.11707,9.99965,0.4122089364380113,0.9004881774084937
CC1CCCC(C)N1.O=C(Cl)C=Cc1ccccc1,-329.813366,1.896,1066.632,1447.582,0.22379,0.8668,0.081735,0.138155,-0.21989,113.2022,1110.935,-0.575406,0.037413,0.01197,-0.22244,1.99912,-0.285177,40.6104,199.2971,0.01597,-0.7363,1.99931,0.6164254247954688,-881.7076424349888,1.4583330632451224,3001.2649234041864,1257.7523733779365,0.14500556194108782,4.007677662728389,0.18097215746167145,0.08464781157985767,-0.2656199690415291,-0.09632434588181382,166.6067,1318.0489361294021,-0.6487631505721401,-0.11180734591608987,0.015986889213416643,-0.40177837436797814,1.9988062506712867,97.67235097153285,72.11756207665134,0.5471110545535718,1.594812176212798,0.21686245915706964,0.047810688301961585,0.3951780161227317,1.9990600002421206,0.2773765541231414,79.2212823091358,26.059164333630676,0.05162692895158519,0.5406730279839103,1.9991162506021094,0.518506511257886,-0.01080933265076242,1.99969,-0.1561087210570263,684.9150017741213,-177.68841986288376,0.012026865077963791,-0.508001072172739,0.3739683515791476,-0.5679760192194105,-0.25474012890245074,721.0320699222212,470.0895892939961,0.02118627173739866,-0.11190134066066033,9.99965374939789,0.36138049216617174,2.495840754185813
CC1CCCC(C)N1.O=C(Cl)c1ccc(-c2ccccc2)cc1,-329.813366,1.896,1066.632,1447.582,0.22379,0.8668,0.081735,0.138155,-0.21989,113.2022,1110.935,-0.575406,0.037413,0.01197,-0.22244,1.99912,-0.285177,40.6104,199.2971,0.01597,-0.7363,1.99931,0.6164254247954688,-1035.081421,13.748,5091.4627,1754.559,0.195241,4.008,0.17202,0.08703,-0.25905,-0.08499,216.6665,1648.5790000000002,-0.476397,-0.069238,0.01931,-0.13635,1.99876,146.3066,63.2115,0.6453744493392071,1.557555,0.237449,0.05246,0.45217,1.99908,0.313028,86.8115,23.8787,0.05251,0.56896,1.99906,0.5493234738829452,-0.197972,1.99969,-0.14352,696.741,-187.3885,0.012,-0.50251,0.38569855254877283,-0.528893,-0.251945,650.7091,526.9992,0.02088,-0.10309,9.99966,0.38223725613593457,1.012468640731677
CC1CCCC(C)N1.O=C(Cl)c1ccc(Br)cc1,-329.813366,1.896,1066.632,1447.582,0.22379,0.8668,0.081735,0.138155,-0.21989,113.2022,1110.935,-0.575406,0.037413,0.01197,-0.22244,1.99912,-0.285177,40.6104,199.2971,0.01597,-0.7363,1.99931,0.6164254247954688,-3377.857666,2.1799,3388.6568,1232.628,0.100324,2.0328,0.18545,0.09516000000000002,-0.28061,-0.09029,219.465,1258.854,-0.39698,-0.055564,0.01694,-0.19555,1.99875,149.5302,63.26,0.645846444304594,1.462386,0.217711,0.04852,0.3717,1.99904,0.315275,85.0022,24.181,0.05263,0.56687,1.99907,0.5486154814348647,-0.010299,1.9997,-0.140191,709.2575,-191.8647,0.01202,-0.49899,0.38719320327249845,-0.500793,-0.242085,647.9072,524.2242,0.02118,-0.09299,9.99965,0.382001258653241,0.850464602635214
CC1CCCC(C)N1.O=C(Cl)c1ccc(C(F)(F)F)cc1,-329.813366,1.896,1066.632,1447.582,0.22379,0.8668,0.081735,0.138155,-0.21989,113.2022,1110.935,-0.575406,0.037413,0.01197,-0.22244,1.99912,-0.285177,40.6104,199.2971,0.01597,-0.7363,1.99931,0.6164254247954688,-1141.009328,3.3671,3493.4189,1579.5935,0.117803,1.0538,0.202225,0.10366500000000001,-0.30589,-0.09856,208.5672,1203.002,-0.281208,-0.066681,0.01707,-0.18876,1.99875,151.6583,59.3407,0.6463184392699811,1.375664,0.226354,0.04856,0.38009,1.99904,0.318189,83.9248,23.6216,0.05264,0.56628,1.99908,0.5490874764002517,-0.003696,1.9997,-0.135777,725.5918,-200.3338,0.01205,-0.49428,0.3871145374449339,-0.48031,-0.234509,646.3328,518.8401,0.02137,-0.08533,9.99964,0.38239458779106356,2.05020011920372
CC1CCCC(C)N1.O=C(Cl)c1ccc(Cl)cc1,-329.813366,1.896,1066.632,1447.582,0.22379,0.8668,0.081735,0.138155,-0.21989,113.2022,1110.935,-0.575406,0.037413,0.01197,-0.22244,1.99912,-0.285177,40.6104,199.2971,0.01597,-0.7363,1.99931,0.6164254247954688,-1263.981948,2.0754,2495.0487,918.639,0.100727,2.063,0.18674,0.09755,-0.28429,-0.08919,175.014,1159.235,-0.395009,-0.059104,0.01687,-0.19718,1.99875,148.1762,63.8432,0.6469477658904972,1.447541,0.216306,0.04848,0.37028,1.99904,0.314974,85.26,24.3534,0.05263,0.56696,1.99907,0.5487728130899937,-0.010873,1.9997,-0.140838,706.9426,-190.8553,0.01202,-0.49966,0.38719320327249845,-0.497634,-0.243186,647.8379,524.4538,0.02115,-0.09408,9.99965,0.38231592196349906,1.179355583615533
CC1CCCC(C)N1.O=C(Cl)c1ccc(Cl)cc1Cl,-329.813366,1.896,1066.632,1447.582,0.22379,0.8668,0.081735,0.138155,-0.21989,113.2022,1110.935,-0.575406,0.037413,0.01197,-0.22244,1.99912,-0.285177,40.6104,199.2971,0.01597,-0.7363,1.99931,0.6164254247954688,-1723.4939374606504,1.2883800810490484,2980.2158268029457,1474.2397074519768,0.09215022714359405,2.4027020201639373,0.1889194293631092,0.09675937747005803,-0.28567880683316726,-0.09216005189305122,209.45909999999998,1522.9075142418037,-0.4253249866263163,-0.07327173319778336,0.019400577896779823,-0.2055589686983824,1.9986567970101383,141.94229947990505,63.78112283667599,0.6720934400530437,1.383887345120303,0.20099762442309496,0.051071825734569344,0.377952249212696,1.9990716014949308,0.30132847764488324,89.17290808438919,26.71033238705266,0.053662067271891524,0.5672160495446766,1.9991067970101382,0.5710416884369257,-0.02376615770075898,1.9996899999999997,-0.12318614046610027,738.0003184385099,-221.68962119212986,0.01246359402027631,-0.4777808249899132,0.41465210131273,-0.4997364317231278,-0.23461153961306366,691.034157820026,475.66836513053863,0.02126264516867135,-0.09382789320718006,9.999653594020277,0.3876269732870548,1.992458131871611
CC1CCCC(C)N1.O=C(Cl)c1ccc(F)cc1,-329.813366,1.896,1066.632,1447.582,0.22379,0.8668,0.081735,0.138155,-0.21989,113.2022,1110.935,-0.575406,0.037413,0.01197,-0.22244,1.99912,-0.285177,40.6104,199.2971,0.01597,-0.7363,1.99931,0.6164254247954688,-903.560911,1.3905,1932.8255,1039.562,0.101816,2.1677,0.18521500000000002,0.102935,-0.28815,-0.08228,158.5594,1118.02,-0.402654,-0.063696,0.0167,-0.20093,1.99875,144.8678,66.2483,0.6475770925110133,1.405945,0.206459,0.0484,0.35807,1.99903,0.313827,86.1662,24.8469,0.05265,0.56797,1.99907,0.5505034612964128,-0.01578,1.9997,-0.143118,697.5602,-186.3864,0.01202,-0.50216,0.38735053492762744,-0.489988,-0.246855,647.3665,526.5674,0.02105,-0.09791,9.99965,0.38247325361862805,1.0520852178173188
CC1CCCC(C)N1.O=C(Cl)c1ccc(F)cc1F,-329.813366,1.896,1066.632,1447.582,0.22379,0.8668,0.081735,0.138155,-0.21989,113.2022,1110.935,-0.575406,0.037413,0.01197,-0.22244,1.99912,-0.285177,40.6104,199.2971,0.01597,-0.7363,1.99931,0.6164254247954688,-1002.6542594723891,1.5628342043633043,2120.324392652248,1108.7274438818417,0.09460995236304569,2.9002627333284448,0.18897774100507306,0.1031808922527925,-0.29215863325786556,-0.08579684875228055,176.5499,1217.2759401612166,-0.4762535813565251,-0.14156288723632596,0.01749714178274225,-0.2655723345228288,1.9987275595461926,125.52130121331402,76.87735232825071,0.6601959388546843,1.4011957195348994,0.21017866036864236,0.05033202645075863,0.3574196198405706,1.999092440453807,0.31311296107594244,89.14458035729169,29.976610165880096,0.053738691863957924,0.5602134195157078,1.9991175595461927,0.5592025931930473,-0.0013660944016755583,1.999692440453807,-0.12574949132688037,715.3363046299694,-206.25609228525013,0.012154107747207482,-0.4855636222965187,0.4016195195314515,-0.4835200440528855,-0.24479578722213755,687.6901003715086,492.5449564929477,0.021139816660918742,-0.0970344038983523,9.99966023818477,0.38741746794270504,1.950792524970879
CC1CCCC(C)N1.O=C(Cl)c1ccc(OC(F)(F)F)cc1,-329.813366,1.896,1066.632,1447.582,0.22379,0.8668,0.081735,0.138155,-0.21989,113.2022,1110.935,-0.575406,0.037413,0.01197,-0.22244,1.99912,-0.285177,40.6104,199.2971,0.01597,-0.7363,1.99931,0.6164254247954688,-1216.116295,1.9373,4202.2051,1483.97,0.123247,2.1043,0.18684,0.10098000000000001,-0.28782,-0.08586,224.5666,1686.329,-0.41883,-0.055985,0.01693,-0.20009,1.99875,144.7474,65.8979,0.6455317809943361,1.437835,0.211505,0.04838,0.36227,1.99903,0.315037,85.8367,24.8444,0.0526,0.56737,1.99907,0.5483008181246066,-0.013036,1.9997,-0.141975,702.237,-188.2112,0.01203,-0.50095,0.3865638766519824,-0.492427,-0.24471,647.5785,525.941,0.02111,-0.09583,9.99965,0.382001258653241,1.4863541661137176
CC1CCCC(C)N1.O=C(Cl)c1ccc(SC(F)(F)F)cc1,-329.813366,1.896,1066.632,1447.582,0.22379,0.8668,0.081735,0.138155,-0.21989,113.2022,1110.935,-0.575406,0.037413,0.01197,-0.22244,1.99912,-0.285177,40.6104,199.2971,0.01597,-0.7363,1.99931,0.6164254247954688,-1539.108656,10.93545,4535.03445,1625.511,0.120362,1.4151,0.19517500000000002,0.09453500000000001,-0.28971,-0.10064,240.6272,1337.92,-0.29784849999999996,-0.0998015,0.01897,-0.20292,1.99876,153.6659,59.602199999999996,0.6472624292007552,1.4163860000000001,0.25255150000000004,0.05244,0.4746,1.99909,0.3170855,83.78805,23.4428,0.05266,0.56606,1.99908,0.5502674638137193,-0.18941449999999999,1.99969,-0.1355175,726.435,-201.13459999999998,0.01204,-0.49415,0.3878618628067967,-0.49045249999999996,-0.234585,646.7714000000001,518.4003,0.02136,-0.08533,9.99964,0.38333857772183766,1.7122593506195067
CC1CCCC(C)N1.O=C(Cl)c1ccc([N+](=O)[O-])cc1,-329.813366,1.896,1066.632,1447.582,0.22379,0.8668,0.081735,0.138155,-0.21989,113.2022,1110.935,-0.575406,0.037413,0.01197,-0.22244,1.99912,-0.285177,40.6104,199.2971,0.01597,-0.7363,1.99931,0.6164254247954688,-1008.649643,2.8883,2934.3431,1429.187,0.114492,1.9316,0.21973499999999999,0.09540499999999999,-0.31514,-0.12433,185.5665,1180.633,-0.243545,-0.095972,0.01759,-0.19498,1.99875,153.1256,57.3166,0.6472624292007552,1.373848,0.307302,0.05273,0.54955,1.99909,0.319677,82.3735,23.8112,0.0527,0.56324,1.99908,0.5486154814348647,-0.149197,1.99968,-0.131168,741.5805,-208.9034,0.01209,-0.49014,0.3881371932032725,-0.473753,-0.225712,643.2683,512.101,0.02162,-0.07607,9.99964,0.38215859030837,2.5863391945082097
CC1CCCC(C)N1.O=C(Cl)c1ccc2ccccc2c1,-329.813366,1.896,1066.632,1447.582,0.22379,0.8668,0.081735,0.138155,-0.21989,113.2022,1110.935,-0.575406,0.037413,0.01197,-0.22244,1.99912,-0.285177,40.6104,199.2971,0.01597,-0.7363,1.99931,0.6164254247954688,-957.8231548793865,8.942984281922897,3120.642424188284,1617.483620444743,0.15897933382482796,3.963189472116048,0.1688166691241398,0.08189167649655926,-0.25070834562069905,-0.08692499262758055,190.6287,1577.0617708477648,-0.406241613979723,-0.0853495998229043,0.01913813624300125,-0.18617714833386767,1.9987759805367138,143.21741244463914,64.17324326159877,0.6477991941427841,1.4941111495158192,0.2417364895313614,0.05284029194928839,0.45526854910095393,1.9990940194632858,0.3139393768798561,87.57417048040392,23.502188115581014,0.052508428192289645,0.5698158832202846,1.9990640194632858,0.5497785108064259,-0.20163146446439634,1.9996899999999997,-0.14309156915373786,699.7480535233219,-189.1846326741985,0.01198794161014232,-0.5022111235626368,0.38731661884381463,-0.5121153102357949,-0.2502995078146661,650.3423603945448,527.1525046879868,0.020885980536714102,-0.10191680330266659,9.999655980536714,0.3832938279780859,1.0249845910178272
CC1CCCC(C)N1.O=C(Cl)c1cccc2ccccc12,-329.813366,1.896,1066.632,1447.582,0.22379,0.8668,0.081735,0.138155,-0.21989,113.2022,1110.935,-0.575406,0.037413,0.01197,-0.22244,1.99912,-0.285177,40.6104,199.2971,0.01597,-0.7363,1.99931,0.6164254247954688,-957.8186401303651,7.76497366122391,2727.8224101566643,1452.655905920424,0.1591435410273463,3.138155778233965,0.17141258730322817,0.07978083346207067,-0.2511934207652988,-0.09163175384115753,190.62869999999998,1654.673933628048,-0.3606608914538662,-0.060651833547166085,0.019562781082751415,-0.15268271376427908,1.9987499999999998,140.36828004155382,67.13279503149818,0.67083710319587,1.4184804447627122,0.24250688344425783,0.05177296194712997,0.4757362417913853,1.9991198794237475,0.3059404481129295,90.28639256302401,23.548420283844816,0.051731334167722944,0.5763399240539799,1.9990998794237473,0.5737331192431018,-0.21399212998145925,1.9996800602881257,-0.14835273747499386,677.8735529026063,-199.8173439886677,0.012231266050649904,-0.5084526793064421,0.42167378684587214,-0.536095752759764,-0.25799595608850817,690.7625756377732,499.1303403904185,0.020573617287571157,-0.11333870811906079,9.999669879423749,0.38839317125744705,0.6610093980261985
CC1CCCC(C)N1.O=C(Cl)c1ccccc1,-329.813366,1.896,1066.632,1447.582,0.22379,0.8668,0.081735,0.138155,-0.21989,113.2022,1110.935,-0.575406,0.037413,0.01197,-0.22244,1.99912,-0.285177,40.6104,199.2971,0.01597,-0.7363,1.99931,0.6164254247954688,-804.46025,0.6975,1464.397,1335.877,0.109113,3.4435,0.18524,0.10419999999999999,-0.28944,-0.08104,140.5689,1259.541,-0.319057,-0.06921,0.01701,-0.18925,1.99875,150.2369,61.7104,0.6467904342353682,1.381429,0.207568,0.04848,0.36494,1.99903,0.313396,86.434,23.3461,0.05259,0.56996,1.99907,0.5492448080553808,-0.014961,1.9997,-0.142092,704.1163,-190.2727,0.012,-0.50042,0.3867212083071114,-0.491795,-0.248031,648.8095,526.2085,0.02098,-0.09932,9.99965,0.38247325361862805,1.074694092747203
CC1CCCC(C)N1.O=C(Cl)c1ccco1,-329.813366,1.896,1066.632,1447.582,0.22379,0.8668,0.081735,0.138155,-0.21989,113.2022,1110.935,-0.575406,0.037413,0.01197,-0.22244,1.99912,-0.285177,40.6104,199.2971,0.01597,-0.7363,1.99931,0.6164254247954688,-802.2749436403665,0.9628803601977091,1106.8639320512225,837.4781616717298,0.07810627687091332,4.223320701907314,0.17692659069992278,0.09926084693630044,-0.2761874376362232,-0.07766574376362233,130.53050000000002,1023.5943809662729,-0.2571876525553629,0.07456587223868763,0.028521784583548964,0.16679427666839172,1.9986394965983396,84.42036001940463,48.795129254280766,0.6092274123751691,1.4654626254563974,0.18523025001857074,0.045608009071094816,0.29806073691619983,1.9990367505669435,0.28778355340700085,80.27414887766211,36.27046418281246,0.04943652154385018,0.5133097981460898,1.9990600000000003,0.5273364642768135,-0.01243844273116867,1.999706750566944,-0.14375068628124404,690.1763189879638,-171.46429701179642,0.012345972786715571,-0.4947455057576371,0.3678338463825751,-0.4709219205838191,-0.23281669984785022,670.2421570172194,515.4998959950124,0.022066292520756925,-0.08390614500521279,9.99965324943306,0.373560076402609,1.5774229500877197
CC1CCCC(C)N1.O=C(Cl)c1cccs1,-329.813366,1.896,1066.632,1447.582,0.22379,0.8668,0.081735,0.138155,-0.21989,113.2022,1110.935,-0.575406,0.037413,0.01197,-0.22244,1.99912,-0.285177,40.6104,199.2971,0.01597,-0.7363,1.99931,0.6164254247954688,-1125.2983746590153,0.8989004644803423,1318.760431390368,1051.8664137490334,0.07514125703092484,3.9869099489807027,0.1825097879616161,0.09715189528668504,-0.27966168324830115,-0.08535789267493107,146.5911,967.0850566647645,-0.36846109931444926,-0.017428701234791306,0.01983363911738161,-0.3620010732506892,1.9987481652957104,92.68784922793068,54.81236467913048,0.6462467515807672,1.4370241272768098,0.2224287020695229,0.04673669408579305,0.36090770231153096,1.9989036391173816,0.30910380250162073,80.55742798492986,32.972354231999795,0.05245018174718617,0.5457332583905814,1.9989436391173816,0.5414205707054607,-0.010696796550940281,1.9997,-0.1456564430324384,653.6458953915552,-169.41871646632262,0.012134495887131043,-0.5017229207448509,0.3800545942263263,-0.48442835604958645,-0.24229535996721743,702.4773700234127,507.97409032060614,0.02155,-0.09357010393236291,9.999647278234763,0.38004302083175984,1.1367097977877436
CC1CN(C(=O)OC(C)(C)C)CC(C)N1.CC(=O)Cl,-691.0263913969521,2.352066193227905,4081.7990938755374,2293.1696695417604,0.34807761549738336,2.1753944776522203,0.0869416221770467,0.14114863636551953,-0.22809025854256626,214.307,1873.451278569728,-0.5766604471651173,0.004017104549039529,0.016177668358175325,-0.34354872020333493,1.9991234025034244,-0.30493664175490776,26.104687291914633,194.15516725026814,0.016279555186294037,-0.7404868439932903,1.9992951035356514,0.6159134371445534,-613.070645,1.8407,361.1538,589.647,0.051921,2.5752,0.17481000000000002,0.13476,-0.30957,-0.04005,78.4981,543.096,-0.16842,-0.019931,0.00801,-0.68972,1.99914,58.3883,161.9989,0.3882945248584015,1.19561,-0.022262,0.04824,0.23014,1.99928,0.181407,78.3666,21.3299,0.05149,0.57826,1.99927,0.49370673379483954,-0.031774,1.99969,-0.138192,709.0371,-224.4771,0.01248,-0.48574,0.3472309628697294,-0.497062,-0.249833,776.7802,462.7909,0.02158,-0.12005,9.99964,0.3590308370044053,2.454247553432036
CC1CN(C(=O)OC(C)(C)C)CC(C)N1.CC(C)(C)C(=O)Cl,-691.0263913969521,2.352066193227905,4081.7990938755374,2293.1696695417604,0.34807761549738336,2.1753944776522203,0.0869416221770467,0.14114863636551953,-0.22809025854256626,214.307,1873.451278569728,-0.5766604471651173,0.004017104549039529,0.016177668358175325,-0.34354872020333493,1.9991234025034244,-0.30493664175490776,26.104687291914633,194.15516725026814,0.016279555186294037,-0.7404868439932903,1.9992951035356514,0.6159134371445534,-730.74792,2.2489,944.8434,987.864,0.140866,2.7537,0.1676,0.13162,-0.29922,-0.03598,120.5785,1095.631,-0.002895,-0.401545,0.01495,-0.12509,1.99882,43.2203,145.8968,0.7474826935179358,1.086134,0.105519,0.05777,0.24151,1.999,0.311319,92.3348,10.4385,0.06159,0.60184,1.99904,0.6241346758967904,-0.044561,1.99969,-0.134635,702.0892,-210.5595,0.01227,-0.49442,0.4129955947136564,-0.486258,-0.243396,657.1407,517.8314,0.02014,-0.11423,9.99964,0.4117369414726243,0.5940963754986512
CC1CN(C(=O)OC(C)(C)C)CC(C)N1.CC(C)(C)c1ccc(C(=O)Cl)cc1,-691.0263913969521,2.352066193227905,4081.7990938755374,2293.1696695417604,0.34807761549738336,2.1753944776522203,0.0869416221770467,0.14114863636551953,-0.22809025854256626,214.307,1873.451278569728,-0.5766604471651173,0.004017104549039529,0.016177668358175325,-0.34354872020333493,1.9991234025034244,-0.30493664175490776,26.104687291914633,194.15516725026814,0.016279555186294037,-0.7404868439932903,1.9992951035356514,0.6159134371445534,-961.3640173962594,0.8439951331320028,3736.8617162104047,1666.1327468680736,0.22702856304127478,4.218331555187393,0.1765543462087611,0.10122506668047276,-0.2777794128892339,-0.07532927952828836,196.6761,1756.2896208656803,-0.4178817038419192,-0.05493930742117488,0.01711,-0.19114765846693713,1.9987399999999997,145.50595114472912,64.19142355353065,0.6443475428431109,1.4770539433619239,0.2047373555601576,0.04842981988207208,0.3621147765800905,1.9990249099410362,0.31251209335266183,87.58830934681762,23.936423813800438,0.05250472982310813,0.5711581988207208,1.99906,0.5483809008647571,-0.017174605652256175,1.9997,-0.14438870176891871,691.262978378876,-184.8857997811485,0.01198,-0.5034901801179279,0.385780052201509,-0.5155604648516117,-0.2547429379952255,652.1694292748869,528.6326041804466,0.020760180117927914,-0.10642675787729755,9.99966,0.38215008883285495,0.6857171468092812
CC1CN(C(=O)OC(C)(C)C)CC(C)N1.CC(C)C(=O)Cl,-691.0263913969521,2.352066193227905,4081.7990938755374,2293.1696695417604,0.34807761549738336,2.1753944776522203,0.0869416221770467,0.14114863636551953,-0.22809025854256626,214.307,1873.451278569728,-0.5766604471651173,0.004017104549039529,0.016177668358175325,-0.34354872020333493,1.9991234025034244,-0.30493664175490776,26.104687291914633,194.15516725026814,0.016279555186294037,-0.7404868439932903,1.9992951035356514,0.6159134371445534,-691.5212651203827,2.1259058055730957,774.3015688508707,791.3296195399124,0.11183604170191642,2.7012129828698455,0.17010773050232164,0.13244814752148587,-0.3025558780238075,-0.0376595829808358,106.5517,975.6940716840189,-0.024167191055353945,-0.17073551463321235,0.013924490779907133,-0.30198609076336,1.998945169740031,48.80721556952866,147.29575347812465,0.6314692916962978,1.1238819960085888,0.04858485903341499,0.0550134723397214,0.23591374372657942,1.9991075848700155,0.25247221421848887,88.59731276692389,12.733502739310532,0.0582213191506965,0.5944755962050935,1.9991375848700155,0.5800598381088926,-0.041438333812522876,1.99969,-0.1376712573166062,707.048479399112,-210.10582375691683,0.012389359809427323,-0.49276171727806395,0.39244024014119183,-0.49584497796278615,-0.2460183941104488,714.2513821331088,492.33222075195357,0.020564830259969046,-0.11847795268777256,9.99964,0.38745155439779033,1.4120375559113283
CC1CN(C(=O)OC(C)(C)C)CC(C)N1.CCC(C(=O)Cl)c1ccccc1,-691.0263913969521,2.352066193227905,4081.7990938755374,2293.1696695417604,0.34807761549738336,2.1753944776522203,0.0869416221770467,0.14114863636551953,-0.22809025854256626,214.307,1873.451278569728,-0.5766604471651173,0.004017104549039529,0.016177668358175325,-0.34354872020333493,1.9991234025034244,-0.30493664175490776,26.104687291914633,194.15516725026814,0.016279555186294037,-0.7404868439932903,1.9992951035356514,0.6159134371445534,-922.1350941424333,4.569522987935531,2455.9020135917617,1503.8121474082207,0.19835830978909602,2.7196956404060453,0.15641062941202977,0.11147264569784315,-0.267883275109873,-0.044937983714186606,182.6493,1522.0795475579139,-0.04878392032155667,-0.06036727587828204,0.02106411226593012,-0.32502486318000223,1.99889,30.15305416820589,127.38872271494051,0.7227754446342497,1.1178043569820812,0.06601085036127433,0.056704631153088186,0.26634316303879657,1.999111010410588,0.2584528867848544,80.18911170349905,15.605117816098318,0.05923987339580025,0.5947519757187832,1.999131232884499,0.6209158445810388,-0.11952997468335282,1.999685360884168,-0.143804062173481,712.2092388306249,-204.0050258804775,0.012248062306486857,-0.5005021470911517,0.43435065207263357,-0.4765579049182884,-0.2283885640121543,717.517615534147,464.5850831441031,0.021029658300558765,-0.0958973312821047,9.99961558335808,0.388169114477217,1.4611699067309234
CC1CN(C(=O)OC(C)(C)C)CC(C)N1.CCCCC(=O)Cl,-691.0263913969521,2.352066193227905,4081.7990938755374,2293.1696695417604,0.34807761549738336,2.1753944776522203,0.0869416221770467,0.14114863636551953,-0.22809025854256626,214.307,1873.451278569728,-0.5766604471651173,0.004017104549039529,0.016177668358175325,-0.34354872020333493,1.9991234025034244,-0.30493664175490776,26.104687291914633,194.15516725026814,0.016279555186294037,-0.7404868439932903,1.9992951035356514,0.6159134371445534,-730.7450150574017,2.090291331652506,1341.9302009057062,994.4515719835497,0.1418835432507869,2.6086344119789233,0.1712263701297755,0.1335958284882569,-0.3048221986180324,-0.037630541641518626,120.57850000000002,1041.7633434165296,-0.09671197627204661,0.007804712444770221,0.014038775373839806,-0.4880626302178358,1.9990404359511826,56.464141490849684,147.1293956944729,0.5593904691258827,1.1789239078387639,0.007528819367576247,0.05127629781296082,0.23642929006115296,1.9991881569913779,0.21380243779784716,82.77940616490689,16.660432212862794,0.05512335177243502,0.588506474333033,1.999198156991378,0.5578940906295883,-0.04184591941059398,1.9996900000000002,-0.14164929933233972,714.7961360943984,-212.9005115825591,0.012188685583343585,-0.49471489576310834,0.3995731427490579,-0.5163867508662023,-0.24523050175144934,770.1191505493439,470.94318983615574,0.020878088448009844,-0.11732762706245506,9.999642023227146,0.3671949651309757,2.2375999175877674
CC1CN(C(=O)OC(C)(C)C)CC(C)N1.CCCCC(CC)C(=O)Cl,-691.0263913969521,2.352066193227905,4081.7990938755374,2293.1696695417604,0.34807761549738336,2.1753944776522203,0.0869416221770467,0.14114863636551953,-0.22809025854256626,214.307,1873.451278569728,-0.5766604471651173,0.004017104549039529,0.016177668358175325,-0.34354872020333493,1.9991234025034244,-0.30493664175490776,26.104687291914633,194.15516725026814,0.016279555186294037,-0.7404868439932903,1.9992951035356514,0.6159134371445534,-848.4194799426583,2.1267217278302994,2464.267019669444,1500.231394373068,0.23155073390523292,2.677801397359587,0.16853390822493342,0.13085299777436263,-0.29938690599929607,-0.037680910450570794,162.6589,1466.9452087716104,-0.0842353595837951,-0.12303181060215712,0.01891789249052634,-0.29470057863953375,1.9989210580785208,30.751430758385847,131.96111134930018,0.7081076322850737,1.1146350543229737,0.04049639435702823,0.05769645486653496,0.23430779863995022,1.999079831858541,0.2342915125830618,79.28964453295023,10.72058245681579,0.06134362576284608,0.5865793709141864,1.999110961152719,0.6405613297343266,-0.04916664952674792,1.9996827557665517,-0.14383461934649713,723.1028236690747,-205.35061664385827,0.012373376332512752,-0.5004955405011925,0.44056690495066464,-0.4902433087740082,-0.23982660938031483,795.885334662436,424.81685121337784,0.02061303988994313,-0.10758898034704956,9.999627692135396,0.39206250471260456,0.1282437657189425
CC1CN(C(=O)OC(C)(C)C)CC(C)N1.CCCCCCC(=O)Cl,-691.0263913969521,2.352066193227905,4081.7990938755374,2293.1696695417604,0.34807761549738336,2.1753944776522203,0.0869416221770467,0.14114863636551953,-0.22809025854256626,214.307,1873.451278569728,-0.5766604471651173,0.004017104549039529,0.016177668358175325,-0.34354872020333493,1.9991234025034244,-0.30493664175490776,26.104687291914633,194.15516725026814,0.016279555186294037,-0.7404868439932903,1.9992951035356514,0.6159134371445534,-809.1928450186999,2.191972683108519,2694.585979207065,1390.3008597551361,0.20178400746022246,2.7244460547894533,0.17032995662812994,0.13265533018130402,-0.30298528680943393,-0.03767462644682591,148.63210000000004,1261.5194415620172,-0.09799205324244195,0.017531207143586563,0.014411268813625472,-0.4870248810235342,1.9990360661441282,52.29176351269705,146.78208323625879,0.5553711533823926,1.1744333662866158,0.005174748608251482,0.05187764178651444,0.23654530602917653,1.9991838244073419,0.2092039866890283,82.95284094577164,16.8293560755272,0.055168636678038244,0.5896019425118675,1.9991965260075706,0.554803422626299,-0.04042034364900629,1.9996900000000004,-0.1394788994015972,704.4901204727937,-215.8672177680678,0.01234712539999367,-0.4919174099593421,0.38646821572942175,-0.5069924791734688,-0.24872178501458486,751.6188641806931,476.4115554370388,0.020814874094548554,-0.1210213165562404,9.999640000000001,0.3740534939797181,2.3902972650018635
CC1CN(C(=O)OC(C)(C)C)CC(C)N1.CCCCCCCCCCCC(=O)Cl,-691.0263913969521,2.352066193227905,4081.7990938755374,2293.1696695417604,0.34807761549738336,2.1753944776522203,0.0869416221770467,0.14114863636551953,-0.22809025854256626,214.307,1873.451278569728,-0.5766604471651173,0.004017104549039529,0.016177668358175325,-0.34354872020333493,1.9991234025034244,-0.30493664175490776,26.104687291914633,194.15516725026814,0.016279555186294037,-0.7404868439932903,1.9992951035356514,0.6159134371445534,-1005.3142281705781,2.051840846684475,7589.4788243149,2063.8977884186593,0.35148147884172565,2.580964688743521,0.17130593121998355,0.13237374139497904,-0.3036796726149626,-0.038932189825004494,218.76610000000002,2028.2284431012831,-0.09832466528407613,0.011300852452152831,0.014411262852878942,-0.4876371810409823,1.9990393233150183,54.09437145699512,147.61948876998457,0.5618015097823486,1.1889594778380719,0.0034922479456673456,0.05177155382090726,0.23634184011774262,1.9991781601252514,0.20777313911983045,80.09136057476589,16.11372837040959,0.05541338385685213,0.5883281241859004,1.999188590390622,0.5688480715114945,-0.04156562730035017,1.9996867476005615,-0.13988340193202087,708.4357928496703,-213.85227427913944,0.012237201999370216,-0.49679063701810433,0.4188836362668115,-0.5185254162381545,-0.24439257461254094,760.4693324636868,471.25224452499526,0.020883543820409477,-0.11594466851905619,9.999637177865932,0.3724491019162263,2.3702012380467807
CC1CN(C(=O)OC(C)(C)C)CC(C)N1.CCc1ccc(C(=O)Cl)cc1,-691.0263913969521,2.352066193227905,4081.7990938755374,2293.1696695417604,0.34807761549738336,2.1753944776522203,0.0869416221770467,0.14114863636551953,-0.22809025854256626,214.307,1873.451278569728,-0.5766604471651173,0.004017104549039529,0.016177668358175325,-0.34354872020333493,1.9991234025034244,-0.30493664175490776,26.104687291914633,194.15516725026814,0.016279555186294037,-0.7404868439932903,1.9992951035356514,0.6159134371445534,-882.914671,0.8056,2669.3825,1421.7125,0.168403,4.1213,0.17781,0.10156000000000001,-0.27937,-0.07625,168.6225,1314.007,-0.402094,-0.061786,0.01695,-0.19259,1.99875,146.8733,63.8668,0.6452957835116425,1.456055,0.205216,0.04843,0.36246,1.99903,0.312565,87.4623,23.8993,0.05253,0.57058,1.99906,0.5498741346758967,-0.017375,1.9997,-0.144731,691.6855,-184.816,0.01198,-0.50355,0.3866425424795469,-0.509939,-0.254084,651.6022,528.6102,0.02081,-0.10547,9.99966,0.38294524858401513,0.9526381018357194
CC1CN(C(=O)OC(C)(C)C)CC(C)N1.COc1cc(C(=O)Cl)cc(OC)c1OC,-691.0263913969521,2.352066193227905,4081.7990938755374,2293.1696695417604,0.34807761549738336,2.1753944776522203,0.0869416221770467,0.14114863636551953,-0.22809025854256626,214.307,1873.451278569728,-0.5766604471651173,0.004017104549039529,0.016177668358175325,-0.34354872020333493,1.9991234025034244,-0.30493664175490776,26.104687291914633,194.15516725026814,0.016279555186294037,-0.7404868439932903,1.9992951035356514,0.6159134371445534,-1147.3988728386491,9.590245055798524,4098.000453261923,1788.438858126628,0.21336973094695055,3.820453988387011,0.1589222523904965,0.08715554844614821,-0.2460778008366447,-0.07176670394434828,230.64750000000004,1702.8529527836297,-0.30062621086644153,-0.0505418648015625,0.01901263016358685,-0.16597456713914246,1.9988191465822256,138.9709269242885,66.29146063677923,0.6464282423283223,1.4648143543682646,0.20572451472928088,0.0527408394357223,0.4021922948019736,1.9991034206621257,0.30939671461077606,86.80447373218087,24.14315727612148,0.052543474138718856,0.5717040388310601,1.9990608534177752,0.5505070876792586,-0.22497649330386443,1.9997000000000003,-0.1474567049669537,690.2213647653614,-182.89085364682126,0.011964543057302771,-0.5069527124341651,0.38708728584549945,-0.5075244044704986,-0.2524332482777629,651.9670016723583,528.9051928576206,0.020845079417672406,-0.10312794717934845,9.999652567244352,0.38354454400728805,0.9556350902857764
CC1CN(C(=O)OC(C)(C)C)CC(C)N1.COc1ccc(C(=O)Cl)cc1,-691.0263913969521,2.352066193227905,4081.7990938755374,2293.1696695417604,0.34807761549738336,2.1753944776522203,0.0869416221770467,0.14114863636551953,-0.22809025854256626,214.307,1873.451278569728,-0.5766604471651173,0.004017104549039529,0.016177668358175325,-0.34354872020333493,1.9991234025034244,-0.30493664175490776,26.104687291914633,194.15516725026814,0.016279555186294037,-0.7404868439932903,1.9992951035356514,0.6159134371445534,-918.7794806452093,1.8095578782030461,2595.8845344392657,1351.432412177592,0.14413766686447077,4.69247217594736,0.16339189113066868,0.09466255858855176,-0.2580544497192204,-0.06872933254211694,170.5951,1330.3161569267518,-0.5316156870230284,-0.057328369918361544,0.01689,-0.20658333135529233,1.9987499999999998,139.08126280090607,69.5119016314473,0.6464023557102192,1.5082461480170826,0.19680829664503793,0.04825977751403898,0.35202155146760417,1.99902,0.30959364046198856,88.97441949403056,25.308381727266305,0.052509332542116934,0.5694617858218112,1.99905,0.5495559709571898,-0.023747567188664966,1.9997,-0.15034197745033262,671.7481042751876,-174.48073225064894,0.011970222485961022,-0.5095373064319758,0.38616179649303717,-0.5192249050540321,-0.26183382883983775,650.1022819991035,534.1770665455147,0.020634443785097444,-0.11341470187579644,9.99966,0.3827949177457842,0.3471568511093442
CC1CN(C(=O)OC(C)(C)C)CC(C)N1.Cc1ccc(C(=O)Cl)cc1,-691.0263913969521,2.352066193227905,4081.7990938755374,2293.1696695417604,0.34807761549738336,2.1753944776522203,0.0869416221770467,0.14114863636551953,-0.22809025854256626,214.307,1873.451278569728,-0.5766604471651173,0.004017104549039529,0.016177668358175325,-0.34354872020333493,1.9991234025034244,-0.30493664175490776,26.104687291914633,194.15516725026814,0.016279555186294037,-0.7404868439932903,1.9992951035356514,0.6159134371445534,-843.690474,0.7847,2037.6054,1331.695,0.138241,4.0826,0.17777500000000002,0.101495,-0.27927,-0.07628,154.5957,957.156,-0.396447,-0.063926,0.01695,-0.19369,1.99875,146.8166,64.1383,0.6464757709251101,1.444549,0.205095,0.0484,0.3622,1.99903,0.312699,87.2722,23.9815,0.05251,0.57046,1.99906,0.5497954688483323,-0.017809,1.9997,-0.144896,691.7944,-184.7633,0.01198,-0.50358,0.3868785399622404,-0.507387,-0.254103,652.0078,529.0068,0.02081,-0.10548,9.99966,0.38231592196349906,0.6437513173569928
CC1CN(C(=O)OC(C)(C)C)CC(C)N1.Cc1ccccc1C(=O)Cl,-691.0263913969521,2.352066193227905,4081.7990938755374,2293.1696695417604,0.34807761549738336,2.1753944776522203,0.0869416221770467,0.14114863636551953,-0.22809025854256626,214.307,1873.451278569728,-0.5766604471651173,0.004017104549039529,0.016177668358175325,-0.34354872020333493,1.9991234025034244,-0.30493664175490776,26.104687291914633,194.15516725026814,0.016279555186294037,-0.7404868439932903,1.9992951035356514,0.6159134371445534,-843.6875560574109,0.11441203094299326,1727.5775237937205,1185.5250490989843,0.13826824892949693,2.9335652803962233,0.17744671457012706,0.09930211916386854,-0.2767488337339956,-0.07814459540625854,154.5957,1206.8423660351868,-0.3609323356612174,-0.04382074162750573,0.017399388198169285,-0.18550015969286923,1.99871,143.88919896912307,63.72922694533436,0.6763989980060084,1.3794532603765848,0.17964343533990834,0.04829439509069746,0.3670932883597818,1.9990500711227133,0.2936090109211529,86.60514481931877,23.749668767244493,0.051918321357468225,0.5733261876760661,1.9990899288772865,0.5774004604109436,-0.03147546807824839,1.9996999288772865,-0.14907075579200177,701.4520483596131,-205.6625805599628,0.012379573263719579,-0.5042245104984888,0.4371025917512716,-0.51174269585703,-0.25672397091808735,673.4314174438672,509.25428815634746,0.020633982871950604,-0.11187011540779132,9.999669857754574,0.38752509665341367,0.9412536760256474
CC1CN(C(=O)OC(C)(C)C)CC(C)N1.O=C(Cl)C12CC3CC(CC(C3)C1)C2,-691.0263913969521,2.352066193227905,4081.7990938755374,2293.1696695417604,0.34807761549738336,2.1753944776522203,0.0869416221770467,0.14114863636551953,-0.22809025854256626,214.307,1873.451278569728,-0.5766604471651173,0.004017104549039529,0.016177668358175325,-0.34354872020333493,1.9991234025034244,-0.30493664175490776,26.104687291914633,194.15516725026814,0.016279555186294037,-0.7404868439932903,1.9992951035356514,0.6159134371445534,-962.581811,3.0439,2417.6329,1837.01,0.2551,3.1191,0.16248,0.12827,-0.29075,-0.03421,198.6919,1506.761,-0.109963,-0.417603,0.01866,-0.12505,1.99879,47.667,144.0592,0.8325991189427313,1.135254,0.136483,0.05847,0.25586,1.99893,0.339763,94.9955,11.4326,0.06189,0.61891,1.99899,0.6260226557583386,-0.055463,1.99969,-0.134531,703.9745,-206.4244,0.01198,-0.49526,0.4133102580239144,-0.495051,-0.246408,649.7835,526.6917,0.01986,-0.11707,9.99965,0.4122089364380113,0.8391644082896069
CC1CN(C(=O)OC(C)(C)C)CC(C)N1.O=C(Cl)C=Cc1ccccc1,-691.0263913969521,2.352066193227905,4081.7990938755374,2293.1696695417604,0.34807761549738336,2.1753944776522203,0.0869416221770467,0.14114863636551953,-0.22809025854256626,214.307,1873.451278569728,-0.5766604471651173,0.004017104549039529,0.016177668358175325,-0.34354872020333493,1.9991234025034244,-0.30493664175490776,26.104687291914633,194.15516725026814,0.016279555186294037,-0.7404868439932903,1.9992951035356514,0.6159134371445534,-881.7076424349888,1.4583330632451224,3001.2649234041864,1257.7523733779365,0.14500556194108782,4.007677662728389,0.18097215746167145,0.08464781157985767,-0.2656199690415291,-0.09632434588181382,166.6067,1318.0489361294021,-0.6487631505721401,-0.11180734591608987,0.015986889213416643,-0.40177837436797814,1.9988062506712867,97.67235097153285,72.11756207665134,0.5471110545535718,1.594812176212798,0.21686245915706964,0.047810688301961585,0.3951780161227317,1.9990600002421206,0.2773765541231414,79.2212823091358,26.059164333630676,0.05162692895158519,0.5406730279839103,1.9991162506021094,0.518506511257886,-0.01080933265076242,1.99969,-0.1561087210570263,684.9150017741213,-177.68841986288376,0.012026865077963791,-0.508001072172739,0.3739683515791476,-0.5679760192194105,-0.25474012890245074,721.0320699222212,470.0895892939961,0.02118627173739866,-0.11190134066066033,9.99965374939789,0.36138049216617174,2.233148233611717
CC1CN(C(=O)OC(C)(C)C)CC(C)N1.O=C(Cl)c1ccc(-c2ccccc2)cc1,-691.0263913969521,2.352066193227905,4081.7990938755374,2293.1696695417604,0.34807761549738336,2.1753944776522203,0.0869416221770467,0.14114863636551953,-0.22809025854256626,214.307,1873.451278569728,-0.5766604471651173,0.004017104549039529,0.016177668358175325,-0.34354872020333493,1.9991234025034244,-0.30493664175490776,26.104687291914633,194.15516725026814,0.016279555186294037,-0.7404868439932903,1.9992951035356514,0.6159134371445534,-1035.081421,13.748,5091.4627,1754.559,0.195241,4.008,0.17202,0.08703,-0.25905,-0.08499,216.6665,1648.5790000000002,-0.476397,-0.069238,0.01931,-0.13635,1.99876,146.3066,63.2115,0.6453744493392071,1.557555,0.237449,0.05246,0.45217,1.99908,0.313028,86.8115,23.8787,0.05251,0.56896,1.99906,0.5493234738829452,-0.197972,1.99969,-0.14352,696.741,-187.3885,0.012,-0.50251,0.38569855254877283,-0.528893,-0.251945,650.7091,526.9992,0.02088,-0.10309,9.99966,0.38223725613593457,1.1612795699771183
CC1CN(C(=O)OC(C)(C)C)CC(C)N1.O=C(Cl)c1ccc(Br)cc1,-691.0263913969521,2.352066193227905,4081.7990938755374,2293.1696695417604,0.34807761549738336,2.1753944776522203,0.0869416221770467,0.14114863636551953,-0.22809025854256626,214.307,1873.451278569728,-0.5766604471651173,0.004017104549039529,0.016177668358175325,-0.34354872020333493,1.9991234025034244,-0.30493664175490776,26.104687291914633,194.15516725026814,0.016279555186294037,-0.7404868439932903,1.9992951035356514,0.6159134371445534,-3377.857666,2.1799,3388.6568,1232.628,0.100324,2.0328,0.18545,0.09516000000000002,-0.28061,-0.09029,219.465,1258.854,-0.39698,-0.055564,0.01694,-0.19555,1.99875,149.5302,63.26,0.645846444304594,1.462386,0.217711,0.04852,0.3717,1.99904,0.315275,85.0022,24.181,0.05263,0.56687,1.99907,0.5486154814348647,-0.010299,1.9997,-0.140191,709.2575,-191.8647,0.01202,-0.49899,0.38719320327249845,-0.500793,-0.242085,647.9072,524.2242,0.02118,-0.09299,9.99965,0.382001258653241,1.3881801713039188
CC1CN(C(=O)OC(C)(C)C)CC(C)N1.O=C(Cl)c1ccc(C(F)(F)F)cc1,-691.0263913969521,2.352066193227905,4081.7990938755374,2293.1696695417604,0.34807761549738336,2.1753944776522203,0.0869416221770467,0.14114863636551953,-0.22809025854256626,214.307,1873.451278569728,-0.5766604471651173,0.004017104549039529,0.016177668358175325,-0.34354872020333493,1.9991234025034244,-0.30493664175490776,26.104687291914633,194.15516725026814,0.016279555186294037,-0.7404868439932903,1.9992951035356514,0.6159134371445534,-1141.009328,3.3671,3493.4189,1579.5935,0.117803,1.0538,0.202225,0.10366500000000001,-0.30589,-0.09856,208.5672,1203.002,-0.281208,-0.066681,0.01707,-0.18876,1.99875,151.6583,59.3407,0.6463184392699811,1.375664,0.226354,0.04856,0.38009,1.99904,0.318189,83.9248,23.6216,0.05264,0.56628,1.99908,0.5490874764002517,-0.003696,1.9997,-0.135777,725.5918,-200.3338,0.01205,-0.49428,0.3871145374449339,-0.48031,-0.234509,646.3328,518.8401,0.02137,-0.08533,9.99964,0.38239458779106356,2.5383644107322194
CC1CN(C(=O)OC(C)(C)C)CC(C)N1.O=C(Cl)c1ccc(Cl)cc1,-691.0263913969521,2.352066193227905,4081.7990938755374,2293.1696695417604,0.34807761549738336,2.1753944776522203,0.0869416221770467,0.14114863636551953,-0.22809025854256626,214.307,1873.451278569728,-0.5766604471651173,0.004017104549039529,0.016177668358175325,-0.34354872020333493,1.9991234025034244,-0.30493664175490776,26.104687291914633,194.15516725026814,0.016279555186294037,-0.7404868439932903,1.9992951035356514,0.6159134371445534,-1263.981948,2.0754,2495.0487,918.639,0.100727,2.063,0.18674,0.09755,-0.28429,-0.08919,175.014,1159.235,-0.395009,-0.059104,0.01687,-0.19718,1.99875,148.1762,63.8432,0.6469477658904972,1.447541,0.216306,0.04848,0.37028,1.99904,0.314974,85.26,24.3534,0.05263,0.56696,1.99907,0.5487728130899937,-0.010873,1.9997,-0.140838,706.9426,-190.8553,0.01202,-0.49966,0.38719320327249845,-0.497634,-0.243186,647.8379,524.4538,0.02115,-0.09408,9.99965,0.38231592196349906,1.078128550101312
CC1CN(C(=O)OC(C)(C)C)CC(C)N1.O=C(Cl)c1ccc(Cl)cc1Cl,-691.0263913969521,2.352066193227905,4081.7990938755374,2293.1696695417604,0.34807761549738336,2.1753944776522203,0.0869416221770467,0.14114863636551953,-0.22809025854256626,214.307,1873.451278569728,-0.5766604471651173,0.004017104549039529,0.016177668358175325,-0.34354872020333493,1.9991234025034244,-0.30493664175490776,26.104687291914633,194.15516725026814,0.016279555186294037,-0.7404868439932903,1.9992951035356514,0.6159134371445534,-1723.4939374606504,1.2883800810490484,2980.2158268029457,1474.2397074519768,0.09215022714359405,2.4027020201639373,0.1889194293631092,0.09675937747005803,-0.28567880683316726,-0.09216005189305122,209.45909999999998,1522.9075142418037,-0.4253249866263163,-0.07327173319778336,0.019400577896779823,-0.2055589686983824,1.9986567970101383,141.94229947990505,63.78112283667599,0.6720934400530437,1.383887345120303,0.20099762442309496,0.051071825734569344,0.377952249212696,1.9990716014949308,0.30132847764488324,89.17290808438919,26.71033238705266,0.053662067271891524,0.5672160495446766,1.9991067970101382,0.5710416884369257,-0.02376615770075898,1.9996899999999997,-0.12318614046610027,738.0003184385099,-221.68962119212986,0.01246359402027631,-0.4777808249899132,0.41465210131273,-0.4997364317231278,-0.23461153961306366,691.034157820026,475.66836513053863,0.02126264516867135,-0.09382789320718006,9.999653594020277,0.3876269732870548,1.9710897797707936
CC1CN(C(=O)OC(C)(C)C)CC(C)N1.O=C(Cl)c1ccc(F)cc1,-691.0263913969521,2.352066193227905,4081.7990938755374,2293.1696695417604,0.34807761549738336,2.1753944776522203,0.0869416221770467,0.14114863636551953,-0.22809025854256626,214.307,1873.451278569728,-0.5766604471651173,0.004017104549039529,0.016177668358175325,-0.34354872020333493,1.9991234025034244,-0.30493664175490776,26.104687291914633,194.15516725026814,0.016279555186294037,-0.7404868439932903,1.9992951035356514,0.6159134371445534,-903.560911,1.3905,1932.8255,1039.562,0.101816,2.1677,0.18521500000000002,0.102935,-0.28815,-0.08228,158.5594,1118.02,-0.402654,-0.063696,0.0167,-0.20093,1.99875,144.8678,66.2483,0.6475770925110133,1.405945,0.206459,0.0484,0.35807,1.99903,0.313827,86.1662,24.8469,0.05265,0.56797,1.99907,0.5505034612964128,-0.01578,1.9997,-0.143118,697.5602,-186.3864,0.01202,-0.50216,0.38735053492762744,-0.489988,-0.246855,647.3665,526.5674,0.02105,-0.09791,9.99965,0.38247325361862805,1.2235683631981462
CC1CN(C(=O)OC(C)(C)C)CC(C)N1.O=C(Cl)c1ccc(F)cc1F,-691.0263913969521,2.352066193227905,4081.7990938755374,2293.1696695417604,0.34807761549738336,2.1753944776522203,0.0869416221770467,0.14114863636551953,-0.22809025854256626,214.307,1873.451278569728,-0.5766604471651173,0.004017104549039529,0.016177668358175325,-0.34354872020333493,1.9991234025034244,-0.30493664175490776,26.104687291914633,194.15516725026814,0.016279555186294037,-0.7404868439932903,1.9992951035356514,0.6159134371445534,-1002.6542594723891,1.5628342043633043,2120.324392652248,1108.7274438818417,0.09460995236304569,2.9002627333284448,0.18897774100507306,0.1031808922527925,-0.29215863325786556,-0.08579684875228055,176.5499,1217.2759401612166,-0.4762535813565251,-0.14156288723632596,0.01749714178274225,-0.2655723345228288,1.9987275595461926,125.52130121331402,76.87735232825071,0.6601959388546843,1.4011957195348994,0.21017866036864236,0.05033202645075863,0.3574196198405706,1.999092440453807,0.31311296107594244,89.14458035729169,29.976610165880096,0.053738691863957924,0.5602134195157078,1.9991175595461927,0.5592025931930473,-0.0013660944016755583,1.999692440453807,-0.12574949132688037,715.3363046299694,-206.25609228525013,0.012154107747207482,-0.4855636222965187,0.4016195195314515,-0.4835200440528855,-0.24479578722213755,687.6901003715086,492.5449564929477,0.021139816660918742,-0.0970344038983523,9.99966023818477,0.38741746794270504,2.2769825640923824
CC1CN(C(=O)OC(C)(C)C)CC(C)N1.O=C(Cl)c1ccc(OC(F)(F)F)cc1,-691.0263913969521,2.352066193227905,4081.7990938755374,2293.1696695417604,0.34807761549738336,2.1753944776522203,0.0869416221770467,0.14114863636551953,-0.22809025854256626,214.307,1873.451278569728,-0.5766604471651173,0.004017104549039529,0.016177668358175325,-0.34354872020333493,1.9991234025034244,-0.30493664175490776,26.104687291914633,194.15516725026814,0.016279555186294037,-0.7404868439932903,1.9992951035356514,0.6159134371445534,-1216.116295,1.9373,4202.2051,1483.97,0.123247,2.1043,0.18684,0.10098000000000001,-0.28782,-0.08586,224.5666,1686.329,-0.41883,-0.055985,0.01693,-0.20009,1.99875,144.7474,65.8979,0.6455317809943361,1.437835,0.211505,0.04838,0.36227,1.99903,0.315037,85.8367,24.8444,0.0526,0.56737,1.99907,0.5483008181246066,-0.013036,1.9997,-0.141975,702.237,-188.2112,0.01203,-0.50095,0.3865638766519824,-0.492427,-0.24471,647.5785,525.941,0.02111,-0.09583,9.99965,0.382001258653241,1.349806213140085
CC1CN(C(=O)OC(C)(C)C)CC(C)N1.O=C(Cl)c1ccc(SC(F)(F)F)cc1,-691.0263913969521,2.352066193227905,4081.7990938755374,2293.1696695417604,0.34807761549738336,2.1753944776522203,0.0869416221770467,0.14114863636551953,-0.22809025854256626,214.307,1873.451278569728,-0.5766604471651173,0.004017104549039529,0.016177668358175325,-0.34354872020333493,1.9991234025034244,-0.30493664175490776,26.104687291914633,194.15516725026814,0.016279555186294037,-0.7404868439932903,1.9992951035356514,0.6159134371445534,-1539.108656,10.93545,4535.03445,1625.511,0.120362,1.4151,0.19517500000000002,0.09453500000000001,-0.28971,-0.10064,240.6272,1337.92,-0.29784849999999996,-0.0998015,0.01897,-0.20292,1.99876,153.6659,59.602199999999996,0.6472624292007552,1.4163860000000001,0.25255150000000004,0.05244,0.4746,1.99909,0.3170855,83.78805,23.4428,0.05266,0.56606,1.99908,0.5502674638137193,-0.18941449999999999,1.99969,-0.1355175,726.435,-201.13459999999998,0.01204,-0.49415,0.3878618628067967,-0.49045249999999996,-0.234585,646.7714000000001,518.4003,0.02136,-0.08533,9.99964,0.38333857772183766,1.8334632332387368
CC1CN(C(=O)OC(C)(C)C)CC(C)N1.O=C(Cl)c1ccc([N+](=O)[O-])cc1,-691.0263913969521,2.352066193227905,4081.7990938755374,2293.1696695417604,0.34807761549738336,2.1753944776522203,0.0869416221770467,0.14114863636551953,-0.22809025854256626,214.307,1873.451278569728,-0.5766604471651173,0.004017104549039529,0.016177668358175325,-0.34354872020333493,1.9991234025034244,-0.30493664175490776,26.104687291914633,194.15516725026814,0.016279555186294037,-0.7404868439932903,1.9992951035356514,0.6159134371445534,-1008.649643,2.8883,2934.3431,1429.187,0.114492,1.9316,0.21973499999999999,0.09540499999999999,-0.31514,-0.12433,185.5665,1180.633,-0.243545,-0.095972,0.01759,-0.19498,1.99875,153.1256,57.3166,0.6472624292007552,1.373848,0.307302,0.05273,0.54955,1.99909,0.319677,82.3735,23.8112,0.0527,0.56324,1.99908,0.5486154814348647,-0.149197,1.99968,-0.131168,741.5805,-208.9034,0.01209,-0.49014,0.3881371932032725,-0.473753,-0.225712,643.2683,512.101,0.02162,-0.07607,9.99964,0.38215859030837,2.431209567716288
CC1CN(C(=O)OC(C)(C)C)CC(C)N1.O=C(Cl)c1ccc2ccccc2c1,-691.0263913969521,2.352066193227905,4081.7990938755374,2293.1696695417604,0.34807761549738336,2.1753944776522203,0.0869416221770467,0.14114863636551953,-0.22809025854256626,214.307,1873.451278569728,-0.5766604471651173,0.004017104549039529,0.016177668358175325,-0.34354872020333493,1.9991234025034244,-0.30493664175490776,26.104687291914633,194.15516725026814,0.016279555186294037,-0.7404868439932903,1.9992951035356514,0.6159134371445534,-957.8231548793865,8.942984281922897,3120.642424188284,1617.483620444743,0.15897933382482796,3.963189472116048,0.1688166691241398,0.08189167649655926,-0.25070834562069905,-0.08692499262758055,190.6287,1577.0617708477648,-0.406241613979723,-0.0853495998229043,0.01913813624300125,-0.18617714833386767,1.9987759805367138,143.21741244463914,64.17324326159877,0.6477991941427841,1.4941111495158192,0.2417364895313614,0.05284029194928839,0.45526854910095393,1.9990940194632858,0.3139393768798561,87.57417048040392,23.502188115581014,0.052508428192289645,0.5698158832202846,1.9990640194632858,0.5497785108064259,-0.20163146446439634,1.9996899999999997,-0.14309156915373786,699.7480535233219,-189.1846326741985,0.01198794161014232,-0.5022111235626368,0.38731661884381463,-0.5121153102357949,-0.2502995078146661,650.3423603945448,527.1525046879868,0.020885980536714102,-0.10191680330266659,9.999655980536714,0.3832938279780859,0.720299451443908
CC1CN(C(=O)OC(C)(C)C)CC(C)N1.O=C(Cl)c1cccc2ccccc12,-691.0263913969521,2.352066193227905,4081.7990938755374,2293.1696695417604,0.34807761549738336,2.1753944776522203,0.0869416221770467,0.14114863636551953,-0.22809025854256626,214.307,1873.451278569728,-0.5766604471651173,0.004017104549039529,0.016177668358175325,-0.34354872020333493,1.9991234025034244,-0.30493664175490776,26.104687291914633,194.15516725026814,0.016279555186294037,-0.7404868439932903,1.9992951035356514,0.6159134371445534,-957.8186401303651,7.76497366122391,2727.8224101566643,1452.655905920424,0.1591435410273463,3.138155778233965,0.17141258730322817,0.07978083346207067,-0.2511934207652988,-0.09163175384115753,190.62869999999998,1654.673933628048,-0.3606608914538662,-0.060651833547166085,0.019562781082751415,-0.15268271376427908,1.9987499999999998,140.36828004155382,67.13279503149818,0.67083710319587,1.4184804447627122,0.24250688344425783,0.05177296194712997,0.4757362417913853,1.9991198794237475,0.3059404481129295,90.28639256302401,23.548420283844816,0.051731334167722944,0.5763399240539799,1.9990998794237473,0.5737331192431018,-0.21399212998145925,1.9996800602881257,-0.14835273747499386,677.8735529026063,-199.8173439886677,0.012231266050649904,-0.5084526793064421,0.42167378684587214,-0.536095752759764,-0.25799595608850817,690.7625756377732,499.1303403904185,0.020573617287571157,-0.11333870811906079,9.999669879423749,0.38839317125744705,0.6193586587152295
CC1CN(C(=O)OC(C)(C)C)CC(C)N1.O=C(Cl)c1ccccc1,-691.0263913969521,2.352066193227905,4081.7990938755374,2293.1696695417604,0.34807761549738336,2.1753944776522203,0.0869416221770467,0.14114863636551953,-0.22809025854256626,214.307,1873.451278569728,-0.5766604471651173,0.004017104549039529,0.016177668358175325,-0.34354872020333493,1.9991234025034244,-0.30493664175490776,26.104687291914633,194.15516725026814,0.016279555186294037,-0.7404868439932903,1.9992951035356514,0.6159134371445534,-804.46025,0.6975,1464.397,1335.877,0.109113,3.4435,0.18524,0.10419999999999999,-0.28944,-0.08104,140.5689,1259.541,-0.319057,-0.06921,0.01701,-0.18925,1.99875,150.2369,61.7104,0.6467904342353682,1.381429,0.207568,0.04848,0.36494,1.99903,0.313396,86.434,23.3461,0.05259,0.56996,1.99907,0.5492448080553808,-0.014961,1.9997,-0.142092,704.1163,-190.2727,0.012,-0.50042,0.3867212083071114,-0.491795,-0.248031,648.8095,526.2085,0.02098,-0.09932,9.99965,0.38247325361862805,0.9086139136323076
CC1CN(C(=O)OC(C)(C)C)CC(C)N1.O=C(Cl)c1ccco1,-691.0263913969521,2.352066193227905,4081.7990938755374,2293.1696695417604,0.34807761549738336,2.1753944776522203,0.0869416221770467,0.14114863636551953,-0.22809025854256626,214.307,1873.451278569728,-0.5766604471651173,0.004017104549039529,0.016177668358175325,-0.34354872020333493,1.9991234025034244,-0.30493664175490776,26.104687291914633,194.15516725026814,0.016279555186294037,-0.7404868439932903,1.9992951035356514,0.6159134371445534,-802.2749436403665,0.9628803601977091,1106.8639320512225,837.4781616717298,0.07810627687091332,4.223320701907314,0.17692659069992278,0.09926084693630044,-0.2761874376362232,-0.07766574376362233,130.53050000000002,1023.5943809662729,-0.2571876525553629,0.07456587223868763,0.028521784583548964,0.16679427666839172,1.9986394965983396,84.42036001940463,48.795129254280766,0.6092274123751691,1.4654626254563974,0.18523025001857074,0.045608009071094816,0.29806073691619983,1.9990367505669435,0.28778355340700085,80.27414887766211,36.27046418281246,0.04943652154385018,0.5133097981460898,1.9990600000000003,0.5273364642768135,-0.01243844273116867,1.999706750566944,-0.14375068628124404,690.1763189879638,-171.46429701179642,0.012345972786715571,-0.4947455057576371,0.3678338463825751,-0.4709219205838191,-0.23281669984785022,670.2421570172194,515.4998959950124,0.022066292520756925,-0.08390614500521279,9.99965324943306,0.373560076402609,1.7973242745473548
CC1CN(C(=O)OC(C)(C)C)CC(C)N1.O=C(Cl)c1cccs1,-691.0263913969521,2.352066193227905,4081.7990938755374,2293.1696695417604,0.34807761549738336,2.1753944776522203,0.0869416221770467,0.14114863636551953,-0.22809025854256626,214.307,1873.451278569728,-0.5766604471651173,0.004017104549039529,0.016177668358175325,-0.34354872020333493,1.9991234025034244,-0.30493664175490776,26.104687291914633,194.15516725026814,0.016279555186294037,-0.7404868439932903,1.9992951035356514,0.6159134371445534,-1125.2983746590153,0.8989004644803423,1318.760431390368,1051.8664137490334,0.07514125703092484,3.9869099489807027,0.1825097879616161,0.09715189528668504,-0.27966168324830115,-0.08535789267493107,146.5911,967.0850566647645,-0.36846109931444926,-0.017428701234791306,0.01983363911738161,-0.3620010732506892,1.9987481652957104,92.68784922793068,54.81236467913048,0.6462467515807672,1.4370241272768098,0.2224287020695229,0.04673669408579305,0.36090770231153096,1.9989036391173816,0.30910380250162073,80.55742798492986,32.972354231999795,0.05245018174718617,0.5457332583905814,1.9989436391173816,0.5414205707054607,-0.010696796550940281,1.9997,-0.1456564430324384,653.6458953915552,-169.41871646632262,0.012134495887131043,-0.5017229207448509,0.3800545942263263,-0.48442835604958645,-0.24229535996721743,702.4773700234127,507.97409032060614,0.02155,-0.09357010393236291,9.999647278234763,0.38004302083175984,1.1568825690463391
CCCCCCCc1ccc(N)cc1.CC(=O)Cl,-561.6128060398643,3.0792376876293797,5804.7041381617855,2010.165939061204,0.3322806715295631,1.4409736942119014,0.10010097646689921,0.1023112706734529,-0.2024122471403521,191.3156,1974.8201924670266,-0.7391835856845291,-0.044484507040689916,0.010502271710003935,-0.6478838988769947,1.99927,-0.14420883913379043,80.91917827743163,201.59110480355048,0.01168,-0.817197125216363,1.99931,0.3754040409810431,-613.070645,1.8407,361.1538,589.647,0.051921,2.5752,0.17481000000000002,0.13476,-0.30957,-0.04005,78.4981,543.096,-0.16842,-0.019931,0.00801,-0.68972,1.99914,58.3883,161.9989,0.3882945248584015,1.19561,-0.022262,0.04824,0.23014,1.99928,0.181407,78.3666,21.3299,0.05149,0.57826,1.99927,0.49370673379483954,-0.031774,1.99969,-0.138192,709.0371,-224.4771,0.01248,-0.48574,0.3472309628697294,-0.497062,-0.249833,776.7802,462.7909,0.02158,-0.12005,9.99964,0.3590308370044053,3.3412931756246875
CCCCCCCc1ccc(N)cc1.CC(C)(C)C(=O)Cl,-561.6128060398643,3.0792376876293797,5804.7041381617855,2010.165939061204,0.3322806715295631,1.4409736942119014,0.10010097646689921,0.1023112706734529,-0.2024122471403521,191.3156,1974.8201924670266,-0.7391835856845291,-0.044484507040689916,0.010502271710003935,-0.6478838988769947,1.99927,-0.14420883913379043,80.91917827743163,201.59110480355048,0.01168,-0.817197125216363,1.99931,0.3754040409810431,-730.74792,2.2489,944.8434,987.864,0.140866,2.7537,0.1676,0.13162,-0.29922,-0.03598,120.5785,1095.631,-0.002895,-0.401545,0.01495,-0.12509,1.99882,43.2203,145.8968,0.7474826935179358,1.086134,0.105519,0.05777,0.24151,1.999,0.311319,92.3348,10.4385,0.06159,0.60184,1.99904,0.6241346758967904,-0.044561,1.99969,-0.134635,702.0892,-210.5595,0.01227,-0.49442,0.4129955947136564,-0.486258,-0.243396,657.1407,517.8314,0.02014,-0.11423,9.99964,0.4117369414726243,2.189884154140873
CCCCCCCc1ccc(N)cc1.CC(C)(C)c1ccc(C(=O)Cl)cc1,-561.6128060398643,3.0792376876293797,5804.7041381617855,2010.165939061204,0.3322806715295631,1.4409736942119014,0.10010097646689921,0.1023112706734529,-0.2024122471403521,191.3156,1974.8201924670266,-0.7391835856845291,-0.044484507040689916,0.010502271710003935,-0.6478838988769947,1.99927,-0.14420883913379043,80.91917827743163,201.59110480355048,0.01168,-0.817197125216363,1.99931,0.3754040409810431,-961.3640173962594,0.8439951331320028,3736.8617162104047,1666.1327468680736,0.22702856304127478,4.218331555187393,0.1765543462087611,0.10122506668047276,-0.2777794128892339,-0.07532927952828836,196.6761,1756.2896208656803,-0.4178817038419192,-0.05493930742117488,0.01711,-0.19114765846693713,1.9987399999999997,145.50595114472912,64.19142355353065,0.6443475428431109,1.4770539433619239,0.2047373555601576,0.04842981988207208,0.3621147765800905,1.9990249099410362,0.31251209335266183,87.58830934681762,23.936423813800438,0.05250472982310813,0.5711581988207208,1.99906,0.5483809008647571,-0.017174605652256175,1.9997,-0.14438870176891871,691.262978378876,-184.8857997811485,0.01198,-0.5034901801179279,0.385780052201509,-0.5155604648516117,-0.2547429379952255,652.1694292748869,528.6326041804466,0.020760180117927914,-0.10642675787729755,9.99966,0.38215008883285495,1.4285596292072016
CCCCCCCc1ccc(N)cc1.CC(C)C(=O)Cl,-561.6128060398643,3.0792376876293797,5804.7041381617855,2010.165939061204,0.3322806715295631,1.4409736942119014,0.10010097646689921,0.1023112706734529,-0.2024122471403521,191.3156,1974.8201924670266,-0.7391835856845291,-0.044484507040689916,0.010502271710003935,-0.6478838988769947,1.99927,-0.14420883913379043,80.91917827743163,201.59110480355048,0.01168,-0.817197125216363,1.99931,0.3754040409810431,-691.5212651203827,2.1259058055730957,774.3015688508707,791.3296195399124,0.11183604170191642,2.7012129828698455,0.17010773050232164,0.13244814752148587,-0.3025558780238075,-0.0376595829808358,106.5517,975.6940716840189,-0.024167191055353945,-0.17073551463321235,0.013924490779907133,-0.30198609076336,1.998945169740031,48.80721556952866,147.29575347812465,0.6314692916962978,1.1238819960085888,0.04858485903341499,0.0550134723397214,0.23591374372657942,1.9991075848700155,0.25247221421848887,88.59731276692389,12.733502739310532,0.0582213191506965,0.5944755962050935,1.9991375848700155,0.5800598381088926,-0.041438333812522876,1.99969,-0.1376712573166062,707.048479399112,-210.10582375691683,0.012389359809427323,-0.49276171727806395,0.39244024014119183,-0.49584497796278615,-0.2460183941104488,714.2513821331088,492.33222075195357,0.020564830259969046,-0.11847795268777256,9.99964,0.38745155439779033,2.9082343098208767
CCCCCCCc1ccc(N)cc1.CCC(C(=O)Cl)c1ccccc1,-561.6128060398643,3.0792376876293797,5804.7041381617855,2010.165939061204,0.3322806715295631,1.4409736942119014,0.10010097646689921,0.1023112706734529,-0.2024122471403521,191.3156,1974.8201924670266,-0.7391835856845291,-0.044484507040689916,0.010502271710003935,-0.6478838988769947,1.99927,-0.14420883913379043,80.91917827743163,201.59110480355048,0.01168,-0.817197125216363,1.99931,0.3754040409810431,-922.1350941424333,4.569522987935531,2455.9020135917617,1503.8121474082207,0.19835830978909602,2.7196956404060453,0.15641062941202977,0.11147264569784315,-0.267883275109873,-0.044937983714186606,182.6493,1522.0795475579139,-0.04878392032155667,-0.06036727587828204,0.02106411226593012,-0.32502486318000223,1.99889,30.15305416820589,127.38872271494051,0.7227754446342497,1.1178043569820812,0.06601085036127433,0.056704631153088186,0.26634316303879657,1.999111010410588,0.2584528867848544,80.18911170349905,15.605117816098318,0.05923987339580025,0.5947519757187832,1.999131232884499,0.6209158445810388,-0.11952997468335282,1.999685360884168,-0.143804062173481,712.2092388306249,-204.0050258804775,0.012248062306486857,-0.5005021470911517,0.43435065207263357,-0.4765579049182884,-0.2283885640121543,717.517615534147,464.5850831441031,0.021029658300558765,-0.0958973312821047,9.99961558335808,0.388169114477217,3.3239190795875784
CCCCCCCc1ccc(N)cc1.CCCCC(=O)Cl,-561.6128060398643,3.0792376876293797,5804.7041381617855,2010.165939061204,0.3322806715295631,1.4409736942119014,0.10010097646689921,0.1023112706734529,-0.2024122471403521,191.3156,1974.8201924670266,-0.7391835856845291,-0.044484507040689916,0.010502271710003935,-0.6478838988769947,1.99927,-0.14420883913379043,80.91917827743163,201.59110480355048,0.01168,-0.817197125216363,1.99931,0.3754040409810431,-730.7450150574017,2.090291331652506,1341.9302009057062,994.4515719835497,0.1418835432507869,2.6086344119789233,0.1712263701297755,0.1335958284882569,-0.3048221986180324,-0.037630541641518626,120.57850000000002,1041.7633434165296,-0.09671197627204661,0.007804712444770221,0.014038775373839806,-0.4880626302178358,1.9990404359511826,56.464141490849684,147.1293956944729,0.5593904691258827,1.1789239078387639,0.007528819367576247,0.05127629781296082,0.23642929006115296,1.9991881569913779,0.21380243779784716,82.77940616490689,16.660432212862794,0.05512335177243502,0.588506474333033,1.999198156991378,0.5578940906295883,-0.04184591941059398,1.9996900000000002,-0.14164929933233972,714.7961360943984,-212.9005115825591,0.012188685583343585,-0.49471489576310834,0.3995731427490579,-0.5163867508662023,-0.24523050175144934,770.1191505493439,470.94318983615574,0.020878088448009844,-0.11732762706245506,9.999642023227146,0.3671949651309757,3.010299956639812
CCCCCCCc1ccc(N)cc1.CCCCC(CC)C(=O)Cl,-561.6128060398643,3.0792376876293797,5804.7041381617855,2010.165939061204,0.3322806715295631,1.4409736942119014,0.10010097646689921,0.1023112706734529,-0.2024122471403521,191.3156,1974.8201924670266,-0.7391835856845291,-0.044484507040689916,0.010502271710003935,-0.6478838988769947,1.99927,-0.14420883913379043,80.91917827743163,201.59110480355048,0.01168,-0.817197125216363,1.99931,0.3754040409810431,-848.4194799426583,2.1267217278302994,2464.267019669444,1500.231394373068,0.23155073390523292,2.677801397359587,0.16853390822493342,0.13085299777436263,-0.29938690599929607,-0.037680910450570794,162.6589,1466.9452087716104,-0.0842353595837951,-0.12303181060215712,0.01891789249052634,-0.29470057863953375,1.9989210580785208,30.751430758385847,131.96111134930018,0.7081076322850737,1.1146350543229737,0.04049639435702823,0.05769645486653496,0.23430779863995022,1.999079831858541,0.2342915125830618,79.28964453295023,10.72058245681579,0.06134362576284608,0.5865793709141864,1.999110961152719,0.6405613297343266,-0.04916664952674792,1.9996827557665517,-0.14383461934649713,723.1028236690747,-205.35061664385827,0.012373376332512752,-0.5004955405011925,0.44056690495066464,-0.4902433087740082,-0.23982660938031483,795.885334662436,424.81685121337784,0.02061303988994313,-0.10758898034704956,9.999627692135396,0.39206250471260456,1.6633676699529385
CCCCCCCc1ccc(N)cc1.CCCCCCC(=O)Cl,-561.6128060398643,3.0792376876293797,5804.7041381617855,2010.165939061204,0.3322806715295631,1.4409736942119014,0.10010097646689921,0.1023112706734529,-0.2024122471403521,191.3156,1974.8201924670266,-0.7391835856845291,-0.044484507040689916,0.010502271710003935,-0.6478838988769947,1.99927,-0.14420883913379043,80.91917827743163,201.59110480355048,0.01168,-0.817197125216363,1.99931,0.3754040409810431,-809.1928450186999,2.191972683108519,2694.585979207065,1390.3008597551361,0.20178400746022246,2.7244460547894533,0.17032995662812994,0.13265533018130402,-0.30298528680943393,-0.03767462644682591,148.63210000000004,1261.5194415620172,-0.09799205324244195,0.017531207143586563,0.014411268813625472,-0.4870248810235342,1.9990360661441282,52.29176351269705,146.78208323625879,0.5553711533823926,1.1744333662866158,0.005174748608251482,0.05187764178651444,0.23654530602917653,1.9991838244073419,0.2092039866890283,82.95284094577164,16.8293560755272,0.055168636678038244,0.5896019425118675,1.9991965260075706,0.554803422626299,-0.04042034364900629,1.9996900000000004,-0.1394788994015972,704.4901204727937,-215.8672177680678,0.01234712539999367,-0.4919174099593421,0.38646821572942175,-0.5069924791734688,-0.24872178501458486,751.6188641806931,476.4115554370388,0.020814874094548554,-0.1210213165562404,9.999640000000001,0.3740534939797181,3.0319775014575177
CCCCCCCc1ccc(N)cc1.CCCCCCCCCCCC(=O)Cl,-561.6128060398643,3.0792376876293797,5804.7041381617855,2010.165939061204,0.3322806715295631,1.4409736942119014,0.10010097646689921,0.1023112706734529,-0.2024122471403521,191.3156,1974.8201924670266,-0.7391835856845291,-0.044484507040689916,0.010502271710003935,-0.6478838988769947,1.99927,-0.14420883913379043,80.91917827743163,201.59110480355048,0.01168,-0.817197125216363,1.99931,0.3754040409810431,-1005.3142281705781,2.051840846684475,7589.4788243149,2063.8977884186593,0.35148147884172565,2.580964688743521,0.17130593121998355,0.13237374139497904,-0.3036796726149626,-0.038932189825004494,218.76610000000002,2028.2284431012831,-0.09832466528407613,0.011300852452152831,0.014411262852878942,-0.4876371810409823,1.9990393233150183,54.09437145699512,147.61948876998457,0.5618015097823486,1.1889594778380719,0.0034922479456673456,0.05177155382090726,0.23634184011774262,1.9991781601252514,0.20777313911983045,80.09136057476589,16.11372837040959,0.05541338385685213,0.5883281241859004,1.999188590390622,0.5688480715114945,-0.04156562730035017,1.9996867476005615,-0.13988340193202087,708.4357928496703,-213.85227427913944,0.012237201999370216,-0.49679063701810433,0.4188836362668115,-0.5185254162381545,-0.24439257461254094,760.4693324636868,471.25224452499526,0.020883543820409477,-0.11594466851905619,9.999637177865932,0.3724491019162263,3.1449985304241705
CCCCCCCc1ccc(N)cc1.CCc1ccc(C(=O)Cl)cc1,-561.6128060398643,3.0792376876293797,5804.7041381617855,2010.165939061204,0.3322806715295631,1.4409736942119014,0.10010097646689921,0.1023112706734529,-0.2024122471403521,191.3156,1974.8201924670266,-0.7391835856845291,-0.044484507040689916,0.010502271710003935,-0.6478838988769947,1.99927,-0.14420883913379043,80.91917827743163,201.59110480355048,0.01168,-0.817197125216363,1.99931,0.3754040409810431,-882.914671,0.8056,2669.3825,1421.7125,0.168403,4.1213,0.17781,0.10156000000000001,-0.27937,-0.07625,168.6225,1314.007,-0.402094,-0.061786,0.01695,-0.19259,1.99875,146.8733,63.8668,0.6452957835116425,1.456055,0.205216,0.04843,0.36246,1.99903,0.312565,87.4623,23.8993,0.05253,0.57058,1.99906,0.5498741346758967,-0.017375,1.9997,-0.144731,691.6855,-184.816,0.01198,-0.50355,0.3866425424795469,-0.509939,-0.254084,651.6022,528.6102,0.02081,-0.10547,9.99966,0.38294524858401513,1.6266162600066298
CCCCCCCc1ccc(N)cc1.COc1cc(C(=O)Cl)cc(OC)c1OC,-561.6128060398643,3.0792376876293797,5804.7041381617855,2010.165939061204,0.3322806715295631,1.4409736942119014,0.10010097646689921,0.1023112706734529,-0.2024122471403521,191.3156,1974.8201924670266,-0.7391835856845291,-0.044484507040689916,0.010502271710003935,-0.6478838988769947,1.99927,-0.14420883913379043,80.91917827743163,201.59110480355048,0.01168,-0.817197125216363,1.99931,0.3754040409810431,-1147.3988728386491,9.590245055798524,4098.000453261923,1788.438858126628,0.21336973094695055,3.820453988387011,0.1589222523904965,0.08715554844614821,-0.2460778008366447,-0.07176670394434828,230.64750000000004,1702.8529527836297,-0.30062621086644153,-0.0505418648015625,0.01901263016358685,-0.16597456713914246,1.9988191465822256,138.9709269242885,66.29146063677923,0.6464282423283223,1.4648143543682646,0.20572451472928088,0.0527408394357223,0.4021922948019736,1.9991034206621257,0.30939671461077606,86.80447373218087,24.14315727612148,0.052543474138718856,0.5717040388310601,1.9990608534177752,0.5505070876792586,-0.22497649330386443,1.9997000000000003,-0.1474567049669537,690.2213647653614,-182.89085364682126,0.011964543057302771,-0.5069527124341651,0.38708728584549945,-0.5075244044704986,-0.2524332482777629,651.9670016723583,528.9051928576206,0.020845079417672406,-0.10312794717934845,9.999652567244352,0.38354454400728805,1.4540944848435775
CCCCCCCc1ccc(N)cc1.COc1ccc(C(=O)Cl)cc1,-561.6128060398643,3.0792376876293797,5804.7041381617855,2010.165939061204,0.3322806715295631,1.4409736942119014,0.10010097646689921,0.1023112706734529,-0.2024122471403521,191.3156,1974.8201924670266,-0.7391835856845291,-0.044484507040689916,0.010502271710003935,-0.6478838988769947,1.99927,-0.14420883913379043,80.91917827743163,201.59110480355048,0.01168,-0.817197125216363,1.99931,0.3754040409810431,-918.7794806452093,1.8095578782030461,2595.8845344392657,1351.432412177592,0.14413766686447077,4.69247217594736,0.16339189113066868,0.09466255858855176,-0.2580544497192204,-0.06872933254211694,170.5951,1330.3161569267518,-0.5316156870230284,-0.057328369918361544,0.01689,-0.20658333135529233,1.9987499999999998,139.08126280090607,69.5119016314473,0.6464023557102192,1.5082461480170826,0.19680829664503793,0.04825977751403898,0.35202155146760417,1.99902,0.30959364046198856,88.97441949403056,25.308381727266305,0.052509332542116934,0.5694617858218112,1.99905,0.5495559709571898,-0.023747567188664966,1.9997,-0.15034197745033262,671.7481042751876,-174.48073225064894,0.011970222485961022,-0.5095373064319758,0.38616179649303717,-0.5192249050540321,-0.26183382883983775,650.1022819991035,534.1770665455147,0.020634443785097444,-0.11341470187579644,9.99966,0.3827949177457842,1.1636418113863178
CCCCCCCc1ccc(N)cc1.Cc1ccc(C(=O)Cl)cc1,-561.6128060398643,3.0792376876293797,5804.7041381617855,2010.165939061204,0.3322806715295631,1.4409736942119014,0.10010097646689921,0.1023112706734529,-0.2024122471403521,191.3156,1974.8201924670266,-0.7391835856845291,-0.044484507040689916,0.010502271710003935,-0.6478838988769947,1.99927,-0.14420883913379043,80.91917827743163,201.59110480355048,0.01168,-0.817197125216363,1.99931,0.3754040409810431,-843.690474,0.7847,2037.6054,1331.695,0.138241,4.0826,0.17777500000000002,0.101495,-0.27927,-0.07628,154.5957,957.156,-0.396447,-0.063926,0.01695,-0.19369,1.99875,146.8166,64.1383,0.6464757709251101,1.444549,0.205095,0.0484,0.3622,1.99903,0.312699,87.2722,23.9815,0.05251,0.57046,1.99906,0.5497954688483323,-0.017809,1.9997,-0.144896,691.7944,-184.7633,0.01198,-0.50358,0.3868785399622404,-0.507387,-0.254103,652.0078,529.0068,0.02081,-0.10548,9.99966,0.38231592196349906,1.647753275172258
CCCCCCCc1ccc(N)cc1.Cc1ccccc1C(=O)Cl,-561.6128060398643,3.0792376876293797,5804.7041381617855,2010.165939061204,0.3322806715295631,1.4409736942119014,0.10010097646689921,0.1023112706734529,-0.2024122471403521,191.3156,1974.8201924670266,-0.7391835856845291,-0.044484507040689916,0.010502271710003935,-0.6478838988769947,1.99927,-0.14420883913379043,80.91917827743163,201.59110480355048,0.01168,-0.817197125216363,1.99931,0.3754040409810431,-843.6875560574109,0.11441203094299326,1727.5775237937205,1185.5250490989843,0.13826824892949693,2.9335652803962233,0.17744671457012706,0.09930211916386854,-0.2767488337339956,-0.07814459540625854,154.5957,1206.8423660351868,-0.3609323356612174,-0.04382074162750573,0.017399388198169285,-0.18550015969286923,1.99871,143.88919896912307,63.72922694533436,0.6763989980060084,1.3794532603765848,0.17964343533990834,0.04829439509069746,0.3670932883597818,1.9990500711227133,0.2936090109211529,86.60514481931877,23.749668767244493,0.051918321357468225,0.5733261876760661,1.9990899288772865,0.5774004604109436,-0.03147546807824839,1.9996999288772865,-0.14907075579200177,701.4520483596131,-205.6625805599628,0.012379573263719579,-0.5042245104984888,0.4371025917512716,-0.51174269585703,-0.25672397091808735,673.4314174438672,509.25428815634746,0.020633982871950604,-0.11187011540779132,9.999669857754574,0.38752509665341367,1.7574988907994369
CCCCCCCc1ccc(N)cc1.O=C(Cl)C12CC3CC(CC(C3)C1)C2,-561.6128060398643,3.0792376876293797,5804.7041381617855,2010.165939061204,0.3322806715295631,1.4409736942119014,0.10010097646689921,0.1023112706734529,-0.2024122471403521,191.3156,1974.8201924670266,-0.7391835856845291,-0.044484507040689916,0.010502271710003935,-0.6478838988769947,1.99927,-0.14420883913379043,80.91917827743163,201.59110480355048,0.01168,-0.817197125216363,1.99931,0.3754040409810431,-962.581811,3.0439,2417.6329,1837.01,0.2551,3.1191,0.16248,0.12827,-0.29075,-0.03421,198.6919,1506.761,-0.109963,-0.417603,0.01866,-0.12505,1.99879,47.667,144.0592,0.8325991189427313,1.135254,0.136483,0.05847,0.25586,1.99893,0.339763,94.9955,11.4326,0.06189,0.61891,1.99899,0.6260226557583386,-0.055463,1.99969,-0.134531,703.9745,-206.4244,0.01198,-0.49526,0.4133102580239144,-0.495051,-0.246408,649.7835,526.6917,0.01986,-0.11707,9.99965,0.4122089364380113,2.136694367630788
CCCCCCCc1ccc(N)cc1.O=C(Cl)C=Cc1ccccc1,-561.6128060398643,3.0792376876293797,5804.7041381617855,2010.165939061204,0.3322806715295631,1.4409736942119014,0.10010097646689921,0.1023112706734529,-0.2024122471403521,191.3156,1974.8201924670266,-0.7391835856845291,-0.044484507040689916,0.010502271710003935,-0.6478838988769947,1.99927,-0.14420883913379043,80.91917827743163,201.59110480355048,0.01168,-0.817197125216363,1.99931,0.3754040409810431,-881.7076424349888,1.4583330632451224,3001.2649234041864,1257.7523733779365,0.14500556194108782,4.007677662728389,0.18097215746167145,0.08464781157985767,-0.2656199690415291,-0.09632434588181382,166.6067,1318.0489361294021,-0.6487631505721401,-0.11180734591608987,0.015986889213416643,-0.40177837436797814,1.9988062506712867,97.67235097153285,72.11756207665134,0.5471110545535718,1.594812176212798,0.21686245915706964,0.047810688301961585,0.3951780161227317,1.9990600002421206,0.2773765541231414,79.2212823091358,26.059164333630676,0.05162692895158519,0.5406730279839103,1.9991162506021094,0.518506511257886,-0.01080933265076242,1.99969,-0.1561087210570263,684.9150017741213,-177.68841986288376,0.012026865077963791,-0.508001072172739,0.3739683515791476,-0.5679760192194105,-0.25474012890245074,721.0320699222212,470.0895892939961,0.02118627173739866,-0.11190134066066033,9.99965374939789,0.36138049216617174,2.653691683808109
CCCCCCCc1ccc(N)cc1.O=C(Cl)c1ccc(-c2ccccc2)cc1,-561.6128060398643,3.0792376876293797,5804.7041381617855,2010.165939061204,0.3322806715295631,1.4409736942119014,0.10010097646689921,0.1023112706734529,-0.2024122471403521,191.3156,1974.8201924670266,-0.7391835856845291,-0.044484507040689916,0.010502271710003935,-0.6478838988769947,1.99927,-0.14420883913379043,80.91917827743163,201.59110480355048,0.01168,-0.817197125216363,1.99931,0.3754040409810431,-1035.081421,13.748,5091.4627,1754.559,0.195241,4.008,0.17202,0.08703,-0.25905,-0.08499,216.6665,1648.5790000000002,-0.476397,-0.069238,0.01931,-0.13635,1.99876,146.3066,63.2115,0.6453744493392071,1.557555,0.237449,0.05246,0.45217,1.99908,0.313028,86.8115,23.8787,0.05251,0.56896,1.99906,0.5493234738829452,-0.197972,1.99969,-0.14352,696.741,-187.3885,0.012,-0.50251,0.38569855254877283,-0.528893,-0.251945,650.7091,526.9992,0.02088,-0.10309,9.99966,0.38223725613593457,1.7080406315219503
CCCCCCCc1ccc(N)cc1.O=C(Cl)c1ccc(Br)cc1,-561.6128060398643,3.0792376876293797,5804.7041381617855,2010.165939061204,0.3322806715295631,1.4409736942119014,0.10010097646689921,0.1023112706734529,-0.2024122471403521,191.3156,1974.8201924670266,-0.7391835856845291,-0.044484507040689916,0.010502271710003935,-0.6478838988769947,1.99927,-0.14420883913379043,80.91917827743163,201.59110480355048,0.01168,-0.817197125216363,1.99931,0.3754040409810431,-3377.857666,2.1799,3388.6568,1232.628,0.100324,2.0328,0.18545,0.09516000000000002,-0.28061,-0.09029,219.465,1258.854,-0.39698,-0.055564,0.01694,-0.19555,1.99875,149.5302,63.26,0.645846444304594,1.462386,0.217711,0.04852,0.3717,1.99904,0.315275,85.0022,24.181,0.05263,0.56687,1.99907,0.5486154814348647,-0.010299,1.9997,-0.140191,709.2575,-191.8647,0.01202,-0.49899,0.38719320327249845,-0.500793,-0.242085,647.9072,524.2242,0.02118,-0.09299,9.99965,0.382001258653241,1.989868385507637
CCCCCCCc1ccc(N)cc1.O=C(Cl)c1ccc(C(F)(F)F)cc1,-561.6128060398643,3.0792376876293797,5804.7041381617855,2010.165939061204,0.3322806715295631,1.4409736942119014,0.10010097646689921,0.1023112706734529,-0.2024122471403521,191.3156,1974.8201924670266,-0.7391835856845291,-0.044484507040689916,0.010502271710003935,-0.6478838988769947,1.99927,-0.14420883913379043,80.91917827743163,201.59110480355048,0.01168,-0.817197125216363,1.99931,0.3754040409810431,-1141.009328,3.3671,3493.4189,1579.5935,0.117803,1.0538,0.202225,0.10366500000000001,-0.30589,-0.09856,208.5672,1203.002,-0.281208,-0.066681,0.01707,-0.18876,1.99875,151.6583,59.3407,0.6463184392699811,1.375664,0.226354,0.04856,0.38009,1.99904,0.318189,83.9248,23.6216,0.05264,0.56628,1.99908,0.5490874764002517,-0.003696,1.9997,-0.135777,725.5918,-200.3338,0.01205,-0.49428,0.3871145374449339,-0.48031,-0.234509,646.3328,518.8401,0.02137,-0.08533,9.99964,0.38239458779106356,2.2852797946208634
CCCCCCCc1ccc(N)cc1.O=C(Cl)c1ccc(Cl)cc1,-561.6128060398643,3.0792376876293797,5804.7041381617855,2010.165939061204,0.3322806715295631,1.4409736942119014,0.10010097646689921,0.1023112706734529,-0.2024122471403521,191.3156,1974.8201924670266,-0.7391835856845291,-0.044484507040689916,0.010502271710003935,-0.6478838988769947,1.99927,-0.14420883913379043,80.91917827743163,201.59110480355048,0.01168,-0.817197125216363,1.99931,0.3754040409810431,-1263.981948,2.0754,2495.0487,918.639,0.100727,2.063,0.18674,0.09755,-0.28429,-0.08919,175.014,1159.235,-0.395009,-0.059104,0.01687,-0.19718,1.99875,148.1762,63.8432,0.6469477658904972,1.447541,0.216306,0.04848,0.37028,1.99904,0.314974,85.26,24.3534,0.05263,0.56696,1.99907,0.5487728130899937,-0.010873,1.9997,-0.140838,706.9426,-190.8553,0.01202,-0.49966,0.38719320327249845,-0.497634,-0.243186,647.8379,524.4538,0.02115,-0.09408,9.99965,0.38231592196349906,2.129701649242331
CCCCCCCc1ccc(N)cc1.O=C(Cl)c1ccc(Cl)cc1Cl,-561.6128060398643,3.0792376876293797,5804.7041381617855,2010.165939061204,0.3322806715295631,1.4409736942119014,0.10010097646689921,0.1023112706734529,-0.2024122471403521,191.3156,1974.8201924670266,-0.7391835856845291,-0.044484507040689916,0.010502271710003935,-0.6478838988769947,1.99927,-0.14420883913379043,80.91917827743163,201.59110480355048,0.01168,-0.817197125216363,1.99931,0.3754040409810431,-1723.4939374606504,1.2883800810490484,2980.2158268029457,1474.2397074519768,0.09215022714359405,2.4027020201639373,0.1889194293631092,0.09675937747005803,-0.28567880683316726,-0.09216005189305122,209.45909999999998,1522.9075142418037,-0.4253249866263163,-0.07327173319778336,0.019400577896779823,-0.2055589686983824,1.9986567970101383,141.94229947990505,63.78112283667599,0.6720934400530437,1.383887345120303,0.20099762442309496,0.051071825734569344,0.377952249212696,1.9990716014949308,0.30132847764488324,89.17290808438919,26.71033238705266,0.053662067271891524,0.5672160495446766,1.9991067970101382,0.5710416884369257,-0.02376615770075898,1.9996899999999997,-0.12318614046610027,738.0003184385099,-221.68962119212986,0.01246359402027631,-0.4777808249899132,0.41465210131273,-0.4997364317231278,-0.23461153961306366,691.034157820026,475.66836513053863,0.02126264516867135,-0.09382789320718006,9.999653594020277,0.3876269732870548,2.6604370859021125
CCCCCCCc1ccc(N)cc1.O=C(Cl)c1ccc(F)cc1,-561.6128060398643,3.0792376876293797,5804.7041381617855,2010.165939061204,0.3322806715295631,1.4409736942119014,0.10010097646689921,0.1023112706734529,-0.2024122471403521,191.3156,1974.8201924670266,-0.7391835856845291,-0.044484507040689916,0.010502271710003935,-0.6478838988769947,1.99927,-0.14420883913379043,80.91917827743163,201.59110480355048,0.01168,-0.817197125216363,1.99931,0.3754040409810431,-903.560911,1.3905,1932.8255,1039.562,0.101816,2.1677,0.18521500000000002,0.102935,-0.28815,-0.08228,158.5594,1118.02,-0.402654,-0.063696,0.0167,-0.20093,1.99875,144.8678,66.2483,0.6475770925110133,1.405945,0.206459,0.0484,0.35807,1.99903,0.313827,86.1662,24.8469,0.05265,0.56797,1.99907,0.5505034612964128,-0.01578,1.9997,-0.143118,697.5602,-186.3864,0.01202,-0.50216,0.38735053492762744,-0.489988,-0.246855,647.3665,526.5674,0.02105,-0.09791,9.99965,0.38247325361862805,1.817767004871492
CCCCCCCc1ccc(N)cc1.O=C(Cl)c1ccc(F)cc1F,-561.6128060398643,3.0792376876293797,5804.7041381617855,2010.165939061204,0.3322806715295631,1.4409736942119014,0.10010097646689921,0.1023112706734529,-0.2024122471403521,191.3156,1974.8201924670266,-0.7391835856845291,-0.044484507040689916,0.010502271710003935,-0.6478838988769947,1.99927,-0.14420883913379043,80.91917827743163,201.59110480355048,0.01168,-0.817197125216363,1.99931,0.3754040409810431,-1002.6542594723891,1.5628342043633043,2120.324392652248,1108.7274438818417,0.09460995236304569,2.9002627333284448,0.18897774100507306,0.1031808922527925,-0.29215863325786556,-0.08579684875228055,176.5499,1217.2759401612166,-0.4762535813565251,-0.14156288723632596,0.01749714178274225,-0.2655723345228288,1.9987275595461926,125.52130121331402,76.87735232825071,0.6601959388546843,1.4011957195348994,0.21017866036864236,0.05033202645075863,0.3574196198405706,1.999092440453807,0.31311296107594244,89.14458035729169,29.976610165880096,0.053738691863957924,0.5602134195157078,1.9991175595461927,0.5592025931930473,-0.0013660944016755583,1.999692440453807,-0.12574949132688037,715.3363046299694,-206.25609228525013,0.012154107747207482,-0.4855636222965187,0.4016195195314515,-0.4835200440528855,-0.24479578722213755,687.6901003715086,492.5449564929477,0.021139816660918742,-0.0970344038983523,9.99966023818477,0.38741746794270504,2.746594283961722
CCCCCCCc1ccc(N)cc1.O=C(Cl)c1ccc(OC(F)(F)F)cc1,-561.6128060398643,3.0792376876293797,5804.7041381617855,2010.165939061204,0.3322806715295631,1.4409736942119014,0.10010097646689921,0.1023112706734529,-0.2024122471403521,191.3156,1974.8201924670266,-0.7391835856845291,-0.044484507040689916,0.010502271710003935,-0.6478838988769947,1.99927,-0.14420883913379043,80.91917827743163,201.59110480355048,0.01168,-0.817197125216363,1.99931,0.3754040409810431,-1216.116295,1.9373,4202.2051,1483.97,0.123247,2.1043,0.18684,0.10098000000000001,-0.28782,-0.08586,224.5666,1686.329,-0.41883,-0.055985,0.01693,-0.20009,1.99875,144.7474,65.8979,0.6455317809943361,1.437835,0.211505,0.04838,0.36227,1.99903,0.315037,85.8367,24.8444,0.0526,0.56737,1.99907,0.5483008181246066,-0.013036,1.9997,-0.141975,702.237,-188.2112,0.01203,-0.50095,0.3865638766519824,-0.492427,-0.24471,647.5785,525.941,0.02111,-0.09583,9.99965,0.382001258653241,2.2716784156234757
CCCCCCCc1ccc(N)cc1.O=C(Cl)c1ccc(SC(F)(F)F)cc1,-561.6128060398643,3.0792376876293797,5804.7041381617855,2010.165939061204,0.3322806715295631,1.4409736942119014,0.10010097646689921,0.1023112706734529,-0.2024122471403521,191.3156,1974.8201924670266,-0.7391835856845291,-0.044484507040689916,0.010502271710003935,-0.6478838988769947,1.99927,-0.14420883913379043,80.91917827743163,201.59110480355048,0.01168,-0.817197125216363,1.99931,0.3754040409810431,-1539.108656,10.93545,4535.03445,1625.511,0.120362,1.4151,0.19517500000000002,0.09453500000000001,-0.28971,-0.10064,240.6272,1337.92,-0.29784849999999996,-0.0998015,0.01897,-0.20292,1.99876,153.6659,59.602199999999996,0.6472624292007552,1.4163860000000001,0.25255150000000004,0.05244,0.4746,1.99909,0.3170855,83.78805,23.4428,0.05266,0.56606,1.99908,0.5502674638137193,-0.18941449999999999,1.99969,-0.1355175,726.435,-201.13459999999998,0.01204,-0.49415,0.3878618628067967,-0.49045249999999996,-0.234585,646.7714000000001,518.4003,0.02136,-0.08533,9.99964,0.38333857772183766,2.412848827792785
CCCCCCCc1ccc(N)cc1.O=C(Cl)c1ccc([N+](=O)[O-])cc1,-561.6128060398643,3.0792376876293797,5804.7041381617855,2010.165939061204,0.3322806715295631,1.4409736942119014,0.10010097646689921,0.1023112706734529,-0.2024122471403521,191.3156,1974.8201924670266,-0.7391835856845291,-0.044484507040689916,0.010502271710003935,-0.6478838988769947,1.99927,-0.14420883913379043,80.91917827743163,201.59110480355048,0.01168,-0.817197125216363,1.99931,0.3754040409810431,-1008.649643,2.8883,2934.3431,1429.187,0.114492,1.9316,0.21973499999999999,0.09540499999999999,-0.31514,-0.12433,185.5665,1180.633,-0.243545,-0.095972,0.01759,-0.19498,1.99875,153.1256,57.3166,0.6472624292007552,1.373848,0.307302,0.05273,0.54955,1.99909,0.319677,82.3735,23.8112,0.0527,0.56324,1.99908,0.5486154814348647,-0.149197,1.99968,-0.131168,741.5805,-208.9034,0.01209,-0.49014,0.3881371932032725,-0.473753,-0.225712,643.2683,512.101,0.02162,-0.07607,9.99964,0.38215859030837,2.95827095664814
CCCCCCCc1ccc(N)cc1.O=C(Cl)c1ccc2ccccc2c1,-561.6128060398643,3.0792376876293797,5804.7041381617855,2010.165939061204,0.3322806715295631,1.4409736942119014,0.10010097646689921,0.1023112706734529,-0.2024122471403521,191.3156,1974.8201924670266,-0.7391835856845291,-0.044484507040689916,0.010502271710003935,-0.6478838988769947,1.99927,-0.14420883913379043,80.91917827743163,201.59110480355048,0.01168,-0.817197125216363,1.99931,0.3754040409810431,-957.8231548793865,8.942984281922897,3120.642424188284,1617.483620444743,0.15897933382482796,3.963189472116048,0.1688166691241398,0.08189167649655926,-0.25070834562069905,-0.08692499262758055,190.6287,1577.0617708477648,-0.406241613979723,-0.0853495998229043,0.01913813624300125,-0.18617714833386767,1.9987759805367138,143.21741244463914,64.17324326159877,0.6477991941427841,1.4941111495158192,0.2417364895313614,0.05284029194928839,0.45526854910095393,1.9990940194632858,0.3139393768798561,87.57417048040392,23.502188115581014,0.052508428192289645,0.5698158832202846,1.9990640194632858,0.5497785108064259,-0.20163146446439634,1.9996899999999997,-0.14309156915373786,699.7480535233219,-189.1846326741985,0.01198794161014232,-0.5022111235626368,0.38731661884381463,-0.5121153102357949,-0.2502995078146661,650.3423603945448,527.1525046879868,0.020885980536714102,-0.10191680330266659,9.999655980536714,0.3832938279780859,1.8403640983673988
CCCCCCCc1ccc(N)cc1.O=C(Cl)c1cccc2ccccc12,-561.6128060398643,3.0792376876293797,5804.7041381617855,2010.165939061204,0.3322806715295631,1.4409736942119014,0.10010097646689921,0.1023112706734529,-0.2024122471403521,191.3156,1974.8201924670266,-0.7391835856845291,-0.044484507040689916,0.010502271710003935,-0.6478838988769947,1.99927,-0.14420883913379043,80.91917827743163,201.59110480355048,0.01168,-0.817197125216363,1.99931,0.3754040409810431,-957.8186401303651,7.76497366122391,2727.8224101566643,1452.655905920424,0.1591435410273463,3.138155778233965,0.17141258730322817,0.07978083346207067,-0.2511934207652988,-0.09163175384115753,190.62869999999998,1654.673933628048,-0.3606608914538662,-0.060651833547166085,0.019562781082751415,-0.15268271376427908,1.9987499999999998,140.36828004155382,67.13279503149818,0.67083710319587,1.4184804447627122,0.24250688344425783,0.05177296194712997,0.4757362417913853,1.9991198794237475,0.3059404481129295,90.28639256302401,23.548420283844816,0.051731334167722944,0.5763399240539799,1.9990998794237473,0.5737331192431018,-0.21399212998145925,1.9996800602881257,-0.14835273747499386,677.8735529026063,-199.8173439886677,0.012231266050649904,-0.5084526793064421,0.42167378684587214,-0.536095752759764,-0.25799595608850817,690.7625756377732,499.1303403904185,0.020573617287571157,-0.11333870811906079,9.999669879423749,0.38839317125744705,1.6348879324268837
CCCCCCCc1ccc(N)cc1.O=C(Cl)c1ccccc1,-561.6128060398643,3.0792376876293797,5804.7041381617855,2010.165939061204,0.3322806715295631,1.4409736942119014,0.10010097646689921,0.1023112706734529,-0.2024122471403521,191.3156,1974.8201924670266,-0.7391835856845291,-0.044484507040689916,0.010502271710003935,-0.6478838988769947,1.99927,-0.14420883913379043,80.91917827743163,201.59110480355048,0.01168,-0.817197125216363,1.99931,0.3754040409810431,-804.46025,0.6975,1464.397,1335.877,0.109113,3.4435,0.18524,0.10419999999999999,-0.28944,-0.08104,140.5689,1259.541,-0.319057,-0.06921,0.01701,-0.18925,1.99875,150.2369,61.7104,0.6467904342353682,1.381429,0.207568,0.04848,0.36494,1.99903,0.313396,86.434,23.3461,0.05259,0.56996,1.99907,0.5492448080553808,-0.014961,1.9997,-0.142092,704.1163,-190.2727,0.012,-0.50042,0.3867212083071114,-0.491795,-0.248031,648.8095,526.2085,0.02098,-0.09932,9.99965,0.38247325361862805,1.7055273278311809
CCCCCCCc1ccc(N)cc1.O=C(Cl)c1ccco1,-561.6128060398643,3.0792376876293797,5804.7041381617855,2010.165939061204,0.3322806715295631,1.4409736942119014,0.10010097646689921,0.1023112706734529,-0.2024122471403521,191.3156,1974.8201924670266,-0.7391835856845291,-0.044484507040689916,0.010502271710003935,-0.6478838988769947,1.99927,-0.14420883913379043,80.91917827743163,201.59110480355048,0.01168,-0.817197125216363,1.99931,0.3754040409810431,-802.2749436403665,0.9628803601977091,1106.8639320512225,837.4781616717298,0.07810627687091332,4.223320701907314,0.17692659069992278,0.09926084693630044,-0.2761874376362232,-0.07766574376362233,130.53050000000002,1023.5943809662729,-0.2571876525553629,0.07456587223868763,0.028521784583548964,0.16679427666839172,1.9986394965983396,84.42036001940463,48.795129254280766,0.6092274123751691,1.4654626254563974,0.18523025001857074,0.045608009071094816,0.29806073691619983,1.9990367505669435,0.28778355340700085,80.27414887766211,36.27046418281246,0.04943652154385018,0.5133097981460898,1.9990600000000003,0.5273364642768135,-0.01243844273116867,1.999706750566944,-0.14375068628124404,690.1763189879638,-171.46429701179642,0.012345972786715571,-0.4947455057576371,0.3678338463825751,-0.4709219205838191,-0.23281669984785022,670.2421570172194,515.4998959950124,0.022066292520756925,-0.08390614500521279,9.99965324943306,0.373560076402609,2.1716416389190734
CCCCCCCc1ccc(N)cc1.O=C(Cl)c1cccs1,-561.6128060398643,3.0792376876293797,5804.7041381617855,2010.165939061204,0.3322806715295631,1.4409736942119014,0.10010097646689921,0.1023112706734529,-0.2024122471403521,191.3156,1974.8201924670266,-0.7391835856845291,-0.044484507040689916,0.010502271710003935,-0.6478838988769947,1.99927,-0.14420883913379043,80.91917827743163,201.59110480355048,0.01168,-0.817197125216363,1.99931,0.3754040409810431,-1125.2983746590153,0.8989004644803423,1318.760431390368,1051.8664137490334,0.07514125703092484,3.9869099489807027,0.1825097879616161,0.09715189528668504,-0.27966168324830115,-0.08535789267493107,146.5911,967.0850566647645,-0.36846109931444926,-0.017428701234791306,0.01983363911738161,-0.3620010732506892,1.9987481652957104,92.68784922793068,54.81236467913048,0.6462467515807672,1.4370241272768098,0.2224287020695229,0.04673669408579305,0.36090770231153096,1.9989036391173816,0.30910380250162073,80.55742798492986,32.972354231999795,0.05245018174718617,0.5457332583905814,1.9989436391173816,0.5414205707054607,-0.010696796550940281,1.9997,-0.1456564430324384,653.6458953915552,-169.41871646632262,0.012134495887131043,-0.5017229207448509,0.3800545942263263,-0.48442835604958645,-0.24229535996721743,702.4773700234127,507.97409032060614,0.02155,-0.09357010393236291,9.999647278234763,0.38004302083175984,1.3004058151187787
CCCCCCc1ccc(N)cc1.CC(=O)Cl,-522.3891282423235,3.168662381695471,4681.222474256052,1785.3025989029911,0.30234694912604154,1.4910555870601891,0.1003784230740908,0.10227712782336926,-0.20265555089746004,177.2888,1809.5312983339297,-0.7363389333431698,-0.04430443345108192,0.01049934559847583,-0.6477497419852453,1.99927,-0.14410859790156264,80.8453835266525,201.5836485098612,0.01167865032382828,-0.8171004575414922,1.99931,0.37503914066890914,-613.070645,1.8407,361.1538,589.647,0.051921,2.5752,0.17481000000000002,0.13476,-0.30957,-0.04005,78.4981,543.096,-0.16842,-0.019931,0.00801,-0.68972,1.99914,58.3883,161.9989,0.3882945248584015,1.19561,-0.022262,0.04824,0.23014,1.99928,0.181407,78.3666,21.3299,0.05149,0.57826,1.99927,0.49370673379483954,-0.031774,1.99969,-0.138192,709.0371,-224.4771,0.01248,-0.48574,0.3472309628697294,-0.497062,-0.249833,776.7802,462.7909,0.02158,-0.12005,9.99964,0.3590308370044053,3.392445698204016
CCCCCCc1ccc(N)cc1.CC(C)(C)C(=O)Cl,-522.3891282423235,3.168662381695471,4681.222474256052,1785.3025989029911,0.30234694912604154,1.4910555870601891,0.1003784230740908,0.10227712782336926,-0.20265555089746004,177.2888,1809.5312983339297,-0.7363389333431698,-0.04430443345108192,0.01049934559847583,-0.6477497419852453,1.99927,-0.14410859790156264,80.8453835266525,201.5836485098612,0.01167865032382828,-0.8171004575414922,1.99931,0.37503914066890914,-730.74792,2.2489,944.8434,987.864,0.140866,2.7537,0.1676,0.13162,-0.29922,-0.03598,120.5785,1095.631,-0.002895,-0.401545,0.01495,-0.12509,1.99882,43.2203,145.8968,0.7474826935179358,1.086134,0.105519,0.05777,0.24151,1.999,0.311319,92.3348,10.4385,0.06159,0.60184,1.99904,0.6241346758967904,-0.044561,1.99969,-0.134635,702.0892,-210.5595,0.01227,-0.49442,0.4129955947136564,-0.486258,-0.243396,657.1407,517.8314,0.02014,-0.11423,9.99964,0.4117369414726243,2.076892406979559
CCCCCCc1ccc(N)cc1.CC(C)(C)c1ccc(C(=O)Cl)cc1,-522.3891282423235,3.168662381695471,4681.222474256052,1785.3025989029911,0.30234694912604154,1.4910555870601891,0.1003784230740908,0.10227712782336926,-0.20265555089746004,177.2888,1809.5312983339297,-0.7363389333431698,-0.04430443345108192,0.01049934559847583,-0.6477497419852453,1.99927,-0.14410859790156264,80.8453835266525,201.5836485098612,0.01167865032382828,-0.8171004575414922,1.99931,0.37503914066890914,-961.3640173962594,0.8439951331320028,3736.8617162104047,1666.1327468680736,0.22702856304127478,4.218331555187393,0.1765543462087611,0.10122506668047276,-0.2777794128892339,-0.07532927952828836,196.6761,1756.2896208656803,-0.4178817038419192,-0.05493930742117488,0.01711,-0.19114765846693713,1.9987399999999997,145.50595114472912,64.19142355353065,0.6443475428431109,1.4770539433619239,0.2047373555601576,0.04842981988207208,0.3621147765800905,1.9990249099410362,0.31251209335266183,87.58830934681762,23.936423813800438,0.05250472982310813,0.5711581988207208,1.99906,0.5483809008647571,-0.017174605652256175,1.9997,-0.14438870176891871,691.262978378876,-184.8857997811485,0.01198,-0.5034901801179279,0.385780052201509,-0.5155604648516117,-0.2547429379952255,652.1694292748869,528.6326041804466,0.020760180117927914,-0.10642675787729755,9.99966,0.38215008883285495,1.4475084101275153
CCCCCCc1ccc(N)cc1.CC(C)C(=O)Cl,-522.3891282423235,3.168662381695471,4681.222474256052,1785.3025989029911,0.30234694912604154,1.4910555870601891,0.1003784230740908,0.10227712782336926,-0.20265555089746004,177.2888,1809.5312983339297,-0.7363389333431698,-0.04430443345108192,0.01049934559847583,-0.6477497419852453,1.99927,-0.14410859790156264,80.8453835266525,201.5836485098612,0.01167865032382828,-0.8171004575414922,1.99931,0.37503914066890914,-691.5212651203827,2.1259058055730957,774.3015688508707,791.3296195399124,0.11183604170191642,2.7012129828698455,0.17010773050232164,0.13244814752148587,-0.3025558780238075,-0.0376595829808358,106.5517,975.6940716840189,-0.024167191055353945,-0.17073551463321235,0.013924490779907133,-0.30198609076336,1.998945169740031,48.80721556952866,147.29575347812465,0.6314692916962978,1.1238819960085888,0.04858485903341499,0.0550134723397214,0.23591374372657942,1.9991075848700155,0.25247221421848887,88.59731276692389,12.733502739310532,0.0582213191506965,0.5944755962050935,1.9991375848700155,0.5800598381088926,-0.041438333812522876,1.99969,-0.1376712573166062,707.048479399112,-210.10582375691683,0.012389359809427323,-0.49276171727806395,0.39244024014119183,-0.49584497796278615,-0.2460183941104488,714.2513821331088,492.33222075195357,0.020564830259969046,-0.11847795268777256,9.99964,0.38745155439779033,2.9913819624444318
CCCCCCc1ccc(N)cc1.CCC(C(=O)Cl)c1ccccc1,-522.3891282423235,3.168662381695471,4681.222474256052,1785.3025989029911,0.30234694912604154,1.4910555870601891,0.1003784230740908,0.10227712782336926,-0.20265555089746004,177.2888,1809.5312983339297,-0.7363389333431698,-0.04430443345108192,0.01049934559847583,-0.6477497419852453,1.99927,-0.14410859790156264,80.8453835266525,201.5836485098612,0.01167865032382828,-0.8171004575414922,1.99931,0.37503914066890914,-922.1350941424333,4.569522987935531,2455.9020135917617,1503.8121474082207,0.19835830978909602,2.7196956404060453,0.15641062941202977,0.11147264569784315,-0.267883275109873,-0.044937983714186606,182.6493,1522.0795475579139,-0.04878392032155667,-0.06036727587828204,0.02106411226593012,-0.32502486318000223,1.99889,30.15305416820589,127.38872271494051,0.7227754446342497,1.1178043569820812,0.06601085036127433,0.056704631153088186,0.26634316303879657,1.999111010410588,0.2584528867848544,80.18911170349905,15.605117816098318,0.05923987339580025,0.5947519757187832,1.999131232884499,0.6209158445810388,-0.11952997468335282,1.999685360884168,-0.143804062173481,712.2092388306249,-204.0050258804775,0.012248062306486857,-0.5005021470911517,0.43435065207263357,-0.4765579049182884,-0.2283885640121543,717.517615534147,464.5850831441031,0.021029658300558765,-0.0958973312821047,9.99961558335808,0.388169114477217,3.3169098297640387
CCCCCCc1ccc(N)cc1.CCCCC(=O)Cl,-522.3891282423235,3.168662381695471,4681.222474256052,1785.3025989029911,0.30234694912604154,1.4910555870601891,0.1003784230740908,0.10227712782336926,-0.20265555089746004,177.2888,1809.5312983339297,-0.7363389333431698,-0.04430443345108192,0.01049934559847583,-0.6477497419852453,1.99927,-0.14410859790156264,80.8453835266525,201.5836485098612,0.01167865032382828,-0.8171004575414922,1.99931,0.37503914066890914,-730.7450150574017,2.090291331652506,1341.9302009057062,994.4515719835497,0.1418835432507869,2.6086344119789233,0.1712263701297755,0.1335958284882569,-0.3048221986180324,-0.037630541641518626,120.57850000000002,1041.7633434165296,-0.09671197627204661,0.007804712444770221,0.014038775373839806,-0.4880626302178358,1.9990404359511826,56.464141490849684,147.1293956944729,0.5593904691258827,1.1789239078387639,0.007528819367576247,0.05127629781296082,0.23642929006115296,1.9991881569913779,0.21380243779784716,82.77940616490689,16.660432212862794,0.05512335177243502,0.588506474333033,1.999198156991378,0.5578940906295883,-0.04184591941059398,1.9996900000000002,-0.14164929933233972,714.7961360943984,-212.9005115825591,0.012188685583343585,-0.49471489576310834,0.3995731427490579,-0.5163867508662023,-0.24523050175144934,770.1191505493439,470.94318983615574,0.020878088448009844,-0.11732762706245506,9.999642023227146,0.3671949651309757,2.957562193555848
CCCCCCc1ccc(N)cc1.CCCCC(CC)C(=O)Cl,-522.3891282423235,3.168662381695471,4681.222474256052,1785.3025989029911,0.30234694912604154,1.4910555870601891,0.1003784230740908,0.10227712782336926,-0.20265555089746004,177.2888,1809.5312983339297,-0.7363389333431698,-0.04430443345108192,0.01049934559847583,-0.6477497419852453,1.99927,-0.14410859790156264,80.8453835266525,201.5836485098612,0.01167865032382828,-0.8171004575414922,1.99931,0.37503914066890914,-848.4194799426583,2.1267217278302994,2464.267019669444,1500.231394373068,0.23155073390523292,2.677801397359587,0.16853390822493342,0.13085299777436263,-0.29938690599929607,-0.037680910450570794,162.6589,1466.9452087716104,-0.0842353595837951,-0.12303181060215712,0.01891789249052634,-0.29470057863953375,1.9989210580785208,30.751430758385847,131.96111134930018,0.7081076322850737,1.1146350543229737,0.04049639435702823,0.05769645486653496,0.23430779863995022,1.999079831858541,0.2342915125830618,79.28964453295023,10.72058245681579,0.06134362576284608,0.5865793709141864,1.999110961152719,0.6405613297343266,-0.04916664952674792,1.9996827557665517,-0.14383461934649713,723.1028236690747,-205.35061664385827,0.012373376332512752,-0.5004955405011925,0.44056690495066464,-0.4902433087740082,-0.23982660938031483,795.885334662436,424.81685121337784,0.02061303988994313,-0.10758898034704956,9.999627692135396,0.39206250471260456,1.6416271331813803
CCCCCCc1ccc(N)cc1.CCCCCCC(=O)Cl,-522.3891282423235,3.168662381695471,4681.222474256052,1785.3025989029911,0.30234694912604154,1.4910555870601891,0.1003784230740908,0.10227712782336926,-0.20265555089746004,177.2888,1809.5312983339297,-0.7363389333431698,-0.04430443345108192,0.01049934559847583,-0.6477497419852453,1.99927,-0.14410859790156264,80.8453835266525,201.5836485098612,0.01167865032382828,-0.8171004575414922,1.99931,0.37503914066890914,-809.1928450186999,2.191972683108519,2694.585979207065,1390.3008597551361,0.20178400746022246,2.7244460547894533,0.17032995662812994,0.13265533018130402,-0.30298528680943393,-0.03767462644682591,148.63210000000004,1261.5194415620172,-0.09799205324244195,0.017531207143586563,0.014411268813625472,-0.4870248810235342,1.9990360661441282,52.29176351269705,146.78208323625879,0.5553711533823926,1.1744333662866158,0.005174748608251482,0.05187764178651444,0.23654530602917653,1.9991838244073419,0.2092039866890283,82.95284094577164,16.8293560755272,0.055168636678038244,0.5896019425118675,1.9991965260075706,0.554803422626299,-0.04042034364900629,1.9996900000000004,-0.1394788994015972,704.4901204727937,-215.8672177680678,0.01234712539999367,-0.4919174099593421,0.38646821572942175,-0.5069924791734688,-0.24872178501458486,751.6188641806931,476.4115554370388,0.020814874094548554,-0.1210213165562404,9.999640000000001,0.3740534939797181,3.092232813505593
CCCCCCc1ccc(N)cc1.CCCCCCCCCCCC(=O)Cl,-522.3891282423235,3.168662381695471,4681.222474256052,1785.3025989029911,0.30234694912604154,1.4910555870601891,0.1003784230740908,0.10227712782336926,-0.20265555089746004,177.2888,1809.5312983339297,-0.7363389333431698,-0.04430443345108192,0.01049934559847583,-0.6477497419852453,1.99927,-0.14410859790156264,80.8453835266525,201.5836485098612,0.01167865032382828,-0.8171004575414922,1.99931,0.37503914066890914,-1005.3142281705781,2.051840846684475,7589.4788243149,2063.8977884186593,0.35148147884172565,2.580964688743521,0.17130593121998355,0.13237374139497904,-0.3036796726149626,-0.038932189825004494,218.76610000000002,2028.2284431012831,-0.09832466528407613,0.011300852452152831,0.014411262852878942,-0.4876371810409823,1.9990393233150183,54.09437145699512,147.61948876998457,0.5618015097823486,1.1889594778380719,0.0034922479456673456,0.05177155382090726,0.23634184011774262,1.9991781601252514,0.20777313911983045,80.09136057476589,16.11372837040959,0.05541338385685213,0.5883281241859004,1.999188590390622,0.5688480715114945,-0.04156562730035017,1.9996867476005615,-0.13988340193202087,708.4357928496703,-213.85227427913944,0.012237201999370216,-0.49679063701810433,0.4188836362668115,-0.5185254162381545,-0.24439257461254094,760.4693324636868,471.25224452499526,0.020883543820409477,-0.11594466851905619,9.999637177865932,0.3724491019162263,3.0988763882282138
CCCCCCc1ccc(N)cc1.CCc1ccc(C(=O)Cl)cc1,-522.3891282423235,3.168662381695471,4681.222474256052,1785.3025989029911,0.30234694912604154,1.4910555870601891,0.1003784230740908,0.10227712782336926,-0.20265555089746004,177.2888,1809.5312983339297,-0.7363389333431698,-0.04430443345108192,0.01049934559847583,-0.6477497419852453,1.99927,-0.14410859790156264,80.8453835266525,201.5836485098612,0.01167865032382828,-0.8171004575414922,1.99931,0.37503914066890914,-882.914671,0.8056,2669.3825,1421.7125,0.168403,4.1213,0.17781,0.10156000000000001,-0.27937,-0.07625,168.6225,1314.007,-0.402094,-0.061786,0.01695,-0.19259,1.99875,146.8733,63.8668,0.6452957835116425,1.456055,0.205216,0.04843,0.36246,1.99903,0.312565,87.4623,23.8993,0.05253,0.57058,1.99906,0.5498741346758967,-0.017375,1.9997,-0.144731,691.6855,-184.816,0.01198,-0.50355,0.3866425424795469,-0.509939,-0.254084,651.6022,528.6102,0.02081,-0.10547,9.99966,0.38294524858401513,1.5977576442765933
CCCCCCc1ccc(N)cc1.COc1cc(C(=O)Cl)cc(OC)c1OC,-522.3891282423235,3.168662381695471,4681.222474256052,1785.3025989029911,0.30234694912604154,1.4910555870601891,0.1003784230740908,0.10227712782336926,-0.20265555089746004,177.2888,1809.5312983339297,-0.7363389333431698,-0.04430443345108192,0.01049934559847583,-0.6477497419852453,1.99927,-0.14410859790156264,80.8453835266525,201.5836485098612,0.01167865032382828,-0.8171004575414922,1.99931,0.37503914066890914,-1147.3988728386491,9.590245055798524,4098.000453261923,1788.438858126628,0.21336973094695055,3.820453988387011,0.1589222523904965,0.08715554844614821,-0.2460778008366447,-0.07176670394434828,230.64750000000004,1702.8529527836297,-0.30062621086644153,-0.0505418648015625,0.01901263016358685,-0.16597456713914246,1.9988191465822256,138.9709269242885,66.29146063677923,0.6464282423283223,1.4648143543682646,0.20572451472928088,0.0527408394357223,0.4021922948019736,1.9991034206621257,0.30939671461077606,86.80447373218087,24.14315727612148,0.052543474138718856,0.5717040388310601,1.9990608534177752,0.5505070876792586,-0.22497649330386443,1.9997000000000003,-0.1474567049669537,690.2213647653614,-182.89085364682126,0.011964543057302771,-0.5069527124341651,0.38708728584549945,-0.5075244044704986,-0.2524332482777629,651.9670016723583,528.9051928576206,0.020845079417672406,-0.10312794717934845,9.999652567244352,0.38354454400728805,1.5668052393883394
CCCCCCc1ccc(N)cc1.COc1ccc(C(=O)Cl)cc1,-522.3891282423235,3.168662381695471,4681.222474256052,1785.3025989029911,0.30234694912604154,1.4910555870601891,0.1003784230740908,0.10227712782336926,-0.20265555089746004,177.2888,1809.5312983339297,-0.7363389333431698,-0.04430443345108192,0.01049934559847583,-0.6477497419852453,1.99927,-0.14410859790156264,80.8453835266525,201.5836485098612,0.01167865032382828,-0.8171004575414922,1.99931,0.37503914066890914,-918.7794806452093,1.8095578782030461,2595.8845344392657,1351.432412177592,0.14413766686447077,4.69247217594736,0.16339189113066868,0.09466255858855176,-0.2580544497192204,-0.06872933254211694,170.5951,1330.3161569267518,-0.5316156870230284,-0.057328369918361544,0.01689,-0.20658333135529233,1.9987499999999998,139.08126280090607,69.5119016314473,0.6464023557102192,1.5082461480170826,0.19680829664503793,0.04825977751403898,0.35202155146760417,1.99902,0.30959364046198856,88.97441949403056,25.308381727266305,0.052509332542116934,0.5694617858218112,1.99905,0.5495559709571898,-0.023747567188664966,1.9997,-0.15034197745033262,671.7481042751876,-174.48073225064894,0.011970222485961022,-0.5095373064319758,0.38616179649303717,-0.5192249050540321,-0.26183382883983775,650.1022819991035,534.1770665455147,0.020634443785097444,-0.11341470187579644,9.99966,0.3827949177457842,1.0478465098102745
CCCCCCc1ccc(N)cc1.Cc1ccc(C(=O)Cl)cc1,-522.3891282423235,3.168662381695471,4681.222474256052,1785.3025989029911,0.30234694912604154,1.4910555870601891,0.1003784230740908,0.10227712782336926,-0.20265555089746004,177.2888,1809.5312983339297,-0.7363389333431698,-0.04430443345108192,0.01049934559847583,-0.6477497419852453,1.99927,-0.14410859790156264,80.8453835266525,201.5836485098612,0.01167865032382828,-0.8171004575414922,1.99931,0.37503914066890914,-843.690474,0.7847,2037.6054,1331.695,0.138241,4.0826,0.17777500000000002,0.101495,-0.27927,-0.07628,154.5957,957.156,-0.396447,-0.063926,0.01695,-0.19369,1.99875,146.8166,64.1383,0.6464757709251101,1.444549,0.205095,0.0484,0.3622,1.99903,0.312699,87.2722,23.9815,0.05251,0.57046,1.99906,0.5497954688483323,-0.017809,1.9997,-0.144896,691.7944,-184.7633,0.01198,-0.50358,0.3868785399622404,-0.507387,-0.254103,652.0078,529.0068,0.02081,-0.10548,9.99966,0.38231592196349906,1.6308887663966996
CCCCCCc1ccc(N)cc1.Cc1ccccc1C(=O)Cl,-522.3891282423235,3.168662381695471,4681.222474256052,1785.3025989029911,0.30234694912604154,1.4910555870601891,0.1003784230740908,0.10227712782336926,-0.20265555089746004,177.2888,1809.5312983339297,-0.7363389333431698,-0.04430443345108192,0.01049934559847583,-0.6477497419852453,1.99927,-0.14410859790156264,80.8453835266525,201.5836485098612,0.01167865032382828,-0.8171004575414922,1.99931,0.37503914066890914,-843.6875560574109,0.11441203094299326,1727.5775237937205,1185.5250490989843,0.13826824892949693,2.9335652803962233,0.17744671457012706,0.09930211916386854,-0.2767488337339956,-0.07814459540625854,154.5957,1206.8423660351868,-0.3609323356612174,-0.04382074162750573,0.017399388198169285,-0.18550015969286923,1.99871,143.88919896912307,63.72922694533436,0.6763989980060084,1.3794532603765848,0.17964343533990834,0.04829439509069746,0.3670932883597818,1.9990500711227133,0.2936090109211529,86.60514481931877,23.749668767244493,0.051918321357468225,0.5733261876760661,1.9990899288772865,0.5774004604109436,-0.03147546807824839,1.9996999288772865,-0.14907075579200177,701.4520483596131,-205.6625805599628,0.012379573263719579,-0.5042245104984888,0.4371025917512716,-0.51174269585703,-0.25672397091808735,673.4314174438672,509.25428815634746,0.020633982871950604,-0.11187011540779132,9.999669857754574,0.38752509665341367,1.6870968198241831
CCCCCCc1ccc(N)cc1.O=C(Cl)C12CC3CC(CC(C3)C1)C2,-522.3891282423235,3.168662381695471,4681.222474256052,1785.3025989029911,0.30234694912604154,1.4910555870601891,0.1003784230740908,0.10227712782336926,-0.20265555089746004,177.2888,1809.5312983339297,-0.7363389333431698,-0.04430443345108192,0.01049934559847583,-0.6477497419852453,1.99927,-0.14410859790156264,80.8453835266525,201.5836485098612,0.01167865032382828,-0.8171004575414922,1.99931,0.37503914066890914,-962.581811,3.0439,2417.6329,1837.01,0.2551,3.1191,0.16248,0.12827,-0.29075,-0.03421,198.6919,1506.761,-0.109963,-0.417603,0.01866,-0.12505,1.99879,47.667,144.0592,0.8325991189427313,1.135254,0.136483,0.05847,0.25586,1.99893,0.339763,94.9955,11.4326,0.06189,0.61891,1.99899,0.6260226557583386,-0.055463,1.99969,-0.134531,703.9745,-206.4244,0.01198,-0.49526,0.4133102580239144,-0.495051,-0.246408,649.7835,526.6917,0.01986,-0.11707,9.99965,0.4122089364380113,2.163656788745917
CCCCCCc1ccc(N)cc1.O=C(Cl)C=Cc1ccccc1,-522.3891282423235,3.168662381695471,4681.222474256052,1785.3025989029911,0.30234694912604154,1.4910555870601891,0.1003784230740908,0.10227712782336926,-0.20265555089746004,177.2888,1809.5312983339297,-0.7363389333431698,-0.04430443345108192,0.01049934559847583,-0.6477497419852453,1.99927,-0.14410859790156264,80.8453835266525,201.5836485098612,0.01167865032382828,-0.8171004575414922,1.99931,0.37503914066890914,-881.7076424349888,1.4583330632451224,3001.2649234041864,1257.7523733779365,0.14500556194108782,4.007677662728389,0.18097215746167145,0.08464781157985767,-0.2656199690415291,-0.09632434588181382,166.6067,1318.0489361294021,-0.6487631505721401,-0.11180734591608987,0.015986889213416643,-0.40177837436797814,1.9988062506712867,97.67235097153285,72.11756207665134,0.5471110545535718,1.594812176212798,0.21686245915706964,0.047810688301961585,0.3951780161227317,1.9990600002421206,0.2773765541231414,79.2212823091358,26.059164333630676,0.05162692895158519,0.5406730279839103,1.9991162506021094,0.518506511257886,-0.01080933265076242,1.99969,-0.1561087210570263,684.9150017741213,-177.68841986288376,0.012026865077963791,-0.508001072172739,0.3739683515791476,-0.5679760192194105,-0.25474012890245074,721.0320699222212,470.0895892939961,0.02118627173739866,-0.11190134066066033,9.99965374939789,0.36138049216617174,2.873864732304265
CCCCCCc1ccc(N)cc1.O=C(Cl)c1ccc(-c2ccccc2)cc1,-522.3891282423235,3.168662381695471,4681.222474256052,1785.3025989029911,0.30234694912604154,1.4910555870601891,0.1003784230740908,0.10227712782336926,-0.20265555089746004,177.2888,1809.5312983339297,-0.7363389333431698,-0.04430443345108192,0.01049934559847583,-0.6477497419852453,1.99927,-0.14410859790156264,80.8453835266525,201.5836485098612,0.01167865032382828,-0.8171004575414922,1.99931,0.37503914066890914,-1035.081421,13.748,5091.4627,1754.559,0.195241,4.008,0.17202,0.08703,-0.25905,-0.08499,216.6665,1648.5790000000002,-0.476397,-0.069238,0.01931,-0.13635,1.99876,146.3066,63.2115,0.6453744493392071,1.557555,0.237449,0.05246,0.45217,1.99908,0.313028,86.8115,23.8787,0.05251,0.56896,1.99906,0.5493234738829452,-0.197972,1.99969,-0.14352,696.741,-187.3885,0.012,-0.50251,0.38569855254877283,-0.528893,-0.251945,650.7091,526.9992,0.02088,-0.10309,9.99966,0.38223725613593457,1.707863717507739
CCCCCCc1ccc(N)cc1.O=C(Cl)c1ccc(Br)cc1,-522.3891282423235,3.168662381695471,4681.222474256052,1785.3025989029911,0.30234694912604154,1.4910555870601891,0.1003784230740908,0.10227712782336926,-0.20265555089746004,177.2888,1809.5312983339297,-0.7363389333431698,-0.04430443345108192,0.01049934559847583,-0.6477497419852453,1.99927,-0.14410859790156264,80.8453835266525,201.5836485098612,0.01167865032382828,-0.8171004575414922,1.99931,0.37503914066890914,-3377.857666,2.1799,3388.6568,1232.628,0.100324,2.0328,0.18545,0.09516000000000002,-0.28061,-0.09029,219.465,1258.854,-0.39698,-0.055564,0.01694,-0.19555,1.99875,149.5302,63.26,0.645846444304594,1.462386,0.217711,0.04852,0.3717,1.99904,0.315275,85.0022,24.181,0.05263,0.56687,1.99907,0.5486154814348647,-0.010299,1.9997,-0.140191,709.2575,-191.8647,0.01202,-0.49899,0.38719320327249845,-0.500793,-0.242085,647.9072,524.2242,0.02118,-0.09299,9.99965,0.382001258653241,1.965612612879596
CCCCCCc1ccc(N)cc1.O=C(Cl)c1ccc(C(F)(F)F)cc1,-522.3891282423235,3.168662381695471,4681.222474256052,1785.3025989029911,0.30234694912604154,1.4910555870601891,0.1003784230740908,0.10227712782336926,-0.20265555089746004,177.2888,1809.5312983339297,-0.7363389333431698,-0.04430443345108192,0.01049934559847583,-0.6477497419852453,1.99927,-0.14410859790156264,80.8453835266525,201.5836485098612,0.01167865032382828,-0.8171004575414922,1.99931,0.37503914066890914,-1141.009328,3.3671,3493.4189,1579.5935,0.117803,1.0538,0.202225,0.10366500000000001,-0.30589,-0.09856,208.5672,1203.002,-0.281208,-0.066681,0.01707,-0.18876,1.99875,151.6583,59.3407,0.6463184392699811,1.375664,0.226354,0.04856,0.38009,1.99904,0.318189,83.9248,23.6216,0.05264,0.56628,1.99908,0.5490874764002517,-0.003696,1.9997,-0.135777,725.5918,-200.3338,0.01205,-0.49428,0.3871145374449339,-0.48031,-0.234509,646.3328,518.8401,0.02137,-0.08533,9.99964,0.38239458779106356,2.4520653658648475
CCCCCCc1ccc(N)cc1.O=C(Cl)c1ccc(Cl)cc1,-522.3891282423235,3.168662381695471,4681.222474256052,1785.3025989029911,0.30234694912604154,1.4910555870601891,0.1003784230740908,0.10227712782336926,-0.20265555089746004,177.2888,1809.5312983339297,-0.7363389333431698,-0.04430443345108192,0.01049934559847583,-0.6477497419852453,1.99927,-0.14410859790156264,80.8453835266525,201.5836485098612,0.01167865032382828,-0.8171004575414922,1.99931,0.37503914066890914,-1263.981948,2.0754,2495.0487,918.639,0.100727,2.063,0.18674,0.09755,-0.28429,-0.08919,175.014,1159.235,-0.395009,-0.059104,0.01687,-0.19718,1.99875,148.1762,63.8432,0.6469477658904972,1.447541,0.216306,0.04848,0.37028,1.99904,0.314974,85.26,24.3534,0.05263,0.56696,1.99907,0.5487728130899937,-0.010873,1.9997,-0.140838,706.9426,-190.8553,0.01202,-0.49966,0.38719320327249845,-0.497634,-0.243186,647.8379,524.4538,0.02115,-0.09408,9.99965,0.38231592196349906,2.1409905108612346
CCCCCCc1ccc(N)cc1.O=C(Cl)c1ccc(Cl)cc1Cl,-522.3891282423235,3.168662381695471,4681.222474256052,1785.3025989029911,0.30234694912604154,1.4910555870601891,0.1003784230740908,0.10227712782336926,-0.20265555089746004,177.2888,1809.5312983339297,-0.7363389333431698,-0.04430443345108192,0.01049934559847583,-0.6477497419852453,1.99927,-0.14410859790156264,80.8453835266525,201.5836485098612,0.01167865032382828,-0.8171004575414922,1.99931,0.37503914066890914,-1723.4939374606504,1.2883800810490484,2980.2158268029457,1474.2397074519768,0.09215022714359405,2.4027020201639373,0.1889194293631092,0.09675937747005803,-0.28567880683316726,-0.09216005189305122,209.45909999999998,1522.9075142418037,-0.4253249866263163,-0.07327173319778336,0.019400577896779823,-0.2055589686983824,1.9986567970101383,141.94229947990505,63.78112283667599,0.6720934400530437,1.383887345120303,0.20099762442309496,0.051071825734569344,0.377952249212696,1.9990716014949308,0.30132847764488324,89.17290808438919,26.71033238705266,0.053662067271891524,0.5672160495446766,1.9991067970101382,0.5710416884369257,-0.02376615770075898,1.9996899999999997,-0.12318614046610027,738.0003184385099,-221.68962119212986,0.01246359402027631,-0.4777808249899132,0.41465210131273,-0.4997364317231278,-0.23461153961306366,691.034157820026,475.66836513053863,0.02126264516867135,-0.09382789320718006,9.999653594020277,0.3876269732870548,2.749890617712448
CCCCCCc1ccc(N)cc1.O=C(Cl)c1ccc(F)cc1,-522.3891282423235,3.168662381695471,4681.222474256052,1785.3025989029911,0.30234694912604154,1.4910555870601891,0.1003784230740908,0.10227712782336926,-0.20265555089746004,177.2888,1809.5312983339297,-0.7363389333431698,-0.04430443345108192,0.01049934559847583,-0.6477497419852453,1.99927,-0.14410859790156264,80.8453835266525,201.5836485098612,0.01167865032382828,-0.8171004575414922,1.99931,0.37503914066890914,-903.560911,1.3905,1932.8255,1039.562,0.101816,2.1677,0.18521500000000002,0.102935,-0.28815,-0.08228,158.5594,1118.02,-0.402654,-0.063696,0.0167,-0.20093,1.99875,144.8678,66.2483,0.6475770925110133,1.405945,0.206459,0.0484,0.35807,1.99903,0.313827,86.1662,24.8469,0.05265,0.56797,1.99907,0.5505034612964128,-0.01578,1.9997,-0.143118,697.5602,-186.3864,0.01202,-0.50216,0.38735053492762744,-0.489988,-0.246855,647.3665,526.5674,0.02105,-0.09791,9.99965,0.38247325361862805,1.8264746417233315
CCCCCCc1ccc(N)cc1.O=C(Cl)c1ccc(F)cc1F,-522.3891282423235,3.168662381695471,4681.222474256052,1785.3025989029911,0.30234694912604154,1.4910555870601891,0.1003784230740908,0.10227712782336926,-0.20265555089746004,177.2888,1809.5312983339297,-0.7363389333431698,-0.04430443345108192,0.01049934559847583,-0.6477497419852453,1.99927,-0.14410859790156264,80.8453835266525,201.5836485098612,0.01167865032382828,-0.8171004575414922,1.99931,0.37503914066890914,-1002.6542594723891,1.5628342043633043,2120.324392652248,1108.7274438818417,0.09460995236304569,2.9002627333284448,0.18897774100507306,0.1031808922527925,-0.29215863325786556,-0.08579684875228055,176.5499,1217.2759401612166,-0.4762535813565251,-0.14156288723632596,0.01749714178274225,-0.2655723345228288,1.9987275595461926,125.52130121331402,76.87735232825071,0.6601959388546843,1.4011957195348994,0.21017866036864236,0.05033202645075863,0.3574196198405706,1.999092440453807,0.31311296107594244,89.14458035729169,29.976610165880096,0.053738691863957924,0.5602134195157078,1.9991175595461927,0.5592025931930473,-0.0013660944016755583,1.999692440453807,-0.12574949132688037,715.3363046299694,-206.25609228525013,0.012154107747207482,-0.4855636222965187,0.4016195195314515,-0.4835200440528855,-0.24479578722213755,687.6901003715086,492.5449564929477,0.021139816660918742,-0.0970344038983523,9.99966023818477,0.38741746794270504,2.861562615965892
CCCCCCc1ccc(N)cc1.O=C(Cl)c1ccc(OC(F)(F)F)cc1,-522.3891282423235,3.168662381695471,4681.222474256052,1785.3025989029911,0.30234694912604154,1.4910555870601891,0.1003784230740908,0.10227712782336926,-0.20265555089746004,177.2888,1809.5312983339297,-0.7363389333431698,-0.04430443345108192,0.01049934559847583,-0.6477497419852453,1.99927,-0.14410859790156264,80.8453835266525,201.5836485098612,0.01167865032382828,-0.8171004575414922,1.99931,0.37503914066890914,-1216.116295,1.9373,4202.2051,1483.97,0.123247,2.1043,0.18684,0.10098000000000001,-0.28782,-0.08586,224.5666,1686.329,-0.41883,-0.055985,0.01693,-0.20009,1.99875,144.7474,65.8979,0.6455317809943361,1.437835,0.211505,0.04838,0.36227,1.99903,0.315037,85.8367,24.8444,0.0526,0.56737,1.99907,0.5483008181246066,-0.013036,1.9997,-0.141975,702.237,-188.2112,0.01203,-0.50095,0.3865638766519824,-0.492427,-0.24471,647.5785,525.941,0.02111,-0.09583,9.99965,0.382001258653241,2.253452864177313
CCCCCCc1ccc(N)cc1.O=C(Cl)c1ccc(SC(F)(F)F)cc1,-522.3891282423235,3.168662381695471,4681.222474256052,1785.3025989029911,0.30234694912604154,1.4910555870601891,0.1003784230740908,0.10227712782336926,-0.20265555089746004,177.2888,1809.5312983339297,-0.7363389333431698,-0.04430443345108192,0.01049934559847583,-0.6477497419852453,1.99927,-0.14410859790156264,80.8453835266525,201.5836485098612,0.01167865032382828,-0.8171004575414922,1.99931,0.37503914066890914,-1539.108656,10.93545,4535.03445,1625.511,0.120362,1.4151,0.19517500000000002,0.09453500000000001,-0.28971,-0.10064,240.6272,1337.92,-0.29784849999999996,-0.0998015,0.01897,-0.20292,1.99876,153.6659,59.602199999999996,0.6472624292007552,1.4163860000000001,0.25255150000000004,0.05244,0.4746,1.99909,0.3170855,83.78805,23.4428,0.05266,0.56606,1.99908,0.5502674638137193,-0.18941449999999999,1.99969,-0.1355175,726.435,-201.13459999999998,0.01204,-0.49415,0.3878618628067967,-0.49045249999999996,-0.234585,646.7714000000001,518.4003,0.02136,-0.08533,9.99964,0.38333857772183766,2.310458272502587
CCCCCCc1ccc(N)cc1.O=C(Cl)c1ccc([N+](=O)[O-])cc1,-522.3891282423235,3.168662381695471,4681.222474256052,1785.3025989029911,0.30234694912604154,1.4910555870601891,0.1003784230740908,0.10227712782336926,-0.20265555089746004,177.2888,1809.5312983339297,-0.7363389333431698,-0.04430443345108192,0.01049934559847583,-0.6477497419852453,1.99927,-0.14410859790156264,80.8453835266525,201.5836485098612,0.01167865032382828,-0.8171004575414922,1.99931,0.37503914066890914,-1008.649643,2.8883,2934.3431,1429.187,0.114492,1.9316,0.21973499999999999,0.09540499999999999,-0.31514,-0.12433,185.5665,1180.633,-0.243545,-0.095972,0.01759,-0.19498,1.99875,153.1256,57.3166,0.6472624292007552,1.373848,0.307302,0.05273,0.54955,1.99909,0.319677,82.3735,23.8112,0.0527,0.56324,1.99908,0.5486154814348647,-0.149197,1.99968,-0.131168,741.5805,-208.9034,0.01209,-0.49014,0.3881371932032725,-0.473753,-0.225712,643.2683,512.101,0.02162,-0.07607,9.99964,0.38215859030837,3.0585180456561325
CCCCCCc1ccc(N)cc1.O=C(Cl)c1ccc2ccccc2c1,-522.3891282423235,3.168662381695471,4681.222474256052,1785.3025989029911,0.30234694912604154,1.4910555870601891,0.1003784230740908,0.10227712782336926,-0.20265555089746004,177.2888,1809.5312983339297,-0.7363389333431698,-0.04430443345108192,0.01049934559847583,-0.6477497419852453,1.99927,-0.14410859790156264,80.8453835266525,201.5836485098612,0.01167865032382828,-0.8171004575414922,1.99931,0.37503914066890914,-957.8231548793865,8.942984281922897,3120.642424188284,1617.483620444743,0.15897933382482796,3.963189472116048,0.1688166691241398,0.08189167649655926,-0.25070834562069905,-0.08692499262758055,190.6287,1577.0617708477648,-0.406241613979723,-0.0853495998229043,0.01913813624300125,-0.18617714833386767,1.9987759805367138,143.21741244463914,64.17324326159877,0.6477991941427841,1.4941111495158192,0.2417364895313614,0.05284029194928839,0.45526854910095393,1.9990940194632858,0.3139393768798561,87.57417048040392,23.502188115581014,0.052508428192289645,0.5698158832202846,1.9990640194632858,0.5497785108064259,-0.20163146446439634,1.9996899999999997,-0.14309156915373786,699.7480535233219,-189.1846326741985,0.01198794161014232,-0.5022111235626368,0.38731661884381463,-0.5121153102357949,-0.2502995078146661,650.3423603945448,527.1525046879868,0.020885980536714102,-0.10191680330266659,9.999655980536714,0.3832938279780859,1.8462809388780268
CCCCCCc1ccc(N)cc1.O=C(Cl)c1cccc2ccccc12,-522.3891282423235,3.168662381695471,4681.222474256052,1785.3025989029911,0.30234694912604154,1.4910555870601891,0.1003784230740908,0.10227712782336926,-0.20265555089746004,177.2888,1809.5312983339297,-0.7363389333431698,-0.04430443345108192,0.01049934559847583,-0.6477497419852453,1.99927,-0.14410859790156264,80.8453835266525,201.5836485098612,0.01167865032382828,-0.8171004575414922,1.99931,0.37503914066890914,-957.8186401303651,7.76497366122391,2727.8224101566643,1452.655905920424,0.1591435410273463,3.138155778233965,0.17141258730322817,0.07978083346207067,-0.2511934207652988,-0.09163175384115753,190.62869999999998,1654.673933628048,-0.3606608914538662,-0.060651833547166085,0.019562781082751415,-0.15268271376427908,1.9987499999999998,140.36828004155382,67.13279503149818,0.67083710319587,1.4184804447627122,0.24250688344425783,0.05177296194712997,0.4757362417913853,1.9991198794237475,0.3059404481129295,90.28639256302401,23.548420283844816,0.051731334167722944,0.5763399240539799,1.9990998794237473,0.5737331192431018,-0.21399212998145925,1.9996800602881257,-0.14835273747499386,677.8735529026063,-199.8173439886677,0.012231266050649904,-0.5084526793064421,0.42167378684587214,-0.536095752759764,-0.25799595608850817,690.7625756377732,499.1303403904185,0.020573617287571157,-0.11333870811906079,9.999669879423749,0.38839317125744705,1.6348879324268837
CCCCCCc1ccc(N)cc1.O=C(Cl)c1ccccc1,-522.3891282423235,3.168662381695471,4681.222474256052,1785.3025989029911,0.30234694912604154,1.4910555870601891,0.1003784230740908,0.10227712782336926,-0.20265555089746004,177.2888,1809.5312983339297,-0.7363389333431698,-0.04430443345108192,0.01049934559847583,-0.6477497419852453,1.99927,-0.14410859790156264,80.8453835266525,201.5836485098612,0.01167865032382828,-0.8171004575414922,1.99931,0.37503914066890914,-804.46025,0.6975,1464.397,1335.877,0.109113,3.4435,0.18524,0.10419999999999999,-0.28944,-0.08104,140.5689,1259.541,-0.319057,-0.06921,0.01701,-0.18925,1.99875,150.2369,61.7104,0.6467904342353682,1.381429,0.207568,0.04848,0.36494,1.99903,0.313396,86.434,23.3461,0.05259,0.56996,1.99907,0.5492448080553808,-0.014961,1.9997,-0.142092,704.1163,-190.2727,0.012,-0.50042,0.3867212083071114,-0.491795,-0.248031,648.8095,526.2085,0.02098,-0.09932,9.99965,0.38247325361862805,1.7192432632314305
CCCCCCc1ccc(N)cc1.O=C(Cl)c1ccco1,-522.3891282423235,3.168662381695471,4681.222474256052,1785.3025989029911,0.30234694912604154,1.4910555870601891,0.1003784230740908,0.10227712782336926,-0.20265555089746004,177.2888,1809.5312983339297,-0.7363389333431698,-0.04430443345108192,0.01049934559847583,-0.6477497419852453,1.99927,-0.14410859790156264,80.8453835266525,201.5836485098612,0.01167865032382828,-0.8171004575414922,1.99931,0.37503914066890914,-802.2749436403665,0.9628803601977091,1106.8639320512225,837.4781616717298,0.07810627687091332,4.223320701907314,0.17692659069992278,0.09926084693630044,-0.2761874376362232,-0.07766574376362233,130.53050000000002,1023.5943809662729,-0.2571876525553629,0.07456587223868763,0.028521784583548964,0.16679427666839172,1.9986394965983396,84.42036001940463,48.795129254280766,0.6092274123751691,1.4654626254563974,0.18523025001857074,0.045608009071094816,0.29806073691619983,1.9990367505669435,0.28778355340700085,80.27414887766211,36.27046418281246,0.04943652154385018,0.5133097981460898,1.9990600000000003,0.5273364642768135,-0.01243844273116867,1.999706750566944,-0.14375068628124404,690.1763189879638,-171.46429701179642,0.012345972786715571,-0.4947455057576371,0.3678338463825751,-0.4709219205838191,-0.23281669984785022,670.2421570172194,515.4998959950124,0.022066292520756925,-0.08390614500521279,9.99965324943306,0.373560076402609,2.134562334126135
CCCCCCc1ccc(N)cc1.O=C(Cl)c1cccs1,-522.3891282423235,3.168662381695471,4681.222474256052,1785.3025989029911,0.30234694912604154,1.4910555870601891,0.1003784230740908,0.10227712782336926,-0.20265555089746004,177.2888,1809.5312983339297,-0.7363389333431698,-0.04430443345108192,0.01049934559847583,-0.6477497419852453,1.99927,-0.14410859790156264,80.8453835266525,201.5836485098612,0.01167865032382828,-0.8171004575414922,1.99931,0.37503914066890914,-1125.2983746590153,0.8989004644803423,1318.760431390368,1051.8664137490334,0.07514125703092484,3.9869099489807027,0.1825097879616161,0.09715189528668504,-0.27966168324830115,-0.08535789267493107,146.5911,967.0850566647645,-0.36846109931444926,-0.017428701234791306,0.01983363911738161,-0.3620010732506892,1.9987481652957104,92.68784922793068,54.81236467913048,0.6462467515807672,1.4370241272768098,0.2224287020695229,0.04673669408579305,0.36090770231153096,1.9989036391173816,0.30910380250162073,80.55742798492986,32.972354231999795,0.05245018174718617,0.5457332583905814,1.9989436391173816,0.5414205707054607,-0.010696796550940281,1.9997,-0.1456564430324384,653.6458953915552,-169.41871646632262,0.012134495887131043,-0.5017229207448509,0.3800545942263263,-0.48442835604958645,-0.24229535996721743,702.4773700234127,507.97409032060614,0.02155,-0.09357010393236291,9.999647278234763,0.38004302083175984,1.3684806242518246
COCCOc1ccccc1N.CC(=O)Cl,-554.8914406419849,4.74560734067789,2520.4079444096565,1300.044555078497,0.22342343943390208,3.259834739829453,0.0925625208575014,0.10324325713265894,-0.19580577799016033,167.20719999999997,1336.9537987471617,-0.745664968730288,-0.02344954623028372,0.0109165879736749,-0.6478995202440238,1.9992484937187462,-0.12804601453328804,43.721307636894636,206.19415128991298,0.0118680714997387,-0.8294342201947836,1.9992715948489093,0.46208883213961105,-613.070645,1.8407,361.1538,589.647,0.051921,2.5752,0.17481000000000002,0.13476,-0.30957,-0.04005,78.4981,543.096,-0.16842,-0.019931,0.00801,-0.68972,1.99914,58.3883,161.9989,0.3882945248584015,1.19561,-0.022262,0.04824,0.23014,1.99928,0.181407,78.3666,21.3299,0.05149,0.57826,1.99927,0.49370673379483954,-0.031774,1.99969,-0.138192,709.0371,-224.4771,0.01248,-0.48574,0.3472309628697294,-0.497062,-0.249833,776.7802,462.7909,0.02158,-0.12005,9.99964,0.3590308370044053,3.1514136320961423
COCCOc1ccccc1N.CC(C)(C)C(=O)Cl,-554.8914406419849,4.74560734067789,2520.4079444096565,1300.044555078497,0.22342343943390208,3.259834739829453,0.0925625208575014,0.10324325713265894,-0.19580577799016033,167.20719999999997,1336.9537987471617,-0.745664968730288,-0.02344954623028372,0.0109165879736749,-0.6478995202440238,1.9992484937187462,-0.12804601453328804,43.721307636894636,206.19415128991298,0.0118680714997387,-0.8294342201947836,1.9992715948489093,0.46208883213961105,-730.74792,2.2489,944.8434,987.864,0.140866,2.7537,0.1676,0.13162,-0.29922,-0.03598,120.5785,1095.631,-0.002895,-0.401545,0.01495,-0.12509,1.99882,43.2203,145.8968,0.7474826935179358,1.086134,0.105519,0.05777,0.24151,1.999,0.311319,92.3348,10.4385,0.06159,0.60184,1.99904,0.6241346758967904,-0.044561,1.99969,-0.134635,702.0892,-210.5595,0.01227,-0.49442,0.4129955947136564,-0.486258,-0.243396,657.1407,517.8314,0.02014,-0.11423,9.99964,0.4117369414726243,2.2430461853033177
COCCOc1ccccc1N.CC(C)(C)c1ccc(C(=O)Cl)cc1,-554.8914406419849,4.74560734067789,2520.4079444096565,1300.044555078497,0.22342343943390208,3.259834739829453,0.0925625208575014,0.10324325713265894,-0.19580577799016033,167.20719999999997,1336.9537987471617,-0.745664968730288,-0.02344954623028372,0.0109165879736749,-0.6478995202440238,1.9992484937187462,-0.12804601453328804,43.721307636894636,206.19415128991298,0.0118680714997387,-0.8294342201947836,1.9992715948489093,0.46208883213961105,-961.3640173962594,0.8439951331320028,3736.8617162104047,1666.1327468680736,0.22702856304127478,4.218331555187393,0.1765543462087611,0.10122506668047276,-0.2777794128892339,-0.07532927952828836,196.6761,1756.2896208656803,-0.4178817038419192,-0.05493930742117488,0.01711,-0.19114765846693713,1.9987399999999997,145.50595114472912,64.19142355353065,0.6443475428431109,1.4770539433619239,0.2047373555601576,0.04842981988207208,0.3621147765800905,1.9990249099410362,0.31251209335266183,87.58830934681762,23.936423813800438,0.05250472982310813,0.5711581988207208,1.99906,0.5483809008647571,-0.017174605652256175,1.9997,-0.14438870176891871,691.262978378876,-184.8857997811485,0.01198,-0.5034901801179279,0.385780052201509,-0.5155604648516117,-0.2547429379952255,652.1694292748869,528.6326041804466,0.020760180117927914,-0.10642675787729755,9.99966,0.38215008883285495,1.1665875050799814
COCCOc1ccccc1N.CC(C)C(=O)Cl,-554.8914406419849,4.74560734067789,2520.4079444096565,1300.044555078497,0.22342343943390208,3.259834739829453,0.0925625208575014,0.10324325713265894,-0.19580577799016033,167.20719999999997,1336.9537987471617,-0.745664968730288,-0.02344954623028372,0.0109165879736749,-0.6478995202440238,1.9992484937187462,-0.12804601453328804,43.721307636894636,206.19415128991298,0.0118680714997387,-0.8294342201947836,1.9992715948489093,0.46208883213961105,-691.5212651203827,2.1259058055730957,774.3015688508707,791.3296195399124,0.11183604170191642,2.7012129828698455,0.17010773050232164,0.13244814752148587,-0.3025558780238075,-0.0376595829808358,106.5517,975.6940716840189,-0.024167191055353945,-0.17073551463321235,0.013924490779907133,-0.30198609076336,1.998945169740031,48.80721556952866,147.29575347812465,0.6314692916962978,1.1238819960085888,0.04858485903341499,0.0550134723397214,0.23591374372657942,1.9991075848700155,0.25247221421848887,88.59731276692389,12.733502739310532,0.0582213191506965,0.5944755962050935,1.9991375848700155,0.5800598381088926,-0.041438333812522876,1.99969,-0.1376712573166062,707.048479399112,-210.10582375691683,0.012389359809427323,-0.49276171727806395,0.39244024014119183,-0.49584497796278615,-0.2460183941104488,714.2513821331088,492.33222075195357,0.020564830259969046,-0.11847795268777256,9.99964,0.38745155439779033,3.066465001835441
COCCOc1ccccc1N.CCC(C(=O)Cl)c1ccccc1,-554.8914406419849,4.74560734067789,2520.4079444096565,1300.044555078497,0.22342343943390208,3.259834739829453,0.0925625208575014,0.10324325713265894,-0.19580577799016033,167.20719999999997,1336.9537987471617,-0.745664968730288,-0.02344954623028372,0.0109165879736749,-0.6478995202440238,1.9992484937187462,-0.12804601453328804,43.721307636894636,206.19415128991298,0.0118680714997387,-0.8294342201947836,1.9992715948489093,0.46208883213961105,-922.1350941424333,4.569522987935531,2455.9020135917617,1503.8121474082207,0.19835830978909602,2.7196956404060453,0.15641062941202977,0.11147264569784315,-0.267883275109873,-0.044937983714186606,182.6493,1522.0795475579139,-0.04878392032155667,-0.06036727587828204,0.02106411226593012,-0.32502486318000223,1.99889,30.15305416820589,127.38872271494051,0.7227754446342497,1.1178043569820812,0.06601085036127433,0.056704631153088186,0.26634316303879657,1.999111010410588,0.2584528867848544,80.18911170349905,15.605117816098318,0.05923987339580025,0.5947519757187832,1.999131232884499,0.6209158445810388,-0.11952997468335282,1.999685360884168,-0.143804062173481,712.2092388306249,-204.0050258804775,0.012248062306486857,-0.5005021470911517,0.43435065207263357,-0.4765579049182884,-0.2283885640121543,717.517615534147,464.5850831441031,0.021029658300558765,-0.0958973312821047,9.99961558335808,0.388169114477217,2.7766955758886747
COCCOc1ccccc1N.CCCCC(=O)Cl,-554.8914406419849,4.74560734067789,2520.4079444096565,1300.044555078497,0.22342343943390208,3.259834739829453,0.0925625208575014,0.10324325713265894,-0.19580577799016033,167.20719999999997,1336.9537987471617,-0.745664968730288,-0.02344954623028372,0.0109165879736749,-0.6478995202440238,1.9992484937187462,-0.12804601453328804,43.721307636894636,206.19415128991298,0.0118680714997387,-0.8294342201947836,1.9992715948489093,0.46208883213961105,-730.7450150574017,2.090291331652506,1341.9302009057062,994.4515719835497,0.1418835432507869,2.6086344119789233,0.1712263701297755,0.1335958284882569,-0.3048221986180324,-0.037630541641518626,120.57850000000002,1041.7633434165296,-0.09671197627204661,0.007804712444770221,0.014038775373839806,-0.4880626302178358,1.9990404359511826,56.464141490849684,147.1293956944729,0.5593904691258827,1.1789239078387639,0.007528819367576247,0.05127629781296082,0.23642929006115296,1.9991881569913779,0.21380243779784716,82.77940616490689,16.660432212862794,0.05512335177243502,0.588506474333033,1.999198156991378,0.5578940906295883,-0.04184591941059398,1.9996900000000002,-0.14164929933233972,714.7961360943984,-212.9005115825591,0.012188685583343585,-0.49471489576310834,0.3995731427490579,-0.5163867508662023,-0.24523050175144934,770.1191505493439,470.94318983615574,0.020878088448009844,-0.11732762706245506,9.999642023227146,0.3671949651309757,2.7668342422296943
COCCOc1ccccc1N.CCCCC(CC)C(=O)Cl,-554.8914406419849,4.74560734067789,2520.4079444096565,1300.044555078497,0.22342343943390208,3.259834739829453,0.0925625208575014,0.10324325713265894,-0.19580577799016033,167.20719999999997,1336.9537987471617,-0.745664968730288,-0.02344954623028372,0.0109165879736749,-0.6478995202440238,1.9992484937187462,-0.12804601453328804,43.721307636894636,206.19415128991298,0.0118680714997387,-0.8294342201947836,1.9992715948489093,0.46208883213961105,-848.4194799426583,2.1267217278302994,2464.267019669444,1500.231394373068,0.23155073390523292,2.677801397359587,0.16853390822493342,0.13085299777436263,-0.29938690599929607,-0.037680910450570794,162.6589,1466.9452087716104,-0.0842353595837951,-0.12303181060215712,0.01891789249052634,-0.29470057863953375,1.9989210580785208,30.751430758385847,131.96111134930018,0.7081076322850737,1.1146350543229737,0.04049639435702823,0.05769645486653496,0.23430779863995022,1.999079831858541,0.2342915125830618,79.28964453295023,10.72058245681579,0.06134362576284608,0.5865793709141864,1.999110961152719,0.6405613297343266,-0.04916664952674792,1.9996827557665517,-0.14383461934649713,723.1028236690747,-205.35061664385827,0.012373376332512752,-0.5004955405011925,0.44056690495066464,-0.4902433087740082,-0.23982660938031483,795.885334662436,424.81685121337784,0.02061303988994313,-0.10758898034704956,9.999627692135396,0.39206250471260456,1.7022385310216377
COCCOc1ccccc1N.CCCCCCC(=O)Cl,-554.8914406419849,4.74560734067789,2520.4079444096565,1300.044555078497,0.22342343943390208,3.259834739829453,0.0925625208575014,0.10324325713265894,-0.19580577799016033,167.20719999999997,1336.9537987471617,-0.745664968730288,-0.02344954623028372,0.0109165879736749,-0.6478995202440238,1.9992484937187462,-0.12804601453328804,43.721307636894636,206.19415128991298,0.0118680714997387,-0.8294342201947836,1.9992715948489093,0.46208883213961105,-809.1928450186999,2.191972683108519,2694.585979207065,1390.3008597551361,0.20178400746022246,2.7244460547894533,0.17032995662812994,0.13265533018130402,-0.30298528680943393,-0.03767462644682591,148.63210000000004,1261.5194415620172,-0.09799205324244195,0.017531207143586563,0.014411268813625472,-0.4870248810235342,1.9990360661441282,52.29176351269705,146.78208323625879,0.5553711533823926,1.1744333662866158,0.005174748608251482,0.05187764178651444,0.23654530602917653,1.9991838244073419,0.2092039866890283,82.95284094577164,16.8293560755272,0.055168636678038244,0.5896019425118675,1.9991965260075706,0.554803422626299,-0.04042034364900629,1.9996900000000004,-0.1394788994015972,704.4901204727937,-215.8672177680678,0.01234712539999367,-0.4919174099593421,0.38646821572942175,-0.5069924791734688,-0.24872178501458486,751.6188641806931,476.4115554370388,0.020814874094548554,-0.1210213165562404,9.999640000000001,0.3740534939797181,3.584331224367531
COCCOc1ccccc1N.CCCCCCCCCCCC(=O)Cl,-554.8914406419849,4.74560734067789,2520.4079444096565,1300.044555078497,0.22342343943390208,3.259834739829453,0.0925625208575014,0.10324325713265894,-0.19580577799016033,167.20719999999997,1336.9537987471617,-0.745664968730288,-0.02344954623028372,0.0109165879736749,-0.6478995202440238,1.9992484937187462,-0.12804601453328804,43.721307636894636,206.19415128991298,0.0118680714997387,-0.8294342201947836,1.9992715948489093,0.46208883213961105,-1005.3142281705781,2.051840846684475,7589.4788243149,2063.8977884186593,0.35148147884172565,2.580964688743521,0.17130593121998355,0.13237374139497904,-0.3036796726149626,-0.038932189825004494,218.76610000000002,2028.2284431012831,-0.09832466528407613,0.011300852452152831,0.014411262852878942,-0.4876371810409823,1.9990393233150183,54.09437145699512,147.61948876998457,0.5618015097823486,1.1889594778380719,0.0034922479456673456,0.05177155382090726,0.23634184011774262,1.9991781601252514,0.20777313911983045,80.09136057476589,16.11372837040959,0.05541338385685213,0.5883281241859004,1.999188590390622,0.5688480715114945,-0.04156562730035017,1.9996867476005615,-0.13988340193202087,708.4357928496703,-213.85227427913944,0.012237201999370216,-0.49679063701810433,0.4188836362668115,-0.5185254162381545,-0.24439257461254094,760.4693324636868,471.25224452499526,0.020883543820409477,-0.11594466851905619,9.999637177865932,0.3724491019162263,3.3343712563178274
COCCOc1ccccc1N.CCc1ccc(C(=O)Cl)cc1,-554.8914406419849,4.74560734067789,2520.4079444096565,1300.044555078497,0.22342343943390208,3.259834739829453,0.0925625208575014,0.10324325713265894,-0.19580577799016033,167.20719999999997,1336.9537987471617,-0.745664968730288,-0.02344954623028372,0.0109165879736749,-0.6478995202440238,1.9992484937187462,-0.12804601453328804,43.721307636894636,206.19415128991298,0.0118680714997387,-0.8294342201947836,1.9992715948489093,0.46208883213961105,-882.914671,0.8056,2669.3825,1421.7125,0.168403,4.1213,0.17781,0.10156000000000001,-0.27937,-0.07625,168.6225,1314.007,-0.402094,-0.061786,0.01695,-0.19259,1.99875,146.8733,63.8668,0.6452957835116425,1.456055,0.205216,0.04843,0.36246,1.99903,0.312565,87.4623,23.8993,0.05253,0.57058,1.99906,0.5498741346758967,-0.017375,1.9997,-0.144731,691.6855,-184.816,0.01198,-0.50355,0.3866425424795469,-0.509939,-0.254084,651.6022,528.6102,0.02081,-0.10547,9.99966,0.38294524858401513,1.2566045977672613
COCCOc1ccccc1N.COc1cc(C(=O)Cl)cc(OC)c1OC,-554.8914406419849,4.74560734067789,2520.4079444096565,1300.044555078497,0.22342343943390208,3.259834739829453,0.0925625208575014,0.10324325713265894,-0.19580577799016033,167.20719999999997,1336.9537987471617,-0.745664968730288,-0.02344954623028372,0.0109165879736749,-0.6478995202440238,1.9992484937187462,-0.12804601453328804,43.721307636894636,206.19415128991298,0.0118680714997387,-0.8294342201947836,1.9992715948489093,0.46208883213961105,-1147.3988728386491,9.590245055798524,4098.000453261923,1788.438858126628,0.21336973094695055,3.820453988387011,0.1589222523904965,0.08715554844614821,-0.2460778008366447,-0.07176670394434828,230.64750000000004,1702.8529527836297,-0.30062621086644153,-0.0505418648015625,0.01901263016358685,-0.16597456713914246,1.9988191465822256,138.9709269242885,66.29146063677923,0.6464282423283223,1.4648143543682646,0.20572451472928088,0.0527408394357223,0.4021922948019736,1.9991034206621257,0.30939671461077606,86.80447373218087,24.14315727612148,0.052543474138718856,0.5717040388310601,1.9990608534177752,0.5505070876792586,-0.22497649330386443,1.9997000000000003,-0.1474567049669537,690.2213647653614,-182.89085364682126,0.011964543057302771,-0.5069527124341651,0.38708728584549945,-0.5075244044704986,-0.2524332482777629,651.9670016723583,528.9051928576206,0.020845079417672406,-0.10312794717934845,9.999652567244352,0.38354454400728805,1.3715448652764546
COCCOc1ccccc1N.COc1ccc(C(=O)Cl)cc1,-554.8914406419849,4.74560734067789,2520.4079444096565,1300.044555078497,0.22342343943390208,3.259834739829453,0.0925625208575014,0.10324325713265894,-0.19580577799016033,167.20719999999997,1336.9537987471617,-0.745664968730288,-0.02344954623028372,0.0109165879736749,-0.6478995202440238,1.9992484937187462,-0.12804601453328804,43.721307636894636,206.19415128991298,0.0118680714997387,-0.8294342201947836,1.9992715948489093,0.46208883213961105,-918.7794806452093,1.8095578782030461,2595.8845344392657,1351.432412177592,0.14413766686447077,4.69247217594736,0.16339189113066868,0.09466255858855176,-0.2580544497192204,-0.06872933254211694,170.5951,1330.3161569267518,-0.5316156870230284,-0.057328369918361544,0.01689,-0.20658333135529233,1.9987499999999998,139.08126280090607,69.5119016314473,0.6464023557102192,1.5082461480170826,0.19680829664503793,0.04825977751403898,0.35202155146760417,1.99902,0.30959364046198856,88.97441949403056,25.308381727266305,0.052509332542116934,0.5694617858218112,1.99905,0.5495559709571898,-0.023747567188664966,1.9997,-0.15034197745033262,671.7481042751876,-174.48073225064894,0.011970222485961022,-0.5095373064319758,0.38616179649303717,-0.5192249050540321,-0.26183382883983775,650.1022819991035,534.1770665455147,0.020634443785097444,-0.11341470187579644,9.99966,0.3827949177457842,0.6537223750792256
COCCOc1ccccc1N.Cc1ccc(C(=O)Cl)cc1,-554.8914406419849,4.74560734067789,2520.4079444096565,1300.044555078497,0.22342343943390208,3.259834739829453,0.0925625208575014,0.10324325713265894,-0.19580577799016033,167.20719999999997,1336.9537987471617,-0.745664968730288,-0.02344954623028372,0.0109165879736749,-0.6478995202440238,1.9992484937187462,-0.12804601453328804,43.721307636894636,206.19415128991298,0.0118680714997387,-0.8294342201947836,1.9992715948489093,0.46208883213961105,-843.690474,0.7847,2037.6054,1331.695,0.138241,4.0826,0.17777500000000002,0.101495,-0.27927,-0.07628,154.5957,957.156,-0.396447,-0.063926,0.01695,-0.19369,1.99875,146.8166,64.1383,0.6464757709251101,1.444549,0.205095,0.0484,0.3622,1.99903,0.312699,87.2722,23.9815,0.05251,0.57046,1.99906,0.5497954688483323,-0.017809,1.9997,-0.144896,691.7944,-184.7633,0.01198,-0.50358,0.3868785399622404,-0.507387,-0.254103,652.0078,529.0068,0.02081,-0.10548,9.99966,0.38231592196349906,1.0952373859201612
COCCOc1ccccc1N.Cc1ccccc1C(=O)Cl,-554.8914406419849,4.74560734067789,2520.4079444096565,1300.044555078497,0.22342343943390208,3.259834739829453,0.0925625208575014,0.10324325713265894,-0.19580577799016033,167.20719999999997,1336.9537987471617,-0.745664968730288,-0.02344954623028372,0.0109165879736749,-0.6478995202440238,1.9992484937187462,-0.12804601453328804,43.721307636894636,206.19415128991298,0.0118680714997387,-0.8294342201947836,1.9992715948489093,0.46208883213961105,-843.6875560574109,0.11441203094299326,1727.5775237937205,1185.5250490989843,0.13826824892949693,2.9335652803962233,0.17744671457012706,0.09930211916386854,-0.2767488337339956,-0.07814459540625854,154.5957,1206.8423660351868,-0.3609323356612174,-0.04382074162750573,0.017399388198169285,-0.18550015969286923,1.99871,143.88919896912307,63.72922694533436,0.6763989980060084,1.3794532603765848,0.17964343533990834,0.04829439509069746,0.3670932883597818,1.9990500711227133,0.2936090109211529,86.60514481931877,23.749668767244493,0.051918321357468225,0.5733261876760661,1.9990899288772865,0.5774004604109436,-0.03147546807824839,1.9996999288772865,-0.14907075579200177,701.4520483596131,-205.6625805599628,0.012379573263719579,-0.5042245104984888,0.4371025917512716,-0.51174269585703,-0.25672397091808735,673.4314174438672,509.25428815634746,0.020633982871950604,-0.11187011540779132,9.999669857754574,0.38752509665341367,1.4777529558627986
COCCOc1ccccc1N.O=C(Cl)C12CC3CC(CC(C3)C1)C2,-554.8914406419849,4.74560734067789,2520.4079444096565,1300.044555078497,0.22342343943390208,3.259834739829453,0.0925625208575014,0.10324325713265894,-0.19580577799016033,167.20719999999997,1336.9537987471617,-0.745664968730288,-0.02344954623028372,0.0109165879736749,-0.6478995202440238,1.9992484937187462,-0.12804601453328804,43.721307636894636,206.19415128991298,0.0118680714997387,-0.8294342201947836,1.9992715948489093,0.46208883213961105,-962.581811,3.0439,2417.6329,1837.01,0.2551,3.1191,0.16248,0.12827,-0.29075,-0.03421,198.6919,1506.761,-0.109963,-0.417603,0.01866,-0.12505,1.99879,47.667,144.0592,0.8325991189427313,1.135254,0.136483,0.05847,0.25586,1.99893,0.339763,94.9955,11.4326,0.06189,0.61891,1.99899,0.6260226557583386,-0.055463,1.99969,-0.134531,703.9745,-206.4244,0.01198,-0.49526,0.4133102580239144,-0.495051,-0.246408,649.7835,526.6917,0.01986,-0.11707,9.99965,0.4122089364380113,2.3522569774040427
COCCOc1ccccc1N.O=C(Cl)C=Cc1ccccc1,-554.8914406419849,4.74560734067789,2520.4079444096565,1300.044555078497,0.22342343943390208,3.259834739829453,0.0925625208575014,0.10324325713265894,-0.19580577799016033,167.20719999999997,1336.9537987471617,-0.745664968730288,-0.02344954623028372,0.0109165879736749,-0.6478995202440238,1.9992484937187462,-0.12804601453328804,43.721307636894636,206.19415128991298,0.0118680714997387,-0.8294342201947836,1.9992715948489093,0.46208883213961105,-881.7076424349888,1.4583330632451224,3001.2649234041864,1257.7523733779365,0.14500556194108782,4.007677662728389,0.18097215746167145,0.08464781157985767,-0.2656199690415291,-0.09632434588181382,166.6067,1318.0489361294021,-0.6487631505721401,-0.11180734591608987,0.015986889213416643,-0.40177837436797814,1.9988062506712867,97.67235097153285,72.11756207665134,0.5471110545535718,1.594812176212798,0.21686245915706964,0.047810688301961585,0.3951780161227317,1.9990600002421206,0.2773765541231414,79.2212823091358,26.059164333630676,0.05162692895158519,0.5406730279839103,1.9991162506021094,0.518506511257886,-0.01080933265076242,1.99969,-0.1561087210570263,684.9150017741213,-177.68841986288376,0.012026865077963791,-0.508001072172739,0.3739683515791476,-0.5679760192194105,-0.25474012890245074,721.0320699222212,470.0895892939961,0.02118627173739866,-0.11190134066066033,9.99965374939789,0.36138049216617174,2.48202212273939
COCCOc1ccccc1N.O=C(Cl)c1ccc(-c2ccccc2)cc1,-554.8914406419849,4.74560734067789,2520.4079444096565,1300.044555078497,0.22342343943390208,3.259834739829453,0.0925625208575014,0.10324325713265894,-0.19580577799016033,167.20719999999997,1336.9537987471617,-0.745664968730288,-0.02344954623028372,0.0109165879736749,-0.6478995202440238,1.9992484937187462,-0.12804601453328804,43.721307636894636,206.19415128991298,0.0118680714997387,-0.8294342201947836,1.9992715948489093,0.46208883213961105,-1035.081421,13.748,5091.4627,1754.559,0.195241,4.008,0.17202,0.08703,-0.25905,-0.08499,216.6665,1648.5790000000002,-0.476397,-0.069238,0.01931,-0.13635,1.99876,146.3066,63.2115,0.6453744493392071,1.557555,0.237449,0.05246,0.45217,1.99908,0.313028,86.8115,23.8787,0.05251,0.56896,1.99906,0.5493234738829452,-0.197972,1.99969,-0.14352,696.741,-187.3885,0.012,-0.50251,0.38569855254877283,-0.528893,-0.251945,650.7091,526.9992,0.02088,-0.10309,9.99966,0.38223725613593457,1.388192582868046
COCCOc1ccccc1N.O=C(Cl)c1ccc(Br)cc1,-554.8914406419849,4.74560734067789,2520.4079444096565,1300.044555078497,0.22342343943390208,3.259834739829453,0.0925625208575014,0.10324325713265894,-0.19580577799016033,167.20719999999997,1336.9537987471617,-0.745664968730288,-0.02344954623028372,0.0109165879736749,-0.6478995202440238,1.9992484937187462,-0.12804601453328804,43.721307636894636,206.19415128991298,0.0118680714997387,-0.8294342201947836,1.9992715948489093,0.46208883213961105,-3377.857666,2.1799,3388.6568,1232.628,0.100324,2.0328,0.18545,0.09516000000000002,-0.28061,-0.09029,219.465,1258.854,-0.39698,-0.055564,0.01694,-0.19555,1.99875,149.5302,63.26,0.645846444304594,1.462386,0.217711,0.04852,0.3717,1.99904,0.315275,85.0022,24.181,0.05263,0.56687,1.99907,0.5486154814348647,-0.010299,1.9997,-0.140191,709.2575,-191.8647,0.01202,-0.49899,0.38719320327249845,-0.500793,-0.242085,647.9072,524.2242,0.02118,-0.09299,9.99965,0.382001258653241,1.871960690102045
COCCOc1ccccc1N.O=C(Cl)c1ccc(C(F)(F)F)cc1,-554.8914406419849,4.74560734067789,2520.4079444096565,1300.044555078497,0.22342343943390208,3.259834739829453,0.0925625208575014,0.10324325713265894,-0.19580577799016033,167.20719999999997,1336.9537987471617,-0.745664968730288,-0.02344954623028372,0.0109165879736749,-0.6478995202440238,1.9992484937187462,-0.12804601453328804,43.721307636894636,206.19415128991298,0.0118680714997387,-0.8294342201947836,1.9992715948489093,0.46208883213961105,-1141.009328,3.3671,3493.4189,1579.5935,0.117803,1.0538,0.202225,0.10366500000000001,-0.30589,-0.09856,208.5672,1203.002,-0.281208,-0.066681,0.01707,-0.18876,1.99875,151.6583,59.3407,0.6463184392699811,1.375664,0.226354,0.04856,0.38009,1.99904,0.318189,83.9248,23.6216,0.05264,0.56628,1.99908,0.5490874764002517,-0.003696,1.9997,-0.135777,725.5918,-200.3338,0.01205,-0.49428,0.3871145374449339,-0.48031,-0.234509,646.3328,518.8401,0.02137,-0.08533,9.99964,0.38239458779106356,2.5587771199465505
COCCOc1ccccc1N.O=C(Cl)c1ccc(Cl)cc1,-554.8914406419849,4.74560734067789,2520.4079444096565,1300.044555078497,0.22342343943390208,3.259834739829453,0.0925625208575014,0.10324325713265894,-0.19580577799016033,167.20719999999997,1336.9537987471617,-0.745664968730288,-0.02344954623028372,0.0109165879736749,-0.6478995202440238,1.9992484937187462,-0.12804601453328804,43.721307636894636,206.19415128991298,0.0118680714997387,-0.8294342201947836,1.9992715948489093,0.46208883213961105,-1263.981948,2.0754,2495.0487,918.639,0.100727,2.063,0.18674,0.09755,-0.28429,-0.08919,175.014,1159.235,-0.395009,-0.059104,0.01687,-0.19718,1.99875,148.1762,63.8432,0.6469477658904972,1.447541,0.216306,0.04848,0.37028,1.99904,0.314974,85.26,24.3534,0.05263,0.56696,1.99907,0.5487728130899937,-0.010873,1.9997,-0.140838,706.9426,-190.8553,0.01202,-0.49966,0.38719320327249845,-0.497634,-0.243186,647.8379,524.4538,0.02115,-0.09408,9.99965,0.38231592196349906,1.972659518020981
COCCOc1ccccc1N.O=C(Cl)c1ccc(Cl)cc1Cl,-554.8914406419849,4.74560734067789,2520.4079444096565,1300.044555078497,0.22342343943390208,3.259834739829453,0.0925625208575014,0.10324325713265894,-0.19580577799016033,167.20719999999997,1336.9537987471617,-0.745664968730288,-0.02344954623028372,0.0109165879736749,-0.6478995202440238,1.9992484937187462,-0.12804601453328804,43.721307636894636,206.19415128991298,0.0118680714997387,-0.8294342201947836,1.9992715948489093,0.46208883213961105,-1723.4939374606504,1.2883800810490484,2980.2158268029457,1474.2397074519768,0.09215022714359405,2.4027020201639373,0.1889194293631092,0.09675937747005803,-0.28567880683316726,-0.09216005189305122,209.45909999999998,1522.9075142418037,-0.4253249866263163,-0.07327173319778336,0.019400577896779823,-0.2055589686983824,1.9986567970101383,141.94229947990505,63.78112283667599,0.6720934400530437,1.383887345120303,0.20099762442309496,0.051071825734569344,0.377952249212696,1.9990716014949308,0.30132847764488324,89.17290808438919,26.71033238705266,0.053662067271891524,0.5672160495446766,1.9991067970101382,0.5710416884369257,-0.02376615770075898,1.9996899999999997,-0.12318614046610027,738.0003184385099,-221.68962119212986,0.01246359402027631,-0.4777808249899132,0.41465210131273,-0.4997364317231278,-0.23461153961306366,691.034157820026,475.66836513053863,0.02126264516867135,-0.09382789320718006,9.999653594020277,0.3876269732870548,2.57905698382687
COCCOc1ccccc1N.O=C(Cl)c1ccc(F)cc1,-554.8914406419849,4.74560734067789,2520.4079444096565,1300.044555078497,0.22342343943390208,3.259834739829453,0.0925625208575014,0.10324325713265894,-0.19580577799016033,167.20719999999997,1336.9537987471617,-0.745664968730288,-0.02344954623028372,0.0109165879736749,-0.6478995202440238,1.9992484937187462,-0.12804601453328804,43.721307636894636,206.19415128991298,0.0118680714997387,-0.8294342201947836,1.9992715948489093,0.46208883213961105,-903.560911,1.3905,1932.8255,1039.562,0.101816,2.1677,0.18521500000000002,0.102935,-0.28815,-0.08228,158.5594,1118.02,-0.402654,-0.063696,0.0167,-0.20093,1.99875,144.8678,66.2483,0.6475770925110133,1.405945,0.206459,0.0484,0.35807,1.99903,0.313827,86.1662,24.8469,0.05265,0.56797,1.99907,0.5505034612964128,-0.01578,1.9997,-0.143118,697.5602,-186.3864,0.01202,-0.50216,0.38735053492762744,-0.489988,-0.246855,647.3665,526.5674,0.02105,-0.09791,9.99965,0.38247325361862805,1.6464938424872213
COCCOc1ccccc1N.O=C(Cl)c1ccc(F)cc1F,-554.8914406419849,4.74560734067789,2520.4079444096565,1300.044555078497,0.22342343943390208,3.259834739829453,0.0925625208575014,0.10324325713265894,-0.19580577799016033,167.20719999999997,1336.9537987471617,-0.745664968730288,-0.02344954623028372,0.0109165879736749,-0.6478995202440238,1.9992484937187462,-0.12804601453328804,43.721307636894636,206.19415128991298,0.0118680714997387,-0.8294342201947836,1.9992715948489093,0.46208883213961105,-1002.6542594723891,1.5628342043633043,2120.324392652248,1108.7274438818417,0.09460995236304569,2.9002627333284448,0.18897774100507306,0.1031808922527925,-0.29215863325786556,-0.08579684875228055,176.5499,1217.2759401612166,-0.4762535813565251,-0.14156288723632596,0.01749714178274225,-0.2655723345228288,1.9987275595461926,125.52130121331402,76.87735232825071,0.6601959388546843,1.4011957195348994,0.21017866036864236,0.05033202645075863,0.3574196198405706,1.999092440453807,0.31311296107594244,89.14458035729169,29.976610165880096,0.053738691863957924,0.5602134195157078,1.9991175595461927,0.5592025931930473,-0.0013660944016755583,1.999692440453807,-0.12574949132688037,715.3363046299694,-206.25609228525013,0.012154107747207482,-0.4855636222965187,0.4016195195314515,-0.4835200440528855,-0.24479578722213755,687.6901003715086,492.5449564929477,0.021139816660918742,-0.0970344038983523,9.99966023818477,0.38741746794270504,2.574983037305581
COCCOc1ccccc1N.O=C(Cl)c1ccc(OC(F)(F)F)cc1,-554.8914406419849,4.74560734067789,2520.4079444096565,1300.044555078497,0.22342343943390208,3.259834739829453,0.0925625208575014,0.10324325713265894,-0.19580577799016033,167.20719999999997,1336.9537987471617,-0.745664968730288,-0.02344954623028372,0.0109165879736749,-0.6478995202440238,1.9992484937187462,-0.12804601453328804,43.721307636894636,206.19415128991298,0.0118680714997387,-0.8294342201947836,1.9992715948489093,0.46208883213961105,-1216.116295,1.9373,4202.2051,1483.97,0.123247,2.1043,0.18684,0.10098000000000001,-0.28782,-0.08586,224.5666,1686.329,-0.41883,-0.055985,0.01693,-0.20009,1.99875,144.7474,65.8979,0.6455317809943361,1.437835,0.211505,0.04838,0.36227,1.99903,0.315037,85.8367,24.8444,0.0526,0.56737,1.99907,0.5483008181246066,-0.013036,1.9997,-0.141975,702.237,-188.2112,0.01203,-0.50095,0.3865638766519824,-0.492427,-0.24471,647.5785,525.941,0.02111,-0.09583,9.99965,0.382001258653241,2.193722882724713
COCCOc1ccccc1N.O=C(Cl)c1ccc(SC(F)(F)F)cc1,-554.8914406419849,4.74560734067789,2520.4079444096565,1300.044555078497,0.22342343943390208,3.259834739829453,0.0925625208575014,0.10324325713265894,-0.19580577799016033,167.20719999999997,1336.9537987471617,-0.745664968730288,-0.02344954623028372,0.0109165879736749,-0.6478995202440238,1.9992484937187462,-0.12804601453328804,43.721307636894636,206.19415128991298,0.0118680714997387,-0.8294342201947836,1.9992715948489093,0.46208883213961105,-1539.108656,10.93545,4535.03445,1625.511,0.120362,1.4151,0.19517500000000002,0.09453500000000001,-0.28971,-0.10064,240.6272,1337.92,-0.29784849999999996,-0.0998015,0.01897,-0.20292,1.99876,153.6659,59.602199999999996,0.6472624292007552,1.4163860000000001,0.25255150000000004,0.05244,0.4746,1.99909,0.3170855,83.78805,23.4428,0.05266,0.56606,1.99908,0.5502674638137193,-0.18941449999999999,1.99969,-0.1355175,726.435,-201.13459999999998,0.01204,-0.49415,0.3878618628067967,-0.49045249999999996,-0.234585,646.7714000000001,518.4003,0.02136,-0.08533,9.99964,0.38333857772183766,2.405410675228675
COCCOc1ccccc1N.O=C(Cl)c1ccc([N+](=O)[O-])cc1,-554.8914406419849,4.74560734067789,2520.4079444096565,1300.044555078497,0.22342343943390208,3.259834739829453,0.0925625208575014,0.10324325713265894,-0.19580577799016033,167.20719999999997,1336.9537987471617,-0.745664968730288,-0.02344954623028372,0.0109165879736749,-0.6478995202440238,1.9992484937187462,-0.12804601453328804,43.721307636894636,206.19415128991298,0.0118680714997387,-0.8294342201947836,1.9992715948489093,0.46208883213961105,-1008.649643,2.8883,2934.3431,1429.187,0.114492,1.9316,0.21973499999999999,0.09540499999999999,-0.31514,-0.12433,185.5665,1180.633,-0.243545,-0.095972,0.01759,-0.19498,1.99875,153.1256,57.3166,0.6472624292007552,1.373848,0.307302,0.05273,0.54955,1.99909,0.319677,82.3735,23.8112,0.0527,0.56324,1.99908,0.5486154814348647,-0.149197,1.99968,-0.131168,741.5805,-208.9034,0.01209,-0.49014,0.3881371932032725,-0.473753,-0.225712,643.2683,512.101,0.02162,-0.07607,9.99964,0.38215859030837,3.1426822877435594
COCCOc1ccccc1N.O=C(Cl)c1ccc2ccccc2c1,-554.8914406419849,4.74560734067789,2520.4079444096565,1300.044555078497,0.22342343943390208,3.259834739829453,0.0925625208575014,0.10324325713265894,-0.19580577799016033,167.20719999999997,1336.9537987471617,-0.745664968730288,-0.02344954623028372,0.0109165879736749,-0.6478995202440238,1.9992484937187462,-0.12804601453328804,43.721307636894636,206.19415128991298,0.0118680714997387,-0.8294342201947836,1.9992715948489093,0.46208883213961105,-957.8231548793865,8.942984281922897,3120.642424188284,1617.483620444743,0.15897933382482796,3.963189472116048,0.1688166691241398,0.08189167649655926,-0.25070834562069905,-0.08692499262758055,190.6287,1577.0617708477648,-0.406241613979723,-0.0853495998229043,0.01913813624300125,-0.18617714833386767,1.9987759805367138,143.21741244463914,64.17324326159877,0.6477991941427841,1.4941111495158192,0.2417364895313614,0.05284029194928839,0.45526854910095393,1.9990940194632858,0.3139393768798561,87.57417048040392,23.502188115581014,0.052508428192289645,0.5698158832202846,1.9990640194632858,0.5497785108064259,-0.20163146446439634,1.9996899999999997,-0.14309156915373786,699.7480535233219,-189.1846326741985,0.01198794161014232,-0.5022111235626368,0.38731661884381463,-0.5121153102357949,-0.2502995078146661,650.3423603945448,527.1525046879868,0.020885980536714102,-0.10191680330266659,9.999655980536714,0.3832938279780859,1.5820480751358044
COCCOc1ccccc1N.O=C(Cl)c1cccc2ccccc12,-554.8914406419849,4.74560734067789,2520.4079444096565,1300.044555078497,0.22342343943390208,3.259834739829453,0.0925625208575014,0.10324325713265894,-0.19580577799016033,167.20719999999997,1336.9537987471617,-0.745664968730288,-0.02344954623028372,0.0109165879736749,-0.6478995202440238,1.9992484937187462,-0.12804601453328804,43.721307636894636,206.19415128991298,0.0118680714997387,-0.8294342201947836,1.9992715948489093,0.46208883213961105,-957.8186401303651,7.76497366122391,2727.8224101566643,1452.655905920424,0.1591435410273463,3.138155778233965,0.17141258730322817,0.07978083346207067,-0.2511934207652988,-0.09163175384115753,190.62869999999998,1654.673933628048,-0.3606608914538662,-0.060651833547166085,0.019562781082751415,-0.15268271376427908,1.9987499999999998,140.36828004155382,67.13279503149818,0.67083710319587,1.4184804447627122,0.24250688344425783,0.05177296194712997,0.4757362417913853,1.9991198794237475,0.3059404481129295,90.28639256302401,23.548420283844816,0.051731334167722944,0.5763399240539799,1.9990998794237473,0.5737331192431018,-0.21399212998145925,1.9996800602881257,-0.14835273747499386,677.8735529026063,-199.8173439886677,0.012231266050649904,-0.5084526793064421,0.42167378684587214,-0.536095752759764,-0.25799595608850817,690.7625756377732,499.1303403904185,0.020573617287571157,-0.11333870811906079,9.999669879423749,0.38839317125744705,1.286756080991466
COCCOc1ccccc1N.O=C(Cl)c1ccccc1,-554.8914406419849,4.74560734067789,2520.4079444096565,1300.044555078497,0.22342343943390208,3.259834739829453,0.0925625208575014,0.10324325713265894,-0.19580577799016033,167.20719999999997,1336.9537987471617,-0.745664968730288,-0.02344954623028372,0.0109165879736749,-0.6478995202440238,1.9992484937187462,-0.12804601453328804,43.721307636894636,206.19415128991298,0.0118680714997387,-0.8294342201947836,1.9992715948489093,0.46208883213961105,-804.46025,0.6975,1464.397,1335.877,0.109113,3.4435,0.18524,0.10419999999999999,-0.28944,-0.08104,140.5689,1259.541,-0.319057,-0.06921,0.01701,-0.18925,1.99875,150.2369,61.7104,0.6467904342353682,1.381429,0.207568,0.04848,0.36494,1.99903,0.313396,86.434,23.3461,0.05259,0.56996,1.99907,0.5492448080553808,-0.014961,1.9997,-0.142092,704.1163,-190.2727,0.012,-0.50042,0.3867212083071114,-0.491795,-0.248031,648.8095,526.2085,0.02098,-0.09932,9.99965,0.38247325361862805,1.495049651469867
COCCOc1ccccc1N.O=C(Cl)c1ccco1,-554.8914406419849,4.74560734067789,2520.4079444096565,1300.044555078497,0.22342343943390208,3.259834739829453,0.0925625208575014,0.10324325713265894,-0.19580577799016033,167.20719999999997,1336.9537987471617,-0.745664968730288,-0.02344954623028372,0.0109165879736749,-0.6478995202440238,1.9992484937187462,-0.12804601453328804,43.721307636894636,206.19415128991298,0.0118680714997387,-0.8294342201947836,1.9992715948489093,0.46208883213961105,-802.2749436403665,0.9628803601977091,1106.8639320512225,837.4781616717298,0.07810627687091332,4.223320701907314,0.17692659069992278,0.09926084693630044,-0.2761874376362232,-0.07766574376362233,130.53050000000002,1023.5943809662729,-0.2571876525553629,0.07456587223868763,0.028521784583548964,0.16679427666839172,1.9986394965983396,84.42036001940463,48.795129254280766,0.6092274123751691,1.4654626254563974,0.18523025001857074,0.045608009071094816,0.29806073691619983,1.9990367505669435,0.28778355340700085,80.27414887766211,36.27046418281246,0.04943652154385018,0.5133097981460898,1.9990600000000003,0.5273364642768135,-0.01243844273116867,1.999706750566944,-0.14375068628124404,690.1763189879638,-171.46429701179642,0.012345972786715571,-0.4947455057576371,0.3678338463825751,-0.4709219205838191,-0.23281669984785022,670.2421570172194,515.4998959950124,0.022066292520756925,-0.08390614500521279,9.99965324943306,0.373560076402609,1.858477518279667
COCCOc1ccccc1N.O=C(Cl)c1cccs1,-554.8914406419849,4.74560734067789,2520.4079444096565,1300.044555078497,0.22342343943390208,3.259834739829453,0.0925625208575014,0.10324325713265894,-0.19580577799016033,167.20719999999997,1336.9537987471617,-0.745664968730288,-0.02344954623028372,0.0109165879736749,-0.6478995202440238,1.9992484937187462,-0.12804601453328804,43.721307636894636,206.19415128991298,0.0118680714997387,-0.8294342201947836,1.9992715948489093,0.46208883213961105,-1125.2983746590153,0.8989004644803423,1318.760431390368,1051.8664137490334,0.07514125703092484,3.9869099489807027,0.1825097879616161,0.09715189528668504,-0.27966168324830115,-0.08535789267493107,146.5911,967.0850566647645,-0.36846109931444926,-0.017428701234791306,0.01983363911738161,-0.3620010732506892,1.9987481652957104,92.68784922793068,54.81236467913048,0.6462467515807672,1.4370241272768098,0.2224287020695229,0.04673669408579305,0.36090770231153096,1.9989036391173816,0.30910380250162073,80.55742798492986,32.972354231999795,0.05245018174718617,0.5457332583905814,1.9989436391173816,0.5414205707054607,-0.010696796550940281,1.9997,-0.1456564430324384,653.6458953915552,-169.41871646632262,0.012134495887131043,-0.5017229207448509,0.3800545942263263,-0.48442835604958645,-0.24229535996721743,702.4773700234127,507.97409032060614,0.02155,-0.09357010393236291,9.999647278234763,0.38004302083175984,1.1658842334001112
COc1ccc(C(F)(F)F)cc1N.CC(=O)Cl,-737.9098833388229,5.977433726375912,2799.166438076316,1393.2862372441261,0.16737081111864416,4.617525985374304,0.1125833129158064,0.10052118594110397,-0.21310449885691035,191.15250000000006,1184.7153446493996,-0.7080337928946748,-0.013745628824810285,0.011072229684217762,-0.6426269408026448,1.9992700000000005,-0.11347394615158188,48.29621033452558,208.16057942304528,0.011951993876729941,-0.8143143228952243,1.9993008764688367,0.4004398901435908,-613.070645,1.8407,361.1538,589.647,0.051921,2.5752,0.17481000000000002,0.13476,-0.30957,-0.04005,78.4981,543.096,-0.16842,-0.019931,0.00801,-0.68972,1.99914,58.3883,161.9989,0.3882945248584015,1.19561,-0.022262,0.04824,0.23014,1.99928,0.181407,78.3666,21.3299,0.05149,0.57826,1.99927,0.49370673379483954,-0.031774,1.99969,-0.138192,709.0371,-224.4771,0.01248,-0.48574,0.3472309628697294,-0.497062,-0.249833,776.7802,462.7909,0.02158,-0.12005,9.99964,0.3590308370044053,3.885361220031512
COc1ccc(C(F)(F)F)cc1N.CC(C)(C)C(=O)Cl,-737.9098833388229,5.977433726375912,2799.166438076316,1393.2862372441261,0.16737081111864416,4.617525985374304,0.1125833129158064,0.10052118594110397,-0.21310449885691035,191.15250000000006,1184.7153446493996,-0.7080337928946748,-0.013745628824810285,0.011072229684217762,-0.6426269408026448,1.9992700000000005,-0.11347394615158188,48.29621033452558,208.16057942304528,0.011951993876729941,-0.8143143228952243,1.9993008764688367,0.4004398901435908,-730.74792,2.2489,944.8434,987.864,0.140866,2.7537,0.1676,0.13162,-0.29922,-0.03598,120.5785,1095.631,-0.002895,-0.401545,0.01495,-0.12509,1.99882,43.2203,145.8968,0.7474826935179358,1.086134,0.105519,0.05777,0.24151,1.999,0.311319,92.3348,10.4385,0.06159,0.60184,1.99904,0.6241346758967904,-0.044561,1.99969,-0.134635,702.0892,-210.5595,0.01227,-0.49442,0.4129955947136564,-0.486258,-0.243396,657.1407,517.8314,0.02014,-0.11423,9.99964,0.4117369414726243,0.576617464143004
COc1ccc(C(F)(F)F)cc1N.CC(C)(C)c1ccc(C(=O)Cl)cc1,-737.9098833388229,5.977433726375912,2799.166438076316,1393.2862372441261,0.16737081111864416,4.617525985374304,0.1125833129158064,0.10052118594110397,-0.21310449885691035,191.15250000000006,1184.7153446493996,-0.7080337928946748,-0.013745628824810285,0.011072229684217762,-0.6426269408026448,1.9992700000000005,-0.11347394615158188,48.29621033452558,208.16057942304528,0.011951993876729941,-0.8143143228952243,1.9993008764688367,0.4004398901435908,-961.3640173962594,0.8439951331320028,3736.8617162104047,1666.1327468680736,0.22702856304127478,4.218331555187393,0.1765543462087611,0.10122506668047276,-0.2777794128892339,-0.07532927952828836,196.6761,1756.2896208656803,-0.4178817038419192,-0.05493930742117488,0.01711,-0.19114765846693713,1.9987399999999997,145.50595114472912,64.19142355353065,0.6443475428431109,1.4770539433619239,0.2047373555601576,0.04842981988207208,0.3621147765800905,1.9990249099410362,0.31251209335266183,87.58830934681762,23.936423813800438,0.05250472982310813,0.5711581988207208,1.99906,0.5483809008647571,-0.017174605652256175,1.9997,-0.14438870176891871,691.262978378876,-184.8857997811485,0.01198,-0.5034901801179279,0.385780052201509,-0.5155604648516117,-0.2547429379952255,652.1694292748869,528.6326041804466,0.020760180117927914,-0.10642675787729755,9.99966,0.38215008883285495,0.471426243159992
COc1ccc(C(F)(F)F)cc1N.CC(C)C(=O)Cl,-737.9098833388229,5.977433726375912,2799.166438076316,1393.2862372441261,0.16737081111864416,4.617525985374304,0.1125833129158064,0.10052118594110397,-0.21310449885691035,191.15250000000006,1184.7153446493996,-0.7080337928946748,-0.013745628824810285,0.011072229684217762,-0.6426269408026448,1.9992700000000005,-0.11347394615158188,48.29621033452558,208.16057942304528,0.011951993876729941,-0.8143143228952243,1.9993008764688367,0.4004398901435908,-691.5212651203827,2.1259058055730957,774.3015688508707,791.3296195399124,0.11183604170191642,2.7012129828698455,0.17010773050232164,0.13244814752148587,-0.3025558780238075,-0.0376595829808358,106.5517,975.6940716840189,-0.024167191055353945,-0.17073551463321235,0.013924490779907133,-0.30198609076336,1.998945169740031,48.80721556952866,147.29575347812465,0.6314692916962978,1.1238819960085888,0.04858485903341499,0.0550134723397214,0.23591374372657942,1.9991075848700155,0.25247221421848887,88.59731276692389,12.733502739310532,0.0582213191506965,0.5944755962050935,1.9991375848700155,0.5800598381088926,-0.041438333812522876,1.99969,-0.1376712573166062,707.048479399112,-210.10582375691683,0.012389359809427323,-0.49276171727806395,0.39244024014119183,-0.49584497796278615,-0.2460183941104488,714.2513821331088,492.33222075195357,0.020564830259969046,-0.11847795268777256,9.99964,0.38745155439779033,1.3335232740160754
COc1ccc(C(F)(F)F)cc1N.CCC(C(=O)Cl)c1ccccc1,-737.9098833388229,5.977433726375912,2799.166438076316,1393.2862372441261,0.16737081111864416,4.617525985374304,0.1125833129158064,0.10052118594110397,-0.21310449885691035,191.15250000000006,1184.7153446493996,-0.7080337928946748,-0.013745628824810285,0.011072229684217762,-0.6426269408026448,1.9992700000000005,-0.11347394615158188,48.29621033452558,208.16057942304528,0.011951993876729941,-0.8143143228952243,1.9993008764688367,0.4004398901435908,-922.1350941424333,4.569522987935531,2455.9020135917617,1503.8121474082207,0.19835830978909602,2.7196956404060453,0.15641062941202977,0.11147264569784315,-0.267883275109873,-0.044937983714186606,182.6493,1522.0795475579139,-0.04878392032155667,-0.06036727587828204,0.02106411226593012,-0.32502486318000223,1.99889,30.15305416820589,127.38872271494051,0.7227754446342497,1.1178043569820812,0.06601085036127433,0.056704631153088186,0.26634316303879657,1.999111010410588,0.2584528867848544,80.18911170349905,15.605117816098318,0.05923987339580025,0.5947519757187832,1.999131232884499,0.6209158445810388,-0.11952997468335282,1.999685360884168,-0.143804062173481,712.2092388306249,-204.0050258804775,0.012248062306486857,-0.5005021470911517,0.43435065207263357,-0.4765579049182884,-0.2283885640121543,717.517615534147,464.5850831441031,0.021029658300558765,-0.0958973312821047,9.99961558335808,0.388169114477217,1.700174817654685
COc1ccc(C(F)(F)F)cc1N.CCCCC(=O)Cl,-737.9098833388229,5.977433726375912,2799.166438076316,1393.2862372441261,0.16737081111864416,4.617525985374304,0.1125833129158064,0.10052118594110397,-0.21310449885691035,191.15250000000006,1184.7153446493996,-0.7080337928946748,-0.013745628824810285,0.011072229684217762,-0.6426269408026448,1.9992700000000005,-0.11347394615158188,48.29621033452558,208.16057942304528,0.011951993876729941,-0.8143143228952243,1.9993008764688367,0.4004398901435908,-730.7450150574017,2.090291331652506,1341.9302009057062,994.4515719835497,0.1418835432507869,2.6086344119789233,0.1712263701297755,0.1335958284882569,-0.3048221986180324,-0.037630541641518626,120.57850000000002,1041.7633434165296,-0.09671197627204661,0.007804712444770221,0.014038775373839806,-0.4880626302178358,1.9990404359511826,56.464141490849684,147.1293956944729,0.5593904691258827,1.1789239078387639,0.007528819367576247,0.05127629781296082,0.23642929006115296,1.9991881569913779,0.21380243779784716,82.77940616490689,16.660432212862794,0.05512335177243502,0.588506474333033,1.999198156991378,0.5578940906295883,-0.04184591941059398,1.9996900000000002,-0.14164929933233972,714.7961360943984,-212.9005115825591,0.012188685583343585,-0.49471489576310834,0.3995731427490579,-0.5163867508662023,-0.24523050175144934,770.1191505493439,470.94318983615574,0.020878088448009844,-0.11732762706245506,9.999642023227146,0.3671949651309757,2.4059443954389472
COc1ccc(C(F)(F)F)cc1N.CCCCC(CC)C(=O)Cl,-737.9098833388229,5.977433726375912,2799.166438076316,1393.2862372441261,0.16737081111864416,4.617525985374304,0.1125833129158064,0.10052118594110397,-0.21310449885691035,191.15250000000006,1184.7153446493996,-0.7080337928946748,-0.013745628824810285,0.011072229684217762,-0.6426269408026448,1.9992700000000005,-0.11347394615158188,48.29621033452558,208.16057942304528,0.011951993876729941,-0.8143143228952243,1.9993008764688367,0.4004398901435908,-848.4194799426583,2.1267217278302994,2464.267019669444,1500.231394373068,0.23155073390523292,2.677801397359587,0.16853390822493342,0.13085299777436263,-0.29938690599929607,-0.037680910450570794,162.6589,1466.9452087716104,-0.0842353595837951,-0.12303181060215712,0.01891789249052634,-0.29470057863953375,1.9989210580785208,30.751430758385847,131.96111134930018,0.7081076322850737,1.1146350543229737,0.04049639435702823,0.05769645486653496,0.23430779863995022,1.999079831858541,0.2342915125830618,79.28964453295023,10.72058245681579,0.06134362576284608,0.5865793709141864,1.999110961152719,0.6405613297343266,-0.04916664952674792,1.9996827557665517,-0.14383461934649713,723.1028236690747,-205.35061664385827,0.012373376332512752,-0.5004955405011925,0.44056690495066464,-0.4902433087740082,-0.23982660938031483,795.885334662436,424.81685121337784,0.02061303988994313,-0.10758898034704956,9.999627692135396,0.39206250471260456,0.1595104837248195
COc1ccc(C(F)(F)F)cc1N.CCCCCCC(=O)Cl,-737.9098833388229,5.977433726375912,2799.166438076316,1393.2862372441261,0.16737081111864416,4.617525985374304,0.1125833129158064,0.10052118594110397,-0.21310449885691035,191.15250000000006,1184.7153446493996,-0.7080337928946748,-0.013745628824810285,0.011072229684217762,-0.6426269408026448,1.9992700000000005,-0.11347394615158188,48.29621033452558,208.16057942304528,0.011951993876729941,-0.8143143228952243,1.9993008764688367,0.4004398901435908,-809.1928450186999,2.191972683108519,2694.585979207065,1390.3008597551361,0.20178400746022246,2.7244460547894533,0.17032995662812994,0.13265533018130402,-0.30298528680943393,-0.03767462644682591,148.63210000000004,1261.5194415620172,-0.09799205324244195,0.017531207143586563,0.014411268813625472,-0.4870248810235342,1.9990360661441282,52.29176351269705,146.78208323625879,0.5553711533823926,1.1744333662866158,0.005174748608251482,0.05187764178651444,0.23654530602917653,1.9991838244073419,0.2092039866890283,82.95284094577164,16.8293560755272,0.055168636678038244,0.5896019425118675,1.9991965260075706,0.554803422626299,-0.04042034364900629,1.9996900000000004,-0.1394788994015972,704.4901204727937,-215.8672177680678,0.01234712539999367,-0.4919174099593421,0.38646821572942175,-0.5069924791734688,-0.24872178501458486,751.6188641806931,476.4115554370388,0.020814874094548554,-0.1210213165562404,9.999640000000001,0.3740534939797181,2.520662144450533
COc1ccc(C(F)(F)F)cc1N.CCCCCCCCCCCC(=O)Cl,-737.9098833388229,5.977433726375912,2799.166438076316,1393.2862372441261,0.16737081111864416,4.617525985374304,0.1125833129158064,0.10052118594110397,-0.21310449885691035,191.15250000000006,1184.7153446493996,-0.7080337928946748,-0.013745628824810285,0.011072229684217762,-0.6426269408026448,1.9992700000000005,-0.11347394615158188,48.29621033452558,208.16057942304528,0.011951993876729941,-0.8143143228952243,1.9993008764688367,0.4004398901435908,-1005.3142281705781,2.051840846684475,7589.4788243149,2063.8977884186593,0.35148147884172565,2.580964688743521,0.17130593121998355,0.13237374139497904,-0.3036796726149626,-0.038932189825004494,218.76610000000002,2028.2284431012831,-0.09832466528407613,0.011300852452152831,0.014411262852878942,-0.4876371810409823,1.9990393233150183,54.09437145699512,147.61948876998457,0.5618015097823486,1.1889594778380719,0.0034922479456673456,0.05177155382090726,0.23634184011774262,1.9991781601252514,0.20777313911983045,80.09136057476589,16.11372837040959,0.05541338385685213,0.5883281241859004,1.999188590390622,0.5688480715114945,-0.04156562730035017,1.9996867476005615,-0.13988340193202087,708.4357928496703,-213.85227427913944,0.012237201999370216,-0.49679063701810433,0.4188836362668115,-0.5185254162381545,-0.24439257461254094,760.4693324636868,471.25224452499526,0.020883543820409477,-0.11594466851905619,9.999637177865932,0.3724491019162263,2.392599893246516
COc1ccc(C(F)(F)F)cc1N.CCc1ccc(C(=O)Cl)cc1,-737.9098833388229,5.977433726375912,2799.166438076316,1393.2862372441261,0.16737081111864416,4.617525985374304,0.1125833129158064,0.10052118594110397,-0.21310449885691035,191.15250000000006,1184.7153446493996,-0.7080337928946748,-0.013745628824810285,0.011072229684217762,-0.6426269408026448,1.9992700000000005,-0.11347394615158188,48.29621033452558,208.16057942304528,0.011951993876729941,-0.8143143228952243,1.9993008764688367,0.4004398901435908,-882.914671,0.8056,2669.3825,1421.7125,0.168403,4.1213,0.17781,0.10156000000000001,-0.27937,-0.07625,168.6225,1314.007,-0.402094,-0.061786,0.01695,-0.19259,1.99875,146.8733,63.8668,0.6452957835116425,1.456055,0.205216,0.04843,0.36246,1.99903,0.312565,87.4623,23.8993,0.05253,0.57058,1.99906,0.5498741346758967,-0.017375,1.9997,-0.144731,691.6855,-184.816,0.01198,-0.50355,0.3866425424795469,-0.509939,-0.254084,651.6022,528.6102,0.02081,-0.10547,9.99966,0.38294524858401513,0.658058370175874
COc1ccc(C(F)(F)F)cc1N.COc1cc(C(=O)Cl)cc(OC)c1OC,-737.9098833388229,5.977433726375912,2799.166438076316,1393.2862372441261,0.16737081111864416,4.617525985374304,0.1125833129158064,0.10052118594110397,-0.21310449885691035,191.15250000000006,1184.7153446493996,-0.7080337928946748,-0.013745628824810285,0.011072229684217762,-0.6426269408026448,1.9992700000000005,-0.11347394615158188,48.29621033452558,208.16057942304528,0.011951993876729941,-0.8143143228952243,1.9993008764688367,0.4004398901435908,-1147.3988728386491,9.590245055798524,4098.000453261923,1788.438858126628,0.21336973094695055,3.820453988387011,0.1589222523904965,0.08715554844614821,-0.2460778008366447,-0.07176670394434828,230.64750000000004,1702.8529527836297,-0.30062621086644153,-0.0505418648015625,0.01901263016358685,-0.16597456713914246,1.9988191465822256,138.9709269242885,66.29146063677923,0.6464282423283223,1.4648143543682646,0.20572451472928088,0.0527408394357223,0.4021922948019736,1.9991034206621257,0.30939671461077606,86.80447373218087,24.14315727612148,0.052543474138718856,0.5717040388310601,1.9990608534177752,0.5505070876792586,-0.22497649330386443,1.9997000000000003,-0.1474567049669537,690.2213647653614,-182.89085364682126,0.011964543057302771,-0.5069527124341651,0.38708728584549945,-0.5075244044704986,-0.2524332482777629,651.9670016723583,528.9051928576206,0.020845079417672406,-0.10312794717934845,9.999652567244352,0.38354454400728805,0.5532451266708303
COc1ccc(C(F)(F)F)cc1N.COc1ccc(C(=O)Cl)cc1,-737.9098833388229,5.977433726375912,2799.166438076316,1393.2862372441261,0.16737081111864416,4.617525985374304,0.1125833129158064,0.10052118594110397,-0.21310449885691035,191.15250000000006,1184.7153446493996,-0.7080337928946748,-0.013745628824810285,0.011072229684217762,-0.6426269408026448,1.9992700000000005,-0.11347394615158188,48.29621033452558,208.16057942304528,0.011951993876729941,-0.8143143228952243,1.9993008764688367,0.4004398901435908,-918.7794806452093,1.8095578782030461,2595.8845344392657,1351.432412177592,0.14413766686447077,4.69247217594736,0.16339189113066868,0.09466255858855176,-0.2580544497192204,-0.06872933254211694,170.5951,1330.3161569267518,-0.5316156870230284,-0.057328369918361544,0.01689,-0.20658333135529233,1.9987499999999998,139.08126280090607,69.5119016314473,0.6464023557102192,1.5082461480170826,0.19680829664503793,0.04825977751403898,0.35202155146760417,1.99902,0.30959364046198856,88.97441949403056,25.308381727266305,0.052509332542116934,0.5694617858218112,1.99905,0.5495559709571898,-0.023747567188664966,1.9997,-0.15034197745033262,671.7481042751876,-174.48073225064894,0.011970222485961022,-0.5095373064319758,0.38616179649303717,-0.5192249050540321,-0.26183382883983775,650.1022819991035,534.1770665455147,0.020634443785097444,-0.11341470187579644,9.99966,0.3827949177457842,0.8535677392410589
COc1ccc(C(F)(F)F)cc1N.Cc1ccc(C(=O)Cl)cc1,-737.9098833388229,5.977433726375912,2799.166438076316,1393.2862372441261,0.16737081111864416,4.617525985374304,0.1125833129158064,0.10052118594110397,-0.21310449885691035,191.15250000000006,1184.7153446493996,-0.7080337928946748,-0.013745628824810285,0.011072229684217762,-0.6426269408026448,1.9992700000000005,-0.11347394615158188,48.29621033452558,208.16057942304528,0.011951993876729941,-0.8143143228952243,1.9993008764688367,0.4004398901435908,-843.690474,0.7847,2037.6054,1331.695,0.138241,4.0826,0.17777500000000002,0.101495,-0.27927,-0.07628,154.5957,957.156,-0.396447,-0.063926,0.01695,-0.19369,1.99875,146.8166,64.1383,0.6464757709251101,1.444549,0.205095,0.0484,0.3622,1.99903,0.312699,87.2722,23.9815,0.05251,0.57046,1.99906,0.5497954688483323,-0.017809,1.9997,-0.144896,691.7944,-184.7633,0.01198,-0.50358,0.3868785399622404,-0.507387,-0.254103,652.0078,529.0068,0.02081,-0.10548,9.99966,0.38231592196349906,0.6518607954708626
COc1ccc(C(F)(F)F)cc1N.Cc1ccccc1C(=O)Cl,-737.9098833388229,5.977433726375912,2799.166438076316,1393.2862372441261,0.16737081111864416,4.617525985374304,0.1125833129158064,0.10052118594110397,-0.21310449885691035,191.15250000000006,1184.7153446493996,-0.7080337928946748,-0.013745628824810285,0.011072229684217762,-0.6426269408026448,1.9992700000000005,-0.11347394615158188,48.29621033452558,208.16057942304528,0.011951993876729941,-0.8143143228952243,1.9993008764688367,0.4004398901435908,-843.6875560574109,0.11441203094299326,1727.5775237937205,1185.5250490989843,0.13826824892949693,2.9335652803962233,0.17744671457012706,0.09930211916386854,-0.2767488337339956,-0.07814459540625854,154.5957,1206.8423660351868,-0.3609323356612174,-0.04382074162750573,0.017399388198169285,-0.18550015969286923,1.99871,143.88919896912307,63.72922694533436,0.6763989980060084,1.3794532603765848,0.17964343533990834,0.04829439509069746,0.3670932883597818,1.9990500711227133,0.2936090109211529,86.60514481931877,23.749668767244493,0.051918321357468225,0.5733261876760661,1.9990899288772865,0.5774004604109436,-0.03147546807824839,1.9996999288772865,-0.14907075579200177,701.4520483596131,-205.6625805599628,0.012379573263719579,-0.5042245104984888,0.4371025917512716,-0.51174269585703,-0.25672397091808735,673.4314174438672,509.25428815634746,0.020633982871950604,-0.11187011540779132,9.999669857754574,0.38752509665341367,0.6576764469058741
COc1ccc(C(F)(F)F)cc1N.O=C(Cl)C12CC3CC(CC(C3)C1)C2,-737.9098833388229,5.977433726375912,2799.166438076316,1393.2862372441261,0.16737081111864416,4.617525985374304,0.1125833129158064,0.10052118594110397,-0.21310449885691035,191.15250000000006,1184.7153446493996,-0.7080337928946748,-0.013745628824810285,0.011072229684217762,-0.6426269408026448,1.9992700000000005,-0.11347394615158188,48.29621033452558,208.16057942304528,0.011951993876729941,-0.8143143228952243,1.9993008764688367,0.4004398901435908,-962.581811,3.0439,2417.6329,1837.01,0.2551,3.1191,0.16248,0.12827,-0.29075,-0.03421,198.6919,1506.761,-0.109963,-0.417603,0.01866,-0.12505,1.99879,47.667,144.0592,0.8325991189427313,1.135254,0.136483,0.05847,0.25586,1.99893,0.339763,94.9955,11.4326,0.06189,0.61891,1.99899,0.6260226557583386,-0.055463,1.99969,-0.134531,703.9745,-206.4244,0.01198,-0.49526,0.4133102580239144,-0.495051,-0.246408,649.7835,526.6917,0.01986,-0.11707,9.99965,0.4122089364380113,0.8476431001273326
COc1ccc(C(F)(F)F)cc1N.O=C(Cl)C=Cc1ccccc1,-737.9098833388229,5.977433726375912,2799.166438076316,1393.2862372441261,0.16737081111864416,4.617525985374304,0.1125833129158064,0.10052118594110397,-0.21310449885691035,191.15250000000006,1184.7153446493996,-0.7080337928946748,-0.013745628824810285,0.011072229684217762,-0.6426269408026448,1.9992700000000005,-0.11347394615158188,48.29621033452558,208.16057942304528,0.011951993876729941,-0.8143143228952243,1.9993008764688367,0.4004398901435908,-881.7076424349888,1.4583330632451224,3001.2649234041864,1257.7523733779365,0.14500556194108782,4.007677662728389,0.18097215746167145,0.08464781157985767,-0.2656199690415291,-0.09632434588181382,166.6067,1318.0489361294021,-0.6487631505721401,-0.11180734591608987,0.015986889213416643,-0.40177837436797814,1.9988062506712867,97.67235097153285,72.11756207665134,0.5471110545535718,1.594812176212798,0.21686245915706964,0.047810688301961585,0.3951780161227317,1.9990600002421206,0.2773765541231414,79.2212823091358,26.059164333630676,0.05162692895158519,0.5406730279839103,1.9991162506021094,0.518506511257886,-0.01080933265076242,1.99969,-0.1561087210570263,684.9150017741213,-177.68841986288376,0.012026865077963791,-0.508001072172739,0.3739683515791476,-0.5679760192194105,-0.25474012890245074,721.0320699222212,470.0895892939961,0.02118627173739866,-0.11190134066066033,9.99965374939789,0.36138049216617174,2.5897109486677974
COc1ccc(C(F)(F)F)cc1N.O=C(Cl)c1ccc(-c2ccccc2)cc1,-737.9098833388229,5.977433726375912,2799.166438076316,1393.2862372441261,0.16737081111864416,4.617525985374304,0.1125833129158064,0.10052118594110397,-0.21310449885691035,191.15250000000006,1184.7153446493996,-0.7080337928946748,-0.013745628824810285,0.011072229684217762,-0.6426269408026448,1.9992700000000005,-0.11347394615158188,48.29621033452558,208.16057942304528,0.011951993876729941,-0.8143143228952243,1.9993008764688367,0.4004398901435908,-1035.081421,13.748,5091.4627,1754.559,0.195241,4.008,0.17202,0.08703,-0.25905,-0.08499,216.6665,1648.5790000000002,-0.476397,-0.069238,0.01931,-0.13635,1.99876,146.3066,63.2115,0.6453744493392071,1.557555,0.237449,0.05246,0.45217,1.99908,0.313028,86.8115,23.8787,0.05251,0.56896,1.99906,0.5493234738829452,-0.197972,1.99969,-0.14352,696.741,-187.3885,0.012,-0.50251,0.38569855254877283,-0.528893,-0.251945,650.7091,526.9992,0.02088,-0.10309,9.99966,0.38223725613593457,0.91671677572327
COc1ccc(C(F)(F)F)cc1N.O=C(Cl)c1ccc(Br)cc1,-737.9098833388229,5.977433726375912,2799.166438076316,1393.2862372441261,0.16737081111864416,4.617525985374304,0.1125833129158064,0.10052118594110397,-0.21310449885691035,191.15250000000006,1184.7153446493996,-0.7080337928946748,-0.013745628824810285,0.011072229684217762,-0.6426269408026448,1.9992700000000005,-0.11347394615158188,48.29621033452558,208.16057942304528,0.011951993876729941,-0.8143143228952243,1.9993008764688367,0.4004398901435908,-3377.857666,2.1799,3388.6568,1232.628,0.100324,2.0328,0.18545,0.09516000000000002,-0.28061,-0.09029,219.465,1258.854,-0.39698,-0.055564,0.01694,-0.19555,1.99875,149.5302,63.26,0.645846444304594,1.462386,0.217711,0.04852,0.3717,1.99904,0.315275,85.0022,24.181,0.05263,0.56687,1.99907,0.5486154814348647,-0.010299,1.9997,-0.140191,709.2575,-191.8647,0.01202,-0.49899,0.38719320327249845,-0.500793,-0.242085,647.9072,524.2242,0.02118,-0.09299,9.99965,0.382001258653241,1.2263562633976204
COc1ccc(C(F)(F)F)cc1N.O=C(Cl)c1ccc(C(F)(F)F)cc1,-737.9098833388229,5.977433726375912,2799.166438076316,1393.2862372441261,0.16737081111864416,4.617525985374304,0.1125833129158064,0.10052118594110397,-0.21310449885691035,191.15250000000006,1184.7153446493996,-0.7080337928946748,-0.013745628824810285,0.011072229684217762,-0.6426269408026448,1.9992700000000005,-0.11347394615158188,48.29621033452558,208.16057942304528,0.011951993876729941,-0.8143143228952243,1.9993008764688367,0.4004398901435908,-1141.009328,3.3671,3493.4189,1579.5935,0.117803,1.0538,0.202225,0.10366500000000001,-0.30589,-0.09856,208.5672,1203.002,-0.281208,-0.066681,0.01707,-0.18876,1.99875,151.6583,59.3407,0.6463184392699811,1.375664,0.226354,0.04856,0.38009,1.99904,0.318189,83.9248,23.6216,0.05264,0.56628,1.99908,0.5490874764002517,-0.003696,1.9997,-0.135777,725.5918,-200.3338,0.01205,-0.49428,0.3871145374449339,-0.48031,-0.234509,646.3328,518.8401,0.02137,-0.08533,9.99964,0.38239458779106356,1.8198094960806444
COc1ccc(C(F)(F)F)cc1N.O=C(Cl)c1ccc(Cl)cc1,-737.9098833388229,5.977433726375912,2799.166438076316,1393.2862372441261,0.16737081111864416,4.617525985374304,0.1125833129158064,0.10052118594110397,-0.21310449885691035,191.15250000000006,1184.7153446493996,-0.7080337928946748,-0.013745628824810285,0.011072229684217762,-0.6426269408026448,1.9992700000000005,-0.11347394615158188,48.29621033452558,208.16057942304528,0.011951993876729941,-0.8143143228952243,1.9993008764688367,0.4004398901435908,-1263.981948,2.0754,2495.0487,918.639,0.100727,2.063,0.18674,0.09755,-0.28429,-0.08919,175.014,1159.235,-0.395009,-0.059104,0.01687,-0.19718,1.99875,148.1762,63.8432,0.6469477658904972,1.447541,0.216306,0.04848,0.37028,1.99904,0.314974,85.26,24.3534,0.05263,0.56696,1.99907,0.5487728130899937,-0.010873,1.9997,-0.140838,706.9426,-190.8553,0.01202,-0.49966,0.38719320327249845,-0.497634,-0.243186,647.8379,524.4538,0.02115,-0.09408,9.99965,0.38231592196349906,0.8956415824150794
COc1ccc(C(F)(F)F)cc1N.O=C(Cl)c1ccc(Cl)cc1Cl,-737.9098833388229,5.977433726375912,2799.166438076316,1393.2862372441261,0.16737081111864416,4.617525985374304,0.1125833129158064,0.10052118594110397,-0.21310449885691035,191.15250000000006,1184.7153446493996,-0.7080337928946748,-0.013745628824810285,0.011072229684217762,-0.6426269408026448,1.9992700000000005,-0.11347394615158188,48.29621033452558,208.16057942304528,0.011951993876729941,-0.8143143228952243,1.9993008764688367,0.4004398901435908,-1723.4939374606504,1.2883800810490484,2980.2158268029457,1474.2397074519768,0.09215022714359405,2.4027020201639373,0.1889194293631092,0.09675937747005803,-0.28567880683316726,-0.09216005189305122,209.45909999999998,1522.9075142418037,-0.4253249866263163,-0.07327173319778336,0.019400577896779823,-0.2055589686983824,1.9986567970101383,141.94229947990505,63.78112283667599,0.6720934400530437,1.383887345120303,0.20099762442309496,0.051071825734569344,0.377952249212696,1.9990716014949308,0.30132847764488324,89.17290808438919,26.71033238705266,0.053662067271891524,0.5672160495446766,1.9991067970101382,0.5710416884369257,-0.02376615770075898,1.9996899999999997,-0.12318614046610027,738.0003184385099,-221.68962119212986,0.01246359402027631,-0.4777808249899132,0.41465210131273,-0.4997364317231278,-0.23461153961306366,691.034157820026,475.66836513053863,0.02126264516867135,-0.09382789320718006,9.999653594020277,0.3876269732870548,1.7373424703272484
COc1ccc(C(F)(F)F)cc1N.O=C(Cl)c1ccc(F)cc1,-737.9098833388229,5.977433726375912,2799.166438076316,1393.2862372441261,0.16737081111864416,4.617525985374304,0.1125833129158064,0.10052118594110397,-0.21310449885691035,191.15250000000006,1184.7153446493996,-0.7080337928946748,-0.013745628824810285,0.011072229684217762,-0.6426269408026448,1.9992700000000005,-0.11347394615158188,48.29621033452558,208.16057942304528,0.011951993876729941,-0.8143143228952243,1.9993008764688367,0.4004398901435908,-903.560911,1.3905,1932.8255,1039.562,0.101816,2.1677,0.18521500000000002,0.102935,-0.28815,-0.08228,158.5594,1118.02,-0.402654,-0.063696,0.0167,-0.20093,1.99875,144.8678,66.2483,0.6475770925110133,1.405945,0.206459,0.0484,0.35807,1.99903,0.313827,86.1662,24.8469,0.05265,0.56797,1.99907,0.5505034612964128,-0.01578,1.9997,-0.143118,697.5602,-186.3864,0.01202,-0.50216,0.38735053492762744,-0.489988,-0.246855,647.3665,526.5674,0.02105,-0.09791,9.99965,0.38247325361862805,1.0022709318594545
COc1ccc(C(F)(F)F)cc1N.O=C(Cl)c1ccc(F)cc1F,-737.9098833388229,5.977433726375912,2799.166438076316,1393.2862372441261,0.16737081111864416,4.617525985374304,0.1125833129158064,0.10052118594110397,-0.21310449885691035,191.15250000000006,1184.7153446493996,-0.7080337928946748,-0.013745628824810285,0.011072229684217762,-0.6426269408026448,1.9992700000000005,-0.11347394615158188,48.29621033452558,208.16057942304528,0.011951993876729941,-0.8143143228952243,1.9993008764688367,0.4004398901435908,-1002.6542594723891,1.5628342043633043,2120.324392652248,1108.7274438818417,0.09460995236304569,2.9002627333284448,0.18897774100507306,0.1031808922527925,-0.29215863325786556,-0.08579684875228055,176.5499,1217.2759401612166,-0.4762535813565251,-0.14156288723632596,0.01749714178274225,-0.2655723345228288,1.9987275595461926,125.52130121331402,76.87735232825071,0.6601959388546843,1.4011957195348994,0.21017866036864236,0.05033202645075863,0.3574196198405706,1.999092440453807,0.31311296107594244,89.14458035729169,29.976610165880096,0.053738691863957924,0.5602134195157078,1.9991175595461927,0.5592025931930473,-0.0013660944016755583,1.999692440453807,-0.12574949132688037,715.3363046299694,-206.25609228525013,0.012154107747207482,-0.4855636222965187,0.4016195195314515,-0.4835200440528855,-0.24479578722213755,687.6901003715086,492.5449564929477,0.021139816660918742,-0.0970344038983523,9.99966023818477,0.38741746794270504,1.8146600728698188
COc1ccc(C(F)(F)F)cc1N.O=C(Cl)c1ccc(OC(F)(F)F)cc1,-737.9098833388229,5.977433726375912,2799.166438076316,1393.2862372441261,0.16737081111864416,4.617525985374304,0.1125833129158064,0.10052118594110397,-0.21310449885691035,191.15250000000006,1184.7153446493996,-0.7080337928946748,-0.013745628824810285,0.011072229684217762,-0.6426269408026448,1.9992700000000005,-0.11347394615158188,48.29621033452558,208.16057942304528,0.011951993876729941,-0.8143143228952243,1.9993008764688367,0.4004398901435908,-1216.116295,1.9373,4202.2051,1483.97,0.123247,2.1043,0.18684,0.10098000000000001,-0.28782,-0.08586,224.5666,1686.329,-0.41883,-0.055985,0.01693,-0.20009,1.99875,144.7474,65.8979,0.6455317809943361,1.437835,0.211505,0.04838,0.36227,1.99903,0.315037,85.8367,24.8444,0.0526,0.56737,1.99907,0.5483008181246066,-0.013036,1.9997,-0.141975,702.237,-188.2112,0.01203,-0.50095,0.3865638766519824,-0.492427,-0.24471,647.5785,525.941,0.02111,-0.09583,9.99965,0.382001258653241,1.1867690715374468
COc1ccc(C(F)(F)F)cc1N.O=C(Cl)c1ccc(SC(F)(F)F)cc1,-737.9098833388229,5.977433726375912,2799.166438076316,1393.2862372441261,0.16737081111864416,4.617525985374304,0.1125833129158064,0.10052118594110397,-0.21310449885691035,191.15250000000006,1184.7153446493996,-0.7080337928946748,-0.013745628824810285,0.011072229684217762,-0.6426269408026448,1.9992700000000005,-0.11347394615158188,48.29621033452558,208.16057942304528,0.011951993876729941,-0.8143143228952243,1.9993008764688367,0.4004398901435908,-1539.108656,10.93545,4535.03445,1625.511,0.120362,1.4151,0.19517500000000002,0.09453500000000001,-0.28971,-0.10064,240.6272,1337.92,-0.29784849999999996,-0.0998015,0.01897,-0.20292,1.99876,153.6659,59.602199999999996,0.6472624292007552,1.4163860000000001,0.25255150000000004,0.05244,0.4746,1.99909,0.3170855,83.78805,23.4428,0.05266,0.56606,1.99908,0.5502674638137193,-0.18941449999999999,1.99969,-0.1355175,726.435,-201.13459999999998,0.01204,-0.49415,0.3878618628067967,-0.49045249999999996,-0.234585,646.7714000000001,518.4003,0.02136,-0.08533,9.99964,0.38333857772183766,1.3794857223606958
COc1ccc(C(F)(F)F)cc1N.O=C(Cl)c1ccc([N+](=O)[O-])cc1,-737.9098833388229,5.977433726375912,2799.166438076316,1393.2862372441261,0.16737081111864416,4.617525985374304,0.1125833129158064,0.10052118594110397,-0.21310449885691035,191.15250000000006,1184.7153446493996,-0.7080337928946748,-0.013745628824810285,0.011072229684217762,-0.6426269408026448,1.9992700000000005,-0.11347394615158188,48.29621033452558,208.16057942304528,0.011951993876729941,-0.8143143228952243,1.9993008764688367,0.4004398901435908,-1008.649643,2.8883,2934.3431,1429.187,0.114492,1.9316,0.21973499999999999,0.09540499999999999,-0.31514,-0.12433,185.5665,1180.633,-0.243545,-0.095972,0.01759,-0.19498,1.99875,153.1256,57.3166,0.6472624292007552,1.373848,0.307302,0.05273,0.54955,1.99909,0.319677,82.3735,23.8112,0.0527,0.56324,1.99908,0.5486154814348647,-0.149197,1.99968,-0.131168,741.5805,-208.9034,0.01209,-0.49014,0.3881371932032725,-0.473753,-0.225712,643.2683,512.101,0.02162,-0.07607,9.99964,0.38215859030837,2.164431967514264
COc1ccc(C(F)(F)F)cc1N.O=C(Cl)c1ccc2ccccc2c1,-737.9098833388229,5.977433726375912,2799.166438076316,1393.2862372441261,0.16737081111864416,4.617525985374304,0.1125833129158064,0.10052118594110397,-0.21310449885691035,191.15250000000006,1184.7153446493996,-0.7080337928946748,-0.013745628824810285,0.011072229684217762,-0.6426269408026448,1.9992700000000005,-0.11347394615158188,48.29621033452558,208.16057942304528,0.011951993876729941,-0.8143143228952243,1.9993008764688367,0.4004398901435908,-957.8231548793865,8.942984281922897,3120.642424188284,1617.483620444743,0.15897933382482796,3.963189472116048,0.1688166691241398,0.08189167649655926,-0.25070834562069905,-0.08692499262758055,190.6287,1577.0617708477648,-0.406241613979723,-0.0853495998229043,0.01913813624300125,-0.18617714833386767,1.9987759805367138,143.21741244463914,64.17324326159877,0.6477991941427841,1.4941111495158192,0.2417364895313614,0.05284029194928839,0.45526854910095393,1.9990940194632858,0.3139393768798561,87.57417048040392,23.502188115581014,0.052508428192289645,0.5698158832202846,1.9990640194632858,0.5497785108064259,-0.20163146446439634,1.9996899999999997,-0.14309156915373786,699.7480535233219,-189.1846326741985,0.01198794161014232,-0.5022111235626368,0.38731661884381463,-0.5121153102357949,-0.2502995078146661,650.3423603945448,527.1525046879868,0.020885980536714102,-0.10191680330266659,9.999655980536714,0.3832938279780859,0.7277045657759272
COc1ccc(C(F)(F)F)cc1N.O=C(Cl)c1cccc2ccccc12,-737.9098833388229,5.977433726375912,2799.166438076316,1393.2862372441261,0.16737081111864416,4.617525985374304,0.1125833129158064,0.10052118594110397,-0.21310449885691035,191.15250000000006,1184.7153446493996,-0.7080337928946748,-0.013745628824810285,0.011072229684217762,-0.6426269408026448,1.9992700000000005,-0.11347394615158188,48.29621033452558,208.16057942304528,0.011951993876729941,-0.8143143228952243,1.9993008764688367,0.4004398901435908,-957.8186401303651,7.76497366122391,2727.8224101566643,1452.655905920424,0.1591435410273463,3.138155778233965,0.17141258730322817,0.07978083346207067,-0.2511934207652988,-0.09163175384115753,190.62869999999998,1654.673933628048,-0.3606608914538662,-0.060651833547166085,0.019562781082751415,-0.15268271376427908,1.9987499999999998,140.36828004155382,67.13279503149818,0.67083710319587,1.4184804447627122,0.24250688344425783,0.05177296194712997,0.4757362417913853,1.9991198794237475,0.3059404481129295,90.28639256302401,23.548420283844816,0.051731334167722944,0.5763399240539799,1.9990998794237473,0.5737331192431018,-0.21399212998145925,1.9996800602881257,-0.14835273747499386,677.8735529026063,-199.8173439886677,0.012231266050649904,-0.5084526793064421,0.42167378684587214,-0.536095752759764,-0.25799595608850817,690.7625756377732,499.1303403904185,0.020573617287571157,-0.11333870811906079,9.999669879423749,0.38839317125744705,0.8023854357124701
COc1ccc(C(F)(F)F)cc1N.O=C(Cl)c1ccccc1,-737.9098833388229,5.977433726375912,2799.166438076316,1393.2862372441261,0.16737081111864416,4.617525985374304,0.1125833129158064,0.10052118594110397,-0.21310449885691035,191.15250000000006,1184.7153446493996,-0.7080337928946748,-0.013745628824810285,0.011072229684217762,-0.6426269408026448,1.9992700000000005,-0.11347394615158188,48.29621033452558,208.16057942304528,0.011951993876729941,-0.8143143228952243,1.9993008764688367,0.4004398901435908,-804.46025,0.6975,1464.397,1335.877,0.109113,3.4435,0.18524,0.10419999999999999,-0.28944,-0.08104,140.5689,1259.541,-0.319057,-0.06921,0.01701,-0.18925,1.99875,150.2369,61.7104,0.6467904342353682,1.381429,0.207568,0.04848,0.36494,1.99903,0.313396,86.434,23.3461,0.05259,0.56996,1.99907,0.5492448080553808,-0.014961,1.9997,-0.142092,704.1163,-190.2727,0.012,-0.50042,0.3867212083071114,-0.491795,-0.248031,648.8095,526.2085,0.02098,-0.09932,9.99965,0.38247325361862805,1.0243384337450268
COc1ccc(C(F)(F)F)cc1N.O=C(Cl)c1ccco1,-737.9098833388229,5.977433726375912,2799.166438076316,1393.2862372441261,0.16737081111864416,4.617525985374304,0.1125833129158064,0.10052118594110397,-0.21310449885691035,191.15250000000006,1184.7153446493996,-0.7080337928946748,-0.013745628824810285,0.011072229684217762,-0.6426269408026448,1.9992700000000005,-0.11347394615158188,48.29621033452558,208.16057942304528,0.011951993876729941,-0.8143143228952243,1.9993008764688367,0.4004398901435908,-802.2749436403665,0.9628803601977091,1106.8639320512225,837.4781616717298,0.07810627687091332,4.223320701907314,0.17692659069992278,0.09926084693630044,-0.2761874376362232,-0.07766574376362233,130.53050000000002,1023.5943809662729,-0.2571876525553629,0.07456587223868763,0.028521784583548964,0.16679427666839172,1.9986394965983396,84.42036001940463,48.795129254280766,0.6092274123751691,1.4654626254563974,0.18523025001857074,0.045608009071094816,0.29806073691619983,1.9990367505669435,0.28778355340700085,80.27414887766211,36.27046418281246,0.04943652154385018,0.5133097981460898,1.9990600000000003,0.5273364642768135,-0.01243844273116867,1.999706750566944,-0.14375068628124404,690.1763189879638,-171.46429701179642,0.012345972786715571,-0.4947455057576371,0.3678338463825751,-0.4709219205838191,-0.23281669984785022,670.2421570172194,515.4998959950124,0.022066292520756925,-0.08390614500521279,9.99965324943306,0.373560076402609,1.6364575378071295
COc1ccc(C(F)(F)F)cc1N.O=C(Cl)c1cccs1,-737.9098833388229,5.977433726375912,2799.166438076316,1393.2862372441261,0.16737081111864416,4.617525985374304,0.1125833129158064,0.10052118594110397,-0.21310449885691035,191.15250000000006,1184.7153446493996,-0.7080337928946748,-0.013745628824810285,0.011072229684217762,-0.6426269408026448,1.9992700000000005,-0.11347394615158188,48.29621033452558,208.16057942304528,0.011951993876729941,-0.8143143228952243,1.9993008764688367,0.4004398901435908,-1125.2983746590153,0.8989004644803423,1318.760431390368,1051.8664137490334,0.07514125703092484,3.9869099489807027,0.1825097879616161,0.09715189528668504,-0.27966168324830115,-0.08535789267493107,146.5911,967.0850566647645,-0.36846109931444926,-0.017428701234791306,0.01983363911738161,-0.3620010732506892,1.9987481652957104,92.68784922793068,54.81236467913048,0.6462467515807672,1.4370241272768098,0.2224287020695229,0.04673669408579305,0.36090770231153096,1.9989036391173816,0.30910380250162073,80.55742798492986,32.972354231999795,0.05245018174718617,0.5457332583905814,1.9989436391173816,0.5414205707054607,-0.010696796550940281,1.9997,-0.1456564430324384,653.6458953915552,-169.41871646632262,0.012134495887131043,-0.5017229207448509,0.3800545942263263,-0.48442835604958645,-0.24229535996721743,702.4773700234127,507.97409032060614,0.02155,-0.09357010393236291,9.999647278234763,0.38004302083175984,1.2187817000854526
COc1cccc(N)c1.CC(=O)Cl,-401.35543858241624,2.5323995833140724,1301.861336272148,1017.1346971597061,0.15842295521979644,1.5993452086868671,0.09735385328662367,0.10729185109750744,-0.20464570438413113,123.15419999999999,1256.0734119389047,-0.7052972671016506,-0.06929589584657785,0.011239104395928498,-0.6887937198259183,1.9992799999999997,-0.14360896120873284,80.70222786813513,200.05019421784985,0.011436537362442899,-0.8138767456070208,1.9992999999999999,0.37586485297856786,-613.070645,1.8407,361.1538,589.647,0.051921,2.5752,0.17481000000000002,0.13476,-0.30957,-0.04005,78.4981,543.096,-0.16842,-0.019931,0.00801,-0.68972,1.99914,58.3883,161.9989,0.3882945248584015,1.19561,-0.022262,0.04824,0.23014,1.99928,0.181407,78.3666,21.3299,0.05149,0.57826,1.99927,0.49370673379483954,-0.031774,1.99969,-0.138192,709.0371,-224.4771,0.01248,-0.48574,0.3472309628697294,-0.497062,-0.249833,776.7802,462.7909,0.02158,-0.12005,9.99964,0.3590308370044053,3.127796500322832
COc1cccc(N)c1.CC(C)(C)C(=O)Cl,-401.35543858241624,2.5323995833140724,1301.861336272148,1017.1346971597061,0.15842295521979644,1.5993452086868671,0.09735385328662367,0.10729185109750744,-0.20464570438413113,123.15419999999999,1256.0734119389047,-0.7052972671016506,-0.06929589584657785,0.011239104395928498,-0.6887937198259183,1.9992799999999997,-0.14360896120873284,80.70222786813513,200.05019421784985,0.011436537362442899,-0.8138767456070208,1.9992999999999999,0.37586485297856786,-730.74792,2.2489,944.8434,987.864,0.140866,2.7537,0.1676,0.13162,-0.29922,-0.03598,120.5785,1095.631,-0.002895,-0.401545,0.01495,-0.12509,1.99882,43.2203,145.8968,0.7474826935179358,1.086134,0.105519,0.05777,0.24151,1.999,0.311319,92.3348,10.4385,0.06159,0.60184,1.99904,0.6241346758967904,-0.044561,1.99969,-0.134635,702.0892,-210.5595,0.01227,-0.49442,0.4129955947136564,-0.486258,-0.243396,657.1407,517.8314,0.02014,-0.11423,9.99964,0.4117369414726243,1.3492254111406805
COc1cccc(N)c1.CC(C)(C)c1ccc(C(=O)Cl)cc1,-401.35543858241624,2.5323995833140724,1301.861336272148,1017.1346971597061,0.15842295521979644,1.5993452086868671,0.09735385328662367,0.10729185109750744,-0.20464570438413113,123.15419999999999,1256.0734119389047,-0.7052972671016506,-0.06929589584657785,0.011239104395928498,-0.6887937198259183,1.9992799999999997,-0.14360896120873284,80.70222786813513,200.05019421784985,0.011436537362442899,-0.8138767456070208,1.9992999999999999,0.37586485297856786,-961.3640173962594,0.8439951331320028,3736.8617162104047,1666.1327468680736,0.22702856304127478,4.218331555187393,0.1765543462087611,0.10122506668047276,-0.2777794128892339,-0.07532927952828836,196.6761,1756.2896208656803,-0.4178817038419192,-0.05493930742117488,0.01711,-0.19114765846693713,1.9987399999999997,145.50595114472912,64.19142355353065,0.6443475428431109,1.4770539433619239,0.2047373555601576,0.04842981988207208,0.3621147765800905,1.9990249099410362,0.31251209335266183,87.58830934681762,23.936423813800438,0.05250472982310813,0.5711581988207208,1.99906,0.5483809008647571,-0.017174605652256175,1.9997,-0.14438870176891871,691.262978378876,-184.8857997811485,0.01198,-0.5034901801179279,0.385780052201509,-0.5155604648516117,-0.2547429379952255,652.1694292748869,528.6326041804466,0.020760180117927914,-0.10642675787729755,9.99966,0.38215008883285495,0.7966380666602614
COc1cccc(N)c1.CC(C)C(=O)Cl,-401.35543858241624,2.5323995833140724,1301.861336272148,1017.1346971597061,0.15842295521979644,1.5993452086868671,0.09735385328662367,0.10729185109750744,-0.20464570438413113,123.15419999999999,1256.0734119389047,-0.7052972671016506,-0.06929589584657785,0.011239104395928498,-0.6887937198259183,1.9992799999999997,-0.14360896120873284,80.70222786813513,200.05019421784985,0.011436537362442899,-0.8138767456070208,1.9992999999999999,0.37586485297856786,-691.5212651203827,2.1259058055730957,774.3015688508707,791.3296195399124,0.11183604170191642,2.7012129828698455,0.17010773050232164,0.13244814752148587,-0.3025558780238075,-0.0376595829808358,106.5517,975.6940716840189,-0.024167191055353945,-0.17073551463321235,0.013924490779907133,-0.30198609076336,1.998945169740031,48.80721556952866,147.29575347812465,0.6314692916962978,1.1238819960085888,0.04858485903341499,0.0550134723397214,0.23591374372657942,1.9991075848700155,0.25247221421848887,88.59731276692389,12.733502739310532,0.0582213191506965,0.5944755962050935,1.9991375848700155,0.5800598381088926,-0.041438333812522876,1.99969,-0.1376712573166062,707.048479399112,-210.10582375691683,0.012389359809427323,-0.49276171727806395,0.39244024014119183,-0.49584497796278615,-0.2460183941104488,714.2513821331088,492.33222075195357,0.020564830259969046,-0.11847795268777256,9.99964,0.38745155439779033,2.2905482653834026
COc1cccc(N)c1.CCC(C(=O)Cl)c1ccccc1,-401.35543858241624,2.5323995833140724,1301.861336272148,1017.1346971597061,0.15842295521979644,1.5993452086868671,0.09735385328662367,0.10729185109750744,-0.20464570438413113,123.15419999999999,1256.0734119389047,-0.7052972671016506,-0.06929589584657785,0.011239104395928498,-0.6887937198259183,1.9992799999999997,-0.14360896120873284,80.70222786813513,200.05019421784985,0.011436537362442899,-0.8138767456070208,1.9992999999999999,0.37586485297856786,-922.1350941424333,4.569522987935531,2455.9020135917617,1503.8121474082207,0.19835830978909602,2.7196956404060453,0.15641062941202977,0.11147264569784315,-0.267883275109873,-0.044937983714186606,182.6493,1522.0795475579139,-0.04878392032155667,-0.06036727587828204,0.02106411226593012,-0.32502486318000223,1.99889,30.15305416820589,127.38872271494051,0.7227754446342497,1.1178043569820812,0.06601085036127433,0.056704631153088186,0.26634316303879657,1.999111010410588,0.2584528867848544,80.18911170349905,15.605117816098318,0.05923987339580025,0.5947519757187832,1.999131232884499,0.6209158445810388,-0.11952997468335282,1.999685360884168,-0.143804062173481,712.2092388306249,-204.0050258804775,0.012248062306486857,-0.5005021470911517,0.43435065207263357,-0.4765579049182884,-0.2283885640121543,717.517615534147,464.5850831441031,0.021029658300558765,-0.0958973312821047,9.99961558335808,0.388169114477217,2.255943371691413
COc1cccc(N)c1.CCCCC(=O)Cl,-401.35543858241624,2.5323995833140724,1301.861336272148,1017.1346971597061,0.15842295521979644,1.5993452086868671,0.09735385328662367,0.10729185109750744,-0.20464570438413113,123.15419999999999,1256.0734119389047,-0.7052972671016506,-0.06929589584657785,0.011239104395928498,-0.6887937198259183,1.9992799999999997,-0.14360896120873284,80.70222786813513,200.05019421784985,0.011436537362442899,-0.8138767456070208,1.9992999999999999,0.37586485297856786,-730.7450150574017,2.090291331652506,1341.9302009057062,994.4515719835497,0.1418835432507869,2.6086344119789233,0.1712263701297755,0.1335958284882569,-0.3048221986180324,-0.037630541641518626,120.57850000000002,1041.7633434165296,-0.09671197627204661,0.007804712444770221,0.014038775373839806,-0.4880626302178358,1.9990404359511826,56.464141490849684,147.1293956944729,0.5593904691258827,1.1789239078387639,0.007528819367576247,0.05127629781296082,0.23642929006115296,1.9991881569913779,0.21380243779784716,82.77940616490689,16.660432212862794,0.05512335177243502,0.588506474333033,1.999198156991378,0.5578940906295883,-0.04184591941059398,1.9996900000000002,-0.14164929933233972,714.7961360943984,-212.9005115825591,0.012188685583343585,-0.49471489576310834,0.3995731427490579,-0.5163867508662023,-0.24523050175144934,770.1191505493439,470.94318983615574,0.020878088448009844,-0.11732762706245506,9.999642023227146,0.3671949651309757,2.3215645026019507
COc1cccc(N)c1.CCCCC(CC)C(=O)Cl,-401.35543858241624,2.5323995833140724,1301.861336272148,1017.1346971597061,0.15842295521979644,1.5993452086868671,0.09735385328662367,0.10729185109750744,-0.20464570438413113,123.15419999999999,1256.0734119389047,-0.7052972671016506,-0.06929589584657785,0.011239104395928498,-0.6887937198259183,1.9992799999999997,-0.14360896120873284,80.70222786813513,200.05019421784985,0.011436537362442899,-0.8138767456070208,1.9992999999999999,0.37586485297856786,-848.4194799426583,2.1267217278302994,2464.267019669444,1500.231394373068,0.23155073390523292,2.677801397359587,0.16853390822493342,0.13085299777436263,-0.29938690599929607,-0.037680910450570794,162.6589,1466.9452087716104,-0.0842353595837951,-0.12303181060215712,0.01891789249052634,-0.29470057863953375,1.9989210580785208,30.751430758385847,131.96111134930018,0.7081076322850737,1.1146350543229737,0.04049639435702823,0.05769645486653496,0.23430779863995022,1.999079831858541,0.2342915125830618,79.28964453295023,10.72058245681579,0.06134362576284608,0.5865793709141864,1.999110961152719,0.6405613297343266,-0.04916664952674792,1.9996827557665517,-0.14383461934649713,723.1028236690747,-205.35061664385827,0.012373376332512752,-0.5004955405011925,0.44056690495066464,-0.4902433087740082,-0.23982660938031483,795.885334662436,424.81685121337784,0.02061303988994313,-0.10758898034704956,9.999627692135396,0.39206250471260456,1.0223495237011908
COc1cccc(N)c1.CCCCCCC(=O)Cl,-401.35543858241624,2.5323995833140724,1301.861336272148,1017.1346971597061,0.15842295521979644,1.5993452086868671,0.09735385328662367,0.10729185109750744,-0.20464570438413113,123.15419999999999,1256.0734119389047,-0.7052972671016506,-0.06929589584657785,0.011239104395928498,-0.6887937198259183,1.9992799999999997,-0.14360896120873284,80.70222786813513,200.05019421784985,0.011436537362442899,-0.8138767456070208,1.9992999999999999,0.37586485297856786,-809.1928450186999,2.191972683108519,2694.585979207065,1390.3008597551361,0.20178400746022246,2.7244460547894533,0.17032995662812994,0.13265533018130402,-0.30298528680943393,-0.03767462644682591,148.63210000000004,1261.5194415620172,-0.09799205324244195,0.017531207143586563,0.014411268813625472,-0.4870248810235342,1.9990360661441282,52.29176351269705,146.78208323625879,0.5553711533823926,1.1744333662866158,0.005174748608251482,0.05187764178651444,0.23654530602917653,1.9991838244073419,0.2092039866890283,82.95284094577164,16.8293560755272,0.055168636678038244,0.5896019425118675,1.9991965260075706,0.554803422626299,-0.04042034364900629,1.9996900000000004,-0.1394788994015972,704.4901204727937,-215.8672177680678,0.01234712539999367,-0.4919174099593421,0.38646821572942175,-0.5069924791734688,-0.24872178501458486,751.6188641806931,476.4115554370388,0.020814874094548554,-0.1210213165562404,9.999640000000001,0.3740534939797181,2.5671476213153657
COc1cccc(N)c1.CCCCCCCCCCCC(=O)Cl,-401.35543858241624,2.5323995833140724,1301.861336272148,1017.1346971597061,0.15842295521979644,1.5993452086868671,0.09735385328662367,0.10729185109750744,-0.20464570438413113,123.15419999999999,1256.0734119389047,-0.7052972671016506,-0.06929589584657785,0.011239104395928498,-0.6887937198259183,1.9992799999999997,-0.14360896120873284,80.70222786813513,200.05019421784985,0.011436537362442899,-0.8138767456070208,1.9992999999999999,0.37586485297856786,-1005.3142281705781,2.051840846684475,7589.4788243149,2063.8977884186593,0.35148147884172565,2.580964688743521,0.17130593121998355,0.13237374139497904,-0.3036796726149626,-0.038932189825004494,218.76610000000002,2028.2284431012831,-0.09832466528407613,0.011300852452152831,0.014411262852878942,-0.4876371810409823,1.9990393233150183,54.09437145699512,147.61948876998457,0.5618015097823486,1.1889594778380719,0.0034922479456673456,0.05177155382090726,0.23634184011774262,1.9991781601252514,0.20777313911983045,80.09136057476589,16.11372837040959,0.05541338385685213,0.5883281241859004,1.999188590390622,0.5688480715114945,-0.04156562730035017,1.9996867476005615,-0.13988340193202087,708.4357928496703,-213.85227427913944,0.012237201999370216,-0.49679063701810433,0.4188836362668115,-0.5185254162381545,-0.24439257461254094,760.4693324636868,471.25224452499526,0.020883543820409477,-0.11594466851905619,9.999637177865932,0.3724491019162263,2.6943522997719
COc1cccc(N)c1.CCc1ccc(C(=O)Cl)cc1,-401.35543858241624,2.5323995833140724,1301.861336272148,1017.1346971597061,0.15842295521979644,1.5993452086868671,0.09735385328662367,0.10729185109750744,-0.20464570438413113,123.15419999999999,1256.0734119389047,-0.7052972671016506,-0.06929589584657785,0.011239104395928498,-0.6887937198259183,1.9992799999999997,-0.14360896120873284,80.70222786813513,200.05019421784985,0.011436537362442899,-0.8138767456070208,1.9992999999999999,0.37586485297856786,-882.914671,0.8056,2669.3825,1421.7125,0.168403,4.1213,0.17781,0.10156000000000001,-0.27937,-0.07625,168.6225,1314.007,-0.402094,-0.061786,0.01695,-0.19259,1.99875,146.8733,63.8668,0.6452957835116425,1.456055,0.205216,0.04843,0.36246,1.99903,0.312565,87.4623,23.8993,0.05253,0.57058,1.99906,0.5498741346758967,-0.017375,1.9997,-0.144731,691.6855,-184.816,0.01198,-0.50355,0.3866425424795469,-0.509939,-0.254084,651.6022,528.6102,0.02081,-0.10547,9.99966,0.38294524858401513,0.9748032713839356
COc1cccc(N)c1.COc1cc(C(=O)Cl)cc(OC)c1OC,-401.35543858241624,2.5323995833140724,1301.861336272148,1017.1346971597061,0.15842295521979644,1.5993452086868671,0.09735385328662367,0.10729185109750744,-0.20464570438413113,123.15419999999999,1256.0734119389047,-0.7052972671016506,-0.06929589584657785,0.011239104395928498,-0.6887937198259183,1.9992799999999997,-0.14360896120873284,80.70222786813513,200.05019421784985,0.011436537362442899,-0.8138767456070208,1.9992999999999999,0.37586485297856786,-1147.3988728386491,9.590245055798524,4098.000453261923,1788.438858126628,0.21336973094695055,3.820453988387011,0.1589222523904965,0.08715554844614821,-0.2460778008366447,-0.07176670394434828,230.64750000000004,1702.8529527836297,-0.30062621086644153,-0.0505418648015625,0.01901263016358685,-0.16597456713914246,1.9988191465822256,138.9709269242885,66.29146063677923,0.6464282423283223,1.4648143543682646,0.20572451472928088,0.0527408394357223,0.4021922948019736,1.9991034206621257,0.30939671461077606,86.80447373218087,24.14315727612148,0.052543474138718856,0.5717040388310601,1.9990608534177752,0.5505070876792586,-0.22497649330386443,1.9997000000000003,-0.1474567049669537,690.2213647653614,-182.89085364682126,0.011964543057302771,-0.5069527124341651,0.38708728584549945,-0.5075244044704986,-0.2524332482777629,651.9670016723583,528.9051928576206,0.020845079417672406,-0.10312794717934845,9.999652567244352,0.38354454400728805,0.9159956869487662
COc1cccc(N)c1.COc1ccc(C(=O)Cl)cc1,-401.35543858241624,2.5323995833140724,1301.861336272148,1017.1346971597061,0.15842295521979644,1.5993452086868671,0.09735385328662367,0.10729185109750744,-0.20464570438413113,123.15419999999999,1256.0734119389047,-0.7052972671016506,-0.06929589584657785,0.011239104395928498,-0.6887937198259183,1.9992799999999997,-0.14360896120873284,80.70222786813513,200.05019421784985,0.011436537362442899,-0.8138767456070208,1.9992999999999999,0.37586485297856786,-918.7794806452093,1.8095578782030461,2595.8845344392657,1351.432412177592,0.14413766686447077,4.69247217594736,0.16339189113066868,0.09466255858855176,-0.2580544497192204,-0.06872933254211694,170.5951,1330.3161569267518,-0.5316156870230284,-0.057328369918361544,0.01689,-0.20658333135529233,1.9987499999999998,139.08126280090607,69.5119016314473,0.6464023557102192,1.5082461480170826,0.19680829664503793,0.04825977751403898,0.35202155146760417,1.99902,0.30959364046198856,88.97441949403056,25.308381727266305,0.052509332542116934,0.5694617858218112,1.99905,0.5495559709571898,-0.023747567188664966,1.9997,-0.15034197745033262,671.7481042751876,-174.48073225064894,0.011970222485961022,-0.5095373064319758,0.38616179649303717,-0.5192249050540321,-0.26183382883983775,650.1022819991035,534.1770665455147,0.020634443785097444,-0.11341470187579644,9.99966,0.3827949177457842,0.4773986835930383
COc1cccc(N)c1.Cc1ccc(C(=O)Cl)cc1,-401.35543858241624,2.5323995833140724,1301.861336272148,1017.1346971597061,0.15842295521979644,1.5993452086868671,0.09735385328662367,0.10729185109750744,-0.20464570438413113,123.15419999999999,1256.0734119389047,-0.7052972671016506,-0.06929589584657785,0.011239104395928498,-0.6887937198259183,1.9992799999999997,-0.14360896120873284,80.70222786813513,200.05019421784985,0.011436537362442899,-0.8138767456070208,1.9992999999999999,0.37586485297856786,-843.690474,0.7847,2037.6054,1331.695,0.138241,4.0826,0.17777500000000002,0.101495,-0.27927,-0.07628,154.5957,957.156,-0.396447,-0.063926,0.01695,-0.19369,1.99875,146.8166,64.1383,0.6464757709251101,1.444549,0.205095,0.0484,0.3622,1.99903,0.312699,87.2722,23.9815,0.05251,0.57046,1.99906,0.5497954688483323,-0.017809,1.9997,-0.144896,691.7944,-184.7633,0.01198,-0.50358,0.3868785399622404,-0.507387,-0.254103,652.0078,529.0068,0.02081,-0.10548,9.99966,0.38231592196349906,0.7955021170478915
COc1cccc(N)c1.Cc1ccccc1C(=O)Cl,-401.35543858241624,2.5323995833140724,1301.861336272148,1017.1346971597061,0.15842295521979644,1.5993452086868671,0.09735385328662367,0.10729185109750744,-0.20464570438413113,123.15419999999999,1256.0734119389047,-0.7052972671016506,-0.06929589584657785,0.011239104395928498,-0.6887937198259183,1.9992799999999997,-0.14360896120873284,80.70222786813513,200.05019421784985,0.011436537362442899,-0.8138767456070208,1.9992999999999999,0.37586485297856786,-843.6875560574109,0.11441203094299326,1727.5775237937205,1185.5250490989843,0.13826824892949693,2.9335652803962233,0.17744671457012706,0.09930211916386854,-0.2767488337339956,-0.07814459540625854,154.5957,1206.8423660351868,-0.3609323356612174,-0.04382074162750573,0.017399388198169285,-0.18550015969286923,1.99871,143.88919896912307,63.72922694533436,0.6763989980060084,1.3794532603765848,0.17964343533990834,0.04829439509069746,0.3670932883597818,1.9990500711227133,0.2936090109211529,86.60514481931877,23.749668767244493,0.051918321357468225,0.5733261876760661,1.9990899288772865,0.5774004604109436,-0.03147546807824839,1.9996999288772865,-0.14907075579200177,701.4520483596131,-205.6625805599628,0.012379573263719579,-0.5042245104984888,0.4371025917512716,-0.51174269585703,-0.25672397091808735,673.4314174438672,509.25428815634746,0.020633982871950604,-0.11187011540779132,9.999669857754574,0.38752509665341367,1.1745448409320502
COc1cccc(N)c1.O=C(Cl)C12CC3CC(CC(C3)C1)C2,-401.35543858241624,2.5323995833140724,1301.861336272148,1017.1346971597061,0.15842295521979644,1.5993452086868671,0.09735385328662367,0.10729185109750744,-0.20464570438413113,123.15419999999999,1256.0734119389047,-0.7052972671016506,-0.06929589584657785,0.011239104395928498,-0.6887937198259183,1.9992799999999997,-0.14360896120873284,80.70222786813513,200.05019421784985,0.011436537362442899,-0.8138767456070208,1.9992999999999999,0.37586485297856786,-962.581811,3.0439,2417.6329,1837.01,0.2551,3.1191,0.16248,0.12827,-0.29075,-0.03421,198.6919,1506.761,-0.109963,-0.417603,0.01866,-0.12505,1.99879,47.667,144.0592,0.8325991189427313,1.135254,0.136483,0.05847,0.25586,1.99893,0.339763,94.9955,11.4326,0.06189,0.61891,1.99899,0.6260226557583386,-0.055463,1.99969,-0.134531,703.9745,-206.4244,0.01198,-0.49526,0.4133102580239144,-0.495051,-0.246408,649.7835,526.6917,0.01986,-0.11707,9.99965,0.4122089364380113,1.551697944707808
COc1cccc(N)c1.O=C(Cl)C=Cc1ccccc1,-401.35543858241624,2.5323995833140724,1301.861336272148,1017.1346971597061,0.15842295521979644,1.5993452086868671,0.09735385328662367,0.10729185109750744,-0.20464570438413113,123.15419999999999,1256.0734119389047,-0.7052972671016506,-0.06929589584657785,0.011239104395928498,-0.6887937198259183,1.9992799999999997,-0.14360896120873284,80.70222786813513,200.05019421784985,0.011436537362442899,-0.8138767456070208,1.9992999999999999,0.37586485297856786,-881.7076424349888,1.4583330632451224,3001.2649234041864,1257.7523733779365,0.14500556194108782,4.007677662728389,0.18097215746167145,0.08464781157985767,-0.2656199690415291,-0.09632434588181382,166.6067,1318.0489361294021,-0.6487631505721401,-0.11180734591608987,0.015986889213416643,-0.40177837436797814,1.9988062506712867,97.67235097153285,72.11756207665134,0.5471110545535718,1.594812176212798,0.21686245915706964,0.047810688301961585,0.3951780161227317,1.9990600002421206,0.2773765541231414,79.2212823091358,26.059164333630676,0.05162692895158519,0.5406730279839103,1.9991162506021094,0.518506511257886,-0.01080933265076242,1.99969,-0.1561087210570263,684.9150017741213,-177.68841986288376,0.012026865077963791,-0.508001072172739,0.3739683515791476,-0.5679760192194105,-0.25474012890245074,721.0320699222212,470.0895892939961,0.02118627173739866,-0.11190134066066033,9.99965374939789,0.36138049216617174,2.1064591549925407
COc1cccc(N)c1.O=C(Cl)c1ccc(-c2ccccc2)cc1,-401.35543858241624,2.5323995833140724,1301.861336272148,1017.1346971597061,0.15842295521979644,1.5993452086868671,0.09735385328662367,0.10729185109750744,-0.20464570438413113,123.15419999999999,1256.0734119389047,-0.7052972671016506,-0.06929589584657785,0.011239104395928498,-0.6887937198259183,1.9992799999999997,-0.14360896120873284,80.70222786813513,200.05019421784985,0.011436537362442899,-0.8138767456070208,1.9992999999999999,0.37586485297856786,-1035.081421,13.748,5091.4627,1754.559,0.195241,4.008,0.17202,0.08703,-0.25905,-0.08499,216.6665,1648.5790000000002,-0.476397,-0.069238,0.01931,-0.13635,1.99876,146.3066,63.2115,0.6453744493392071,1.557555,0.237449,0.05246,0.45217,1.99908,0.313028,86.8115,23.8787,0.05251,0.56896,1.99906,0.5493234738829452,-0.197972,1.99969,-0.14352,696.741,-187.3885,0.012,-0.50251,0.38569855254877283,-0.528893,-0.251945,650.7091,526.9992,0.02088,-0.10309,9.99966,0.38223725613593457,0.9582059979781642
COc1cccc(N)c1.O=C(Cl)c1ccc(Br)cc1,-401.35543858241624,2.5323995833140724,1301.861336272148,1017.1346971597061,0.15842295521979644,1.5993452086868671,0.09735385328662367,0.10729185109750744,-0.20464570438413113,123.15419999999999,1256.0734119389047,-0.7052972671016506,-0.06929589584657785,0.011239104395928498,-0.6887937198259183,1.9992799999999997,-0.14360896120873284,80.70222786813513,200.05019421784985,0.011436537362442899,-0.8138767456070208,1.9992999999999999,0.37586485297856786,-3377.857666,2.1799,3388.6568,1232.628,0.100324,2.0328,0.18545,0.09516000000000002,-0.28061,-0.09029,219.465,1258.854,-0.39698,-0.055564,0.01694,-0.19555,1.99875,149.5302,63.26,0.645846444304594,1.462386,0.217711,0.04852,0.3717,1.99904,0.315275,85.0022,24.181,0.05263,0.56687,1.99907,0.5486154814348647,-0.010299,1.9997,-0.140191,709.2575,-191.8647,0.01202,-0.49899,0.38719320327249845,-0.500793,-0.242085,647.9072,524.2242,0.02118,-0.09299,9.99965,0.382001258653241,1.485857624851429
COc1cccc(N)c1.O=C(Cl)c1ccc(C(F)(F)F)cc1,-401.35543858241624,2.5323995833140724,1301.861336272148,1017.1346971597061,0.15842295521979644,1.5993452086868671,0.09735385328662367,0.10729185109750744,-0.20464570438413113,123.15419999999999,1256.0734119389047,-0.7052972671016506,-0.06929589584657785,0.011239104395928498,-0.6887937198259183,1.9992799999999997,-0.14360896120873284,80.70222786813513,200.05019421784985,0.011436537362442899,-0.8138767456070208,1.9992999999999999,0.37586485297856786,-1141.009328,3.3671,3493.4189,1579.5935,0.117803,1.0538,0.202225,0.10366500000000001,-0.30589,-0.09856,208.5672,1203.002,-0.281208,-0.066681,0.01707,-0.18876,1.99875,151.6583,59.3407,0.6463184392699811,1.375664,0.226354,0.04856,0.38009,1.99904,0.318189,83.9248,23.6216,0.05264,0.56628,1.99908,0.5490874764002517,-0.003696,1.9997,-0.135777,725.5918,-200.3338,0.01205,-0.49428,0.3871145374449339,-0.48031,-0.234509,646.3328,518.8401,0.02137,-0.08533,9.99964,0.38239458779106356,2.3116211970917626
COc1cccc(N)c1.O=C(Cl)c1ccc(Cl)cc1,-401.35543858241624,2.5323995833140724,1301.861336272148,1017.1346971597061,0.15842295521979644,1.5993452086868671,0.09735385328662367,0.10729185109750744,-0.20464570438413113,123.15419999999999,1256.0734119389047,-0.7052972671016506,-0.06929589584657785,0.011239104395928498,-0.6887937198259183,1.9992799999999997,-0.14360896120873284,80.70222786813513,200.05019421784985,0.011436537362442899,-0.8138767456070208,1.9992999999999999,0.37586485297856786,-1263.981948,2.0754,2495.0487,918.639,0.100727,2.063,0.18674,0.09755,-0.28429,-0.08919,175.014,1159.235,-0.395009,-0.059104,0.01687,-0.19718,1.99875,148.1762,63.8432,0.6469477658904972,1.447541,0.216306,0.04848,0.37028,1.99904,0.314974,85.26,24.3534,0.05263,0.56696,1.99907,0.5487728130899937,-0.010873,1.9997,-0.140838,706.9426,-190.8553,0.01202,-0.49966,0.38719320327249845,-0.497634,-0.243186,647.8379,524.4538,0.02115,-0.09408,9.99965,0.38231592196349906,1.193350813535308
COc1cccc(N)c1.O=C(Cl)c1ccc(Cl)cc1Cl,-401.35543858241624,2.5323995833140724,1301.861336272148,1017.1346971597061,0.15842295521979644,1.5993452086868671,0.09735385328662367,0.10729185109750744,-0.20464570438413113,123.15419999999999,1256.0734119389047,-0.7052972671016506,-0.06929589584657785,0.011239104395928498,-0.6887937198259183,1.9992799999999997,-0.14360896120873284,80.70222786813513,200.05019421784985,0.011436537362442899,-0.8138767456070208,1.9992999999999999,0.37586485297856786,-1723.4939374606504,1.2883800810490484,2980.2158268029457,1474.2397074519768,0.09215022714359405,2.4027020201639373,0.1889194293631092,0.09675937747005803,-0.28567880683316726,-0.09216005189305122,209.45909999999998,1522.9075142418037,-0.4253249866263163,-0.07327173319778336,0.019400577896779823,-0.2055589686983824,1.9986567970101383,141.94229947990505,63.78112283667599,0.6720934400530437,1.383887345120303,0.20099762442309496,0.051071825734569344,0.377952249212696,1.9990716014949308,0.30132847764488324,89.17290808438919,26.71033238705266,0.053662067271891524,0.5672160495446766,1.9991067970101382,0.5710416884369257,-0.02376615770075898,1.9996899999999997,-0.12318614046610027,738.0003184385099,-221.68962119212986,0.01246359402027631,-0.4777808249899132,0.41465210131273,-0.4997364317231278,-0.23461153961306366,691.034157820026,475.66836513053863,0.02126264516867135,-0.09382789320718006,9.999653594020277,0.3876269732870548,1.9666896922353891
COc1cccc(N)c1.O=C(Cl)c1ccc(F)cc1,-401.35543858241624,2.5323995833140724,1301.861336272148,1017.1346971597061,0.15842295521979644,1.5993452086868671,0.09735385328662367,0.10729185109750744,-0.20464570438413113,123.15419999999999,1256.0734119389047,-0.7052972671016506,-0.06929589584657785,0.011239104395928498,-0.6887937198259183,1.9992799999999997,-0.14360896120873284,80.70222786813513,200.05019421784985,0.011436537362442899,-0.8138767456070208,1.9992999999999999,0.37586485297856786,-903.560911,1.3905,1932.8255,1039.562,0.101816,2.1677,0.18521500000000002,0.102935,-0.28815,-0.08228,158.5594,1118.02,-0.402654,-0.063696,0.0167,-0.20093,1.99875,144.8678,66.2483,0.6475770925110133,1.405945,0.206459,0.0484,0.35807,1.99903,0.313827,86.1662,24.8469,0.05265,0.56797,1.99907,0.5505034612964128,-0.01578,1.9997,-0.143118,697.5602,-186.3864,0.01202,-0.50216,0.38735053492762744,-0.489988,-0.246855,647.3665,526.5674,0.02105,-0.09791,9.99965,0.38247325361862805,1.1628270355336134
COc1cccc(N)c1.O=C(Cl)c1ccc(F)cc1F,-401.35543858241624,2.5323995833140724,1301.861336272148,1017.1346971597061,0.15842295521979644,1.5993452086868671,0.09735385328662367,0.10729185109750744,-0.20464570438413113,123.15419999999999,1256.0734119389047,-0.7052972671016506,-0.06929589584657785,0.011239104395928498,-0.6887937198259183,1.9992799999999997,-0.14360896120873284,80.70222786813513,200.05019421784985,0.011436537362442899,-0.8138767456070208,1.9992999999999999,0.37586485297856786,-1002.6542594723891,1.5628342043633043,2120.324392652248,1108.7274438818417,0.09460995236304569,2.9002627333284448,0.18897774100507306,0.1031808922527925,-0.29215863325786556,-0.08579684875228055,176.5499,1217.2759401612166,-0.4762535813565251,-0.14156288723632596,0.01749714178274225,-0.2655723345228288,1.9987275595461926,125.52130121331402,76.87735232825071,0.6601959388546843,1.4011957195348994,0.21017866036864236,0.05033202645075863,0.3574196198405706,1.999092440453807,0.31311296107594244,89.14458035729169,29.976610165880096,0.053738691863957924,0.5602134195157078,1.9991175595461927,0.5592025931930473,-0.0013660944016755583,1.999692440453807,-0.12574949132688037,715.3363046299694,-206.25609228525013,0.012154107747207482,-0.4855636222965187,0.4016195195314515,-0.4835200440528855,-0.24479578722213755,687.6901003715086,492.5449564929477,0.021139816660918742,-0.0970344038983523,9.99966023818477,0.38741746794270504,2.415679611373922
COc1cccc(N)c1.O=C(Cl)c1ccc(OC(F)(F)F)cc1,-401.35543858241624,2.5323995833140724,1301.861336272148,1017.1346971597061,0.15842295521979644,1.5993452086868671,0.09735385328662367,0.10729185109750744,-0.20464570438413113,123.15419999999999,1256.0734119389047,-0.7052972671016506,-0.06929589584657785,0.011239104395928498,-0.6887937198259183,1.9992799999999997,-0.14360896120873284,80.70222786813513,200.05019421784985,0.011436537362442899,-0.8138767456070208,1.9992999999999999,0.37586485297856786,-1216.116295,1.9373,4202.2051,1483.97,0.123247,2.1043,0.18684,0.10098000000000001,-0.28782,-0.08586,224.5666,1686.329,-0.41883,-0.055985,0.01693,-0.20009,1.99875,144.7474,65.8979,0.6455317809943361,1.437835,0.211505,0.04838,0.36227,1.99903,0.315037,85.8367,24.8444,0.0526,0.56737,1.99907,0.5483008181246066,-0.013036,1.9997,-0.141975,702.237,-188.2112,0.01203,-0.50095,0.3865638766519824,-0.492427,-0.24471,647.5785,525.941,0.02111,-0.09583,9.99965,0.382001258653241,1.4876175469644823
COc1cccc(N)c1.O=C(Cl)c1ccc(SC(F)(F)F)cc1,-401.35543858241624,2.5323995833140724,1301.861336272148,1017.1346971597061,0.15842295521979644,1.5993452086868671,0.09735385328662367,0.10729185109750744,-0.20464570438413113,123.15419999999999,1256.0734119389047,-0.7052972671016506,-0.06929589584657785,0.011239104395928498,-0.6887937198259183,1.9992799999999997,-0.14360896120873284,80.70222786813513,200.05019421784985,0.011436537362442899,-0.8138767456070208,1.9992999999999999,0.37586485297856786,-1539.108656,10.93545,4535.03445,1625.511,0.120362,1.4151,0.19517500000000002,0.09453500000000001,-0.28971,-0.10064,240.6272,1337.92,-0.29784849999999996,-0.0998015,0.01897,-0.20292,1.99876,153.6659,59.602199999999996,0.6472624292007552,1.4163860000000001,0.25255150000000004,0.05244,0.4746,1.99909,0.3170855,83.78805,23.4428,0.05266,0.56606,1.99908,0.5502674638137193,-0.18941449999999999,1.99969,-0.1355175,726.435,-201.13459999999998,0.01204,-0.49415,0.3878618628067967,-0.49045249999999996,-0.234585,646.7714000000001,518.4003,0.02136,-0.08533,9.99964,0.38333857772183766,1.694954570671179
COc1cccc(N)c1.O=C(Cl)c1ccc([N+](=O)[O-])cc1,-401.35543858241624,2.5323995833140724,1301.861336272148,1017.1346971597061,0.15842295521979644,1.5993452086868671,0.09735385328662367,0.10729185109750744,-0.20464570438413113,123.15419999999999,1256.0734119389047,-0.7052972671016506,-0.06929589584657785,0.011239104395928498,-0.6887937198259183,1.9992799999999997,-0.14360896120873284,80.70222786813513,200.05019421784985,0.011436537362442899,-0.8138767456070208,1.9992999999999999,0.37586485297856786,-1008.649643,2.8883,2934.3431,1429.187,0.114492,1.9316,0.21973499999999999,0.09540499999999999,-0.31514,-0.12433,185.5665,1180.633,-0.243545,-0.095972,0.01759,-0.19498,1.99875,153.1256,57.3166,0.6472624292007552,1.373848,0.307302,0.05273,0.54955,1.99909,0.319677,82.3735,23.8112,0.0527,0.56324,1.99908,0.5486154814348647,-0.149197,1.99968,-0.131168,741.5805,-208.9034,0.01209,-0.49014,0.3881371932032725,-0.473753,-0.225712,643.2683,512.101,0.02162,-0.07607,9.99964,0.38215859030837,2.1545112532738027
COc1cccc(N)c1.O=C(Cl)c1ccc2ccccc2c1,-401.35543858241624,2.5323995833140724,1301.861336272148,1017.1346971597061,0.15842295521979644,1.5993452086868671,0.09735385328662367,0.10729185109750744,-0.20464570438413113,123.15419999999999,1256.0734119389047,-0.7052972671016506,-0.06929589584657785,0.011239104395928498,-0.6887937198259183,1.9992799999999997,-0.14360896120873284,80.70222786813513,200.05019421784985,0.011436537362442899,-0.8138767456070208,1.9992999999999999,0.37586485297856786,-957.8231548793865,8.942984281922897,3120.642424188284,1617.483620444743,0.15897933382482796,3.963189472116048,0.1688166691241398,0.08189167649655926,-0.25070834562069905,-0.08692499262758055,190.6287,1577.0617708477648,-0.406241613979723,-0.0853495998229043,0.01913813624300125,-0.18617714833386767,1.9987759805367138,143.21741244463914,64.17324326159877,0.6477991941427841,1.4941111495158192,0.2417364895313614,0.05284029194928839,0.45526854910095393,1.9990940194632858,0.3139393768798561,87.57417048040392,23.502188115581014,0.052508428192289645,0.5698158832202846,1.9990640194632858,0.5497785108064259,-0.20163146446439634,1.9996899999999997,-0.14309156915373786,699.7480535233219,-189.1846326741985,0.01198794161014232,-0.5022111235626368,0.38731661884381463,-0.5121153102357949,-0.2502995078146661,650.3423603945448,527.1525046879868,0.020885980536714102,-0.10191680330266659,9.999655980536714,0.3832938279780859,1.1469954021082571
COc1cccc(N)c1.O=C(Cl)c1cccc2ccccc12,-401.35543858241624,2.5323995833140724,1301.861336272148,1017.1346971597061,0.15842295521979644,1.5993452086868671,0.09735385328662367,0.10729185109750744,-0.20464570438413113,123.15419999999999,1256.0734119389047,-0.7052972671016506,-0.06929589584657785,0.011239104395928498,-0.6887937198259183,1.9992799999999997,-0.14360896120873284,80.70222786813513,200.05019421784985,0.011436537362442899,-0.8138767456070208,1.9992999999999999,0.37586485297856786,-957.8186401303651,7.76497366122391,2727.8224101566643,1452.655905920424,0.1591435410273463,3.138155778233965,0.17141258730322817,0.07978083346207067,-0.2511934207652988,-0.09163175384115753,190.62869999999998,1654.673933628048,-0.3606608914538662,-0.060651833547166085,0.019562781082751415,-0.15268271376427908,1.9987499999999998,140.36828004155382,67.13279503149818,0.67083710319587,1.4184804447627122,0.24250688344425783,0.05177296194712997,0.4757362417913853,1.9991198794237475,0.3059404481129295,90.28639256302401,23.548420283844816,0.051731334167722944,0.5763399240539799,1.9990998794237473,0.5737331192431018,-0.21399212998145925,1.9996800602881257,-0.14835273747499386,677.8735529026063,-199.8173439886677,0.012231266050649904,-0.5084526793064421,0.42167378684587214,-0.536095752759764,-0.25799595608850817,690.7625756377732,499.1303403904185,0.020573617287571157,-0.11333870811906079,9.999669879423749,0.38839317125744705,0.8038238756632731
COc1cccc(N)c1.O=C(Cl)c1ccccc1,-401.35543858241624,2.5323995833140724,1301.861336272148,1017.1346971597061,0.15842295521979644,1.5993452086868671,0.09735385328662367,0.10729185109750744,-0.20464570438413113,123.15419999999999,1256.0734119389047,-0.7052972671016506,-0.06929589584657785,0.011239104395928498,-0.6887937198259183,1.9992799999999997,-0.14360896120873284,80.70222786813513,200.05019421784985,0.011436537362442899,-0.8138767456070208,1.9992999999999999,0.37586485297856786,-804.46025,0.6975,1464.397,1335.877,0.109113,3.4435,0.18524,0.10419999999999999,-0.28944,-0.08104,140.5689,1259.541,-0.319057,-0.06921,0.01701,-0.18925,1.99875,150.2369,61.7104,0.6467904342353682,1.381429,0.207568,0.04848,0.36494,1.99903,0.313396,86.434,23.3461,0.05259,0.56996,1.99907,0.5492448080553808,-0.014961,1.9997,-0.142092,704.1163,-190.2727,0.012,-0.50042,0.3867212083071114,-0.491795,-0.248031,648.8095,526.2085,0.02098,-0.09932,9.99965,0.38247325361862805,1.0561405737264316
COc1cccc(N)c1.O=C(Cl)c1ccco1,-401.35543858241624,2.5323995833140724,1301.861336272148,1017.1346971597061,0.15842295521979644,1.5993452086868671,0.09735385328662367,0.10729185109750744,-0.20464570438413113,123.15419999999999,1256.0734119389047,-0.7052972671016506,-0.06929589584657785,0.011239104395928498,-0.6887937198259183,1.9992799999999997,-0.14360896120873284,80.70222786813513,200.05019421784985,0.011436537362442899,-0.8138767456070208,1.9992999999999999,0.37586485297856786,-802.2749436403665,0.9628803601977091,1106.8639320512225,837.4781616717298,0.07810627687091332,4.223320701907314,0.17692659069992278,0.09926084693630044,-0.2761874376362232,-0.07766574376362233,130.53050000000002,1023.5943809662729,-0.2571876525553629,0.07456587223868763,0.028521784583548964,0.16679427666839172,1.9986394965983396,84.42036001940463,48.795129254280766,0.6092274123751691,1.4654626254563974,0.18523025001857074,0.045608009071094816,0.29806073691619983,1.9990367505669435,0.28778355340700085,80.27414887766211,36.27046418281246,0.04943652154385018,0.5133097981460898,1.9990600000000003,0.5273364642768135,-0.01243844273116867,1.999706750566944,-0.14375068628124404,690.1763189879638,-171.46429701179642,0.012345972786715571,-0.4947455057576371,0.3678338463825751,-0.4709219205838191,-0.23281669984785022,670.2421570172194,515.4998959950124,0.022066292520756925,-0.08390614500521279,9.99965324943306,0.373560076402609,1.5823349263461737
COc1cccc(N)c1.O=C(Cl)c1cccs1,-401.35543858241624,2.5323995833140724,1301.861336272148,1017.1346971597061,0.15842295521979644,1.5993452086868671,0.09735385328662367,0.10729185109750744,-0.20464570438413113,123.15419999999999,1256.0734119389047,-0.7052972671016506,-0.06929589584657785,0.011239104395928498,-0.6887937198259183,1.9992799999999997,-0.14360896120873284,80.70222786813513,200.05019421784985,0.011436537362442899,-0.8138767456070208,1.9992999999999999,0.37586485297856786,-1125.2983746590153,0.8989004644803423,1318.760431390368,1051.8664137490334,0.07514125703092484,3.9869099489807027,0.1825097879616161,0.09715189528668504,-0.27966168324830115,-0.08535789267493107,146.5911,967.0850566647645,-0.36846109931444926,-0.017428701234791306,0.01983363911738161,-0.3620010732506892,1.9987481652957104,92.68784922793068,54.81236467913048,0.6462467515807672,1.4370241272768098,0.2224287020695229,0.04673669408579305,0.36090770231153096,1.9989036391173816,0.30910380250162073,80.55742798492986,32.972354231999795,0.05245018174718617,0.5457332583905814,1.9989436391173816,0.5414205707054607,-0.010696796550940281,1.9997,-0.1456564430324384,653.6458953915552,-169.41871646632262,0.012134495887131043,-0.5017229207448509,0.3800545942263263,-0.48442835604958645,-0.24229535996721743,702.4773700234127,507.97409032060614,0.02155,-0.09357010393236291,9.999647278234763,0.38004302083175984,1.338793973613754
COc1ccccc1N.CC(=O)Cl,-401.35537867531195,2.8531666996036806,1185.0644037295008,983.3170508227923,0.15860222623364034,1.4609006365097792,0.09253904421905794,0.10416913375688691,-0.19670817797594486,123.15419999999999,1106.2811553374195,-0.694453875171489,-0.03986085527590844,0.011670288747704361,-0.6781850458940344,1.99928,-0.12312043864916612,48.56286970721476,209.75014838055208,0.012156072330741927,-0.8193328961059939,1.9993110120551234,0.4009352879557939,-613.070645,1.8407,361.1538,589.647,0.051921,2.5752,0.17481000000000002,0.13476,-0.30957,-0.04005,78.4981,543.096,-0.16842,-0.019931,0.00801,-0.68972,1.99914,58.3883,161.9989,0.3882945248584015,1.19561,-0.022262,0.04824,0.23014,1.99928,0.181407,78.3666,21.3299,0.05149,0.57826,1.99927,0.49370673379483954,-0.031774,1.99969,-0.138192,709.0371,-224.4771,0.01248,-0.48574,0.3472309628697294,-0.497062,-0.249833,776.7802,462.7909,0.02158,-0.12005,9.99964,0.3590308370044053,3.584331224367531
COc1ccccc1N.CC(C)(C)C(=O)Cl,-401.35537867531195,2.8531666996036806,1185.0644037295008,983.3170508227923,0.15860222623364034,1.4609006365097792,0.09253904421905794,0.10416913375688691,-0.19670817797594486,123.15419999999999,1106.2811553374195,-0.694453875171489,-0.03986085527590844,0.011670288747704361,-0.6781850458940344,1.99928,-0.12312043864916612,48.56286970721476,209.75014838055208,0.012156072330741927,-0.8193328961059939,1.9993110120551234,0.4009352879557939,-730.74792,2.2489,944.8434,987.864,0.140866,2.7537,0.1676,0.13162,-0.29922,-0.03598,120.5785,1095.631,-0.002895,-0.401545,0.01495,-0.12509,1.99882,43.2203,145.8968,0.7474826935179358,1.086134,0.105519,0.05777,0.24151,1.999,0.311319,92.3348,10.4385,0.06159,0.60184,1.99904,0.6241346758967904,-0.044561,1.99969,-0.134635,702.0892,-210.5595,0.01227,-0.49442,0.4129955947136564,-0.486258,-0.243396,657.1407,517.8314,0.02014,-0.11423,9.99964,0.4117369414726243,2.107897144593646
COc1ccccc1N.CC(C)(C)c1ccc(C(=O)Cl)cc1,-401.35537867531195,2.8531666996036806,1185.0644037295008,983.3170508227923,0.15860222623364034,1.4609006365097792,0.09253904421905794,0.10416913375688691,-0.19670817797594486,123.15419999999999,1106.2811553374195,-0.694453875171489,-0.03986085527590844,0.011670288747704361,-0.6781850458940344,1.99928,-0.12312043864916612,48.56286970721476,209.75014838055208,0.012156072330741927,-0.8193328961059939,1.9993110120551234,0.4009352879557939,-961.3640173962594,0.8439951331320028,3736.8617162104047,1666.1327468680736,0.22702856304127478,4.218331555187393,0.1765543462087611,0.10122506668047276,-0.2777794128892339,-0.07532927952828836,196.6761,1756.2896208656803,-0.4178817038419192,-0.05493930742117488,0.01711,-0.19114765846693713,1.9987399999999997,145.50595114472912,64.19142355353065,0.6443475428431109,1.4770539433619239,0.2047373555601576,0.04842981988207208,0.3621147765800905,1.9990249099410362,0.31251209335266183,87.58830934681762,23.936423813800438,0.05250472982310813,0.5711581988207208,1.99906,0.5483809008647571,-0.017174605652256175,1.9997,-0.14438870176891871,691.262978378876,-184.8857997811485,0.01198,-0.5034901801179279,0.385780052201509,-0.5155604648516117,-0.2547429379952255,652.1694292748869,528.6326041804466,0.020760180117927914,-0.10642675787729755,9.99966,0.38215008883285495,1.0194366387904377
COc1ccccc1N.CC(C)C(=O)Cl,-401.35537867531195,2.8531666996036806,1185.0644037295008,983.3170508227923,0.15860222623364034,1.4609006365097792,0.09253904421905794,0.10416913375688691,-0.19670817797594486,123.15419999999999,1106.2811553374195,-0.694453875171489,-0.03986085527590844,0.011670288747704361,-0.6781850458940344,1.99928,-0.12312043864916612,48.56286970721476,209.75014838055208,0.012156072330741927,-0.8193328961059939,1.9993110120551234,0.4009352879557939,-691.5212651203827,2.1259058055730957,774.3015688508707,791.3296195399124,0.11183604170191642,2.7012129828698455,0.17010773050232164,0.13244814752148587,-0.3025558780238075,-0.0376595829808358,106.5517,975.6940716840189,-0.024167191055353945,-0.17073551463321235,0.013924490779907133,-0.30198609076336,1.998945169740031,48.80721556952866,147.29575347812465,0.6314692916962978,1.1238819960085888,0.04858485903341499,0.0550134723397214,0.23591374372657942,1.9991075848700155,0.25247221421848887,88.59731276692389,12.733502739310532,0.0582213191506965,0.5944755962050935,1.9991375848700155,0.5800598381088926,-0.041438333812522876,1.99969,-0.1376712573166062,707.048479399112,-210.10582375691683,0.012389359809427323,-0.49276171727806395,0.39244024014119183,-0.49584497796278615,-0.2460183941104488,714.2513821331088,492.33222075195357,0.020564830259969046,-0.11847795268777256,9.99964,0.38745155439779033,2.6799549823963686
COc1ccccc1N.CCC(C(=O)Cl)c1ccccc1,-401.35537867531195,2.8531666996036806,1185.0644037295008,983.3170508227923,0.15860222623364034,1.4609006365097792,0.09253904421905794,0.10416913375688691,-0.19670817797594486,123.15419999999999,1106.2811553374195,-0.694453875171489,-0.03986085527590844,0.011670288747704361,-0.6781850458940344,1.99928,-0.12312043864916612,48.56286970721476,209.75014838055208,0.012156072330741927,-0.8193328961059939,1.9993110120551234,0.4009352879557939,-922.1350941424333,4.569522987935531,2455.9020135917617,1503.8121474082207,0.19835830978909602,2.7196956404060453,0.15641062941202977,0.11147264569784315,-0.267883275109873,-0.044937983714186606,182.6493,1522.0795475579139,-0.04878392032155667,-0.06036727587828204,0.02106411226593012,-0.32502486318000223,1.99889,30.15305416820589,127.38872271494051,0.7227754446342497,1.1178043569820812,0.06601085036127433,0.056704631153088186,0.26634316303879657,1.999111010410588,0.2584528867848544,80.18911170349905,15.605117816098318,0.05923987339580025,0.5947519757187832,1.999131232884499,0.6209158445810388,-0.11952997468335282,1.999685360884168,-0.143804062173481,712.2092388306249,-204.0050258804775,0.012248062306486857,-0.5005021470911517,0.43435065207263357,-0.4765579049182884,-0.2283885640121543,717.517615534147,464.5850831441031,0.021029658300558765,-0.0958973312821047,9.99961558335808,0.388169114477217,2.9273257215862087
COc1ccccc1N.CCCCC(=O)Cl,-401.35537867531195,2.8531666996036806,1185.0644037295008,983.3170508227923,0.15860222623364034,1.4609006365097792,0.09253904421905794,0.10416913375688691,-0.19670817797594486,123.15419999999999,1106.2811553374195,-0.694453875171489,-0.03986085527590844,0.011670288747704361,-0.6781850458940344,1.99928,-0.12312043864916612,48.56286970721476,209.75014838055208,0.012156072330741927,-0.8193328961059939,1.9993110120551234,0.4009352879557939,-730.7450150574017,2.090291331652506,1341.9302009057062,994.4515719835497,0.1418835432507869,2.6086344119789233,0.1712263701297755,0.1335958284882569,-0.3048221986180324,-0.037630541641518626,120.57850000000002,1041.7633434165296,-0.09671197627204661,0.007804712444770221,0.014038775373839806,-0.4880626302178358,1.9990404359511826,56.464141490849684,147.1293956944729,0.5593904691258827,1.1789239078387639,0.007528819367576247,0.05127629781296082,0.23642929006115296,1.9991881569913779,0.21380243779784716,82.77940616490689,16.660432212862794,0.05512335177243502,0.588506474333033,1.999198156991378,0.5578940906295883,-0.04184591941059398,1.9996900000000002,-0.14164929933233972,714.7961360943984,-212.9005115825591,0.012188685583343585,-0.49471489576310834,0.3995731427490579,-0.5163867508662023,-0.24523050175144934,770.1191505493439,470.94318983615574,0.020878088448009844,-0.11732762706245506,9.999642023227146,0.3671949651309757,2.6837485114267543
COc1ccccc1N.CCCCC(CC)C(=O)Cl,-401.35537867531195,2.8531666996036806,1185.0644037295008,983.3170508227923,0.15860222623364034,1.4609006365097792,0.09253904421905794,0.10416913375688691,-0.19670817797594486,123.15419999999999,1106.2811553374195,-0.694453875171489,-0.03986085527590844,0.011670288747704361,-0.6781850458940344,1.99928,-0.12312043864916612,48.56286970721476,209.75014838055208,0.012156072330741927,-0.8193328961059939,1.9993110120551234,0.4009352879557939,-848.4194799426583,2.1267217278302994,2464.267019669444,1500.231394373068,0.23155073390523292,2.677801397359587,0.16853390822493342,0.13085299777436263,-0.29938690599929607,-0.037680910450570794,162.6589,1466.9452087716104,-0.0842353595837951,-0.12303181060215712,0.01891789249052634,-0.29470057863953375,1.9989210580785208,30.751430758385847,131.96111134930018,0.7081076322850737,1.1146350543229737,0.04049639435702823,0.05769645486653496,0.23430779863995022,1.999079831858541,0.2342915125830618,79.28964453295023,10.72058245681579,0.06134362576284608,0.5865793709141864,1.999110961152719,0.6405613297343266,-0.04916664952674792,1.9996827557665517,-0.14383461934649713,723.1028236690747,-205.35061664385827,0.012373376332512752,-0.5004955405011925,0.44056690495066464,-0.4902433087740082,-0.23982660938031483,795.885334662436,424.81685121337784,0.02061303988994313,-0.10758898034704956,9.999627692135396,0.39206250471260456,1.4454716432181611
COc1ccccc1N.CCCCCCC(=O)Cl,-401.35537867531195,2.8531666996036806,1185.0644037295008,983.3170508227923,0.15860222623364034,1.4609006365097792,0.09253904421905794,0.10416913375688691,-0.19670817797594486,123.15419999999999,1106.2811553374195,-0.694453875171489,-0.03986085527590844,0.011670288747704361,-0.6781850458940344,1.99928,-0.12312043864916612,48.56286970721476,209.75014838055208,0.012156072330741927,-0.8193328961059939,1.9993110120551234,0.4009352879557939,-809.1928450186999,2.191972683108519,2694.585979207065,1390.3008597551361,0.20178400746022246,2.7244460547894533,0.17032995662812994,0.13265533018130402,-0.30298528680943393,-0.03767462644682591,148.63210000000004,1261.5194415620172,-0.09799205324244195,0.017531207143586563,0.014411268813625472,-0.4870248810235342,1.9990360661441282,52.29176351269705,146.78208323625879,0.5553711533823926,1.1744333662866158,0.005174748608251482,0.05187764178651444,0.23654530602917653,1.9991838244073419,0.2092039866890283,82.95284094577164,16.8293560755272,0.055168636678038244,0.5896019425118675,1.9991965260075706,0.554803422626299,-0.04042034364900629,1.9996900000000004,-0.1394788994015972,704.4901204727937,-215.8672177680678,0.01234712539999367,-0.4919174099593421,0.38646821572942175,-0.5069924791734688,-0.24872178501458486,751.6188641806931,476.4115554370388,0.020814874094548554,-0.1210213165562404,9.999640000000001,0.3740534939797181,3.1072099696478683
COc1ccccc1N.CCCCCCCCCCCC(=O)Cl,-401.35537867531195,2.8531666996036806,1185.0644037295008,983.3170508227923,0.15860222623364034,1.4609006365097792,0.09253904421905794,0.10416913375688691,-0.19670817797594486,123.15419999999999,1106.2811553374195,-0.694453875171489,-0.03986085527590844,0.011670288747704361,-0.6781850458940344,1.99928,-0.12312043864916612,48.56286970721476,209.75014838055208,0.012156072330741927,-0.8193328961059939,1.9993110120551234,0.4009352879557939,-1005.3142281705781,2.051840846684475,7589.4788243149,2063.8977884186593,0.35148147884172565,2.580964688743521,0.17130593121998355,0.13237374139497904,-0.3036796726149626,-0.038932189825004494,218.76610000000002,2028.2284431012831,-0.09832466528407613,0.011300852452152831,0.014411262852878942,-0.4876371810409823,1.9990393233150183,54.09437145699512,147.61948876998457,0.5618015097823486,1.1889594778380719,0.0034922479456673456,0.05177155382090726,0.23634184011774262,1.9991781601252514,0.20777313911983045,80.09136057476589,16.11372837040959,0.05541338385685213,0.5883281241859004,1.999188590390622,0.5688480715114945,-0.04156562730035017,1.9996867476005615,-0.13988340193202087,708.4357928496703,-213.85227427913944,0.012237201999370216,-0.49679063701810433,0.4188836362668115,-0.5185254162381545,-0.24439257461254094,760.4693324636868,471.25224452499526,0.020883543820409477,-0.11594466851905619,9.999637177865932,0.3724491019162263,2.9689072714773457
COc1ccccc1N.CCc1ccc(C(=O)Cl)cc1,-401.35537867531195,2.8531666996036806,1185.0644037295008,983.3170508227923,0.15860222623364034,1.4609006365097792,0.09253904421905794,0.10416913375688691,-0.19670817797594486,123.15419999999999,1106.2811553374195,-0.694453875171489,-0.03986085527590844,0.011670288747704361,-0.6781850458940344,1.99928,-0.12312043864916612,48.56286970721476,209.75014838055208,0.012156072330741927,-0.8193328961059939,1.9993110120551234,0.4009352879557939,-882.914671,0.8056,2669.3825,1421.7125,0.168403,4.1213,0.17781,0.10156000000000001,-0.27937,-0.07625,168.6225,1314.007,-0.402094,-0.061786,0.01695,-0.19259,1.99875,146.8733,63.8668,0.6452957835116425,1.456055,0.205216,0.04843,0.36246,1.99903,0.312565,87.4623,23.8993,0.05253,0.57058,1.99906,0.5498741346758967,-0.017375,1.9997,-0.144731,691.6855,-184.816,0.01198,-0.50355,0.3866425424795469,-0.509939,-0.254084,651.6022,528.6102,0.02081,-0.10547,9.99966,0.38294524858401513,1.228117911294735
COc1ccccc1N.COc1cc(C(=O)Cl)cc(OC)c1OC,-401.35537867531195,2.8531666996036806,1185.0644037295008,983.3170508227923,0.15860222623364034,1.4609006365097792,0.09253904421905794,0.10416913375688691,-0.19670817797594486,123.15419999999999,1106.2811553374195,-0.694453875171489,-0.03986085527590844,0.011670288747704361,-0.6781850458940344,1.99928,-0.12312043864916612,48.56286970721476,209.75014838055208,0.012156072330741927,-0.8193328961059939,1.9993110120551234,0.4009352879557939,-1147.3988728386491,9.590245055798524,4098.000453261923,1788.438858126628,0.21336973094695055,3.820453988387011,0.1589222523904965,0.08715554844614821,-0.2460778008366447,-0.07176670394434828,230.64750000000004,1702.8529527836297,-0.30062621086644153,-0.0505418648015625,0.01901263016358685,-0.16597456713914246,1.9988191465822256,138.9709269242885,66.29146063677923,0.6464282423283223,1.4648143543682646,0.20572451472928088,0.0527408394357223,0.4021922948019736,1.9991034206621257,0.30939671461077606,86.80447373218087,24.14315727612148,0.052543474138718856,0.5717040388310601,1.9990608534177752,0.5505070876792586,-0.22497649330386443,1.9997000000000003,-0.1474567049669537,690.2213647653614,-182.89085364682126,0.011964543057302771,-0.5069527124341651,0.38708728584549945,-0.5075244044704986,-0.2524332482777629,651.9670016723583,528.9051928576206,0.020845079417672406,-0.10312794717934845,9.999652567244352,0.38354454400728805,1.2389576379743945
COc1ccccc1N.COc1ccc(C(=O)Cl)cc1,-401.35537867531195,2.8531666996036806,1185.0644037295008,983.3170508227923,0.15860222623364034,1.4609006365097792,0.09253904421905794,0.10416913375688691,-0.19670817797594486,123.15419999999999,1106.2811553374195,-0.694453875171489,-0.03986085527590844,0.011670288747704361,-0.6781850458940344,1.99928,-0.12312043864916612,48.56286970721476,209.75014838055208,0.012156072330741927,-0.8193328961059939,1.9993110120551234,0.4009352879557939,-918.7794806452093,1.8095578782030461,2595.8845344392657,1351.432412177592,0.14413766686447077,4.69247217594736,0.16339189113066868,0.09466255858855176,-0.2580544497192204,-0.06872933254211694,170.5951,1330.3161569267518,-0.5316156870230284,-0.057328369918361544,0.01689,-0.20658333135529233,1.9987499999999998,139.08126280090607,69.5119016314473,0.6464023557102192,1.5082461480170826,0.19680829664503793,0.04825977751403898,0.35202155146760417,1.99902,0.30959364046198856,88.97441949403056,25.308381727266305,0.052509332542116934,0.5694617858218112,1.99905,0.5495559709571898,-0.023747567188664966,1.9997,-0.15034197745033262,671.7481042751876,-174.48073225064894,0.011970222485961022,-0.5095373064319758,0.38616179649303717,-0.5192249050540321,-0.26183382883983775,650.1022819991035,534.1770665455147,0.020634443785097444,-0.11341470187579644,9.99966,0.3827949177457842,0.6119904665387914
COc1ccccc1N.Cc1ccc(C(=O)Cl)cc1,-401.35537867531195,2.8531666996036806,1185.0644037295008,983.3170508227923,0.15860222623364034,1.4609006365097792,0.09253904421905794,0.10416913375688691,-0.19670817797594486,123.15419999999999,1106.2811553374195,-0.694453875171489,-0.03986085527590844,0.011670288747704361,-0.6781850458940344,1.99928,-0.12312043864916612,48.56286970721476,209.75014838055208,0.012156072330741927,-0.8193328961059939,1.9993110120551234,0.4009352879557939,-843.690474,0.7847,2037.6054,1331.695,0.138241,4.0826,0.17777500000000002,0.101495,-0.27927,-0.07628,154.5957,957.156,-0.396447,-0.063926,0.01695,-0.19369,1.99875,146.8166,64.1383,0.6464757709251101,1.444549,0.205095,0.0484,0.3622,1.99903,0.312699,87.2722,23.9815,0.05251,0.57046,1.99906,0.5497954688483323,-0.017809,1.9997,-0.144896,691.7944,-184.7633,0.01198,-0.50358,0.3868785399622404,-0.507387,-0.254103,652.0078,529.0068,0.02081,-0.10548,9.99966,0.38231592196349906,1.024518711408389
COc1ccccc1N.Cc1ccccc1C(=O)Cl,-401.35537867531195,2.8531666996036806,1185.0644037295008,983.3170508227923,0.15860222623364034,1.4609006365097792,0.09253904421905794,0.10416913375688691,-0.19670817797594486,123.15419999999999,1106.2811553374195,-0.694453875171489,-0.03986085527590844,0.011670288747704361,-0.6781850458940344,1.99928,-0.12312043864916612,48.56286970721476,209.75014838055208,0.012156072330741927,-0.8193328961059939,1.9993110120551234,0.4009352879557939,-843.6875560574109,0.11441203094299326,1727.5775237937205,1185.5250490989843,0.13826824892949693,2.9335652803962233,0.17744671457012706,0.09930211916386854,-0.2767488337339956,-0.07814459540625854,154.5957,1206.8423660351868,-0.3609323356612174,-0.04382074162750573,0.017399388198169285,-0.18550015969286923,1.99871,143.88919896912307,63.72922694533436,0.6763989980060084,1.3794532603765848,0.17964343533990834,0.04829439509069746,0.3670932883597818,1.9990500711227133,0.2936090109211529,86.60514481931877,23.749668767244493,0.051918321357468225,0.5733261876760661,1.9990899288772865,0.5774004604109436,-0.03147546807824839,1.9996999288772865,-0.14907075579200177,701.4520483596131,-205.6625805599628,0.012379573263719579,-0.5042245104984888,0.4371025917512716,-0.51174269585703,-0.25672397091808735,673.4314174438672,509.25428815634746,0.020633982871950604,-0.11187011540779132,9.999669857754574,0.38752509665341367,1.5182729094496246
COc1ccccc1N.O=C(Cl)C12CC3CC(CC(C3)C1)C2,-401.35537867531195,2.8531666996036806,1185.0644037295008,983.3170508227923,0.15860222623364034,1.4609006365097792,0.09253904421905794,0.10416913375688691,-0.19670817797594486,123.15419999999999,1106.2811553374195,-0.694453875171489,-0.03986085527590844,0.011670288747704361,-0.6781850458940344,1.99928,-0.12312043864916612,48.56286970721476,209.75014838055208,0.012156072330741927,-0.8193328961059939,1.9993110120551234,0.4009352879557939,-962.581811,3.0439,2417.6329,1837.01,0.2551,3.1191,0.16248,0.12827,-0.29075,-0.03421,198.6919,1506.761,-0.109963,-0.417603,0.01866,-0.12505,1.99879,47.667,144.0592,0.8325991189427313,1.135254,0.136483,0.05847,0.25586,1.99893,0.339763,94.9955,11.4326,0.06189,0.61891,1.99899,0.6260226557583386,-0.055463,1.99969,-0.134531,703.9745,-206.4244,0.01198,-0.49526,0.4133102580239144,-0.495051,-0.246408,649.7835,526.6917,0.01986,-0.11707,9.99965,0.4122089364380113,1.9630455898230348
COc1ccccc1N.O=C(Cl)C=Cc1ccccc1,-401.35537867531195,2.8531666996036806,1185.0644037295008,983.3170508227923,0.15860222623364034,1.4609006365097792,0.09253904421905794,0.10416913375688691,-0.19670817797594486,123.15419999999999,1106.2811553374195,-0.694453875171489,-0.03986085527590844,0.011670288747704361,-0.6781850458940344,1.99928,-0.12312043864916612,48.56286970721476,209.75014838055208,0.012156072330741927,-0.8193328961059939,1.9993110120551234,0.4009352879557939,-881.7076424349888,1.4583330632451224,3001.2649234041864,1257.7523733779365,0.14500556194108782,4.007677662728389,0.18097215746167145,0.08464781157985767,-0.2656199690415291,-0.09632434588181382,166.6067,1318.0489361294021,-0.6487631505721401,-0.11180734591608987,0.015986889213416643,-0.40177837436797814,1.9988062506712867,97.67235097153285,72.11756207665134,0.5471110545535718,1.594812176212798,0.21686245915706964,0.047810688301961585,0.3951780161227317,1.9990600002421206,0.2773765541231414,79.2212823091358,26.059164333630676,0.05162692895158519,0.5406730279839103,1.9991162506021094,0.518506511257886,-0.01080933265076242,1.99969,-0.1561087210570263,684.9150017741213,-177.68841986288376,0.012026865077963791,-0.508001072172739,0.3739683515791476,-0.5679760192194105,-0.25474012890245074,721.0320699222212,470.0895892939961,0.02118627173739866,-0.11190134066066033,9.99965374939789,0.36138049216617174,2.3118349553304176
COc1ccccc1N.O=C(Cl)c1ccc(-c2ccccc2)cc1,-401.35537867531195,2.8531666996036806,1185.0644037295008,983.3170508227923,0.15860222623364034,1.4609006365097792,0.09253904421905794,0.10416913375688691,-0.19670817797594486,123.15419999999999,1106.2811553374195,-0.694453875171489,-0.03986085527590844,0.011670288747704361,-0.6781850458940344,1.99928,-0.12312043864916612,48.56286970721476,209.75014838055208,0.012156072330741927,-0.8193328961059939,1.9993110120551234,0.4009352879557939,-1035.081421,13.748,5091.4627,1754.559,0.195241,4.008,0.17202,0.08703,-0.25905,-0.08499,216.6665,1648.5790000000002,-0.476397,-0.069238,0.01931,-0.13635,1.99876,146.3066,63.2115,0.6453744493392071,1.557555,0.237449,0.05246,0.45217,1.99908,0.313028,86.8115,23.8787,0.05251,0.56896,1.99906,0.5493234738829452,-0.197972,1.99969,-0.14352,696.741,-187.3885,0.012,-0.50251,0.38569855254877283,-0.528893,-0.251945,650.7091,526.9992,0.02088,-0.10309,9.99966,0.38223725613593457,1.3236857648133633
COc1ccccc1N.O=C(Cl)c1ccc(Br)cc1,-401.35537867531195,2.8531666996036806,1185.0644037295008,983.3170508227923,0.15860222623364034,1.4609006365097792,0.09253904421905794,0.10416913375688691,-0.19670817797594486,123.15419999999999,1106.2811553374195,-0.694453875171489,-0.03986085527590844,0.011670288747704361,-0.6781850458940344,1.99928,-0.12312043864916612,48.56286970721476,209.75014838055208,0.012156072330741927,-0.8193328961059939,1.9993110120551234,0.4009352879557939,-3377.857666,2.1799,3388.6568,1232.628,0.100324,2.0328,0.18545,0.09516000000000002,-0.28061,-0.09029,219.465,1258.854,-0.39698,-0.055564,0.01694,-0.19555,1.99875,149.5302,63.26,0.645846444304594,1.462386,0.217711,0.04852,0.3717,1.99904,0.315275,85.0022,24.181,0.05263,0.56687,1.99907,0.5486154814348647,-0.010299,1.9997,-0.140191,709.2575,-191.8647,0.01202,-0.49899,0.38719320327249845,-0.500793,-0.242085,647.9072,524.2242,0.02118,-0.09299,9.99965,0.382001258653241,1.8506148235915283
COc1ccccc1N.O=C(Cl)c1ccc(C(F)(F)F)cc1,-401.35537867531195,2.8531666996036806,1185.0644037295008,983.3170508227923,0.15860222623364034,1.4609006365097792,0.09253904421905794,0.10416913375688691,-0.19670817797594486,123.15419999999999,1106.2811553374195,-0.694453875171489,-0.03986085527590844,0.011670288747704361,-0.6781850458940344,1.99928,-0.12312043864916612,48.56286970721476,209.75014838055208,0.012156072330741927,-0.8193328961059939,1.9993110120551234,0.4009352879557939,-1141.009328,3.3671,3493.4189,1579.5935,0.117803,1.0538,0.202225,0.10366500000000001,-0.30589,-0.09856,208.5672,1203.002,-0.281208,-0.066681,0.01707,-0.18876,1.99875,151.6583,59.3407,0.6463184392699811,1.375664,0.226354,0.04856,0.38009,1.99904,0.318189,83.9248,23.6216,0.05264,0.56628,1.99908,0.5490874764002517,-0.003696,1.9997,-0.135777,725.5918,-200.3338,0.01205,-0.49428,0.3871145374449339,-0.48031,-0.234509,646.3328,518.8401,0.02137,-0.08533,9.99964,0.38239458779106356,2.743680731780552
COc1ccccc1N.O=C(Cl)c1ccc(Cl)cc1,-401.35537867531195,2.8531666996036806,1185.0644037295008,983.3170508227923,0.15860222623364034,1.4609006365097792,0.09253904421905794,0.10416913375688691,-0.19670817797594486,123.15419999999999,1106.2811553374195,-0.694453875171489,-0.03986085527590844,0.011670288747704361,-0.6781850458940344,1.99928,-0.12312043864916612,48.56286970721476,209.75014838055208,0.012156072330741927,-0.8193328961059939,1.9993110120551234,0.4009352879557939,-1263.981948,2.0754,2495.0487,918.639,0.100727,2.063,0.18674,0.09755,-0.28429,-0.08919,175.014,1159.235,-0.395009,-0.059104,0.01687,-0.19718,1.99875,148.1762,63.8432,0.6469477658904972,1.447541,0.216306,0.04848,0.37028,1.99904,0.314974,85.26,24.3534,0.05263,0.56696,1.99907,0.5487728130899937,-0.010873,1.9997,-0.140838,706.9426,-190.8553,0.01202,-0.49966,0.38719320327249845,-0.497634,-0.243186,647.8379,524.4538,0.02115,-0.09408,9.99965,0.38231592196349906,1.658340584009279
COc1ccccc1N.O=C(Cl)c1ccc(Cl)cc1Cl,-401.35537867531195,2.8531666996036806,1185.0644037295008,983.3170508227923,0.15860222623364034,1.4609006365097792,0.09253904421905794,0.10416913375688691,-0.19670817797594486,123.15419999999999,1106.2811553374195,-0.694453875171489,-0.03986085527590844,0.011670288747704361,-0.6781850458940344,1.99928,-0.12312043864916612,48.56286970721476,209.75014838055208,0.012156072330741927,-0.8193328961059939,1.9993110120551234,0.4009352879557939,-1723.4939374606504,1.2883800810490484,2980.2158268029457,1474.2397074519768,0.09215022714359405,2.4027020201639373,0.1889194293631092,0.09675937747005803,-0.28567880683316726,-0.09216005189305122,209.45909999999998,1522.9075142418037,-0.4253249866263163,-0.07327173319778336,0.019400577896779823,-0.2055589686983824,1.9986567970101383,141.94229947990505,63.78112283667599,0.6720934400530437,1.383887345120303,0.20099762442309496,0.051071825734569344,0.377952249212696,1.9990716014949308,0.30132847764488324,89.17290808438919,26.71033238705266,0.053662067271891524,0.5672160495446766,1.9991067970101382,0.5710416884369257,-0.02376615770075898,1.9996899999999997,-0.12318614046610027,738.0003184385099,-221.68962119212986,0.01246359402027631,-0.4777808249899132,0.41465210131273,-0.4997364317231278,-0.23461153961306366,691.034157820026,475.66836513053863,0.02126264516867135,-0.09382789320718006,9.999653594020277,0.3876269732870548,2.282470076630429
COc1ccccc1N.O=C(Cl)c1ccc(F)cc1,-401.35537867531195,2.8531666996036806,1185.0644037295008,983.3170508227923,0.15860222623364034,1.4609006365097792,0.09253904421905794,0.10416913375688691,-0.19670817797594486,123.15419999999999,1106.2811553374195,-0.694453875171489,-0.03986085527590844,0.011670288747704361,-0.6781850458940344,1.99928,-0.12312043864916612,48.56286970721476,209.75014838055208,0.012156072330741927,-0.8193328961059939,1.9993110120551234,0.4009352879557939,-903.560911,1.3905,1932.8255,1039.562,0.101816,2.1677,0.18521500000000002,0.102935,-0.28815,-0.08228,158.5594,1118.02,-0.402654,-0.063696,0.0167,-0.20093,1.99875,144.8678,66.2483,0.6475770925110133,1.405945,0.206459,0.0484,0.35807,1.99903,0.313827,86.1662,24.8469,0.05265,0.56797,1.99907,0.5505034612964128,-0.01578,1.9997,-0.143118,697.5602,-186.3864,0.01202,-0.50216,0.38735053492762744,-0.489988,-0.246855,647.3665,526.5674,0.02105,-0.09791,9.99965,0.38247325361862805,1.586274097840673
COc1ccccc1N.O=C(Cl)c1ccc(F)cc1F,-401.35537867531195,2.8531666996036806,1185.0644037295008,983.3170508227923,0.15860222623364034,1.4609006365097792,0.09253904421905794,0.10416913375688691,-0.19670817797594486,123.15419999999999,1106.2811553374195,-0.694453875171489,-0.03986085527590844,0.011670288747704361,-0.6781850458940344,1.99928,-0.12312043864916612,48.56286970721476,209.75014838055208,0.012156072330741927,-0.8193328961059939,1.9993110120551234,0.4009352879557939,-1002.6542594723891,1.5628342043633043,2120.324392652248,1108.7274438818417,0.09460995236304569,2.9002627333284448,0.18897774100507306,0.1031808922527925,-0.29215863325786556,-0.08579684875228055,176.5499,1217.2759401612166,-0.4762535813565251,-0.14156288723632596,0.01749714178274225,-0.2655723345228288,1.9987275595461926,125.52130121331402,76.87735232825071,0.6601959388546843,1.4011957195348994,0.21017866036864236,0.05033202645075863,0.3574196198405706,1.999092440453807,0.31311296107594244,89.14458035729169,29.976610165880096,0.053738691863957924,0.5602134195157078,1.9991175595461927,0.5592025931930473,-0.0013660944016755583,1.999692440453807,-0.12574949132688037,715.3363046299694,-206.25609228525013,0.012154107747207482,-0.4855636222965187,0.4016195195314515,-0.4835200440528855,-0.24479578722213755,687.6901003715086,492.5449564929477,0.021139816660918742,-0.0970344038983523,9.99966023818477,0.38741746794270504,2.5265080260426718
COc1ccccc1N.O=C(Cl)c1ccc(OC(F)(F)F)cc1,-401.35537867531195,2.8531666996036806,1185.0644037295008,983.3170508227923,0.15860222623364034,1.4609006365097792,0.09253904421905794,0.10416913375688691,-0.19670817797594486,123.15419999999999,1106.2811553374195,-0.694453875171489,-0.03986085527590844,0.011670288747704361,-0.6781850458940344,1.99928,-0.12312043864916612,48.56286970721476,209.75014838055208,0.012156072330741927,-0.8193328961059939,1.9993110120551234,0.4009352879557939,-1216.116295,1.9373,4202.2051,1483.97,0.123247,2.1043,0.18684,0.10098000000000001,-0.28782,-0.08586,224.5666,1686.329,-0.41883,-0.055985,0.01693,-0.20009,1.99875,144.7474,65.8979,0.6455317809943361,1.437835,0.211505,0.04838,0.36227,1.99903,0.315037,85.8367,24.8444,0.0526,0.56737,1.99907,0.5483008181246066,-0.013036,1.9997,-0.141975,702.237,-188.2112,0.01203,-0.50095,0.3865638766519824,-0.492427,-0.24471,647.5785,525.941,0.02111,-0.09583,9.99965,0.382001258653241,1.9663297890892533
COc1ccccc1N.O=C(Cl)c1ccc(SC(F)(F)F)cc1,-401.35537867531195,2.8531666996036806,1185.0644037295008,983.3170508227923,0.15860222623364034,1.4609006365097792,0.09253904421905794,0.10416913375688691,-0.19670817797594486,123.15419999999999,1106.2811553374195,-0.694453875171489,-0.03986085527590844,0.011670288747704361,-0.6781850458940344,1.99928,-0.12312043864916612,48.56286970721476,209.75014838055208,0.012156072330741927,-0.8193328961059939,1.9993110120551234,0.4009352879557939,-1539.108656,10.93545,4535.03445,1625.511,0.120362,1.4151,0.19517500000000002,0.09453500000000001,-0.28971,-0.10064,240.6272,1337.92,-0.29784849999999996,-0.0998015,0.01897,-0.20292,1.99876,153.6659,59.602199999999996,0.6472624292007552,1.4163860000000001,0.25255150000000004,0.05244,0.4746,1.99909,0.3170855,83.78805,23.4428,0.05266,0.56606,1.99908,0.5502674638137193,-0.18941449999999999,1.99969,-0.1355175,726.435,-201.13459999999998,0.01204,-0.49415,0.3878618628067967,-0.49045249999999996,-0.234585,646.7714000000001,518.4003,0.02136,-0.08533,9.99964,0.38333857772183766,1.9964361683551093
COc1ccccc1N.O=C(Cl)c1ccc([N+](=O)[O-])cc1,-401.35537867531195,2.8531666996036806,1185.0644037295008,983.3170508227923,0.15860222623364034,1.4609006365097792,0.09253904421905794,0.10416913375688691,-0.19670817797594486,123.15419999999999,1106.2811553374195,-0.694453875171489,-0.03986085527590844,0.011670288747704361,-0.6781850458940344,1.99928,-0.12312043864916612,48.56286970721476,209.75014838055208,0.012156072330741927,-0.8193328961059939,1.9993110120551234,0.4009352879557939,-1008.649643,2.8883,2934.3431,1429.187,0.114492,1.9316,0.21973499999999999,0.09540499999999999,-0.31514,-0.12433,185.5665,1180.633,-0.243545,-0.095972,0.01759,-0.19498,1.99875,153.1256,57.3166,0.6472624292007552,1.373848,0.307302,0.05273,0.54955,1.99909,0.319677,82.3735,23.8112,0.0527,0.56324,1.99908,0.5486154814348647,-0.149197,1.99968,-0.131168,741.5805,-208.9034,0.01209,-0.49014,0.3881371932032725,-0.473753,-0.225712,643.2683,512.101,0.02162,-0.07607,9.99964,0.38215859030837,2.8424379800692083
COc1ccccc1N.O=C(Cl)c1ccc2ccccc2c1,-401.35537867531195,2.8531666996036806,1185.0644037295008,983.3170508227923,0.15860222623364034,1.4609006365097792,0.09253904421905794,0.10416913375688691,-0.19670817797594486,123.15419999999999,1106.2811553374195,-0.694453875171489,-0.03986085527590844,0.011670288747704361,-0.6781850458940344,1.99928,-0.12312043864916612,48.56286970721476,209.75014838055208,0.012156072330741927,-0.8193328961059939,1.9993110120551234,0.4009352879557939,-957.8231548793865,8.942984281922897,3120.642424188284,1617.483620444743,0.15897933382482796,3.963189472116048,0.1688166691241398,0.08189167649655926,-0.25070834562069905,-0.08692499262758055,190.6287,1577.0617708477648,-0.406241613979723,-0.0853495998229043,0.01913813624300125,-0.18617714833386767,1.9987759805367138,143.21741244463914,64.17324326159877,0.6477991941427841,1.4941111495158192,0.2417364895313614,0.05284029194928839,0.45526854910095393,1.9990940194632858,0.3139393768798561,87.57417048040392,23.502188115581014,0.052508428192289645,0.5698158832202846,1.9990640194632858,0.5497785108064259,-0.20163146446439634,1.9996899999999997,-0.14309156915373786,699.7480535233219,-189.1846326741985,0.01198794161014232,-0.5022111235626368,0.38731661884381463,-0.5121153102357949,-0.2502995078146661,650.3423603945448,527.1525046879868,0.020885980536714102,-0.10191680330266659,9.999655980536714,0.3832938279780859,1.4391006494258058
COc1ccccc1N.O=C(Cl)c1cccc2ccccc12,-401.35537867531195,2.8531666996036806,1185.0644037295008,983.3170508227923,0.15860222623364034,1.4609006365097792,0.09253904421905794,0.10416913375688691,-0.19670817797594486,123.15419999999999,1106.2811553374195,-0.694453875171489,-0.03986085527590844,0.011670288747704361,-0.6781850458940344,1.99928,-0.12312043864916612,48.56286970721476,209.75014838055208,0.012156072330741927,-0.8193328961059939,1.9993110120551234,0.4009352879557939,-957.8186401303651,7.76497366122391,2727.8224101566643,1452.655905920424,0.1591435410273463,3.138155778233965,0.17141258730322817,0.07978083346207067,-0.2511934207652988,-0.09163175384115753,190.62869999999998,1654.673933628048,-0.3606608914538662,-0.060651833547166085,0.019562781082751415,-0.15268271376427908,1.9987499999999998,140.36828004155382,67.13279503149818,0.67083710319587,1.4184804447627122,0.24250688344425783,0.05177296194712997,0.4757362417913853,1.9991198794237475,0.3059404481129295,90.28639256302401,23.548420283844816,0.051731334167722944,0.5763399240539799,1.9990998794237473,0.5737331192431018,-0.21399212998145925,1.9996800602881257,-0.14835273747499386,677.8735529026063,-199.8173439886677,0.012231266050649904,-0.5084526793064421,0.42167378684587214,-0.536095752759764,-0.25799595608850817,690.7625756377732,499.1303403904185,0.020573617287571157,-0.11333870811906079,9.999669879423749,0.38839317125744705,1.252605541210554
COc1ccccc1N.O=C(Cl)c1ccccc1,-401.35537867531195,2.8531666996036806,1185.0644037295008,983.3170508227923,0.15860222623364034,1.4609006365097792,0.09253904421905794,0.10416913375688691,-0.19670817797594486,123.15419999999999,1106.2811553374195,-0.694453875171489,-0.03986085527590844,0.011670288747704361,-0.6781850458940344,1.99928,-0.12312043864916612,48.56286970721476,209.75014838055208,0.012156072330741927,-0.8193328961059939,1.9993110120551234,0.4009352879557939,-804.46025,0.6975,1464.397,1335.877,0.109113,3.4435,0.18524,0.10419999999999999,-0.28944,-0.08104,140.5689,1259.541,-0.319057,-0.06921,0.01701,-0.18925,1.99875,150.2369,61.7104,0.6467904342353682,1.381429,0.207568,0.04848,0.36494,1.99903,0.313396,86.434,23.3461,0.05259,0.56996,1.99907,0.5492448080553808,-0.014961,1.9997,-0.142092,704.1163,-190.2727,0.012,-0.50042,0.3867212083071114,-0.491795,-0.248031,648.8095,526.2085,0.02098,-0.09932,9.99965,0.38247325361862805,1.387498121785386
COc1ccccc1N.O=C(Cl)c1ccco1,-401.35537867531195,2.8531666996036806,1185.0644037295008,983.3170508227923,0.15860222623364034,1.4609006365097792,0.09253904421905794,0.10416913375688691,-0.19670817797594486,123.15419999999999,1106.2811553374195,-0.694453875171489,-0.03986085527590844,0.011670288747704361,-0.6781850458940344,1.99928,-0.12312043864916612,48.56286970721476,209.75014838055208,0.012156072330741927,-0.8193328961059939,1.9993110120551234,0.4009352879557939,-802.2749436403665,0.9628803601977091,1106.8639320512225,837.4781616717298,0.07810627687091332,4.223320701907314,0.17692659069992278,0.09926084693630044,-0.2761874376362232,-0.07766574376362233,130.53050000000002,1023.5943809662729,-0.2571876525553629,0.07456587223868763,0.028521784583548964,0.16679427666839172,1.9986394965983396,84.42036001940463,48.795129254280766,0.6092274123751691,1.4654626254563974,0.18523025001857074,0.045608009071094816,0.29806073691619983,1.9990367505669435,0.28778355340700085,80.27414887766211,36.27046418281246,0.04943652154385018,0.5133097981460898,1.9990600000000003,0.5273364642768135,-0.01243844273116867,1.999706750566944,-0.14375068628124404,690.1763189879638,-171.46429701179642,0.012345972786715571,-0.4947455057576371,0.3678338463825751,-0.4709219205838191,-0.23281669984785022,670.2421570172194,515.4998959950124,0.022066292520756925,-0.08390614500521279,9.99965324943306,0.373560076402609,1.783030785810642
COc1ccccc1N.O=C(Cl)c1cccs1,-401.35537867531195,2.8531666996036806,1185.0644037295008,983.3170508227923,0.15860222623364034,1.4609006365097792,0.09253904421905794,0.10416913375688691,-0.19670817797594486,123.15419999999999,1106.2811553374195,-0.694453875171489,-0.03986085527590844,0.011670288747704361,-0.6781850458940344,1.99928,-0.12312043864916612,48.56286970721476,209.75014838055208,0.012156072330741927,-0.8193328961059939,1.9993110120551234,0.4009352879557939,-1125.2983746590153,0.8989004644803423,1318.760431390368,1051.8664137490334,0.07514125703092484,3.9869099489807027,0.1825097879616161,0.09715189528668504,-0.27966168324830115,-0.08535789267493107,146.5911,967.0850566647645,-0.36846109931444926,-0.017428701234791306,0.01983363911738161,-0.3620010732506892,1.9987481652957104,92.68784922793068,54.81236467913048,0.6462467515807672,1.4370241272768098,0.2224287020695229,0.04673669408579305,0.36090770231153096,1.9989036391173816,0.30910380250162073,80.55742798492986,32.972354231999795,0.05245018174718617,0.5457332583905814,1.9989436391173816,0.5414205707054607,-0.010696796550940281,1.9997,-0.1456564430324384,653.6458953915552,-169.41871646632262,0.012134495887131043,-0.5017229207448509,0.3800545942263263,-0.48442835604958645,-0.24229535996721743,702.4773700234127,507.97409032060614,0.02155,-0.09357010393236291,9.999647278234763,0.38004302083175984,1.0295550142427403
CSc1ccccc1N.CC(=O)Cl,-724.376979500265,3.244450132453966,1404.6207769530097,1443.9670571181034,0.155912,1.8700350272128154,0.11531499735092067,0.10008999999999998,-0.21540499735092067,139.2148,1171.404806472805,-0.6622250026490792,-0.033679488608958905,0.01109,-0.6640149973509206,1.99925,-0.127948988344051,60.73679851651558,197.8669015894476,0.011549999999999998,-0.8242499947018413,1.9992799999999997,0.44339991622813624,-613.070645,1.8407,361.1538,589.647,0.051921,2.5752,0.17481000000000002,0.13476,-0.30957,-0.04005,78.4981,543.096,-0.16842,-0.019931,0.00801,-0.68972,1.99914,58.3883,161.9989,0.3882945248584015,1.19561,-0.022262,0.04824,0.23014,1.99928,0.181407,78.3666,21.3299,0.05149,0.57826,1.99927,0.49370673379483954,-0.031774,1.99969,-0.138192,709.0371,-224.4771,0.01248,-0.48574,0.3472309628697294,-0.497062,-0.249833,776.7802,462.7909,0.02158,-0.12005,9.99964,0.3590308370044053,2.9720520678557283
CSc1ccccc1N.CC(C)(C)C(=O)Cl,-724.376979500265,3.244450132453966,1404.6207769530097,1443.9670571181034,0.155912,1.8700350272128154,0.11531499735092067,0.10008999999999998,-0.21540499735092067,139.2148,1171.404806472805,-0.6622250026490792,-0.033679488608958905,0.01109,-0.6640149973509206,1.99925,-0.127948988344051,60.73679851651558,197.8669015894476,0.011549999999999998,-0.8242499947018413,1.9992799999999997,0.44339991622813624,-730.74792,2.2489,944.8434,987.864,0.140866,2.7537,0.1676,0.13162,-0.29922,-0.03598,120.5785,1095.631,-0.002895,-0.401545,0.01495,-0.12509,1.99882,43.2203,145.8968,0.7474826935179358,1.086134,0.105519,0.05777,0.24151,1.999,0.311319,92.3348,10.4385,0.06159,0.60184,1.99904,0.6241346758967904,-0.044561,1.99969,-0.134635,702.0892,-210.5595,0.01227,-0.49442,0.4129955947136564,-0.486258,-0.243396,657.1407,517.8314,0.02014,-0.11423,9.99964,0.4117369414726243,0.7004009594281816
CSc1ccccc1N.CC(C)(C)c1ccc(C(=O)Cl)cc1,-724.376979500265,3.244450132453966,1404.6207769530097,1443.9670571181034,0.155912,1.8700350272128154,0.11531499735092067,0.10008999999999998,-0.21540499735092067,139.2148,1171.404806472805,-0.6622250026490792,-0.033679488608958905,0.01109,-0.6640149973509206,1.99925,-0.127948988344051,60.73679851651558,197.8669015894476,0.011549999999999998,-0.8242499947018413,1.9992799999999997,0.44339991622813624,-961.3640173962594,0.8439951331320028,3736.8617162104047,1666.1327468680736,0.22702856304127478,4.218331555187393,0.1765543462087611,0.10122506668047276,-0.2777794128892339,-0.07532927952828836,196.6761,1756.2896208656803,-0.4178817038419192,-0.05493930742117488,0.01711,-0.19114765846693713,1.9987399999999997,145.50595114472912,64.19142355353065,0.6443475428431109,1.4770539433619239,0.2047373555601576,0.04842981988207208,0.3621147765800905,1.9990249099410362,0.31251209335266183,87.58830934681762,23.936423813800438,0.05250472982310813,0.5711581988207208,1.99906,0.5483809008647571,-0.017174605652256175,1.9997,-0.14438870176891871,691.262978378876,-184.8857997811485,0.01198,-0.5034901801179279,0.385780052201509,-0.5155604648516117,-0.2547429379952255,652.1694292748869,528.6326041804466,0.020760180117927914,-0.10642675787729755,9.99966,0.38215008883285495,0.6125723326154966
CSc1ccccc1N.CC(C)C(=O)Cl,-724.376979500265,3.244450132453966,1404.6207769530097,1443.9670571181034,0.155912,1.8700350272128154,0.11531499735092067,0.10008999999999998,-0.21540499735092067,139.2148,1171.404806472805,-0.6622250026490792,-0.033679488608958905,0.01109,-0.6640149973509206,1.99925,-0.127948988344051,60.73679851651558,197.8669015894476,0.011549999999999998,-0.8242499947018413,1.9992799999999997,0.44339991622813624,-691.5212651203827,2.1259058055730957,774.3015688508707,791.3296195399124,0.11183604170191642,2.7012129828698455,0.17010773050232164,0.13244814752148587,-0.3025558780238075,-0.0376595829808358,106.5517,975.6940716840189,-0.024167191055353945,-0.17073551463321235,0.013924490779907133,-0.30198609076336,1.998945169740031,48.80721556952866,147.29575347812465,0.6314692916962978,1.1238819960085888,0.04858485903341499,0.0550134723397214,0.23591374372657942,1.9991075848700155,0.25247221421848887,88.59731276692389,12.733502739310532,0.0582213191506965,0.5944755962050935,1.9991375848700155,0.5800598381088926,-0.041438333812522876,1.99969,-0.1376712573166062,707.048479399112,-210.10582375691683,0.012389359809427323,-0.49276171727806395,0.39244024014119183,-0.49584497796278615,-0.2460183941104488,714.2513821331088,492.33222075195357,0.020564830259969046,-0.11847795268777256,9.99964,0.38745155439779033,1.5933467186568535
CSc1ccccc1N.CCC(C(=O)Cl)c1ccccc1,-724.376979500265,3.244450132453966,1404.6207769530097,1443.9670571181034,0.155912,1.8700350272128154,0.11531499735092067,0.10008999999999998,-0.21540499735092067,139.2148,1171.404806472805,-0.6622250026490792,-0.033679488608958905,0.01109,-0.6640149973509206,1.99925,-0.127948988344051,60.73679851651558,197.8669015894476,0.011549999999999998,-0.8242499947018413,1.9992799999999997,0.44339991622813624,-922.1350941424333,4.569522987935531,2455.9020135917617,1503.8121474082207,0.19835830978909602,2.7196956404060453,0.15641062941202977,0.11147264569784315,-0.267883275109873,-0.044937983714186606,182.6493,1522.0795475579139,-0.04878392032155667,-0.06036727587828204,0.02106411226593012,-0.32502486318000223,1.99889,30.15305416820589,127.38872271494051,0.7227754446342497,1.1178043569820812,0.06601085036127433,0.056704631153088186,0.26634316303879657,1.999111010410588,0.2584528867848544,80.18911170349905,15.605117816098318,0.05923987339580025,0.5947519757187832,1.999131232884499,0.6209158445810388,-0.11952997468335282,1.999685360884168,-0.143804062173481,712.2092388306249,-204.0050258804775,0.012248062306486857,-0.5005021470911517,0.43435065207263357,-0.4765579049182884,-0.2283885640121543,717.517615534147,464.5850831441031,0.021029658300558765,-0.0958973312821047,9.99961558335808,0.388169114477217,2.016035821575313
CSc1ccccc1N.CCCCC(=O)Cl,-724.376979500265,3.244450132453966,1404.6207769530097,1443.9670571181034,0.155912,1.8700350272128154,0.11531499735092067,0.10008999999999998,-0.21540499735092067,139.2148,1171.404806472805,-0.6622250026490792,-0.033679488608958905,0.01109,-0.6640149973509206,1.99925,-0.127948988344051,60.73679851651558,197.8669015894476,0.011549999999999998,-0.8242499947018413,1.9992799999999997,0.44339991622813624,-730.7450150574017,2.090291331652506,1341.9302009057062,994.4515719835497,0.1418835432507869,2.6086344119789233,0.1712263701297755,0.1335958284882569,-0.3048221986180324,-0.037630541641518626,120.57850000000002,1041.7633434165296,-0.09671197627204661,0.007804712444770221,0.014038775373839806,-0.4880626302178358,1.9990404359511826,56.464141490849684,147.1293956944729,0.5593904691258827,1.1789239078387639,0.007528819367576247,0.05127629781296082,0.23642929006115296,1.9991881569913779,0.21380243779784716,82.77940616490689,16.660432212862794,0.05512335177243502,0.588506474333033,1.999198156991378,0.5578940906295883,-0.04184591941059398,1.9996900000000002,-0.14164929933233972,714.7961360943984,-212.9005115825591,0.012188685583343585,-0.49471489576310834,0.3995731427490579,-0.5163867508662023,-0.24523050175144934,770.1191505493439,470.94318983615574,0.020878088448009844,-0.11732762706245506,9.999642023227146,0.3671949651309757,2.47328246074972
CSc1ccccc1N.CCCCC(CC)C(=O)Cl,-724.376979500265,3.244450132453966,1404.6207769530097,1443.9670571181034,0.155912,1.8700350272128154,0.11531499735092067,0.10008999999999998,-0.21540499735092067,139.2148,1171.404806472805,-0.6622250026490792,-0.033679488608958905,0.01109,-0.6640149973509206,1.99925,-0.127948988344051,60.73679851651558,197.8669015894476,0.011549999999999998,-0.8242499947018413,1.9992799999999997,0.44339991622813624,-848.4194799426583,2.1267217278302994,2464.267019669444,1500.231394373068,0.23155073390523292,2.677801397359587,0.16853390822493342,0.13085299777436263,-0.29938690599929607,-0.037680910450570794,162.6589,1466.9452087716104,-0.0842353595837951,-0.12303181060215712,0.01891789249052634,-0.29470057863953375,1.9989210580785208,30.751430758385847,131.96111134930018,0.7081076322850737,1.1146350543229737,0.04049639435702823,0.05769645486653496,0.23430779863995022,1.999079831858541,0.2342915125830618,79.28964453295023,10.72058245681579,0.06134362576284608,0.5865793709141864,1.999110961152719,0.6405613297343266,-0.04916664952674792,1.9996827557665517,-0.14383461934649713,723.1028236690747,-205.35061664385827,0.012373376332512752,-0.5004955405011925,0.44056690495066464,-0.4902433087740082,-0.23982660938031483,795.885334662436,424.81685121337784,0.02061303988994313,-0.10758898034704956,9.999627692135396,0.39206250471260456,0.4750752750792898
CSc1ccccc1N.CCCCCCC(=O)Cl,-724.376979500265,3.244450132453966,1404.6207769530097,1443.9670571181034,0.155912,1.8700350272128154,0.11531499735092067,0.10008999999999998,-0.21540499735092067,139.2148,1171.404806472805,-0.6622250026490792,-0.033679488608958905,0.01109,-0.6640149973509206,1.99925,-0.127948988344051,60.73679851651558,197.8669015894476,0.011549999999999998,-0.8242499947018413,1.9992799999999997,0.44339991622813624,-809.1928450186999,2.191972683108519,2694.585979207065,1390.3008597551361,0.20178400746022246,2.7244460547894533,0.17032995662812994,0.13265533018130402,-0.30298528680943393,-0.03767462644682591,148.63210000000004,1261.5194415620172,-0.09799205324244195,0.017531207143586563,0.014411268813625472,-0.4870248810235342,1.9990360661441282,52.29176351269705,146.78208323625879,0.5553711533823926,1.1744333662866158,0.005174748608251482,0.05187764178651444,0.23654530602917653,1.9991838244073419,0.2092039866890283,82.95284094577164,16.8293560755272,0.055168636678038244,0.5896019425118675,1.9991965260075706,0.554803422626299,-0.04042034364900629,1.9996900000000004,-0.1394788994015972,704.4901204727937,-215.8672177680678,0.01234712539999367,-0.4919174099593421,0.38646821572942175,-0.5069924791734688,-0.24872178501458486,751.6188641806931,476.4115554370388,0.020814874094548554,-0.1210213165562404,9.999640000000001,0.3740534939797181,2.397750031735502
CSc1ccccc1N.CCCCCCCCCCCC(=O)Cl,-724.376979500265,3.244450132453966,1404.6207769530097,1443.9670571181034,0.155912,1.8700350272128154,0.11531499735092067,0.10008999999999998,-0.21540499735092067,139.2148,1171.404806472805,-0.6622250026490792,-0.033679488608958905,0.01109,-0.6640149973509206,1.99925,-0.127948988344051,60.73679851651558,197.8669015894476,0.011549999999999998,-0.8242499947018413,1.9992799999999997,0.44339991622813624,-1005.3142281705781,2.051840846684475,7589.4788243149,2063.8977884186593,0.35148147884172565,2.580964688743521,0.17130593121998355,0.13237374139497904,-0.3036796726149626,-0.038932189825004494,218.76610000000002,2028.2284431012831,-0.09832466528407613,0.011300852452152831,0.014411262852878942,-0.4876371810409823,1.9990393233150183,54.09437145699512,147.61948876998457,0.5618015097823486,1.1889594778380719,0.0034922479456673456,0.05177155382090726,0.23634184011774262,1.9991781601252514,0.20777313911983045,80.09136057476589,16.11372837040959,0.05541338385685213,0.5883281241859004,1.999188590390622,0.5688480715114945,-0.04156562730035017,1.9996867476005615,-0.13988340193202087,708.4357928496703,-213.85227427913944,0.012237201999370216,-0.49679063701810433,0.4188836362668115,-0.5185254162381545,-0.24439257461254094,760.4693324636868,471.25224452499526,0.020883543820409477,-0.11594466851905619,9.999637177865932,0.3724491019162263,2.5286958218213367
CSc1ccccc1N.CCc1ccc(C(=O)Cl)cc1,-724.376979500265,3.244450132453966,1404.6207769530097,1443.9670571181034,0.155912,1.8700350272128154,0.11531499735092067,0.10008999999999998,-0.21540499735092067,139.2148,1171.404806472805,-0.6622250026490792,-0.033679488608958905,0.01109,-0.6640149973509206,1.99925,-0.127948988344051,60.73679851651558,197.8669015894476,0.011549999999999998,-0.8242499947018413,1.9992799999999997,0.44339991622813624,-882.914671,0.8056,2669.3825,1421.7125,0.168403,4.1213,0.17781,0.10156000000000001,-0.27937,-0.07625,168.6225,1314.007,-0.402094,-0.061786,0.01695,-0.19259,1.99875,146.8733,63.8668,0.6452957835116425,1.456055,0.205216,0.04843,0.36246,1.99903,0.312565,87.4623,23.8993,0.05253,0.57058,1.99906,0.5498741346758967,-0.017375,1.9997,-0.144731,691.6855,-184.816,0.01198,-0.50355,0.3866425424795469,-0.509939,-0.254084,651.6022,528.6102,0.02081,-0.10547,9.99966,0.38294524858401513,0.7780935899101881
CSc1ccccc1N.COc1cc(C(=O)Cl)cc(OC)c1OC,-724.376979500265,3.244450132453966,1404.6207769530097,1443.9670571181034,0.155912,1.8700350272128154,0.11531499735092067,0.10008999999999998,-0.21540499735092067,139.2148,1171.404806472805,-0.6622250026490792,-0.033679488608958905,0.01109,-0.6640149973509206,1.99925,-0.127948988344051,60.73679851651558,197.8669015894476,0.011549999999999998,-0.8242499947018413,1.9992799999999997,0.44339991622813624,-1147.3988728386491,9.590245055798524,4098.000453261923,1788.438858126628,0.21336973094695055,3.820453988387011,0.1589222523904965,0.08715554844614821,-0.2460778008366447,-0.07176670394434828,230.64750000000004,1702.8529527836297,-0.30062621086644153,-0.0505418648015625,0.01901263016358685,-0.16597456713914246,1.9988191465822256,138.9709269242885,66.29146063677923,0.6464282423283223,1.4648143543682646,0.20572451472928088,0.0527408394357223,0.4021922948019736,1.9991034206621257,0.30939671461077606,86.80447373218087,24.14315727612148,0.052543474138718856,0.5717040388310601,1.9990608534177752,0.5505070876792586,-0.22497649330386443,1.9997000000000003,-0.1474567049669537,690.2213647653614,-182.89085364682126,0.011964543057302771,-0.5069527124341651,0.38708728584549945,-0.5075244044704986,-0.2524332482777629,651.9670016723583,528.9051928576206,0.020845079417672406,-0.10312794717934845,9.999652567244352,0.38354454400728805,0.5206134954699498
CSc1ccccc1N.COc1ccc(C(=O)Cl)cc1,-724.376979500265,3.244450132453966,1404.6207769530097,1443.9670571181034,0.155912,1.8700350272128154,0.11531499735092067,0.10008999999999998,-0.21540499735092067,139.2148,1171.404806472805,-0.6622250026490792,-0.033679488608958905,0.01109,-0.6640149973509206,1.99925,-0.127948988344051,60.73679851651558,197.8669015894476,0.011549999999999998,-0.8242499947018413,1.9992799999999997,0.44339991622813624,-918.7794806452093,1.8095578782030461,2595.8845344392657,1351.432412177592,0.14413766686447077,4.69247217594736,0.16339189113066868,0.09466255858855176,-0.2580544497192204,-0.06872933254211694,170.5951,1330.3161569267518,-0.5316156870230284,-0.057328369918361544,0.01689,-0.20658333135529233,1.9987499999999998,139.08126280090607,69.5119016314473,0.6464023557102192,1.5082461480170826,0.19680829664503793,0.04825977751403898,0.35202155146760417,1.99902,0.30959364046198856,88.97441949403056,25.308381727266305,0.052509332542116934,0.5694617858218112,1.99905,0.5495559709571898,-0.023747567188664966,1.9997,-0.15034197745033262,671.7481042751876,-174.48073225064894,0.011970222485961022,-0.5095373064319758,0.38616179649303717,-0.5192249050540321,-0.26183382883983775,650.1022819991035,534.1770665455147,0.020634443785097444,-0.11341470187579644,9.99966,0.3827949177457842,0.6295074191362704
CSc1ccccc1N.Cc1ccc(C(=O)Cl)cc1,-724.376979500265,3.244450132453966,1404.6207769530097,1443.9670571181034,0.155912,1.8700350272128154,0.11531499735092067,0.10008999999999998,-0.21540499735092067,139.2148,1171.404806472805,-0.6622250026490792,-0.033679488608958905,0.01109,-0.6640149973509206,1.99925,-0.127948988344051,60.73679851651558,197.8669015894476,0.011549999999999998,-0.8242499947018413,1.9992799999999997,0.44339991622813624,-843.690474,0.7847,2037.6054,1331.695,0.138241,4.0826,0.17777500000000002,0.101495,-0.27927,-0.07628,154.5957,957.156,-0.396447,-0.063926,0.01695,-0.19369,1.99875,146.8166,64.1383,0.6464757709251101,1.444549,0.205095,0.0484,0.3622,1.99903,0.312699,87.2722,23.9815,0.05251,0.57046,1.99906,0.5497954688483323,-0.017809,1.9997,-0.144896,691.7944,-184.7633,0.01198,-0.50358,0.3868785399622404,-0.507387,-0.254103,652.0078,529.0068,0.02081,-0.10548,9.99966,0.38231592196349906,0.6378756577900179
CSc1ccccc1N.Cc1ccccc1C(=O)Cl,-724.376979500265,3.244450132453966,1404.6207769530097,1443.9670571181034,0.155912,1.8700350272128154,0.11531499735092067,0.10008999999999998,-0.21540499735092067,139.2148,1171.404806472805,-0.6622250026490792,-0.033679488608958905,0.01109,-0.6640149973509206,1.99925,-0.127948988344051,60.73679851651558,197.8669015894476,0.011549999999999998,-0.8242499947018413,1.9992799999999997,0.44339991622813624,-843.6875560574109,0.11441203094299326,1727.5775237937205,1185.5250490989843,0.13826824892949693,2.9335652803962233,0.17744671457012706,0.09930211916386854,-0.2767488337339956,-0.07814459540625854,154.5957,1206.8423660351868,-0.3609323356612174,-0.04382074162750573,0.017399388198169285,-0.18550015969286923,1.99871,143.88919896912307,63.72922694533436,0.6763989980060084,1.3794532603765848,0.17964343533990834,0.04829439509069746,0.3670932883597818,1.9990500711227133,0.2936090109211529,86.60514481931877,23.749668767244493,0.051918321357468225,0.5733261876760661,1.9990899288772865,0.5774004604109436,-0.03147546807824839,1.9996999288772865,-0.14907075579200177,701.4520483596131,-205.6625805599628,0.012379573263719579,-0.5042245104984888,0.4371025917512716,-0.51174269585703,-0.25672397091808735,673.4314174438672,509.25428815634746,0.020633982871950604,-0.11187011540779132,9.999669857754574,0.38752509665341367,0.6872518347600378
CSc1ccccc1N.O=C(Cl)C12CC3CC(CC(C3)C1)C2,-724.376979500265,3.244450132453966,1404.6207769530097,1443.9670571181034,0.155912,1.8700350272128154,0.11531499735092067,0.10008999999999998,-0.21540499735092067,139.2148,1171.404806472805,-0.6622250026490792,-0.033679488608958905,0.01109,-0.6640149973509206,1.99925,-0.127948988344051,60.73679851651558,197.8669015894476,0.011549999999999998,-0.8242499947018413,1.9992799999999997,0.44339991622813624,-962.581811,3.0439,2417.6329,1837.01,0.2551,3.1191,0.16248,0.12827,-0.29075,-0.03421,198.6919,1506.761,-0.109963,-0.417603,0.01866,-0.12505,1.99879,47.667,144.0592,0.8325991189427313,1.135254,0.136483,0.05847,0.25586,1.99893,0.339763,94.9955,11.4326,0.06189,0.61891,1.99899,0.6260226557583386,-0.055463,1.99969,-0.134531,703.9745,-206.4244,0.01198,-0.49526,0.4133102580239144,-0.495051,-0.246408,649.7835,526.6917,0.01986,-0.11707,9.99965,0.4122089364380113,0.7759291121726216
CSc1ccccc1N.O=C(Cl)C=Cc1ccccc1,-724.376979500265,3.244450132453966,1404.6207769530097,1443.9670571181034,0.155912,1.8700350272128154,0.11531499735092067,0.10008999999999998,-0.21540499735092067,139.2148,1171.404806472805,-0.6622250026490792,-0.033679488608958905,0.01109,-0.6640149973509206,1.99925,-0.127948988344051,60.73679851651558,197.8669015894476,0.011549999999999998,-0.8242499947018413,1.9992799999999997,0.44339991622813624,-881.7076424349888,1.4583330632451224,3001.2649234041864,1257.7523733779365,0.14500556194108782,4.007677662728389,0.18097215746167145,0.08464781157985767,-0.2656199690415291,-0.09632434588181382,166.6067,1318.0489361294021,-0.6487631505721401,-0.11180734591608987,0.015986889213416643,-0.40177837436797814,1.9988062506712867,97.67235097153285,72.11756207665134,0.5471110545535718,1.594812176212798,0.21686245915706964,0.047810688301961585,0.3951780161227317,1.9990600002421206,0.2773765541231414,79.2212823091358,26.059164333630676,0.05162692895158519,0.5406730279839103,1.9991162506021094,0.518506511257886,-0.01080933265076242,1.99969,-0.1561087210570263,684.9150017741213,-177.68841986288376,0.012026865077963791,-0.508001072172739,0.3739683515791476,-0.5679760192194105,-0.25474012890245074,721.0320699222212,470.0895892939961,0.02118627173739866,-0.11190134066066033,9.99965374939789,0.36138049216617174,2.2522709992759604
CSc1ccccc1N.O=C(Cl)c1ccc(-c2ccccc2)cc1,-724.376979500265,3.244450132453966,1404.6207769530097,1443.9670571181034,0.155912,1.8700350272128154,0.11531499735092067,0.10008999999999998,-0.21540499735092067,139.2148,1171.404806472805,-0.6622250026490792,-0.033679488608958905,0.01109,-0.6640149973509206,1.99925,-0.127948988344051,60.73679851651558,197.8669015894476,0.011549999999999998,-0.8242499947018413,1.9992799999999997,0.44339991622813624,-1035.081421,13.748,5091.4627,1754.559,0.195241,4.008,0.17202,0.08703,-0.25905,-0.08499,216.6665,1648.5790000000002,-0.476397,-0.069238,0.01931,-0.13635,1.99876,146.3066,63.2115,0.6453744493392071,1.557555,0.237449,0.05246,0.45217,1.99908,0.313028,86.8115,23.8787,0.05251,0.56896,1.99906,0.5493234738829452,-0.197972,1.99969,-0.14352,696.741,-187.3885,0.012,-0.50251,0.38569855254877283,-0.528893,-0.251945,650.7091,526.9992,0.02088,-0.10309,9.99966,0.38223725613593457,0.7080083477560194
CSc1ccccc1N.O=C(Cl)c1ccc(Br)cc1,-724.376979500265,3.244450132453966,1404.6207769530097,1443.9670571181034,0.155912,1.8700350272128154,0.11531499735092067,0.10008999999999998,-0.21540499735092067,139.2148,1171.404806472805,-0.6622250026490792,-0.033679488608958905,0.01109,-0.6640149973509206,1.99925,-0.127948988344051,60.73679851651558,197.8669015894476,0.011549999999999998,-0.8242499947018413,1.9992799999999997,0.44339991622813624,-3377.857666,2.1799,3388.6568,1232.628,0.100324,2.0328,0.18545,0.09516000000000002,-0.28061,-0.09029,219.465,1258.854,-0.39698,-0.055564,0.01694,-0.19555,1.99875,149.5302,63.26,0.645846444304594,1.462386,0.217711,0.04852,0.3717,1.99904,0.315275,85.0022,24.181,0.05263,0.56687,1.99907,0.5486154814348647,-0.010299,1.9997,-0.140191,709.2575,-191.8647,0.01202,-0.49899,0.38719320327249845,-0.500793,-0.242085,647.9072,524.2242,0.02118,-0.09299,9.99965,0.382001258653241,1.2015315351419296
CSc1ccccc1N.O=C(Cl)c1ccc(C(F)(F)F)cc1,-724.376979500265,3.244450132453966,1404.6207769530097,1443.9670571181034,0.155912,1.8700350272128154,0.11531499735092067,0.10008999999999998,-0.21540499735092067,139.2148,1171.404806472805,-0.6622250026490792,-0.033679488608958905,0.01109,-0.6640149973509206,1.99925,-0.127948988344051,60.73679851651558,197.8669015894476,0.011549999999999998,-0.8242499947018413,1.9992799999999997,0.44339991622813624,-1141.009328,3.3671,3493.4189,1579.5935,0.117803,1.0538,0.202225,0.10366500000000001,-0.30589,-0.09856,208.5672,1203.002,-0.281208,-0.066681,0.01707,-0.18876,1.99875,151.6583,59.3407,0.6463184392699811,1.375664,0.226354,0.04856,0.38009,1.99904,0.318189,83.9248,23.6216,0.05264,0.56628,1.99908,0.5490874764002517,-0.003696,1.9997,-0.135777,725.5918,-200.3338,0.01205,-0.49428,0.3871145374449339,-0.48031,-0.234509,646.3328,518.8401,0.02137,-0.08533,9.99964,0.38239458779106356,1.6421905826041154
CSc1ccccc1N.O=C(Cl)c1ccc(Cl)cc1,-724.376979500265,3.244450132453966,1404.6207769530097,1443.9670571181034,0.155912,1.8700350272128154,0.11531499735092067,0.10008999999999998,-0.21540499735092067,139.2148,1171.404806472805,-0.6622250026490792,-0.033679488608958905,0.01109,-0.6640149973509206,1.99925,-0.127948988344051,60.73679851651558,197.8669015894476,0.011549999999999998,-0.8242499947018413,1.9992799999999997,0.44339991622813624,-1263.981948,2.0754,2495.0487,918.639,0.100727,2.063,0.18674,0.09755,-0.28429,-0.08919,175.014,1159.235,-0.395009,-0.059104,0.01687,-0.19718,1.99875,148.1762,63.8432,0.6469477658904972,1.447541,0.216306,0.04848,0.37028,1.99904,0.314974,85.26,24.3534,0.05263,0.56696,1.99907,0.5487728130899937,-0.010873,1.9997,-0.140838,706.9426,-190.8553,0.01202,-0.49966,0.38719320327249845,-0.497634,-0.243186,647.8379,524.4538,0.02115,-0.09408,9.99965,0.38231592196349906,1.0763059700402873
CSc1ccccc1N.O=C(Cl)c1ccc(Cl)cc1Cl,-724.376979500265,3.244450132453966,1404.6207769530097,1443.9670571181034,0.155912,1.8700350272128154,0.11531499735092067,0.10008999999999998,-0.21540499735092067,139.2148,1171.404806472805,-0.6622250026490792,-0.033679488608958905,0.01109,-0.6640149973509206,1.99925,-0.127948988344051,60.73679851651558,197.8669015894476,0.011549999999999998,-0.8242499947018413,1.9992799999999997,0.44339991622813624,-1723.4939374606504,1.2883800810490484,2980.2158268029457,1474.2397074519768,0.09215022714359405,2.4027020201639373,0.1889194293631092,0.09675937747005803,-0.28567880683316726,-0.09216005189305122,209.45909999999998,1522.9075142418037,-0.4253249866263163,-0.07327173319778336,0.019400577896779823,-0.2055589686983824,1.9986567970101383,141.94229947990505,63.78112283667599,0.6720934400530437,1.383887345120303,0.20099762442309496,0.051071825734569344,0.377952249212696,1.9990716014949308,0.30132847764488324,89.17290808438919,26.71033238705266,0.053662067271891524,0.5672160495446766,1.9991067970101382,0.5710416884369257,-0.02376615770075898,1.9996899999999997,-0.12318614046610027,738.0003184385099,-221.68962119212986,0.01246359402027631,-0.4777808249899132,0.41465210131273,-0.4997364317231278,-0.23461153961306366,691.034157820026,475.66836513053863,0.02126264516867135,-0.09382789320718006,9.999653594020277,0.3876269732870548,1.628872263842029
CSc1ccccc1N.O=C(Cl)c1ccc(F)cc1,-724.376979500265,3.244450132453966,1404.6207769530097,1443.9670571181034,0.155912,1.8700350272128154,0.11531499735092067,0.10008999999999998,-0.21540499735092067,139.2148,1171.404806472805,-0.6622250026490792,-0.033679488608958905,0.01109,-0.6640149973509206,1.99925,-0.127948988344051,60.73679851651558,197.8669015894476,0.011549999999999998,-0.8242499947018413,1.9992799999999997,0.44339991622813624,-903.560911,1.3905,1932.8255,1039.562,0.101816,2.1677,0.18521500000000002,0.102935,-0.28815,-0.08228,158.5594,1118.02,-0.402654,-0.063696,0.0167,-0.20093,1.99875,144.8678,66.2483,0.6475770925110133,1.405945,0.206459,0.0484,0.35807,1.99903,0.313827,86.1662,24.8469,0.05265,0.56797,1.99907,0.5505034612964128,-0.01578,1.9997,-0.143118,697.5602,-186.3864,0.01202,-0.50216,0.38735053492762744,-0.489988,-0.246855,647.3665,526.5674,0.02105,-0.09791,9.99965,0.38247325361862805,1.0805253653347806
CSc1ccccc1N.O=C(Cl)c1ccc(F)cc1F,-724.376979500265,3.244450132453966,1404.6207769530097,1443.9670571181034,0.155912,1.8700350272128154,0.11531499735092067,0.10008999999999998,-0.21540499735092067,139.2148,1171.404806472805,-0.6622250026490792,-0.033679488608958905,0.01109,-0.6640149973509206,1.99925,-0.127948988344051,60.73679851651558,197.8669015894476,0.011549999999999998,-0.8242499947018413,1.9992799999999997,0.44339991622813624,-1002.6542594723891,1.5628342043633043,2120.324392652248,1108.7274438818417,0.09460995236304569,2.9002627333284448,0.18897774100507306,0.1031808922527925,-0.29215863325786556,-0.08579684875228055,176.5499,1217.2759401612166,-0.4762535813565251,-0.14156288723632596,0.01749714178274225,-0.2655723345228288,1.9987275595461926,125.52130121331402,76.87735232825071,0.6601959388546843,1.4011957195348994,0.21017866036864236,0.05033202645075863,0.3574196198405706,1.999092440453807,0.31311296107594244,89.14458035729169,29.976610165880096,0.053738691863957924,0.5602134195157078,1.9991175595461927,0.5592025931930473,-0.0013660944016755583,1.999692440453807,-0.12574949132688037,715.3363046299694,-206.25609228525013,0.012154107747207482,-0.4855636222965187,0.4016195195314515,-0.4835200440528855,-0.24479578722213755,687.6901003715086,492.5449564929477,0.021139816660918742,-0.0970344038983523,9.99966023818477,0.38741746794270504,1.6829226545271925
CSc1ccccc1N.O=C(Cl)c1ccc(OC(F)(F)F)cc1,-724.376979500265,3.244450132453966,1404.6207769530097,1443.9670571181034,0.155912,1.8700350272128154,0.11531499735092067,0.10008999999999998,-0.21540499735092067,139.2148,1171.404806472805,-0.6622250026490792,-0.033679488608958905,0.01109,-0.6640149973509206,1.99925,-0.127948988344051,60.73679851651558,197.8669015894476,0.011549999999999998,-0.8242499947018413,1.9992799999999997,0.44339991622813624,-1216.116295,1.9373,4202.2051,1483.97,0.123247,2.1043,0.18684,0.10098000000000001,-0.28782,-0.08586,224.5666,1686.329,-0.41883,-0.055985,0.01693,-0.20009,1.99875,144.7474,65.8979,0.6455317809943361,1.437835,0.211505,0.04838,0.36227,1.99903,0.315037,85.8367,24.8444,0.0526,0.56737,1.99907,0.5483008181246066,-0.013036,1.9997,-0.141975,702.237,-188.2112,0.01203,-0.50095,0.3865638766519824,-0.492427,-0.24471,647.5785,525.941,0.02111,-0.09583,9.99965,0.382001258653241,1.136839462611266
CSc1ccccc1N.O=C(Cl)c1ccc(SC(F)(F)F)cc1,-724.376979500265,3.244450132453966,1404.6207769530097,1443.9670571181034,0.155912,1.8700350272128154,0.11531499735092067,0.10008999999999998,-0.21540499735092067,139.2148,1171.404806472805,-0.6622250026490792,-0.033679488608958905,0.01109,-0.6640149973509206,1.99925,-0.127948988344051,60.73679851651558,197.8669015894476,0.011549999999999998,-0.8242499947018413,1.9992799999999997,0.44339991622813624,-1539.108656,10.93545,4535.03445,1625.511,0.120362,1.4151,0.19517500000000002,0.09453500000000001,-0.28971,-0.10064,240.6272,1337.92,-0.29784849999999996,-0.0998015,0.01897,-0.20292,1.99876,153.6659,59.602199999999996,0.6472624292007552,1.4163860000000001,0.25255150000000004,0.05244,0.4746,1.99909,0.3170855,83.78805,23.4428,0.05266,0.56606,1.99908,0.5502674638137193,-0.18941449999999999,1.99969,-0.1355175,726.435,-201.13459999999998,0.01204,-0.49415,0.3878618628067967,-0.49045249999999996,-0.234585,646.7714000000001,518.4003,0.02136,-0.08533,9.99964,0.38333857772183766,1.2915725027934055
CSc1ccccc1N.O=C(Cl)c1ccc([N+](=O)[O-])cc1,-724.376979500265,3.244450132453966,1404.6207769530097,1443.9670571181034,0.155912,1.8700350272128154,0.11531499735092067,0.10008999999999998,-0.21540499735092067,139.2148,1171.404806472805,-0.6622250026490792,-0.033679488608958905,0.01109,-0.6640149973509206,1.99925,-0.127948988344051,60.73679851651558,197.8669015894476,0.011549999999999998,-0.8242499947018413,1.9992799999999997,0.44339991622813624,-1008.649643,2.8883,2934.3431,1429.187,0.114492,1.9316,0.21973499999999999,0.09540499999999999,-0.31514,-0.12433,185.5665,1180.633,-0.243545,-0.095972,0.01759,-0.19498,1.99875,153.1256,57.3166,0.6472624292007552,1.373848,0.307302,0.05273,0.54955,1.99909,0.319677,82.3735,23.8112,0.0527,0.56324,1.99908,0.5486154814348647,-0.149197,1.99968,-0.131168,741.5805,-208.9034,0.01209,-0.49014,0.3881371932032725,-0.473753,-0.225712,643.2683,512.101,0.02162,-0.07607,9.99964,0.38215859030837,1.9381969371091043
CSc1ccccc1N.O=C(Cl)c1ccc2ccccc2c1,-724.376979500265,3.244450132453966,1404.6207769530097,1443.9670571181034,0.155912,1.8700350272128154,0.11531499735092067,0.10008999999999998,-0.21540499735092067,139.2148,1171.404806472805,-0.6622250026490792,-0.033679488608958905,0.01109,-0.6640149973509206,1.99925,-0.127948988344051,60.73679851651558,197.8669015894476,0.011549999999999998,-0.8242499947018413,1.9992799999999997,0.44339991622813624,-957.8231548793865,8.942984281922897,3120.642424188284,1617.483620444743,0.15897933382482796,3.963189472116048,0.1688166691241398,0.08189167649655926,-0.25070834562069905,-0.08692499262758055,190.6287,1577.0617708477648,-0.406241613979723,-0.0853495998229043,0.01913813624300125,-0.18617714833386767,1.9987759805367138,143.21741244463914,64.17324326159877,0.6477991941427841,1.4941111495158192,0.2417364895313614,0.05284029194928839,0.45526854910095393,1.9990940194632858,0.3139393768798561,87.57417048040392,23.502188115581014,0.052508428192289645,0.5698158832202846,1.9990640194632858,0.5497785108064259,-0.20163146446439634,1.9996899999999997,-0.14309156915373786,699.7480535233219,-189.1846326741985,0.01198794161014232,-0.5022111235626368,0.38731661884381463,-0.5121153102357949,-0.2502995078146661,650.3423603945448,527.1525046879868,0.020885980536714102,-0.10191680330266659,9.999655980536714,0.3832938279780859,0.7701639606188876
CSc1ccccc1N.O=C(Cl)c1cccc2ccccc12,-724.376979500265,3.244450132453966,1404.6207769530097,1443.9670571181034,0.155912,1.8700350272128154,0.11531499735092067,0.10008999999999998,-0.21540499735092067,139.2148,1171.404806472805,-0.6622250026490792,-0.033679488608958905,0.01109,-0.6640149973509206,1.99925,-0.127948988344051,60.73679851651558,197.8669015894476,0.011549999999999998,-0.8242499947018413,1.9992799999999997,0.44339991622813624,-957.8186401303651,7.76497366122391,2727.8224101566643,1452.655905920424,0.1591435410273463,3.138155778233965,0.17141258730322817,0.07978083346207067,-0.2511934207652988,-0.09163175384115753,190.62869999999998,1654.673933628048,-0.3606608914538662,-0.060651833547166085,0.019562781082751415,-0.15268271376427908,1.9987499999999998,140.36828004155382,67.13279503149818,0.67083710319587,1.4184804447627122,0.24250688344425783,0.05177296194712997,0.4757362417913853,1.9991198794237475,0.3059404481129295,90.28639256302401,23.548420283844816,0.051731334167722944,0.5763399240539799,1.9990998794237473,0.5737331192431018,-0.21399212998145925,1.9996800602881257,-0.14835273747499386,677.8735529026063,-199.8173439886677,0.012231266050649904,-0.5084526793064421,0.42167378684587214,-0.536095752759764,-0.25799595608850817,690.7625756377732,499.1303403904185,0.020573617287571157,-0.11333870811906079,9.999669879423749,0.38839317125744705,0.8640501950895803
CSc1ccccc1N.O=C(Cl)c1ccccc1,-724.376979500265,3.244450132453966,1404.6207769530097,1443.9670571181034,0.155912,1.8700350272128154,0.11531499735092067,0.10008999999999998,-0.21540499735092067,139.2148,1171.404806472805,-0.6622250026490792,-0.033679488608958905,0.01109,-0.6640149973509206,1.99925,-0.127948988344051,60.73679851651558,197.8669015894476,0.011549999999999998,-0.8242499947018413,1.9992799999999997,0.44339991622813624,-804.46025,0.6975,1464.397,1335.877,0.109113,3.4435,0.18524,0.10419999999999999,-0.28944,-0.08104,140.5689,1259.541,-0.319057,-0.06921,0.01701,-0.18925,1.99875,150.2369,61.7104,0.6467904342353682,1.381429,0.207568,0.04848,0.36494,1.99903,0.313396,86.434,23.3461,0.05259,0.56996,1.99907,0.5492448080553808,-0.014961,1.9997,-0.142092,704.1163,-190.2727,0.012,-0.50042,0.3867212083071114,-0.491795,-0.248031,648.8095,526.2085,0.02098,-0.09932,9.99965,0.38247325361862805,0.9309632204514596
CSc1ccccc1N.O=C(Cl)c1ccco1,-724.376979500265,3.244450132453966,1404.6207769530097,1443.9670571181034,0.155912,1.8700350272128154,0.11531499735092067,0.10008999999999998,-0.21540499735092067,139.2148,1171.404806472805,-0.6622250026490792,-0.033679488608958905,0.01109,-0.6640149973509206,1.99925,-0.127948988344051,60.73679851651558,197.8669015894476,0.011549999999999998,-0.8242499947018413,1.9992799999999997,0.44339991622813624,-802.2749436403665,0.9628803601977091,1106.8639320512225,837.4781616717298,0.07810627687091332,4.223320701907314,0.17692659069992278,0.09926084693630044,-0.2761874376362232,-0.07766574376362233,130.53050000000002,1023.5943809662729,-0.2571876525553629,0.07456587223868763,0.028521784583548964,0.16679427666839172,1.9986394965983396,84.42036001940463,48.795129254280766,0.6092274123751691,1.4654626254563974,0.18523025001857074,0.045608009071094816,0.29806073691619983,1.9990367505669435,0.28778355340700085,80.27414887766211,36.27046418281246,0.04943652154385018,0.5133097981460898,1.9990600000000003,0.5273364642768135,-0.01243844273116867,1.999706750566944,-0.14375068628124404,690.1763189879638,-171.46429701179642,0.012345972786715571,-0.4947455057576371,0.3678338463825751,-0.4709219205838191,-0.23281669984785022,670.2421570172194,515.4998959950124,0.022066292520756925,-0.08390614500521279,9.99965324943306,0.373560076402609,1.55203018329482
CSc1ccccc1N.O=C(Cl)c1cccs1,-724.376979500265,3.244450132453966,1404.6207769530097,1443.9670571181034,0.155912,1.8700350272128154,0.11531499735092067,0.10008999999999998,-0.21540499735092067,139.2148,1171.404806472805,-0.6622250026490792,-0.033679488608958905,0.01109,-0.6640149973509206,1.99925,-0.127948988344051,60.73679851651558,197.8669015894476,0.011549999999999998,-0.8242499947018413,1.9992799999999997,0.44339991622813624,-1125.2983746590153,0.8989004644803423,1318.760431390368,1051.8664137490334,0.07514125703092484,3.9869099489807027,0.1825097879616161,0.09715189528668504,-0.27966168324830115,-0.08535789267493107,146.5911,967.0850566647645,-0.36846109931444926,-0.017428701234791306,0.01983363911738161,-0.3620010732506892,1.9987481652957104,92.68784922793068,54.81236467913048,0.6462467515807672,1.4370241272768098,0.2224287020695229,0.04673669408579305,0.36090770231153096,1.9989036391173816,0.30910380250162073,80.55742798492986,32.972354231999795,0.05245018174718617,0.5457332583905814,1.9989436391173816,0.5414205707054607,-0.010696796550940281,1.9997,-0.1456564430324384,653.6458953915552,-169.41871646632262,0.012134495887131043,-0.5017229207448509,0.3800545942263263,-0.48442835604958645,-0.24229535996721743,702.4773700234127,507.97409032060614,0.02155,-0.09357010393236291,9.999647278234763,0.38004302083175984,1.1877667531258618
Cc1cc(C)c(N)c(C)c1.CC(=O)Cl,-404.725746,2.7616,1610.3503,1306.272,0.211102,1.6333,0.093045,0.103945,-0.19699,135.2084,1270.484,-0.67407,-0.062092,0.01068,-0.69094,1.99929,-0.140795,21.1395,205.815,0.01169,-0.82768,1.99932,0.4526431718061674,-613.070645,1.8407,361.1538,589.647,0.051921,2.5752,0.17481000000000002,0.13476,-0.30957,-0.04005,78.4981,543.096,-0.16842,-0.019931,0.00801,-0.68972,1.99914,58.3883,161.9989,0.3882945248584015,1.19561,-0.022262,0.04824,0.23014,1.99928,0.181407,78.3666,21.3299,0.05149,0.57826,1.99927,0.49370673379483954,-0.031774,1.99969,-0.138192,709.0371,-224.4771,0.01248,-0.48574,0.3472309628697294,-0.497062,-0.249833,776.7802,462.7909,0.02158,-0.12005,9.99964,0.3590308370044053,2.9711552281331017
Cc1cc(C)c(N)c(C)c1.CC(C)(C)C(=O)Cl,-404.725746,2.7616,1610.3503,1306.272,0.211102,1.6333,0.093045,0.103945,-0.19699,135.2084,1270.484,-0.67407,-0.062092,0.01068,-0.69094,1.99929,-0.140795,21.1395,205.815,0.01169,-0.82768,1.99932,0.4526431718061674,-730.74792,2.2489,944.8434,987.864,0.140866,2.7537,0.1676,0.13162,-0.29922,-0.03598,120.5785,1095.631,-0.002895,-0.401545,0.01495,-0.12509,1.99882,43.2203,145.8968,0.7474826935179358,1.086134,0.105519,0.05777,0.24151,1.999,0.311319,92.3348,10.4385,0.06159,0.60184,1.99904,0.6241346758967904,-0.044561,1.99969,-0.134635,702.0892,-210.5595,0.01227,-0.49442,0.4129955947136564,-0.486258,-0.243396,657.1407,517.8314,0.02014,-0.11423,9.99964,0.4117369414726243,0.4579508027550838
Cc1cc(C)c(N)c(C)c1.CC(C)(C)c1ccc(C(=O)Cl)cc1,-404.725746,2.7616,1610.3503,1306.272,0.211102,1.6333,0.093045,0.103945,-0.19699,135.2084,1270.484,-0.67407,-0.062092,0.01068,-0.69094,1.99929,-0.140795,21.1395,205.815,0.01169,-0.82768,1.99932,0.4526431718061674,-961.3640173962594,0.8439951331320028,3736.8617162104047,1666.1327468680736,0.22702856304127478,4.218331555187393,0.1765543462087611,0.10122506668047276,-0.2777794128892339,-0.07532927952828836,196.6761,1756.2896208656803,-0.4178817038419192,-0.05493930742117488,0.01711,-0.19114765846693713,1.9987399999999997,145.50595114472912,64.19142355353065,0.6443475428431109,1.4770539433619239,0.2047373555601576,0.04842981988207208,0.3621147765800905,1.9990249099410362,0.31251209335266183,87.58830934681762,23.936423813800438,0.05250472982310813,0.5711581988207208,1.99906,0.5483809008647571,-0.017174605652256175,1.9997,-0.14438870176891871,691.262978378876,-184.8857997811485,0.01198,-0.5034901801179279,0.385780052201509,-0.5155604648516117,-0.2547429379952255,652.1694292748869,528.6326041804466,0.020760180117927914,-0.10642675787729755,9.99966,0.38215008883285495,0.9438394076863004
Cc1cc(C)c(N)c(C)c1.CC(C)C(=O)Cl,-404.725746,2.7616,1610.3503,1306.272,0.211102,1.6333,0.093045,0.103945,-0.19699,135.2084,1270.484,-0.67407,-0.062092,0.01068,-0.69094,1.99929,-0.140795,21.1395,205.815,0.01169,-0.82768,1.99932,0.4526431718061674,-691.5212651203827,2.1259058055730957,774.3015688508707,791.3296195399124,0.11183604170191642,2.7012129828698455,0.17010773050232164,0.13244814752148587,-0.3025558780238075,-0.0376595829808358,106.5517,975.6940716840189,-0.024167191055353945,-0.17073551463321235,0.013924490779907133,-0.30198609076336,1.998945169740031,48.80721556952866,147.29575347812465,0.6314692916962978,1.1238819960085888,0.04858485903341499,0.0550134723397214,0.23591374372657942,1.9991075848700155,0.25247221421848887,88.59731276692389,12.733502739310532,0.0582213191506965,0.5944755962050935,1.9991375848700155,0.5800598381088926,-0.041438333812522876,1.99969,-0.1376712573166062,707.048479399112,-210.10582375691683,0.012389359809427323,-0.49276171727806395,0.39244024014119183,-0.49584497796278615,-0.2460183941104488,714.2513821331088,492.33222075195357,0.020564830259969046,-0.11847795268777256,9.99964,0.38745155439779033,1.7855056453984408
Cc1cc(C)c(N)c(C)c1.CCC(C(=O)Cl)c1ccccc1,-404.725746,2.7616,1610.3503,1306.272,0.211102,1.6333,0.093045,0.103945,-0.19699,135.2084,1270.484,-0.67407,-0.062092,0.01068,-0.69094,1.99929,-0.140795,21.1395,205.815,0.01169,-0.82768,1.99932,0.4526431718061674,-922.1350941424333,4.569522987935531,2455.9020135917617,1503.8121474082207,0.19835830978909602,2.7196956404060453,0.15641062941202977,0.11147264569784315,-0.267883275109873,-0.044937983714186606,182.6493,1522.0795475579139,-0.04878392032155667,-0.06036727587828204,0.02106411226593012,-0.32502486318000223,1.99889,30.15305416820589,127.38872271494051,0.7227754446342497,1.1178043569820812,0.06601085036127433,0.056704631153088186,0.26634316303879657,1.999111010410588,0.2584528867848544,80.18911170349905,15.605117816098318,0.05923987339580025,0.5947519757187832,1.999131232884499,0.6209158445810388,-0.11952997468335282,1.999685360884168,-0.143804062173481,712.2092388306249,-204.0050258804775,0.012248062306486857,-0.5005021470911517,0.43435065207263357,-0.4765579049182884,-0.2283885640121543,717.517615534147,464.5850831441031,0.021029658300558765,-0.0958973312821047,9.99961558335808,0.388169114477217,2.290189401293984
Cc1cc(C)c(N)c(C)c1.CCCCC(=O)Cl,-404.725746,2.7616,1610.3503,1306.272,0.211102,1.6333,0.093045,0.103945,-0.19699,135.2084,1270.484,-0.67407,-0.062092,0.01068,-0.69094,1.99929,-0.140795,21.1395,205.815,0.01169,-0.82768,1.99932,0.4526431718061674,-730.7450150574017,2.090291331652506,1341.9302009057062,994.4515719835497,0.1418835432507869,2.6086344119789233,0.1712263701297755,0.1335958284882569,-0.3048221986180324,-0.037630541641518626,120.57850000000002,1041.7633434165296,-0.09671197627204661,0.007804712444770221,0.014038775373839806,-0.4880626302178358,1.9990404359511826,56.464141490849684,147.1293956944729,0.5593904691258827,1.1789239078387639,0.007528819367576247,0.05127629781296082,0.23642929006115296,1.9991881569913779,0.21380243779784716,82.77940616490689,16.660432212862794,0.05512335177243502,0.588506474333033,1.999198156991378,0.5578940906295883,-0.04184591941059398,1.9996900000000002,-0.14164929933233972,714.7961360943984,-212.9005115825591,0.012188685583343585,-0.49471489576310834,0.3995731427490579,-0.5163867508662023,-0.24523050175144934,770.1191505493439,470.94318983615574,0.020878088448009844,-0.11732762706245506,9.999642023227146,0.3671949651309757,2.701152070737647
Cc1cc(C)c(N)c(C)c1.CCCCC(CC)C(=O)Cl,-404.725746,2.7616,1610.3503,1306.272,0.211102,1.6333,0.093045,0.103945,-0.19699,135.2084,1270.484,-0.67407,-0.062092,0.01068,-0.69094,1.99929,-0.140795,21.1395,205.815,0.01169,-0.82768,1.99932,0.4526431718061674,-848.4194799426583,2.1267217278302994,2464.267019669444,1500.231394373068,0.23155073390523292,2.677801397359587,0.16853390822493342,0.13085299777436263,-0.29938690599929607,-0.037680910450570794,162.6589,1466.9452087716104,-0.0842353595837951,-0.12303181060215712,0.01891789249052634,-0.29470057863953375,1.9989210580785208,30.751430758385847,131.96111134930018,0.7081076322850737,1.1146350543229737,0.04049639435702823,0.05769645486653496,0.23430779863995022,1.999079831858541,0.2342915125830618,79.28964453295023,10.72058245681579,0.06134362576284608,0.5865793709141864,1.999110961152719,0.6405613297343266,-0.04916664952674792,1.9996827557665517,-0.14383461934649713,723.1028236690747,-205.35061664385827,0.012373376332512752,-0.5004955405011925,0.44056690495066464,-0.4902433087740082,-0.23982660938031483,795.885334662436,424.81685121337784,0.02061303988994313,-0.10758898034704956,9.999627692135396,0.39206250471260456,0.4512286411671128
Cc1cc(C)c(N)c(C)c1.CCCCCCC(=O)Cl,-404.725746,2.7616,1610.3503,1306.272,0.211102,1.6333,0.093045,0.103945,-0.19699,135.2084,1270.484,-0.67407,-0.062092,0.01068,-0.69094,1.99929,-0.140795,21.1395,205.815,0.01169,-0.82768,1.99932,0.4526431718061674,-809.1928450186999,2.191972683108519,2694.585979207065,1390.3008597551361,0.20178400746022246,2.7244460547894533,0.17032995662812994,0.13265533018130402,-0.30298528680943393,-0.03767462644682591,148.63210000000004,1261.5194415620172,-0.09799205324244195,0.017531207143586563,0.014411268813625472,-0.4870248810235342,1.9990360661441282,52.29176351269705,146.78208323625879,0.5553711533823926,1.1744333662866158,0.005174748608251482,0.05187764178651444,0.23654530602917653,1.9991838244073419,0.2092039866890283,82.95284094577164,16.8293560755272,0.055168636678038244,0.5896019425118675,1.9991965260075706,0.554803422626299,-0.04042034364900629,1.9996900000000004,-0.1394788994015972,704.4901204727937,-215.8672177680678,0.01234712539999367,-0.4919174099593421,0.38646821572942175,-0.5069924791734688,-0.24872178501458486,751.6188641806931,476.4115554370388,0.020814874094548554,-0.1210213165562404,9.999640000000001,0.3740534939797181,2.787935519884809
Cc1cc(C)c(N)c(C)c1.CCCCCCCCCCCC(=O)Cl,-404.725746,2.7616,1610.3503,1306.272,0.211102,1.6333,0.093045,0.103945,-0.19699,135.2084,1270.484,-0.67407,-0.062092,0.01068,-0.69094,1.99929,-0.140795,21.1395,205.815,0.01169,-0.82768,1.99932,0.4526431718061674,-1005.3142281705781,2.051840846684475,7589.4788243149,2063.8977884186593,0.35148147884172565,2.580964688743521,0.17130593121998355,0.13237374139497904,-0.3036796726149626,-0.038932189825004494,218.76610000000002,2028.2284431012831,-0.09832466528407613,0.011300852452152831,0.014411262852878942,-0.4876371810409823,1.9990393233150183,54.09437145699512,147.61948876998457,0.5618015097823486,1.1889594778380719,0.0034922479456673456,0.05177155382090726,0.23634184011774262,1.9991781601252514,0.20777313911983045,80.09136057476589,16.11372837040959,0.05541338385685213,0.5883281241859004,1.999188590390622,0.5688480715114945,-0.04156562730035017,1.9996867476005615,-0.13988340193202087,708.4357928496703,-213.85227427913944,0.012237201999370216,-0.49679063701810433,0.4188836362668115,-0.5185254162381545,-0.24439257461254094,760.4693324636868,471.25224452499526,0.020883543820409477,-0.11594466851905619,9.999637177865932,0.3724491019162263,2.694521702311905
Cc1cc(C)c(N)c(C)c1.CCc1ccc(C(=O)Cl)cc1,-404.725746,2.7616,1610.3503,1306.272,0.211102,1.6333,0.093045,0.103945,-0.19699,135.2084,1270.484,-0.67407,-0.062092,0.01068,-0.69094,1.99929,-0.140795,21.1395,205.815,0.01169,-0.82768,1.99932,0.4526431718061674,-882.914671,0.8056,2669.3825,1421.7125,0.168403,4.1213,0.17781,0.10156000000000001,-0.27937,-0.07625,168.6225,1314.007,-0.402094,-0.061786,0.01695,-0.19259,1.99875,146.8733,63.8668,0.6452957835116425,1.456055,0.205216,0.04843,0.36246,1.99903,0.312565,87.4623,23.8993,0.05253,0.57058,1.99906,0.5498741346758967,-0.017375,1.9997,-0.144731,691.6855,-184.816,0.01198,-0.50355,0.3866425424795469,-0.509939,-0.254084,651.6022,528.6102,0.02081,-0.10547,9.99966,0.38294524858401513,1.0429925789458998
Cc1cc(C)c(N)c(C)c1.COc1cc(C(=O)Cl)cc(OC)c1OC,-404.725746,2.7616,1610.3503,1306.272,0.211102,1.6333,0.093045,0.103945,-0.19699,135.2084,1270.484,-0.67407,-0.062092,0.01068,-0.69094,1.99929,-0.140795,21.1395,205.815,0.01169,-0.82768,1.99932,0.4526431718061674,-1147.3988728386491,9.590245055798524,4098.000453261923,1788.438858126628,0.21336973094695055,3.820453988387011,0.1589222523904965,0.08715554844614821,-0.2460778008366447,-0.07176670394434828,230.64750000000004,1702.8529527836297,-0.30062621086644153,-0.0505418648015625,0.01901263016358685,-0.16597456713914246,1.9988191465822256,138.9709269242885,66.29146063677923,0.6464282423283223,1.4648143543682646,0.20572451472928088,0.0527408394357223,0.4021922948019736,1.9991034206621257,0.30939671461077606,86.80447373218087,24.14315727612148,0.052543474138718856,0.5717040388310601,1.9990608534177752,0.5505070876792586,-0.22497649330386443,1.9997000000000003,-0.1474567049669537,690.2213647653614,-182.89085364682126,0.011964543057302771,-0.5069527124341651,0.38708728584549945,-0.5075244044704986,-0.2524332482777629,651.9670016723583,528.9051928576206,0.020845079417672406,-0.10312794717934845,9.999652567244352,0.38354454400728805,0.955891114540386
Cc1cc(C)c(N)c(C)c1.COc1ccc(C(=O)Cl)cc1,-404.725746,2.7616,1610.3503,1306.272,0.211102,1.6333,0.093045,0.103945,-0.19699,135.2084,1270.484,-0.67407,-0.062092,0.01068,-0.69094,1.99929,-0.140795,21.1395,205.815,0.01169,-0.82768,1.99932,0.4526431718061674,-918.7794806452093,1.8095578782030461,2595.8845344392657,1351.432412177592,0.14413766686447077,4.69247217594736,0.16339189113066868,0.09466255858855176,-0.2580544497192204,-0.06872933254211694,170.5951,1330.3161569267518,-0.5316156870230284,-0.057328369918361544,0.01689,-0.20658333135529233,1.9987499999999998,139.08126280090607,69.5119016314473,0.6464023557102192,1.5082461480170826,0.19680829664503793,0.04825977751403898,0.35202155146760417,1.99902,0.30959364046198856,88.97441949403056,25.308381727266305,0.052509332542116934,0.5694617858218112,1.99905,0.5495559709571898,-0.023747567188664966,1.9997,-0.15034197745033262,671.7481042751876,-174.48073225064894,0.011970222485961022,-0.5095373064319758,0.38616179649303717,-0.5192249050540321,-0.26183382883983775,650.1022819991035,534.1770665455147,0.020634443785097444,-0.11341470187579644,9.99966,0.3827949177457842,0.6449623547781695
Cc1cc(C)c(N)c(C)c1.Cc1ccc(C(=O)Cl)cc1,-404.725746,2.7616,1610.3503,1306.272,0.211102,1.6333,0.093045,0.103945,-0.19699,135.2084,1270.484,-0.67407,-0.062092,0.01068,-0.69094,1.99929,-0.140795,21.1395,205.815,0.01169,-0.82768,1.99932,0.4526431718061674,-843.690474,0.7847,2037.6054,1331.695,0.138241,4.0826,0.17777500000000002,0.101495,-0.27927,-0.07628,154.5957,957.156,-0.396447,-0.063926,0.01695,-0.19369,1.99875,146.8166,64.1383,0.6464757709251101,1.444549,0.205095,0.0484,0.3622,1.99903,0.312699,87.2722,23.9815,0.05251,0.57046,1.99906,0.5497954688483323,-0.017809,1.9997,-0.144896,691.7944,-184.7633,0.01198,-0.50358,0.3868785399622404,-0.507387,-0.254103,652.0078,529.0068,0.02081,-0.10548,9.99966,0.38231592196349906,1.1160283913883655
Cc1cc(C)c(N)c(C)c1.Cc1ccccc1C(=O)Cl,-404.725746,2.7616,1610.3503,1306.272,0.211102,1.6333,0.093045,0.103945,-0.19699,135.2084,1270.484,-0.67407,-0.062092,0.01068,-0.69094,1.99929,-0.140795,21.1395,205.815,0.01169,-0.82768,1.99932,0.4526431718061674,-843.6875560574109,0.11441203094299326,1727.5775237937205,1185.5250490989843,0.13826824892949693,2.9335652803962233,0.17744671457012706,0.09930211916386854,-0.2767488337339956,-0.07814459540625854,154.5957,1206.8423660351868,-0.3609323356612174,-0.04382074162750573,0.017399388198169285,-0.18550015969286923,1.99871,143.88919896912307,63.72922694533436,0.6763989980060084,1.3794532603765848,0.17964343533990834,0.04829439509069746,0.3670932883597818,1.9990500711227133,0.2936090109211529,86.60514481931877,23.749668767244493,0.051918321357468225,0.5733261876760661,1.9990899288772865,0.5774004604109436,-0.03147546807824839,1.9996999288772865,-0.14907075579200177,701.4520483596131,-205.6625805599628,0.012379573263719579,-0.5042245104984888,0.4371025917512716,-0.51174269585703,-0.25672397091808735,673.4314174438672,509.25428815634746,0.020633982871950604,-0.11187011540779132,9.999669857754574,0.38752509665341367,1.2687023429386317
Cc1cc(C)c(N)c(C)c1.O=C(Cl)C12CC3CC(CC(C3)C1)C2,-404.725746,2.7616,1610.3503,1306.272,0.211102,1.6333,0.093045,0.103945,-0.19699,135.2084,1270.484,-0.67407,-0.062092,0.01068,-0.69094,1.99929,-0.140795,21.1395,205.815,0.01169,-0.82768,1.99932,0.4526431718061674,-962.581811,3.0439,2417.6329,1837.01,0.2551,3.1191,0.16248,0.12827,-0.29075,-0.03421,198.6919,1506.761,-0.109963,-0.417603,0.01866,-0.12505,1.99879,47.667,144.0592,0.8325991189427313,1.135254,0.136483,0.05847,0.25586,1.99893,0.339763,94.9955,11.4326,0.06189,0.61891,1.99899,0.6260226557583386,-0.055463,1.99969,-0.134531,703.9745,-206.4244,0.01198,-0.49526,0.4133102580239144,-0.495051,-0.246408,649.7835,526.6917,0.01986,-0.11707,9.99965,0.4122089364380113,0.5151919165915563
Cc1cc(C)c(N)c(C)c1.O=C(Cl)C=Cc1ccccc1,-404.725746,2.7616,1610.3503,1306.272,0.211102,1.6333,0.093045,0.103945,-0.19699,135.2084,1270.484,-0.67407,-0.062092,0.01068,-0.69094,1.99929,-0.140795,21.1395,205.815,0.01169,-0.82768,1.99932,0.4526431718061674,-881.7076424349888,1.4583330632451224,3001.2649234041864,1257.7523733779365,0.14500556194108782,4.007677662728389,0.18097215746167145,0.08464781157985767,-0.2656199690415291,-0.09632434588181382,166.6067,1318.0489361294021,-0.6487631505721401,-0.11180734591608987,0.015986889213416643,-0.40177837436797814,1.9988062506712867,97.67235097153285,72.11756207665134,0.5471110545535718,1.594812176212798,0.21686245915706964,0.047810688301961585,0.3951780161227317,1.9990600002421206,0.2773765541231414,79.2212823091358,26.059164333630676,0.05162692895158519,0.5406730279839103,1.9991162506021094,0.518506511257886,-0.01080933265076242,1.99969,-0.1561087210570263,684.9150017741213,-177.68841986288376,0.012026865077963791,-0.508001072172739,0.3739683515791476,-0.5679760192194105,-0.25474012890245074,721.0320699222212,470.0895892939961,0.02118627173739866,-0.11190134066066033,9.99965374939789,0.36138049216617174,2.666261178856685
Cc1cc(C)c(N)c(C)c1.O=C(Cl)c1ccc(-c2ccccc2)cc1,-404.725746,2.7616,1610.3503,1306.272,0.211102,1.6333,0.093045,0.103945,-0.19699,135.2084,1270.484,-0.67407,-0.062092,0.01068,-0.69094,1.99929,-0.140795,21.1395,205.815,0.01169,-0.82768,1.99932,0.4526431718061674,-1035.081421,13.748,5091.4627,1754.559,0.195241,4.008,0.17202,0.08703,-0.25905,-0.08499,216.6665,1648.5790000000002,-0.476397,-0.069238,0.01931,-0.13635,1.99876,146.3066,63.2115,0.6453744493392071,1.557555,0.237449,0.05246,0.45217,1.99908,0.313028,86.8115,23.8787,0.05251,0.56896,1.99906,0.5493234738829452,-0.197972,1.99969,-0.14352,696.741,-187.3885,0.012,-0.50251,0.38569855254877283,-0.528893,-0.251945,650.7091,526.9992,0.02088,-0.10309,9.99966,0.38223725613593457,1.0633381447980197
Cc1cc(C)c(N)c(C)c1.O=C(Cl)c1ccc(Br)cc1,-404.725746,2.7616,1610.3503,1306.272,0.211102,1.6333,0.093045,0.103945,-0.19699,135.2084,1270.484,-0.67407,-0.062092,0.01068,-0.69094,1.99929,-0.140795,21.1395,205.815,0.01169,-0.82768,1.99932,0.4526431718061674,-3377.857666,2.1799,3388.6568,1232.628,0.100324,2.0328,0.18545,0.09516000000000002,-0.28061,-0.09029,219.465,1258.854,-0.39698,-0.055564,0.01694,-0.19555,1.99875,149.5302,63.26,0.645846444304594,1.462386,0.217711,0.04852,0.3717,1.99904,0.315275,85.0022,24.181,0.05263,0.56687,1.99907,0.5486154814348647,-0.010299,1.9997,-0.140191,709.2575,-191.8647,0.01202,-0.49899,0.38719320327249845,-0.500793,-0.242085,647.9072,524.2242,0.02118,-0.09299,9.99965,0.382001258653241,1.5331334267355727
Cc1cc(C)c(N)c(C)c1.O=C(Cl)c1ccc(C(F)(F)F)cc1,-404.725746,2.7616,1610.3503,1306.272,0.211102,1.6333,0.093045,0.103945,-0.19699,135.2084,1270.484,-0.67407,-0.062092,0.01068,-0.69094,1.99929,-0.140795,21.1395,205.815,0.01169,-0.82768,1.99932,0.4526431718061674,-1141.009328,3.3671,3493.4189,1579.5935,0.117803,1.0538,0.202225,0.10366500000000001,-0.30589,-0.09856,208.5672,1203.002,-0.281208,-0.066681,0.01707,-0.18876,1.99875,151.6583,59.3407,0.6463184392699811,1.375664,0.226354,0.04856,0.38009,1.99904,0.318189,83.9248,23.6216,0.05264,0.56628,1.99908,0.5490874764002517,-0.003696,1.9997,-0.135777,725.5918,-200.3338,0.01205,-0.49428,0.3871145374449339,-0.48031,-0.234509,646.3328,518.8401,0.02137,-0.08533,9.99964,0.38239458779106356,1.660051938264934
Cc1cc(C)c(N)c(C)c1.O=C(Cl)c1ccc(Cl)cc1,-404.725746,2.7616,1610.3503,1306.272,0.211102,1.6333,0.093045,0.103945,-0.19699,135.2084,1270.484,-0.67407,-0.062092,0.01068,-0.69094,1.99929,-0.140795,21.1395,205.815,0.01169,-0.82768,1.99932,0.4526431718061674,-1263.981948,2.0754,2495.0487,918.639,0.100727,2.063,0.18674,0.09755,-0.28429,-0.08919,175.014,1159.235,-0.395009,-0.059104,0.01687,-0.19718,1.99875,148.1762,63.8432,0.6469477658904972,1.447541,0.216306,0.04848,0.37028,1.99904,0.314974,85.26,24.3534,0.05263,0.56696,1.99907,0.5487728130899937,-0.010873,1.9997,-0.140838,706.9426,-190.8553,0.01202,-0.49966,0.38719320327249845,-0.497634,-0.243186,647.8379,524.4538,0.02115,-0.09408,9.99965,0.38231592196349906,1.383122452268804
Cc1cc(C)c(N)c(C)c1.O=C(Cl)c1ccc(Cl)cc1Cl,-404.725746,2.7616,1610.3503,1306.272,0.211102,1.6333,0.093045,0.103945,-0.19699,135.2084,1270.484,-0.67407,-0.062092,0.01068,-0.69094,1.99929,-0.140795,21.1395,205.815,0.01169,-0.82768,1.99932,0.4526431718061674,-1723.4939374606504,1.2883800810490484,2980.2158268029457,1474.2397074519768,0.09215022714359405,2.4027020201639373,0.1889194293631092,0.09675937747005803,-0.28567880683316726,-0.09216005189305122,209.45909999999998,1522.9075142418037,-0.4253249866263163,-0.07327173319778336,0.019400577896779823,-0.2055589686983824,1.9986567970101383,141.94229947990505,63.78112283667599,0.6720934400530437,1.383887345120303,0.20099762442309496,0.051071825734569344,0.377952249212696,1.9990716014949308,0.30132847764488324,89.17290808438919,26.71033238705266,0.053662067271891524,0.5672160495446766,1.9991067970101382,0.5710416884369257,-0.02376615770075898,1.9996899999999997,-0.12318614046610027,738.0003184385099,-221.68962119212986,0.01246359402027631,-0.4777808249899132,0.41465210131273,-0.4997364317231278,-0.23461153961306366,691.034157820026,475.66836513053863,0.02126264516867135,-0.09382789320718006,9.999653594020277,0.3876269732870548,1.7540476375392515
Cc1cc(C)c(N)c(C)c1.O=C(Cl)c1ccc(F)cc1,-404.725746,2.7616,1610.3503,1306.272,0.211102,1.6333,0.093045,0.103945,-0.19699,135.2084,1270.484,-0.67407,-0.062092,0.01068,-0.69094,1.99929,-0.140795,21.1395,205.815,0.01169,-0.82768,1.99932,0.4526431718061674,-903.560911,1.3905,1932.8255,1039.562,0.101816,2.1677,0.18521500000000002,0.102935,-0.28815,-0.08228,158.5594,1118.02,-0.402654,-0.063696,0.0167,-0.20093,1.99875,144.8678,66.2483,0.6475770925110133,1.405945,0.206459,0.0484,0.35807,1.99903,0.313827,86.1662,24.8469,0.05265,0.56797,1.99907,0.5505034612964128,-0.01578,1.9997,-0.143118,697.5602,-186.3864,0.01202,-0.50216,0.38735053492762744,-0.489988,-0.246855,647.3665,526.5674,0.02105,-0.09791,9.99965,0.38247325361862805,1.2044252573753107
Cc1cc(C)c(N)c(C)c1.O=C(Cl)c1ccc(F)cc1F,-404.725746,2.7616,1610.3503,1306.272,0.211102,1.6333,0.093045,0.103945,-0.19699,135.2084,1270.484,-0.67407,-0.062092,0.01068,-0.69094,1.99929,-0.140795,21.1395,205.815,0.01169,-0.82768,1.99932,0.4526431718061674,-1002.6542594723891,1.5628342043633043,2120.324392652248,1108.7274438818417,0.09460995236304569,2.9002627333284448,0.18897774100507306,0.1031808922527925,-0.29215863325786556,-0.08579684875228055,176.5499,1217.2759401612166,-0.4762535813565251,-0.14156288723632596,0.01749714178274225,-0.2655723345228288,1.9987275595461926,125.52130121331402,76.87735232825071,0.6601959388546843,1.4011957195348994,0.21017866036864236,0.05033202645075863,0.3574196198405706,1.999092440453807,0.31311296107594244,89.14458035729169,29.976610165880096,0.053738691863957924,0.5602134195157078,1.9991175595461927,0.5592025931930473,-0.0013660944016755583,1.999692440453807,-0.12574949132688037,715.3363046299694,-206.25609228525013,0.012154107747207482,-0.4855636222965187,0.4016195195314515,-0.4835200440528855,-0.24479578722213755,687.6901003715086,492.5449564929477,0.021139816660918742,-0.0970344038983523,9.99966023818477,0.38741746794270504,2.1656023725880345
Cc1cc(C)c(N)c(C)c1.O=C(Cl)c1ccc(OC(F)(F)F)cc1,-404.725746,2.7616,1610.3503,1306.272,0.211102,1.6333,0.093045,0.103945,-0.19699,135.2084,1270.484,-0.67407,-0.062092,0.01068,-0.69094,1.99929,-0.140795,21.1395,205.815,0.01169,-0.82768,1.99932,0.4526431718061674,-1216.116295,1.9373,4202.2051,1483.97,0.123247,2.1043,0.18684,0.10098000000000001,-0.28782,-0.08586,224.5666,1686.329,-0.41883,-0.055985,0.01693,-0.20009,1.99875,144.7474,65.8979,0.6455317809943361,1.437835,0.211505,0.04838,0.36227,1.99903,0.315037,85.8367,24.8444,0.0526,0.56737,1.99907,0.5483008181246066,-0.013036,1.9997,-0.141975,702.237,-188.2112,0.01203,-0.50095,0.3865638766519824,-0.492427,-0.24471,647.5785,525.941,0.02111,-0.09583,9.99965,0.382001258653241,1.4373618042030163
Cc1cc(C)c(N)c(C)c1.O=C(Cl)c1ccc(SC(F)(F)F)cc1,-404.725746,2.7616,1610.3503,1306.272,0.211102,1.6333,0.093045,0.103945,-0.19699,135.2084,1270.484,-0.67407,-0.062092,0.01068,-0.69094,1.99929,-0.140795,21.1395,205.815,0.01169,-0.82768,1.99932,0.4526431718061674,-1539.108656,10.93545,4535.03445,1625.511,0.120362,1.4151,0.19517500000000002,0.09453500000000001,-0.28971,-0.10064,240.6272,1337.92,-0.29784849999999996,-0.0998015,0.01897,-0.20292,1.99876,153.6659,59.602199999999996,0.6472624292007552,1.4163860000000001,0.25255150000000004,0.05244,0.4746,1.99909,0.3170855,83.78805,23.4428,0.05266,0.56606,1.99908,0.5502674638137193,-0.18941449999999999,1.99969,-0.1355175,726.435,-201.13459999999998,0.01204,-0.49415,0.3878618628067967,-0.49045249999999996,-0.234585,646.7714000000001,518.4003,0.02136,-0.08533,9.99964,0.38333857772183766,1.7314485053871222
Cc1cc(C)c(N)c(C)c1.O=C(Cl)c1ccc([N+](=O)[O-])cc1,-404.725746,2.7616,1610.3503,1306.272,0.211102,1.6333,0.093045,0.103945,-0.19699,135.2084,1270.484,-0.67407,-0.062092,0.01068,-0.69094,1.99929,-0.140795,21.1395,205.815,0.01169,-0.82768,1.99932,0.4526431718061674,-1008.649643,2.8883,2934.3431,1429.187,0.114492,1.9316,0.21973499999999999,0.09540499999999999,-0.31514,-0.12433,185.5665,1180.633,-0.243545,-0.095972,0.01759,-0.19498,1.99875,153.1256,57.3166,0.6472624292007552,1.373848,0.307302,0.05273,0.54955,1.99909,0.319677,82.3735,23.8112,0.0527,0.56324,1.99908,0.5486154814348647,-0.149197,1.99968,-0.131168,741.5805,-208.9034,0.01209,-0.49014,0.3881371932032725,-0.473753,-0.225712,643.2683,512.101,0.02162,-0.07607,9.99964,0.38215859030837,2.397697747416052
Cc1cc(C)c(N)c(C)c1.O=C(Cl)c1ccc2ccccc2c1,-404.725746,2.7616,1610.3503,1306.272,0.211102,1.6333,0.093045,0.103945,-0.19699,135.2084,1270.484,-0.67407,-0.062092,0.01068,-0.69094,1.99929,-0.140795,21.1395,205.815,0.01169,-0.82768,1.99932,0.4526431718061674,-957.8231548793865,8.942984281922897,3120.642424188284,1617.483620444743,0.15897933382482796,3.963189472116048,0.1688166691241398,0.08189167649655926,-0.25070834562069905,-0.08692499262758055,190.6287,1577.0617708477648,-0.406241613979723,-0.0853495998229043,0.01913813624300125,-0.18617714833386767,1.9987759805367138,143.21741244463914,64.17324326159877,0.6477991941427841,1.4941111495158192,0.2417364895313614,0.05284029194928839,0.45526854910095393,1.9990940194632858,0.3139393768798561,87.57417048040392,23.502188115581014,0.052508428192289645,0.5698158832202846,1.9990640194632858,0.5497785108064259,-0.20163146446439634,1.9996899999999997,-0.14309156915373786,699.7480535233219,-189.1846326741985,0.01198794161014232,-0.5022111235626368,0.38731661884381463,-0.5121153102357949,-0.2502995078146661,650.3423603945448,527.1525046879868,0.020885980536714102,-0.10191680330266659,9.999655980536714,0.3832938279780859,1.1418999726532808
Cc1cc(C)c(N)c(C)c1.O=C(Cl)c1cccc2ccccc12,-404.725746,2.7616,1610.3503,1306.272,0.211102,1.6333,0.093045,0.103945,-0.19699,135.2084,1270.484,-0.67407,-0.062092,0.01068,-0.69094,1.99929,-0.140795,21.1395,205.815,0.01169,-0.82768,1.99932,0.4526431718061674,-957.8186401303651,7.76497366122391,2727.8224101566643,1452.655905920424,0.1591435410273463,3.138155778233965,0.17141258730322817,0.07978083346207067,-0.2511934207652988,-0.09163175384115753,190.62869999999998,1654.673933628048,-0.3606608914538662,-0.060651833547166085,0.019562781082751415,-0.15268271376427908,1.9987499999999998,140.36828004155382,67.13279503149818,0.67083710319587,1.4184804447627122,0.24250688344425783,0.05177296194712997,0.4757362417913853,1.9991198794237475,0.3059404481129295,90.28639256302401,23.548420283844816,0.051731334167722944,0.5763399240539799,1.9990998794237473,0.5737331192431018,-0.21399212998145925,1.9996800602881257,-0.14835273747499386,677.8735529026063,-199.8173439886677,0.012231266050649904,-0.5084526793064421,0.42167378684587214,-0.536095752759764,-0.25799595608850817,690.7625756377732,499.1303403904185,0.020573617287571157,-0.11333870811906079,9.999669879423749,0.38839317125744705,1.1607506060524757
Cc1cc(C)c(N)c(C)c1.O=C(Cl)c1ccccc1,-404.725746,2.7616,1610.3503,1306.272,0.211102,1.6333,0.093045,0.103945,-0.19699,135.2084,1270.484,-0.67407,-0.062092,0.01068,-0.69094,1.99929,-0.140795,21.1395,205.815,0.01169,-0.82768,1.99932,0.4526431718061674,-804.46025,0.6975,1464.397,1335.877,0.109113,3.4435,0.18524,0.10419999999999999,-0.28944,-0.08104,140.5689,1259.541,-0.319057,-0.06921,0.01701,-0.18925,1.99875,150.2369,61.7104,0.6467904342353682,1.381429,0.207568,0.04848,0.36494,1.99903,0.313396,86.434,23.3461,0.05259,0.56996,1.99907,0.5492448080553808,-0.014961,1.9997,-0.142092,704.1163,-190.2727,0.012,-0.50042,0.3867212083071114,-0.491795,-0.248031,648.8095,526.2085,0.02098,-0.09932,9.99965,0.38247325361862805,1.2339887782299857
Cc1cc(C)c(N)c(C)c1.O=C(Cl)c1ccco1,-404.725746,2.7616,1610.3503,1306.272,0.211102,1.6333,0.093045,0.103945,-0.19699,135.2084,1270.484,-0.67407,-0.062092,0.01068,-0.69094,1.99929,-0.140795,21.1395,205.815,0.01169,-0.82768,1.99932,0.4526431718061674,-802.2749436403665,0.9628803601977091,1106.8639320512225,837.4781616717298,0.07810627687091332,4.223320701907314,0.17692659069992278,0.09926084693630044,-0.2761874376362232,-0.07766574376362233,130.53050000000002,1023.5943809662729,-0.2571876525553629,0.07456587223868763,0.028521784583548964,0.16679427666839172,1.9986394965983396,84.42036001940463,48.795129254280766,0.6092274123751691,1.4654626254563974,0.18523025001857074,0.045608009071094816,0.29806073691619983,1.9990367505669435,0.28778355340700085,80.27414887766211,36.27046418281246,0.04943652154385018,0.5133097981460898,1.9990600000000003,0.5273364642768135,-0.01243844273116867,1.999706750566944,-0.14375068628124404,690.1763189879638,-171.46429701179642,0.012345972786715571,-0.4947455057576371,0.3678338463825751,-0.4709219205838191,-0.23281669984785022,670.2421570172194,515.4998959950124,0.022066292520756925,-0.08390614500521279,9.99965324943306,0.373560076402609,1.7979760666044544
Cc1cc(C)c(N)c(C)c1.O=C(Cl)c1cccs1,-404.725746,2.7616,1610.3503,1306.272,0.211102,1.6333,0.093045,0.103945,-0.19699,135.2084,1270.484,-0.67407,-0.062092,0.01068,-0.69094,1.99929,-0.140795,21.1395,205.815,0.01169,-0.82768,1.99932,0.4526431718061674,-1125.2983746590153,0.8989004644803423,1318.760431390368,1051.8664137490334,0.07514125703092484,3.9869099489807027,0.1825097879616161,0.09715189528668504,-0.27966168324830115,-0.08535789267493107,146.5911,967.0850566647645,-0.36846109931444926,-0.017428701234791306,0.01983363911738161,-0.3620010732506892,1.9987481652957104,92.68784922793068,54.81236467913048,0.6462467515807672,1.4370241272768098,0.2224287020695229,0.04673669408579305,0.36090770231153096,1.9989036391173816,0.30910380250162073,80.55742798492986,32.972354231999795,0.05245018174718617,0.5457332583905814,1.9989436391173816,0.5414205707054607,-0.010696796550940281,1.9997,-0.1456564430324384,653.6458953915552,-169.41871646632262,0.012134495887131043,-0.5017229207448509,0.3800545942263263,-0.48442835604958645,-0.24229535996721743,702.4773700234127,507.97409032060614,0.02155,-0.09357010393236291,9.999647278234763,0.38004302083175984,0.984200076876042
Cc1cccc(C)c1N.CC(=O)Cl,-365.497909,3.2567,1206.1217,1192.367,0.18196,1.8445,0.09654499999999999,0.106765,-0.20331,121.1816,1208.7,-0.655296,-0.059484,0.01059,-0.68284,1.99928,-0.141377,21.0641,204.4504,0.01149,-0.82551,1.99931,0.45311516677155445,-613.070645,1.8407,361.1538,589.647,0.051921,2.5752,0.17481000000000002,0.13476,-0.30957,-0.04005,78.4981,543.096,-0.16842,-0.019931,0.00801,-0.68972,1.99914,58.3883,161.9989,0.3882945248584015,1.19561,-0.022262,0.04824,0.23014,1.99928,0.181407,78.3666,21.3299,0.05149,0.57826,1.99927,0.49370673379483954,-0.031774,1.99969,-0.138192,709.0371,-224.4771,0.01248,-0.48574,0.3472309628697294,-0.497062,-0.249833,776.7802,462.7909,0.02158,-0.12005,9.99964,0.3590308370044053,3.175132702233188
Cc1cccc(C)c1N.CC(C)(C)C(=O)Cl,-365.497909,3.2567,1206.1217,1192.367,0.18196,1.8445,0.09654499999999999,0.106765,-0.20331,121.1816,1208.7,-0.655296,-0.059484,0.01059,-0.68284,1.99928,-0.141377,21.0641,204.4504,0.01149,-0.82551,1.99931,0.45311516677155445,-730.74792,2.2489,944.8434,987.864,0.140866,2.7537,0.1676,0.13162,-0.29922,-0.03598,120.5785,1095.631,-0.002895,-0.401545,0.01495,-0.12509,1.99882,43.2203,145.8968,0.7474826935179358,1.086134,0.105519,0.05777,0.24151,1.999,0.311319,92.3348,10.4385,0.06159,0.60184,1.99904,0.6241346758967904,-0.044561,1.99969,-0.134635,702.0892,-210.5595,0.01227,-0.49442,0.4129955947136564,-0.486258,-0.243396,657.1407,517.8314,0.02014,-0.11423,9.99964,0.4117369414726243,0.1683614331693294
Cc1cccc(C)c1N.CC(C)(C)c1ccc(C(=O)Cl)cc1,-365.497909,3.2567,1206.1217,1192.367,0.18196,1.8445,0.09654499999999999,0.106765,-0.20331,121.1816,1208.7,-0.655296,-0.059484,0.01059,-0.68284,1.99928,-0.141377,21.0641,204.4504,0.01149,-0.82551,1.99931,0.45311516677155445,-961.3640173962594,0.8439951331320028,3736.8617162104047,1666.1327468680736,0.22702856304127478,4.218331555187393,0.1765543462087611,0.10122506668047276,-0.2777794128892339,-0.07532927952828836,196.6761,1756.2896208656803,-0.4178817038419192,-0.05493930742117488,0.01711,-0.19114765846693713,1.9987399999999997,145.50595114472912,64.19142355353065,0.6443475428431109,1.4770539433619239,0.2047373555601576,0.04842981988207208,0.3621147765800905,1.9990249099410362,0.31251209335266183,87.58830934681762,23.936423813800438,0.05250472982310813,0.5711581988207208,1.99906,0.5483809008647571,-0.017174605652256175,1.9997,-0.14438870176891871,691.262978378876,-184.8857997811485,0.01198,-0.5034901801179279,0.385780052201509,-0.5155604648516117,-0.2547429379952255,652.1694292748869,528.6326041804466,0.020760180117927914,-0.10642675787729755,9.99966,0.38215008883285495,0.6903005964605246
Cc1cccc(C)c1N.CC(C)C(=O)Cl,-365.497909,3.2567,1206.1217,1192.367,0.18196,1.8445,0.09654499999999999,0.106765,-0.20331,121.1816,1208.7,-0.655296,-0.059484,0.01059,-0.68284,1.99928,-0.141377,21.0641,204.4504,0.01149,-0.82551,1.99931,0.45311516677155445,-691.5212651203827,2.1259058055730957,774.3015688508707,791.3296195399124,0.11183604170191642,2.7012129828698455,0.17010773050232164,0.13244814752148587,-0.3025558780238075,-0.0376595829808358,106.5517,975.6940716840189,-0.024167191055353945,-0.17073551463321235,0.013924490779907133,-0.30198609076336,1.998945169740031,48.80721556952866,147.29575347812465,0.6314692916962978,1.1238819960085888,0.04858485903341499,0.0550134723397214,0.23591374372657942,1.9991075848700155,0.25247221421848887,88.59731276692389,12.733502739310532,0.0582213191506965,0.5944755962050935,1.9991375848700155,0.5800598381088926,-0.041438333812522876,1.99969,-0.1376712573166062,707.048479399112,-210.10582375691683,0.012389359809427323,-0.49276171727806395,0.39244024014119183,-0.49584497796278615,-0.2460183941104488,714.2513821331088,492.33222075195357,0.020564830259969046,-0.11847795268777256,9.99964,0.38745155439779033,1.246252798817258
Cc1cccc(C)c1N.CCC(C(=O)Cl)c1ccccc1,-365.497909,3.2567,1206.1217,1192.367,0.18196,1.8445,0.09654499999999999,0.106765,-0.20331,121.1816,1208.7,-0.655296,-0.059484,0.01059,-0.68284,1.99928,-0.141377,21.0641,204.4504,0.01149,-0.82551,1.99931,0.45311516677155445,-922.1350941424333,4.569522987935531,2455.9020135917617,1503.8121474082207,0.19835830978909602,2.7196956404060453,0.15641062941202977,0.11147264569784315,-0.267883275109873,-0.044937983714186606,182.6493,1522.0795475579139,-0.04878392032155667,-0.06036727587828204,0.02106411226593012,-0.32502486318000223,1.99889,30.15305416820589,127.38872271494051,0.7227754446342497,1.1178043569820812,0.06601085036127433,0.056704631153088186,0.26634316303879657,1.999111010410588,0.2584528867848544,80.18911170349905,15.605117816098318,0.05923987339580025,0.5947519757187832,1.999131232884499,0.6209158445810388,-0.11952997468335282,1.999685360884168,-0.143804062173481,712.2092388306249,-204.0050258804775,0.012248062306486857,-0.5005021470911517,0.43435065207263357,-0.4765579049182884,-0.2283885640121543,717.517615534147,464.5850831441031,0.021029658300558765,-0.0958973312821047,9.99961558335808,0.388169114477217,1.376492826432042
Cc1cccc(C)c1N.CCCCC(=O)Cl,-365.497909,3.2567,1206.1217,1192.367,0.18196,1.8445,0.09654499999999999,0.106765,-0.20331,121.1816,1208.7,-0.655296,-0.059484,0.01059,-0.68284,1.99928,-0.141377,21.0641,204.4504,0.01149,-0.82551,1.99931,0.45311516677155445,-730.7450150574017,2.090291331652506,1341.9302009057062,994.4515719835497,0.1418835432507869,2.6086344119789233,0.1712263701297755,0.1335958284882569,-0.3048221986180324,-0.037630541641518626,120.57850000000002,1041.7633434165296,-0.09671197627204661,0.007804712444770221,0.014038775373839806,-0.4880626302178358,1.9990404359511826,56.464141490849684,147.1293956944729,0.5593904691258827,1.1789239078387639,0.007528819367576247,0.05127629781296082,0.23642929006115296,1.9991881569913779,0.21380243779784716,82.77940616490689,16.660432212862794,0.05512335177243502,0.588506474333033,1.999198156991378,0.5578940906295883,-0.04184591941059398,1.9996900000000002,-0.14164929933233972,714.7961360943984,-212.9005115825591,0.012188685583343585,-0.49471489576310834,0.3995731427490579,-0.5163867508662023,-0.24523050175144934,770.1191505493439,470.94318983615574,0.020878088448009844,-0.11732762706245506,9.999642023227146,0.3671949651309757,2.2478786021765487
Cc1cccc(C)c1N.CCCCC(CC)C(=O)Cl,-365.497909,3.2567,1206.1217,1192.367,0.18196,1.8445,0.09654499999999999,0.106765,-0.20331,121.1816,1208.7,-0.655296,-0.059484,0.01059,-0.68284,1.99928,-0.141377,21.0641,204.4504,0.01149,-0.82551,1.99931,0.45311516677155445,-848.4194799426583,2.1267217278302994,2464.267019669444,1500.231394373068,0.23155073390523292,2.677801397359587,0.16853390822493342,0.13085299777436263,-0.29938690599929607,-0.037680910450570794,162.6589,1466.9452087716104,-0.0842353595837951,-0.12303181060215712,0.01891789249052634,-0.29470057863953375,1.9989210580785208,30.751430758385847,131.96111134930018,0.7081076322850737,1.1146350543229737,0.04049639435702823,0.05769645486653496,0.23430779863995022,1.999079831858541,0.2342915125830618,79.28964453295023,10.72058245681579,0.06134362576284608,0.5865793709141864,1.999110961152719,0.6405613297343266,-0.04916664952674792,1.9996827557665517,-0.14383461934649713,723.1028236690747,-205.35061664385827,0.012373376332512752,-0.5004955405011925,0.44056690495066464,-0.4902433087740082,-0.23982660938031483,795.885334662436,424.81685121337784,0.02061303988994313,-0.10758898034704956,9.999627692135396,0.39206250471260456,-0.1652596047701389
Cc1cccc(C)c1N.CCCCCCC(=O)Cl,-365.497909,3.2567,1206.1217,1192.367,0.18196,1.8445,0.09654499999999999,0.106765,-0.20331,121.1816,1208.7,-0.655296,-0.059484,0.01059,-0.68284,1.99928,-0.141377,21.0641,204.4504,0.01149,-0.82551,1.99931,0.45311516677155445,-809.1928450186999,2.191972683108519,2694.585979207065,1390.3008597551361,0.20178400746022246,2.7244460547894533,0.17032995662812994,0.13265533018130402,-0.30298528680943393,-0.03767462644682591,148.63210000000004,1261.5194415620172,-0.09799205324244195,0.017531207143586563,0.014411268813625472,-0.4870248810235342,1.9990360661441282,52.29176351269705,146.78208323625879,0.5553711533823926,1.1744333662866158,0.005174748608251482,0.05187764178651444,0.23654530602917653,1.9991838244073419,0.2092039866890283,82.95284094577164,16.8293560755272,0.055168636678038244,0.5896019425118675,1.9991965260075706,0.554803422626299,-0.04042034364900629,1.9996900000000004,-0.1394788994015972,704.4901204727937,-215.8672177680678,0.01234712539999367,-0.4919174099593421,0.38646821572942175,-0.5069924791734688,-0.24872178501458486,751.6188641806931,476.4115554370388,0.020814874094548554,-0.1210213165562404,9.999640000000001,0.3740534939797181,2.362452241411932
Cc1cccc(C)c1N.CCCCCCCCCCCC(=O)Cl,-365.497909,3.2567,1206.1217,1192.367,0.18196,1.8445,0.09654499999999999,0.106765,-0.20331,121.1816,1208.7,-0.655296,-0.059484,0.01059,-0.68284,1.99928,-0.141377,21.0641,204.4504,0.01149,-0.82551,1.99931,0.45311516677155445,-1005.3142281705781,2.051840846684475,7589.4788243149,2063.8977884186593,0.35148147884172565,2.580964688743521,0.17130593121998355,0.13237374139497904,-0.3036796726149626,-0.038932189825004494,218.76610000000002,2028.2284431012831,-0.09832466528407613,0.011300852452152831,0.014411262852878942,-0.4876371810409823,1.9990393233150183,54.09437145699512,147.61948876998457,0.5618015097823486,1.1889594778380719,0.0034922479456673456,0.05177155382090726,0.23634184011774262,1.9991781601252514,0.20777313911983045,80.09136057476589,16.11372837040959,0.05541338385685213,0.5883281241859004,1.999188590390622,0.5688480715114945,-0.04156562730035017,1.9996867476005615,-0.13988340193202087,708.4357928496703,-213.85227427913944,0.012237201999370216,-0.49679063701810433,0.4188836362668115,-0.5185254162381545,-0.24439257461254094,760.4693324636868,471.25224452499526,0.020883543820409477,-0.11594466851905619,9.999637177865932,0.3724491019162263,2.5030998038174817
Cc1cccc(C)c1N.CCc1ccc(C(=O)Cl)cc1,-365.497909,3.2567,1206.1217,1192.367,0.18196,1.8445,0.09654499999999999,0.106765,-0.20331,121.1816,1208.7,-0.655296,-0.059484,0.01059,-0.68284,1.99928,-0.141377,21.0641,204.4504,0.01149,-0.82551,1.99931,0.45311516677155445,-882.914671,0.8056,2669.3825,1421.7125,0.168403,4.1213,0.17781,0.10156000000000001,-0.27937,-0.07625,168.6225,1314.007,-0.402094,-0.061786,0.01695,-0.19259,1.99875,146.8733,63.8668,0.6452957835116425,1.456055,0.205216,0.04843,0.36246,1.99903,0.312565,87.4623,23.8993,0.05253,0.57058,1.99906,0.5498741346758967,-0.017375,1.9997,-0.144731,691.6855,-184.816,0.01198,-0.50355,0.3866425424795469,-0.509939,-0.254084,651.6022,528.6102,0.02081,-0.10547,9.99966,0.38294524858401513,1.0307544687706076
Cc1cccc(C)c1N.COc1cc(C(=O)Cl)cc(OC)c1OC,-365.497909,3.2567,1206.1217,1192.367,0.18196,1.8445,0.09654499999999999,0.106765,-0.20331,121.1816,1208.7,-0.655296,-0.059484,0.01059,-0.68284,1.99928,-0.141377,21.0641,204.4504,0.01149,-0.82551,1.99931,0.45311516677155445,-1147.3988728386491,9.590245055798524,4098.000453261923,1788.438858126628,0.21336973094695055,3.820453988387011,0.1589222523904965,0.08715554844614821,-0.2460778008366447,-0.07176670394434828,230.64750000000004,1702.8529527836297,-0.30062621086644153,-0.0505418648015625,0.01901263016358685,-0.16597456713914246,1.9988191465822256,138.9709269242885,66.29146063677923,0.6464282423283223,1.4648143543682646,0.20572451472928088,0.0527408394357223,0.4021922948019736,1.9991034206621257,0.30939671461077606,86.80447373218087,24.14315727612148,0.052543474138718856,0.5717040388310601,1.9990608534177752,0.5505070876792586,-0.22497649330386443,1.9997000000000003,-0.1474567049669537,690.2213647653614,-182.89085364682126,0.011964543057302771,-0.5069527124341651,0.38708728584549945,-0.5075244044704986,-0.2524332482777629,651.9670016723583,528.9051928576206,0.020845079417672406,-0.10312794717934845,9.999652567244352,0.38354454400728805,0.599145450035822
Cc1cccc(C)c1N.COc1ccc(C(=O)Cl)cc1,-365.497909,3.2567,1206.1217,1192.367,0.18196,1.8445,0.09654499999999999,0.106765,-0.20331,121.1816,1208.7,-0.655296,-0.059484,0.01059,-0.68284,1.99928,-0.141377,21.0641,204.4504,0.01149,-0.82551,1.99931,0.45311516677155445,-918.7794806452093,1.8095578782030461,2595.8845344392657,1351.432412177592,0.14413766686447077,4.69247217594736,0.16339189113066868,0.09466255858855176,-0.2580544497192204,-0.06872933254211694,170.5951,1330.3161569267518,-0.5316156870230284,-0.057328369918361544,0.01689,-0.20658333135529233,1.9987499999999998,139.08126280090607,69.5119016314473,0.6464023557102192,1.5082461480170826,0.19680829664503793,0.04825977751403898,0.35202155146760417,1.99902,0.30959364046198856,88.97441949403056,25.308381727266305,0.052509332542116934,0.5694617858218112,1.99905,0.5495559709571898,-0.023747567188664966,1.9997,-0.15034197745033262,671.7481042751876,-174.48073225064894,0.011970222485961022,-0.5095373064319758,0.38616179649303717,-0.5192249050540321,-0.26183382883983775,650.1022819991035,534.1770665455147,0.020634443785097444,-0.11341470187579644,9.99966,0.3827949177457842,0.8177291035384315
Cc1cccc(C)c1N.Cc1ccc(C(=O)Cl)cc1,-365.497909,3.2567,1206.1217,1192.367,0.18196,1.8445,0.09654499999999999,0.106765,-0.20331,121.1816,1208.7,-0.655296,-0.059484,0.01059,-0.68284,1.99928,-0.141377,21.0641,204.4504,0.01149,-0.82551,1.99931,0.45311516677155445,-843.690474,0.7847,2037.6054,1331.695,0.138241,4.0826,0.17777500000000002,0.101495,-0.27927,-0.07628,154.5957,957.156,-0.396447,-0.063926,0.01695,-0.19369,1.99875,146.8166,64.1383,0.6464757709251101,1.444549,0.205095,0.0484,0.3622,1.99903,0.312699,87.2722,23.9815,0.05251,0.57046,1.99906,0.5497954688483323,-0.017809,1.9997,-0.144896,691.7944,-184.7633,0.01198,-0.50358,0.3868785399622404,-0.507387,-0.254103,652.0078,529.0068,0.02081,-0.10548,9.99966,0.38231592196349906,0.4108142480255898
Cc1cccc(C)c1N.Cc1ccccc1C(=O)Cl,-365.497909,3.2567,1206.1217,1192.367,0.18196,1.8445,0.09654499999999999,0.106765,-0.20331,121.1816,1208.7,-0.655296,-0.059484,0.01059,-0.68284,1.99928,-0.141377,21.0641,204.4504,0.01149,-0.82551,1.99931,0.45311516677155445,-843.6875560574109,0.11441203094299326,1727.5775237937205,1185.5250490989843,0.13826824892949693,2.9335652803962233,0.17744671457012706,0.09930211916386854,-0.2767488337339956,-0.07814459540625854,154.5957,1206.8423660351868,-0.3609323356612174,-0.04382074162750573,0.017399388198169285,-0.18550015969286923,1.99871,143.88919896912307,63.72922694533436,0.6763989980060084,1.3794532603765848,0.17964343533990834,0.04829439509069746,0.3670932883597818,1.9990500711227133,0.2936090109211529,86.60514481931877,23.749668767244493,0.051918321357468225,0.5733261876760661,1.9990899288772865,0.5774004604109436,-0.03147546807824839,1.9996999288772865,-0.14907075579200177,701.4520483596131,-205.6625805599628,0.012379573263719579,-0.5042245104984888,0.4371025917512716,-0.51174269585703,-0.25672397091808735,673.4314174438672,509.25428815634746,0.020633982871950604,-0.11187011540779132,9.999669857754574,0.38752509665341367,0.5818584889258636
Cc1cccc(C)c1N.O=C(Cl)C12CC3CC(CC(C3)C1)C2,-365.497909,3.2567,1206.1217,1192.367,0.18196,1.8445,0.09654499999999999,0.106765,-0.20331,121.1816,1208.7,-0.655296,-0.059484,0.01059,-0.68284,1.99928,-0.141377,21.0641,204.4504,0.01149,-0.82551,1.99931,0.45311516677155445,-962.581811,3.0439,2417.6329,1837.01,0.2551,3.1191,0.16248,0.12827,-0.29075,-0.03421,198.6919,1506.761,-0.109963,-0.417603,0.01866,-0.12505,1.99879,47.667,144.0592,0.8325991189427313,1.135254,0.136483,0.05847,0.25586,1.99893,0.339763,94.9955,11.4326,0.06189,0.61891,1.99899,0.6260226557583386,-0.055463,1.99969,-0.134531,703.9745,-206.4244,0.01198,-0.49526,0.4133102580239144,-0.495051,-0.246408,649.7835,526.6917,0.01986,-0.11707,9.99965,0.4122089364380113,-0.2207616542628623
Cc1cccc(C)c1N.O=C(Cl)C=Cc1ccccc1,-365.497909,3.2567,1206.1217,1192.367,0.18196,1.8445,0.09654499999999999,0.106765,-0.20331,121.1816,1208.7,-0.655296,-0.059484,0.01059,-0.68284,1.99928,-0.141377,21.0641,204.4504,0.01149,-0.82551,1.99931,0.45311516677155445,-881.7076424349888,1.4583330632451224,3001.2649234041864,1257.7523733779365,0.14500556194108782,4.007677662728389,0.18097215746167145,0.08464781157985767,-0.2656199690415291,-0.09632434588181382,166.6067,1318.0489361294021,-0.6487631505721401,-0.11180734591608987,0.015986889213416643,-0.40177837436797814,1.9988062506712867,97.67235097153285,72.11756207665134,0.5471110545535718,1.594812176212798,0.21686245915706964,0.047810688301961585,0.3951780161227317,1.9990600002421206,0.2773765541231414,79.2212823091358,26.059164333630676,0.05162692895158519,0.5406730279839103,1.9991162506021094,0.518506511257886,-0.01080933265076242,1.99969,-0.1561087210570263,684.9150017741213,-177.68841986288376,0.012026865077963791,-0.508001072172739,0.3739683515791476,-0.5679760192194105,-0.25474012890245074,721.0320699222212,470.0895892939961,0.02118627173739866,-0.11190134066066033,9.99965374939789,0.36138049216617174,2.5490554640294274
Cc1cccc(C)c1N.O=C(Cl)c1ccc(-c2ccccc2)cc1,-365.497909,3.2567,1206.1217,1192.367,0.18196,1.8445,0.09654499999999999,0.106765,-0.20331,121.1816,1208.7,-0.655296,-0.059484,0.01059,-0.68284,1.99928,-0.141377,21.0641,204.4504,0.01149,-0.82551,1.99931,0.45311516677155445,-1035.081421,13.748,5091.4627,1754.559,0.195241,4.008,0.17202,0.08703,-0.25905,-0.08499,216.6665,1648.5790000000002,-0.476397,-0.069238,0.01931,-0.13635,1.99876,146.3066,63.2115,0.6453744493392071,1.557555,0.237449,0.05246,0.45217,1.99908,0.313028,86.8115,23.8787,0.05251,0.56896,1.99906,0.5493234738829452,-0.197972,1.99969,-0.14352,696.741,-187.3885,0.012,-0.50251,0.38569855254877283,-0.528893,-0.251945,650.7091,526.9992,0.02088,-0.10309,9.99966,0.38223725613593457,0.6390568083462046
Cc1cccc(C)c1N.O=C(Cl)c1ccc(Br)cc1,-365.497909,3.2567,1206.1217,1192.367,0.18196,1.8445,0.09654499999999999,0.106765,-0.20331,121.1816,1208.7,-0.655296,-0.059484,0.01059,-0.68284,1.99928,-0.141377,21.0641,204.4504,0.01149,-0.82551,1.99931,0.45311516677155445,-3377.857666,2.1799,3388.6568,1232.628,0.100324,2.0328,0.18545,0.09516000000000002,-0.28061,-0.09029,219.465,1258.854,-0.39698,-0.055564,0.01694,-0.19555,1.99875,149.5302,63.26,0.645846444304594,1.462386,0.217711,0.04852,0.3717,1.99904,0.315275,85.0022,24.181,0.05263,0.56687,1.99907,0.5486154814348647,-0.010299,1.9997,-0.140191,709.2575,-191.8647,0.01202,-0.49899,0.38719320327249845,-0.500793,-0.242085,647.9072,524.2242,0.02118,-0.09299,9.99965,0.382001258653241,1.3754123588981984
Cc1cccc(C)c1N.O=C(Cl)c1ccc(C(F)(F)F)cc1,-365.497909,3.2567,1206.1217,1192.367,0.18196,1.8445,0.09654499999999999,0.106765,-0.20331,121.1816,1208.7,-0.655296,-0.059484,0.01059,-0.68284,1.99928,-0.141377,21.0641,204.4504,0.01149,-0.82551,1.99931,0.45311516677155445,-1141.009328,3.3671,3493.4189,1579.5935,0.117803,1.0538,0.202225,0.10366500000000001,-0.30589,-0.09856,208.5672,1203.002,-0.281208,-0.066681,0.01707,-0.18876,1.99875,151.6583,59.3407,0.6463184392699811,1.375664,0.226354,0.04856,0.38009,1.99904,0.318189,83.9248,23.6216,0.05264,0.56628,1.99908,0.5490874764002517,-0.003696,1.9997,-0.135777,725.5918,-200.3338,0.01205,-0.49428,0.3871145374449339,-0.48031,-0.234509,646.3328,518.8401,0.02137,-0.08533,9.99964,0.38239458779106356,2.354438367799905
Cc1cccc(C)c1N.O=C(Cl)c1ccc(Cl)cc1,-365.497909,3.2567,1206.1217,1192.367,0.18196,1.8445,0.09654499999999999,0.106765,-0.20331,121.1816,1208.7,-0.655296,-0.059484,0.01059,-0.68284,1.99928,-0.141377,21.0641,204.4504,0.01149,-0.82551,1.99931,0.45311516677155445,-1263.981948,2.0754,2495.0487,918.639,0.100727,2.063,0.18674,0.09755,-0.28429,-0.08919,175.014,1159.235,-0.395009,-0.059104,0.01687,-0.19718,1.99875,148.1762,63.8432,0.6469477658904972,1.447541,0.216306,0.04848,0.37028,1.99904,0.314974,85.26,24.3534,0.05263,0.56696,1.99907,0.5487728130899937,-0.010873,1.9997,-0.140838,706.9426,-190.8553,0.01202,-0.49966,0.38719320327249845,-0.497634,-0.243186,647.8379,524.4538,0.02115,-0.09408,9.99965,0.38231592196349906,0.7717697302125313
Cc1cccc(C)c1N.O=C(Cl)c1ccc(Cl)cc1Cl,-365.497909,3.2567,1206.1217,1192.367,0.18196,1.8445,0.09654499999999999,0.106765,-0.20331,121.1816,1208.7,-0.655296,-0.059484,0.01059,-0.68284,1.99928,-0.141377,21.0641,204.4504,0.01149,-0.82551,1.99931,0.45311516677155445,-1723.4939374606504,1.2883800810490484,2980.2158268029457,1474.2397074519768,0.09215022714359405,2.4027020201639373,0.1889194293631092,0.09675937747005803,-0.28567880683316726,-0.09216005189305122,209.45909999999998,1522.9075142418037,-0.4253249866263163,-0.07327173319778336,0.019400577896779823,-0.2055589686983824,1.9986567970101383,141.94229947990505,63.78112283667599,0.6720934400530437,1.383887345120303,0.20099762442309496,0.051071825734569344,0.377952249212696,1.9990716014949308,0.30132847764488324,89.17290808438919,26.71033238705266,0.053662067271891524,0.5672160495446766,1.9991067970101382,0.5710416884369257,-0.02376615770075898,1.9996899999999997,-0.12318614046610027,738.0003184385099,-221.68962119212986,0.01246359402027631,-0.4777808249899132,0.41465210131273,-0.4997364317231278,-0.23461153961306366,691.034157820026,475.66836513053863,0.02126264516867135,-0.09382789320718006,9.999653594020277,0.3876269732870548,1.4168033690100843
Cc1cccc(C)c1N.O=C(Cl)c1ccc(F)cc1,-365.497909,3.2567,1206.1217,1192.367,0.18196,1.8445,0.09654499999999999,0.106765,-0.20331,121.1816,1208.7,-0.655296,-0.059484,0.01059,-0.68284,1.99928,-0.141377,21.0641,204.4504,0.01149,-0.82551,1.99931,0.45311516677155445,-903.560911,1.3905,1932.8255,1039.562,0.101816,2.1677,0.18521500000000002,0.102935,-0.28815,-0.08228,158.5594,1118.02,-0.402654,-0.063696,0.0167,-0.20093,1.99875,144.8678,66.2483,0.6475770925110133,1.405945,0.206459,0.0484,0.35807,1.99903,0.313827,86.1662,24.8469,0.05265,0.56797,1.99907,0.5505034612964128,-0.01578,1.9997,-0.143118,697.5602,-186.3864,0.01202,-0.50216,0.38735053492762744,-0.489988,-0.246855,647.3665,526.5674,0.02105,-0.09791,9.99965,0.38247325361862805,0.7846502738000665
Cc1cccc(C)c1N.O=C(Cl)c1ccc(F)cc1F,-365.497909,3.2567,1206.1217,1192.367,0.18196,1.8445,0.09654499999999999,0.106765,-0.20331,121.1816,1208.7,-0.655296,-0.059484,0.01059,-0.68284,1.99928,-0.141377,21.0641,204.4504,0.01149,-0.82551,1.99931,0.45311516677155445,-1002.6542594723891,1.5628342043633043,2120.324392652248,1108.7274438818417,0.09460995236304569,2.9002627333284448,0.18897774100507306,0.1031808922527925,-0.29215863325786556,-0.08579684875228055,176.5499,1217.2759401612166,-0.4762535813565251,-0.14156288723632596,0.01749714178274225,-0.2655723345228288,1.9987275595461926,125.52130121331402,76.87735232825071,0.6601959388546843,1.4011957195348994,0.21017866036864236,0.05033202645075863,0.3574196198405706,1.999092440453807,0.31311296107594244,89.14458035729169,29.976610165880096,0.053738691863957924,0.5602134195157078,1.9991175595461927,0.5592025931930473,-0.0013660944016755583,1.999692440453807,-0.12574949132688037,715.3363046299694,-206.25609228525013,0.012154107747207482,-0.4855636222965187,0.4016195195314515,-0.4835200440528855,-0.24479578722213755,687.6901003715086,492.5449564929477,0.021139816660918742,-0.0970344038983523,9.99966023818477,0.38741746794270504,1.9946413831451872
Cc1cccc(C)c1N.O=C(Cl)c1ccc(OC(F)(F)F)cc1,-365.497909,3.2567,1206.1217,1192.367,0.18196,1.8445,0.09654499999999999,0.106765,-0.20331,121.1816,1208.7,-0.655296,-0.059484,0.01059,-0.68284,1.99928,-0.141377,21.0641,204.4504,0.01149,-0.82551,1.99931,0.45311516677155445,-1216.116295,1.9373,4202.2051,1483.97,0.123247,2.1043,0.18684,0.10098000000000001,-0.28782,-0.08586,224.5666,1686.329,-0.41883,-0.055985,0.01693,-0.20009,1.99875,144.7474,65.8979,0.6455317809943361,1.437835,0.211505,0.04838,0.36227,1.99903,0.315037,85.8367,24.8444,0.0526,0.56737,1.99907,0.5483008181246066,-0.013036,1.9997,-0.141975,702.237,-188.2112,0.01203,-0.50095,0.3865638766519824,-0.492427,-0.24471,647.5785,525.941,0.02111,-0.09583,9.99965,0.382001258653241,0.999748952972639
Cc1cccc(C)c1N.O=C(Cl)c1ccc(SC(F)(F)F)cc1,-365.497909,3.2567,1206.1217,1192.367,0.18196,1.8445,0.09654499999999999,0.106765,-0.20331,121.1816,1208.7,-0.655296,-0.059484,0.01059,-0.68284,1.99928,-0.141377,21.0641,204.4504,0.01149,-0.82551,1.99931,0.45311516677155445,-1539.108656,10.93545,4535.03445,1625.511,0.120362,1.4151,0.19517500000000002,0.09453500000000001,-0.28971,-0.10064,240.6272,1337.92,-0.29784849999999996,-0.0998015,0.01897,-0.20292,1.99876,153.6659,59.602199999999996,0.6472624292007552,1.4163860000000001,0.25255150000000004,0.05244,0.4746,1.99909,0.3170855,83.78805,23.4428,0.05266,0.56606,1.99908,0.5502674638137193,-0.18941449999999999,1.99969,-0.1355175,726.435,-201.13459999999998,0.01204,-0.49415,0.3878618628067967,-0.49045249999999996,-0.234585,646.7714000000001,518.4003,0.02136,-0.08533,9.99964,0.38333857772183766,1.4294962795096318
Cc1cccc(C)c1N.O=C(Cl)c1ccc([N+](=O)[O-])cc1,-365.497909,3.2567,1206.1217,1192.367,0.18196,1.8445,0.09654499999999999,0.106765,-0.20331,121.1816,1208.7,-0.655296,-0.059484,0.01059,-0.68284,1.99928,-0.141377,21.0641,204.4504,0.01149,-0.82551,1.99931,0.45311516677155445,-1008.649643,2.8883,2934.3431,1429.187,0.114492,1.9316,0.21973499999999999,0.09540499999999999,-0.31514,-0.12433,185.5665,1180.633,-0.243545,-0.095972,0.01759,-0.19498,1.99875,153.1256,57.3166,0.6472624292007552,1.373848,0.307302,0.05273,0.54955,1.99909,0.319677,82.3735,23.8112,0.0527,0.56324,1.99908,0.5486154814348647,-0.149197,1.99968,-0.131168,741.5805,-208.9034,0.01209,-0.49014,0.3881371932032725,-0.473753,-0.225712,643.2683,512.101,0.02162,-0.07607,9.99964,0.38215859030837,1.9204060157232516
Cc1cccc(C)c1N.O=C(Cl)c1ccc2ccccc2c1,-365.497909,3.2567,1206.1217,1192.367,0.18196,1.8445,0.09654499999999999,0.106765,-0.20331,121.1816,1208.7,-0.655296,-0.059484,0.01059,-0.68284,1.99928,-0.141377,21.0641,204.4504,0.01149,-0.82551,1.99931,0.45311516677155445,-957.8231548793865,8.942984281922897,3120.642424188284,1617.483620444743,0.15897933382482796,3.963189472116048,0.1688166691241398,0.08189167649655926,-0.25070834562069905,-0.08692499262758055,190.6287,1577.0617708477648,-0.406241613979723,-0.0853495998229043,0.01913813624300125,-0.18617714833386767,1.9987759805367138,143.21741244463914,64.17324326159877,0.6477991941427841,1.4941111495158192,0.2417364895313614,0.05284029194928839,0.45526854910095393,1.9990940194632858,0.3139393768798561,87.57417048040392,23.502188115581014,0.052508428192289645,0.5698158832202846,1.9990640194632858,0.5497785108064259,-0.20163146446439634,1.9996899999999997,-0.14309156915373786,699.7480535233219,-189.1846326741985,0.01198794161014232,-0.5022111235626368,0.38731661884381463,-0.5121153102357949,-0.2502995078146661,650.3423603945448,527.1525046879868,0.020885980536714102,-0.10191680330266659,9.999655980536714,0.3832938279780859,0.5397351230139728
Cc1cccc(C)c1N.O=C(Cl)c1cccc2ccccc12,-365.497909,3.2567,1206.1217,1192.367,0.18196,1.8445,0.09654499999999999,0.106765,-0.20331,121.1816,1208.7,-0.655296,-0.059484,0.01059,-0.68284,1.99928,-0.141377,21.0641,204.4504,0.01149,-0.82551,1.99931,0.45311516677155445,-957.8186401303651,7.76497366122391,2727.8224101566643,1452.655905920424,0.1591435410273463,3.138155778233965,0.17141258730322817,0.07978083346207067,-0.2511934207652988,-0.09163175384115753,190.62869999999998,1654.673933628048,-0.3606608914538662,-0.060651833547166085,0.019562781082751415,-0.15268271376427908,1.9987499999999998,140.36828004155382,67.13279503149818,0.67083710319587,1.4184804447627122,0.24250688344425783,0.05177296194712997,0.4757362417913853,1.9991198794237475,0.3059404481129295,90.28639256302401,23.548420283844816,0.051731334167722944,0.5763399240539799,1.9990998794237473,0.5737331192431018,-0.21399212998145925,1.9996800602881257,-0.14835273747499386,677.8735529026063,-199.8173439886677,0.012231266050649904,-0.5084526793064421,0.42167378684587214,-0.536095752759764,-0.25799595608850817,690.7625756377732,499.1303403904185,0.020573617287571157,-0.11333870811906079,9.999669879423749,0.38839317125744705,0.4267104145372685
Cc1cccc(C)c1N.O=C(Cl)c1ccccc1,-365.497909,3.2567,1206.1217,1192.367,0.18196,1.8445,0.09654499999999999,0.106765,-0.20331,121.1816,1208.7,-0.655296,-0.059484,0.01059,-0.68284,1.99928,-0.141377,21.0641,204.4504,0.01149,-0.82551,1.99931,0.45311516677155445,-804.46025,0.6975,1464.397,1335.877,0.109113,3.4435,0.18524,0.10419999999999999,-0.28944,-0.08104,140.5689,1259.541,-0.319057,-0.06921,0.01701,-0.18925,1.99875,150.2369,61.7104,0.6467904342353682,1.381429,0.207568,0.04848,0.36494,1.99903,0.313396,86.434,23.3461,0.05259,0.56996,1.99907,0.5492448080553808,-0.014961,1.9997,-0.142092,704.1163,-190.2727,0.012,-0.50042,0.3867212083071114,-0.491795,-0.248031,648.8095,526.2085,0.02098,-0.09932,9.99965,0.38247325361862805,0.9076628249271964
Cc1cccc(C)c1N.O=C(Cl)c1ccco1,-365.497909,3.2567,1206.1217,1192.367,0.18196,1.8445,0.09654499999999999,0.106765,-0.20331,121.1816,1208.7,-0.655296,-0.059484,0.01059,-0.68284,1.99928,-0.141377,21.0641,204.4504,0.01149,-0.82551,1.99931,0.45311516677155445,-802.2749436403665,0.9628803601977091,1106.8639320512225,837.4781616717298,0.07810627687091332,4.223320701907314,0.17692659069992278,0.09926084693630044,-0.2761874376362232,-0.07766574376362233,130.53050000000002,1023.5943809662729,-0.2571876525553629,0.07456587223868763,0.028521784583548964,0.16679427666839172,1.9986394965983396,84.42036001940463,48.795129254280766,0.6092274123751691,1.4654626254563974,0.18523025001857074,0.045608009071094816,0.29806073691619983,1.9990367505669435,0.28778355340700085,80.27414887766211,36.27046418281246,0.04943652154385018,0.5133097981460898,1.9990600000000003,0.5273364642768135,-0.01243844273116867,1.999706750566944,-0.14375068628124404,690.1763189879638,-171.46429701179642,0.012345972786715571,-0.4947455057576371,0.3678338463825751,-0.4709219205838191,-0.23281669984785022,670.2421570172194,515.4998959950124,0.022066292520756925,-0.08390614500521279,9.99965324943306,0.373560076402609,1.5899906357498594
Cc1cccc(C)c1N.O=C(Cl)c1cccs1,-365.497909,3.2567,1206.1217,1192.367,0.18196,1.8445,0.09654499999999999,0.106765,-0.20331,121.1816,1208.7,-0.655296,-0.059484,0.01059,-0.68284,1.99928,-0.141377,21.0641,204.4504,0.01149,-0.82551,1.99931,0.45311516677155445,-1125.2983746590153,0.8989004644803423,1318.760431390368,1051.8664137490334,0.07514125703092484,3.9869099489807027,0.1825097879616161,0.09715189528668504,-0.27966168324830115,-0.08535789267493107,146.5911,967.0850566647645,-0.36846109931444926,-0.017428701234791306,0.01983363911738161,-0.3620010732506892,1.9987481652957104,92.68784922793068,54.81236467913048,0.6462467515807672,1.4370241272768098,0.2224287020695229,0.04673669408579305,0.36090770231153096,1.9989036391173816,0.30910380250162073,80.55742798492986,32.972354231999795,0.05245018174718617,0.5457332583905814,1.9989436391173816,0.5414205707054607,-0.010696796550940281,1.9997,-0.1456564430324384,653.6458953915552,-169.41871646632262,0.012134495887131043,-0.5017229207448509,0.3800545942263263,-0.48442835604958645,-0.24229535996721743,702.4773700234127,507.97409032060614,0.02155,-0.09357010393236291,9.999647278234763,0.38004302083175984,1.3644480662462812
Cc1cccc(N)c1.CC(=O)Cl,-326.268101,3.4609,990.3774,1170.29,0.152634,1.5945,0.10086999999999999,0.1051,-0.20597,107.1548,1170.29,-0.697011,-0.043767,0.01053,-0.64708,1.99927,-0.1431,80.907,200.805,0.01149,-0.8152,1.9993,0.3750786658275645,-613.070645,1.8407,361.1538,589.647,0.051921,2.5752,0.17481000000000002,0.13476,-0.30957,-0.04005,78.4981,543.096,-0.16842,-0.019931,0.00801,-0.68972,1.99914,58.3883,161.9989,0.3882945248584015,1.19561,-0.022262,0.04824,0.23014,1.99928,0.181407,78.3666,21.3299,0.05149,0.57826,1.99927,0.49370673379483954,-0.031774,1.99969,-0.138192,709.0371,-224.4771,0.01248,-0.48574,0.3472309628697294,-0.497062,-0.249833,776.7802,462.7909,0.02158,-0.12005,9.99964,0.3590308370044053,3.2321487063409915
Cc1cccc(N)c1.CC(C)(C)C(=O)Cl,-326.268101,3.4609,990.3774,1170.29,0.152634,1.5945,0.10086999999999999,0.1051,-0.20597,107.1548,1170.29,-0.697011,-0.043767,0.01053,-0.64708,1.99927,-0.1431,80.907,200.805,0.01149,-0.8152,1.9993,0.3750786658275645,-730.74792,2.2489,944.8434,987.864,0.140866,2.7537,0.1676,0.13162,-0.29922,-0.03598,120.5785,1095.631,-0.002895,-0.401545,0.01495,-0.12509,1.99882,43.2203,145.8968,0.7474826935179358,1.086134,0.105519,0.05777,0.24151,1.999,0.311319,92.3348,10.4385,0.06159,0.60184,1.99904,0.6241346758967904,-0.044561,1.99969,-0.134635,702.0892,-210.5595,0.01227,-0.49442,0.4129955947136564,-0.486258,-0.243396,657.1407,517.8314,0.02014,-0.11423,9.99964,0.4117369414726243,1.634697617392311
Cc1cccc(N)c1.CC(C)(C)c1ccc(C(=O)Cl)cc1,-326.268101,3.4609,990.3774,1170.29,0.152634,1.5945,0.10086999999999999,0.1051,-0.20597,107.1548,1170.29,-0.697011,-0.043767,0.01053,-0.64708,1.99927,-0.1431,80.907,200.805,0.01149,-0.8152,1.9993,0.3750786658275645,-961.3640173962594,0.8439951331320028,3736.8617162104047,1666.1327468680736,0.22702856304127478,4.218331555187393,0.1765543462087611,0.10122506668047276,-0.2777794128892339,-0.07532927952828836,196.6761,1756.2896208656803,-0.4178817038419192,-0.05493930742117488,0.01711,-0.19114765846693713,1.9987399999999997,145.50595114472912,64.19142355353065,0.6443475428431109,1.4770539433619239,0.2047373555601576,0.04842981988207208,0.3621147765800905,1.9990249099410362,0.31251209335266183,87.58830934681762,23.936423813800438,0.05250472982310813,0.5711581988207208,1.99906,0.5483809008647571,-0.017174605652256175,1.9997,-0.14438870176891871,691.262978378876,-184.8857997811485,0.01198,-0.5034901801179279,0.385780052201509,-0.5155604648516117,-0.2547429379952255,652.1694292748869,528.6326041804466,0.020760180117927914,-0.10642675787729755,9.99966,0.38215008883285495,1.0572081587616609
Cc1cccc(N)c1.CC(C)C(=O)Cl,-326.268101,3.4609,990.3774,1170.29,0.152634,1.5945,0.10086999999999999,0.1051,-0.20597,107.1548,1170.29,-0.697011,-0.043767,0.01053,-0.64708,1.99927,-0.1431,80.907,200.805,0.01149,-0.8152,1.9993,0.3750786658275645,-691.5212651203827,2.1259058055730957,774.3015688508707,791.3296195399124,0.11183604170191642,2.7012129828698455,0.17010773050232164,0.13244814752148587,-0.3025558780238075,-0.0376595829808358,106.5517,975.6940716840189,-0.024167191055353945,-0.17073551463321235,0.013924490779907133,-0.30198609076336,1.998945169740031,48.80721556952866,147.29575347812465,0.6314692916962978,1.1238819960085888,0.04858485903341499,0.0550134723397214,0.23591374372657942,1.9991075848700155,0.25247221421848887,88.59731276692389,12.733502739310532,0.0582213191506965,0.5944755962050935,1.9991375848700155,0.5800598381088926,-0.041438333812522876,1.99969,-0.1376712573166062,707.048479399112,-210.10582375691683,0.012389359809427323,-0.49276171727806395,0.39244024014119183,-0.49584497796278615,-0.2460183941104488,714.2513821331088,492.33222075195357,0.020564830259969046,-0.11847795268777256,9.99964,0.38745155439779033,2.5446461213340767
Cc1cccc(N)c1.CCC(C(=O)Cl)c1ccccc1,-326.268101,3.4609,990.3774,1170.29,0.152634,1.5945,0.10086999999999999,0.1051,-0.20597,107.1548,1170.29,-0.697011,-0.043767,0.01053,-0.64708,1.99927,-0.1431,80.907,200.805,0.01149,-0.8152,1.9993,0.3750786658275645,-922.1350941424333,4.569522987935531,2455.9020135917617,1503.8121474082207,0.19835830978909602,2.7196956404060453,0.15641062941202977,0.11147264569784315,-0.267883275109873,-0.044937983714186606,182.6493,1522.0795475579139,-0.04878392032155667,-0.06036727587828204,0.02106411226593012,-0.32502486318000223,1.99889,30.15305416820589,127.38872271494051,0.7227754446342497,1.1178043569820812,0.06601085036127433,0.056704631153088186,0.26634316303879657,1.999111010410588,0.2584528867848544,80.18911170349905,15.605117816098318,0.05923987339580025,0.5947519757187832,1.999131232884499,0.6209158445810388,-0.11952997468335282,1.999685360884168,-0.143804062173481,712.2092388306249,-204.0050258804775,0.012248062306486857,-0.5005021470911517,0.43435065207263357,-0.4765579049182884,-0.2283885640121543,717.517615534147,464.5850831441031,0.021029658300558765,-0.0958973312821047,9.99961558335808,0.388169114477217,2.612359947967774
Cc1cccc(N)c1.CCCCC(=O)Cl,-326.268101,3.4609,990.3774,1170.29,0.152634,1.5945,0.10086999999999999,0.1051,-0.20597,107.1548,1170.29,-0.697011,-0.043767,0.01053,-0.64708,1.99927,-0.1431,80.907,200.805,0.01149,-0.8152,1.9993,0.3750786658275645,-730.7450150574017,2.090291331652506,1341.9302009057062,994.4515719835497,0.1418835432507869,2.6086344119789233,0.1712263701297755,0.1335958284882569,-0.3048221986180324,-0.037630541641518626,120.57850000000002,1041.7633434165296,-0.09671197627204661,0.007804712444770221,0.014038775373839806,-0.4880626302178358,1.9990404359511826,56.464141490849684,147.1293956944729,0.5593904691258827,1.1789239078387639,0.007528819367576247,0.05127629781296082,0.23642929006115296,1.9991881569913779,0.21380243779784716,82.77940616490689,16.660432212862794,0.05512335177243502,0.588506474333033,1.999198156991378,0.5578940906295883,-0.04184591941059398,1.9996900000000002,-0.14164929933233972,714.7961360943984,-212.9005115825591,0.012188685583343585,-0.49471489576310834,0.3995731427490579,-0.5163867508662023,-0.24523050175144934,770.1191505493439,470.94318983615574,0.020878088448009844,-0.11732762706245506,9.999642023227146,0.3671949651309757,2.6461512732611605
Cc1cccc(N)c1.CCCCC(CC)C(=O)Cl,-326.268101,3.4609,990.3774,1170.29,0.152634,1.5945,0.10086999999999999,0.1051,-0.20597,107.1548,1170.29,-0.697011,-0.043767,0.01053,-0.64708,1.99927,-0.1431,80.907,200.805,0.01149,-0.8152,1.9993,0.3750786658275645,-848.4194799426583,2.1267217278302994,2464.267019669444,1500.231394373068,0.23155073390523292,2.677801397359587,0.16853390822493342,0.13085299777436263,-0.29938690599929607,-0.037680910450570794,162.6589,1466.9452087716104,-0.0842353595837951,-0.12303181060215712,0.01891789249052634,-0.29470057863953375,1.9989210580785208,30.751430758385847,131.96111134930018,0.7081076322850737,1.1146350543229737,0.04049639435702823,0.05769645486653496,0.23430779863995022,1.999079831858541,0.2342915125830618,79.28964453295023,10.72058245681579,0.06134362576284608,0.5865793709141864,1.999110961152719,0.6405613297343266,-0.04916664952674792,1.9996827557665517,-0.14383461934649713,723.1028236690747,-205.35061664385827,0.012373376332512752,-0.5004955405011925,0.44056690495066464,-0.4902433087740082,-0.23982660938031483,795.885334662436,424.81685121337784,0.02061303988994313,-0.10758898034704956,9.999627692135396,0.39206250471260456,1.2359531528963366
Cc1cccc(N)c1.CCCCCCC(=O)Cl,-326.268101,3.4609,990.3774,1170.29,0.152634,1.5945,0.10086999999999999,0.1051,-0.20597,107.1548,1170.29,-0.697011,-0.043767,0.01053,-0.64708,1.99927,-0.1431,80.907,200.805,0.01149,-0.8152,1.9993,0.3750786658275645,-809.1928450186999,2.191972683108519,2694.585979207065,1390.3008597551361,0.20178400746022246,2.7244460547894533,0.17032995662812994,0.13265533018130402,-0.30298528680943393,-0.03767462644682591,148.63210000000004,1261.5194415620172,-0.09799205324244195,0.017531207143586563,0.014411268813625472,-0.4870248810235342,1.9990360661441282,52.29176351269705,146.78208323625879,0.5553711533823926,1.1744333662866158,0.005174748608251482,0.05187764178651444,0.23654530602917653,1.9991838244073419,0.2092039866890283,82.95284094577164,16.8293560755272,0.055168636678038244,0.5896019425118675,1.9991965260075706,0.554803422626299,-0.04042034364900629,1.9996900000000004,-0.1394788994015972,704.4901204727937,-215.8672177680678,0.01234712539999367,-0.4919174099593421,0.38646821572942175,-0.5069924791734688,-0.24872178501458486,751.6188641806931,476.4115554370388,0.020814874094548554,-0.1210213165562404,9.999640000000001,0.3740534939797181,2.667601270414288
Cc1cccc(N)c1.CCCCCCCCCCCC(=O)Cl,-326.268101,3.4609,990.3774,1170.29,0.152634,1.5945,0.10086999999999999,0.1051,-0.20597,107.1548,1170.29,-0.697011,-0.043767,0.01053,-0.64708,1.99927,-0.1431,80.907,200.805,0.01149,-0.8152,1.9993,0.3750786658275645,-1005.3142281705781,2.051840846684475,7589.4788243149,2063.8977884186593,0.35148147884172565,2.580964688743521,0.17130593121998355,0.13237374139497904,-0.3036796726149626,-0.038932189825004494,218.76610000000002,2028.2284431012831,-0.09832466528407613,0.011300852452152831,0.014411262852878942,-0.4876371810409823,1.9990393233150183,54.09437145699512,147.61948876998457,0.5618015097823486,1.1889594778380719,0.0034922479456673456,0.05177155382090726,0.23634184011774262,1.9991781601252514,0.20777313911983045,80.09136057476589,16.11372837040959,0.05541338385685213,0.5883281241859004,1.999188590390622,0.5688480715114945,-0.04156562730035017,1.9996867476005615,-0.13988340193202087,708.4357928496703,-213.85227427913944,0.012237201999370216,-0.49679063701810433,0.4188836362668115,-0.5185254162381545,-0.24439257461254094,760.4693324636868,471.25224452499526,0.020883543820409477,-0.11594466851905619,9.999637177865932,0.3724491019162263,2.984637966300973
Cc1cccc(N)c1.CCc1ccc(C(=O)Cl)cc1,-326.268101,3.4609,990.3774,1170.29,0.152634,1.5945,0.10086999999999999,0.1051,-0.20597,107.1548,1170.29,-0.697011,-0.043767,0.01053,-0.64708,1.99927,-0.1431,80.907,200.805,0.01149,-0.8152,1.9993,0.3750786658275645,-882.914671,0.8056,2669.3825,1421.7125,0.168403,4.1213,0.17781,0.10156000000000001,-0.27937,-0.07625,168.6225,1314.007,-0.402094,-0.061786,0.01695,-0.19259,1.99875,146.8733,63.8668,0.6452957835116425,1.456055,0.205216,0.04843,0.36246,1.99903,0.312565,87.4623,23.8993,0.05253,0.57058,1.99906,0.5498741346758967,-0.017375,1.9997,-0.144731,691.6855,-184.816,0.01198,-0.50355,0.3866425424795469,-0.509939,-0.254084,651.6022,528.6102,0.02081,-0.10547,9.99966,0.38294524858401513,1.3150635749094497
Cc1cccc(N)c1.COc1cc(C(=O)Cl)cc(OC)c1OC,-326.268101,3.4609,990.3774,1170.29,0.152634,1.5945,0.10086999999999999,0.1051,-0.20597,107.1548,1170.29,-0.697011,-0.043767,0.01053,-0.64708,1.99927,-0.1431,80.907,200.805,0.01149,-0.8152,1.9993,0.3750786658275645,-1147.3988728386491,9.590245055798524,4098.000453261923,1788.438858126628,0.21336973094695055,3.820453988387011,0.1589222523904965,0.08715554844614821,-0.2460778008366447,-0.07176670394434828,230.64750000000004,1702.8529527836297,-0.30062621086644153,-0.0505418648015625,0.01901263016358685,-0.16597456713914246,1.9988191465822256,138.9709269242885,66.29146063677923,0.6464282423283223,1.4648143543682646,0.20572451472928088,0.0527408394357223,0.4021922948019736,1.9991034206621257,0.30939671461077606,86.80447373218087,24.14315727612148,0.052543474138718856,0.5717040388310601,1.9990608534177752,0.5505070876792586,-0.22497649330386443,1.9997000000000003,-0.1474567049669537,690.2213647653614,-182.89085364682126,0.011964543057302771,-0.5069527124341651,0.38708728584549945,-0.5075244044704986,-0.2524332482777629,651.9670016723583,528.9051928576206,0.020845079417672406,-0.10312794717934845,9.999652567244352,0.38354454400728805,1.2298680254204153
Cc1cccc(N)c1.COc1ccc(C(=O)Cl)cc1,-326.268101,3.4609,990.3774,1170.29,0.152634,1.5945,0.10086999999999999,0.1051,-0.20597,107.1548,1170.29,-0.697011,-0.043767,0.01053,-0.64708,1.99927,-0.1431,80.907,200.805,0.01149,-0.8152,1.9993,0.3750786658275645,-918.7794806452093,1.8095578782030461,2595.8845344392657,1351.432412177592,0.14413766686447077,4.69247217594736,0.16339189113066868,0.09466255858855176,-0.2580544497192204,-0.06872933254211694,170.5951,1330.3161569267518,-0.5316156870230284,-0.057328369918361544,0.01689,-0.20658333135529233,1.9987499999999998,139.08126280090607,69.5119016314473,0.6464023557102192,1.5082461480170826,0.19680829664503793,0.04825977751403898,0.35202155146760417,1.99902,0.30959364046198856,88.97441949403056,25.308381727266305,0.052509332542116934,0.5694617858218112,1.99905,0.5495559709571898,-0.023747567188664966,1.9997,-0.15034197745033262,671.7481042751876,-174.48073225064894,0.011970222485961022,-0.5095373064319758,0.38616179649303717,-0.5192249050540321,-0.26183382883983775,650.1022819991035,534.1770665455147,0.020634443785097444,-0.11341470187579644,9.99966,0.3827949177457842,0.6517802121303164
Cc1cccc(N)c1.Cc1ccc(C(=O)Cl)cc1,-326.268101,3.4609,990.3774,1170.29,0.152634,1.5945,0.10086999999999999,0.1051,-0.20597,107.1548,1170.29,-0.697011,-0.043767,0.01053,-0.64708,1.99927,-0.1431,80.907,200.805,0.01149,-0.8152,1.9993,0.3750786658275645,-843.690474,0.7847,2037.6054,1331.695,0.138241,4.0826,0.17777500000000002,0.101495,-0.27927,-0.07628,154.5957,957.156,-0.396447,-0.063926,0.01695,-0.19369,1.99875,146.8166,64.1383,0.6464757709251101,1.444549,0.205095,0.0484,0.3622,1.99903,0.312699,87.2722,23.9815,0.05251,0.57046,1.99906,0.5497954688483323,-0.017809,1.9997,-0.144896,691.7944,-184.7633,0.01198,-0.50358,0.3868785399622404,-0.507387,-0.254103,652.0078,529.0068,0.02081,-0.10548,9.99966,0.38231592196349906,1.112929218372725
Cc1cccc(N)c1.Cc1ccccc1C(=O)Cl,-326.268101,3.4609,990.3774,1170.29,0.152634,1.5945,0.10086999999999999,0.1051,-0.20597,107.1548,1170.29,-0.697011,-0.043767,0.01053,-0.64708,1.99927,-0.1431,80.907,200.805,0.01149,-0.8152,1.9993,0.3750786658275645,-843.6875560574109,0.11441203094299326,1727.5775237937205,1185.5250490989843,0.13826824892949693,2.9335652803962233,0.17744671457012706,0.09930211916386854,-0.2767488337339956,-0.07814459540625854,154.5957,1206.8423660351868,-0.3609323356612174,-0.04382074162750573,0.017399388198169285,-0.18550015969286923,1.99871,143.88919896912307,63.72922694533436,0.6763989980060084,1.3794532603765848,0.17964343533990834,0.04829439509069746,0.3670932883597818,1.9990500711227133,0.2936090109211529,86.60514481931877,23.749668767244493,0.051918321357468225,0.5733261876760661,1.9990899288772865,0.5774004604109436,-0.03147546807824839,1.9996999288772865,-0.14907075579200177,701.4520483596131,-205.6625805599628,0.012379573263719579,-0.5042245104984888,0.4371025917512716,-0.51174269585703,-0.25672397091808735,673.4314174438672,509.25428815634746,0.020633982871950604,-0.11187011540779132,9.999669857754574,0.38752509665341367,1.4667733230068671
Cc1cccc(N)c1.O=C(Cl)C12CC3CC(CC(C3)C1)C2,-326.268101,3.4609,990.3774,1170.29,0.152634,1.5945,0.10086999999999999,0.1051,-0.20597,107.1548,1170.29,-0.697011,-0.043767,0.01053,-0.64708,1.99927,-0.1431,80.907,200.805,0.01149,-0.8152,1.9993,0.3750786658275645,-962.581811,3.0439,2417.6329,1837.01,0.2551,3.1191,0.16248,0.12827,-0.29075,-0.03421,198.6919,1506.761,-0.109963,-0.417603,0.01866,-0.12505,1.99879,47.667,144.0592,0.8325991189427313,1.135254,0.136483,0.05847,0.25586,1.99893,0.339763,94.9955,11.4326,0.06189,0.61891,1.99899,0.6260226557583386,-0.055463,1.99969,-0.134531,703.9745,-206.4244,0.01198,-0.49526,0.4133102580239144,-0.495051,-0.246408,649.7835,526.6917,0.01986,-0.11707,9.99965,0.4122089364380113,1.7576731257149902
Cc1cccc(N)c1.O=C(Cl)C=Cc1ccccc1,-326.268101,3.4609,990.3774,1170.29,0.152634,1.5945,0.10086999999999999,0.1051,-0.20597,107.1548,1170.29,-0.697011,-0.043767,0.01053,-0.64708,1.99927,-0.1431,80.907,200.805,0.01149,-0.8152,1.9993,0.3750786658275645,-881.7076424349888,1.4583330632451224,3001.2649234041864,1257.7523733779365,0.14500556194108782,4.007677662728389,0.18097215746167145,0.08464781157985767,-0.2656199690415291,-0.09632434588181382,166.6067,1318.0489361294021,-0.6487631505721401,-0.11180734591608987,0.015986889213416643,-0.40177837436797814,1.9988062506712867,97.67235097153285,72.11756207665134,0.5471110545535718,1.594812176212798,0.21686245915706964,0.047810688301961585,0.3951780161227317,1.9990600002421206,0.2773765541231414,79.2212823091358,26.059164333630676,0.05162692895158519,0.5406730279839103,1.9991162506021094,0.518506511257886,-0.01080933265076242,1.99969,-0.1561087210570263,684.9150017741213,-177.68841986288376,0.012026865077963791,-0.508001072172739,0.3739683515791476,-0.5679760192194105,-0.25474012890245074,721.0320699222212,470.0895892939961,0.02118627173739866,-0.11190134066066033,9.99965374939789,0.36138049216617174,2.2255181274067444
Cc1cccc(N)c1.O=C(Cl)c1ccc(-c2ccccc2)cc1,-326.268101,3.4609,990.3774,1170.29,0.152634,1.5945,0.10086999999999999,0.1051,-0.20597,107.1548,1170.29,-0.697011,-0.043767,0.01053,-0.64708,1.99927,-0.1431,80.907,200.805,0.01149,-0.8152,1.9993,0.3750786658275645,-1035.081421,13.748,5091.4627,1754.559,0.195241,4.008,0.17202,0.08703,-0.25905,-0.08499,216.6665,1648.5790000000002,-0.476397,-0.069238,0.01931,-0.13635,1.99876,146.3066,63.2115,0.6453744493392071,1.557555,0.237449,0.05246,0.45217,1.99908,0.313028,86.8115,23.8787,0.05251,0.56896,1.99906,0.5493234738829452,-0.197972,1.99969,-0.14352,696.741,-187.3885,0.012,-0.50251,0.38569855254877283,-0.528893,-0.251945,650.7091,526.9992,0.02088,-0.10309,9.99966,0.38223725613593457,1.3941501950978723
Cc1cccc(N)c1.O=C(Cl)c1ccc(Br)cc1,-326.268101,3.4609,990.3774,1170.29,0.152634,1.5945,0.10086999999999999,0.1051,-0.20597,107.1548,1170.29,-0.697011,-0.043767,0.01053,-0.64708,1.99927,-0.1431,80.907,200.805,0.01149,-0.8152,1.9993,0.3750786658275645,-3377.857666,2.1799,3388.6568,1232.628,0.100324,2.0328,0.18545,0.09516000000000002,-0.28061,-0.09029,219.465,1258.854,-0.39698,-0.055564,0.01694,-0.19555,1.99875,149.5302,63.26,0.645846444304594,1.462386,0.217711,0.04852,0.3717,1.99904,0.315275,85.0022,24.181,0.05263,0.56687,1.99907,0.5486154814348647,-0.010299,1.9997,-0.140191,709.2575,-191.8647,0.01202,-0.49899,0.38719320327249845,-0.500793,-0.242085,647.9072,524.2242,0.02118,-0.09299,9.99965,0.382001258653241,1.903859235768654
Cc1cccc(N)c1.O=C(Cl)c1ccc(C(F)(F)F)cc1,-326.268101,3.4609,990.3774,1170.29,0.152634,1.5945,0.10086999999999999,0.1051,-0.20597,107.1548,1170.29,-0.697011,-0.043767,0.01053,-0.64708,1.99927,-0.1431,80.907,200.805,0.01149,-0.8152,1.9993,0.3750786658275645,-1141.009328,3.3671,3493.4189,1579.5935,0.117803,1.0538,0.202225,0.10366500000000001,-0.30589,-0.09856,208.5672,1203.002,-0.281208,-0.066681,0.01707,-0.18876,1.99875,151.6583,59.3407,0.6463184392699811,1.375664,0.226354,0.04856,0.38009,1.99904,0.318189,83.9248,23.6216,0.05264,0.56628,1.99908,0.5490874764002517,-0.003696,1.9997,-0.135777,725.5918,-200.3338,0.01205,-0.49428,0.3871145374449339,-0.48031,-0.234509,646.3328,518.8401,0.02137,-0.08533,9.99964,0.38239458779106356,2.5989404267967333
Cc1cccc(N)c1.O=C(Cl)c1ccc(Cl)cc1,-326.268101,3.4609,990.3774,1170.29,0.152634,1.5945,0.10086999999999999,0.1051,-0.20597,107.1548,1170.29,-0.697011,-0.043767,0.01053,-0.64708,1.99927,-0.1431,80.907,200.805,0.01149,-0.8152,1.9993,0.3750786658275645,-1263.981948,2.0754,2495.0487,918.639,0.100727,2.063,0.18674,0.09755,-0.28429,-0.08919,175.014,1159.235,-0.395009,-0.059104,0.01687,-0.19718,1.99875,148.1762,63.8432,0.6469477658904972,1.447541,0.216306,0.04848,0.37028,1.99904,0.314974,85.26,24.3534,0.05263,0.56696,1.99907,0.5487728130899937,-0.010873,1.9997,-0.140838,706.9426,-190.8553,0.01202,-0.49966,0.38719320327249845,-0.497634,-0.243186,647.8379,524.4538,0.02115,-0.09408,9.99965,0.38231592196349906,1.886300972332837
Cc1cccc(N)c1.O=C(Cl)c1ccc(Cl)cc1Cl,-326.268101,3.4609,990.3774,1170.29,0.152634,1.5945,0.10086999999999999,0.1051,-0.20597,107.1548,1170.29,-0.697011,-0.043767,0.01053,-0.64708,1.99927,-0.1431,80.907,200.805,0.01149,-0.8152,1.9993,0.3750786658275645,-1723.4939374606504,1.2883800810490484,2980.2158268029457,1474.2397074519768,0.09215022714359405,2.4027020201639373,0.1889194293631092,0.09675937747005803,-0.28567880683316726,-0.09216005189305122,209.45909999999998,1522.9075142418037,-0.4253249866263163,-0.07327173319778336,0.019400577896779823,-0.2055589686983824,1.9986567970101383,141.94229947990505,63.78112283667599,0.6720934400530437,1.383887345120303,0.20099762442309496,0.051071825734569344,0.377952249212696,1.9990716014949308,0.30132847764488324,89.17290808438919,26.71033238705266,0.053662067271891524,0.5672160495446766,1.9991067970101382,0.5710416884369257,-0.02376615770075898,1.9996899999999997,-0.12318614046610027,738.0003184385099,-221.68962119212986,0.01246359402027631,-0.4777808249899132,0.41465210131273,-0.4997364317231278,-0.23461153961306366,691.034157820026,475.66836513053863,0.02126264516867135,-0.09382789320718006,9.999653594020277,0.3876269732870548,2.2757589602060446
Cc1cccc(N)c1.O=C(Cl)c1ccc(F)cc1,-326.268101,3.4609,990.3774,1170.29,0.152634,1.5945,0.10086999999999999,0.1051,-0.20597,107.1548,1170.29,-0.697011,-0.043767,0.01053,-0.64708,1.99927,-0.1431,80.907,200.805,0.01149,-0.8152,1.9993,0.3750786658275645,-903.560911,1.3905,1932.8255,1039.562,0.101816,2.1677,0.18521500000000002,0.102935,-0.28815,-0.08228,158.5594,1118.02,-0.402654,-0.063696,0.0167,-0.20093,1.99875,144.8678,66.2483,0.6475770925110133,1.405945,0.206459,0.0484,0.35807,1.99903,0.313827,86.1662,24.8469,0.05265,0.56797,1.99907,0.5505034612964128,-0.01578,1.9997,-0.143118,697.5602,-186.3864,0.01202,-0.50216,0.38735053492762744,-0.489988,-0.246855,647.3665,526.5674,0.02105,-0.09791,9.99965,0.38247325361862805,1.470832636830519
Cc1cccc(N)c1.O=C(Cl)c1ccc(F)cc1F,-326.268101,3.4609,990.3774,1170.29,0.152634,1.5945,0.10086999999999999,0.1051,-0.20597,107.1548,1170.29,-0.697011,-0.043767,0.01053,-0.64708,1.99927,-0.1431,80.907,200.805,0.01149,-0.8152,1.9993,0.3750786658275645,-1002.6542594723891,1.5628342043633043,2120.324392652248,1108.7274438818417,0.09460995236304569,2.9002627333284448,0.18897774100507306,0.1031808922527925,-0.29215863325786556,-0.08579684875228055,176.5499,1217.2759401612166,-0.4762535813565251,-0.14156288723632596,0.01749714178274225,-0.2655723345228288,1.9987275595461926,125.52130121331402,76.87735232825071,0.6601959388546843,1.4011957195348994,0.21017866036864236,0.05033202645075863,0.3574196198405706,1.999092440453807,0.31311296107594244,89.14458035729169,29.976610165880096,0.053738691863957924,0.5602134195157078,1.9991175595461927,0.5592025931930473,-0.0013660944016755583,1.999692440453807,-0.12574949132688037,715.3363046299694,-206.25609228525013,0.012154107747207482,-0.4855636222965187,0.4016195195314515,-0.4835200440528855,-0.24479578722213755,687.6901003715086,492.5449564929477,0.021139816660918742,-0.0970344038983523,9.99966023818477,0.38741746794270504,2.6938827177131124
Cc1cccc(N)c1.O=C(Cl)c1ccc(OC(F)(F)F)cc1,-326.268101,3.4609,990.3774,1170.29,0.152634,1.5945,0.10086999999999999,0.1051,-0.20597,107.1548,1170.29,-0.697011,-0.043767,0.01053,-0.64708,1.99927,-0.1431,80.907,200.805,0.01149,-0.8152,1.9993,0.3750786658275645,-1216.116295,1.9373,4202.2051,1483.97,0.123247,2.1043,0.18684,0.10098000000000001,-0.28782,-0.08586,224.5666,1686.329,-0.41883,-0.055985,0.01693,-0.20009,1.99875,144.7474,65.8979,0.6455317809943361,1.437835,0.211505,0.04838,0.36227,1.99903,0.315037,85.8367,24.8444,0.0526,0.56737,1.99907,0.5483008181246066,-0.013036,1.9997,-0.141975,702.237,-188.2112,0.01203,-0.50095,0.3865638766519824,-0.492427,-0.24471,647.5785,525.941,0.02111,-0.09583,9.99965,0.382001258653241,1.8202046580757163
Cc1cccc(N)c1.O=C(Cl)c1ccc(SC(F)(F)F)cc1,-326.268101,3.4609,990.3774,1170.29,0.152634,1.5945,0.10086999999999999,0.1051,-0.20597,107.1548,1170.29,-0.697011,-0.043767,0.01053,-0.64708,1.99927,-0.1431,80.907,200.805,0.01149,-0.8152,1.9993,0.3750786658275645,-1539.108656,10.93545,4535.03445,1625.511,0.120362,1.4151,0.19517500000000002,0.09453500000000001,-0.28971,-0.10064,240.6272,1337.92,-0.29784849999999996,-0.0998015,0.01897,-0.20292,1.99876,153.6659,59.602199999999996,0.6472624292007552,1.4163860000000001,0.25255150000000004,0.05244,0.4746,1.99909,0.3170855,83.78805,23.4428,0.05266,0.56606,1.99908,0.5502674638137193,-0.18941449999999999,1.99969,-0.1355175,726.435,-201.13459999999998,0.01204,-0.49415,0.3878618628067967,-0.49045249999999996,-0.234585,646.7714000000001,518.4003,0.02136,-0.08533,9.99964,0.38333857772183766,1.8548898517152208
Cc1cccc(N)c1.O=C(Cl)c1ccc([N+](=O)[O-])cc1,-326.268101,3.4609,990.3774,1170.29,0.152634,1.5945,0.10086999999999999,0.1051,-0.20597,107.1548,1170.29,-0.697011,-0.043767,0.01053,-0.64708,1.99927,-0.1431,80.907,200.805,0.01149,-0.8152,1.9993,0.3750786658275645,-1008.649643,2.8883,2934.3431,1429.187,0.114492,1.9316,0.21973499999999999,0.09540499999999999,-0.31514,-0.12433,185.5665,1180.633,-0.243545,-0.095972,0.01759,-0.19498,1.99875,153.1256,57.3166,0.6472624292007552,1.373848,0.307302,0.05273,0.54955,1.99909,0.319677,82.3735,23.8112,0.0527,0.56324,1.99908,0.5486154814348647,-0.149197,1.99968,-0.131168,741.5805,-208.9034,0.01209,-0.49014,0.3881371932032725,-0.473753,-0.225712,643.2683,512.101,0.02162,-0.07607,9.99964,0.38215859030837,2.573050214011414
Cc1cccc(N)c1.O=C(Cl)c1ccc2ccccc2c1,-326.268101,3.4609,990.3774,1170.29,0.152634,1.5945,0.10086999999999999,0.1051,-0.20597,107.1548,1170.29,-0.697011,-0.043767,0.01053,-0.64708,1.99927,-0.1431,80.907,200.805,0.01149,-0.8152,1.9993,0.3750786658275645,-957.8231548793865,8.942984281922897,3120.642424188284,1617.483620444743,0.15897933382482796,3.963189472116048,0.1688166691241398,0.08189167649655926,-0.25070834562069905,-0.08692499262758055,190.6287,1577.0617708477648,-0.406241613979723,-0.0853495998229043,0.01913813624300125,-0.18617714833386767,1.9987759805367138,143.21741244463914,64.17324326159877,0.6477991941427841,1.4941111495158192,0.2417364895313614,0.05284029194928839,0.45526854910095393,1.9990940194632858,0.3139393768798561,87.57417048040392,23.502188115581014,0.052508428192289645,0.5698158832202846,1.9990640194632858,0.5497785108064259,-0.20163146446439634,1.9996899999999997,-0.14309156915373786,699.7480535233219,-189.1846326741985,0.01198794161014232,-0.5022111235626368,0.38731661884381463,-0.5121153102357949,-0.2502995078146661,650.3423603945448,527.1525046879868,0.020885980536714102,-0.10191680330266659,9.999655980536714,0.3832938279780859,1.4191507825354612
Cc1cccc(N)c1.O=C(Cl)c1cccc2ccccc12,-326.268101,3.4609,990.3774,1170.29,0.152634,1.5945,0.10086999999999999,0.1051,-0.20597,107.1548,1170.29,-0.697011,-0.043767,0.01053,-0.64708,1.99927,-0.1431,80.907,200.805,0.01149,-0.8152,1.9993,0.3750786658275645,-957.8186401303651,7.76497366122391,2727.8224101566643,1452.655905920424,0.1591435410273463,3.138155778233965,0.17141258730322817,0.07978083346207067,-0.2511934207652988,-0.09163175384115753,190.62869999999998,1654.673933628048,-0.3606608914538662,-0.060651833547166085,0.019562781082751415,-0.15268271376427908,1.9987499999999998,140.36828004155382,67.13279503149818,0.67083710319587,1.4184804447627122,0.24250688344425783,0.05177296194712997,0.4757362417913853,1.9991198794237475,0.3059404481129295,90.28639256302401,23.548420283844816,0.051731334167722944,0.5763399240539799,1.9990998794237473,0.5737331192431018,-0.21399212998145925,1.9996800602881257,-0.14835273747499386,677.8735529026063,-199.8173439886677,0.012231266050649904,-0.5084526793064421,0.42167378684587214,-0.536095752759764,-0.25799595608850817,690.7625756377732,499.1303403904185,0.020573617287571157,-0.11333870811906079,9.999669879423749,0.38839317125744705,1.1142669932117084
Cc1cccc(N)c1.O=C(Cl)c1ccccc1,-326.268101,3.4609,990.3774,1170.29,0.152634,1.5945,0.10086999999999999,0.1051,-0.20597,107.1548,1170.29,-0.697011,-0.043767,0.01053,-0.64708,1.99927,-0.1431,80.907,200.805,0.01149,-0.8152,1.9993,0.3750786658275645,-804.46025,0.6975,1464.397,1335.877,0.109113,3.4435,0.18524,0.10419999999999999,-0.28944,-0.08104,140.5689,1259.541,-0.319057,-0.06921,0.01701,-0.18925,1.99875,150.2369,61.7104,0.6467904342353682,1.381429,0.207568,0.04848,0.36494,1.99903,0.313396,86.434,23.3461,0.05259,0.56996,1.99907,0.5492448080553808,-0.014961,1.9997,-0.142092,704.1163,-190.2727,0.012,-0.50042,0.3867212083071114,-0.491795,-0.248031,648.8095,526.2085,0.02098,-0.09932,9.99965,0.38247325361862805,1.4043925984520431
Cc1cccc(N)c1.O=C(Cl)c1ccco1,-326.268101,3.4609,990.3774,1170.29,0.152634,1.5945,0.10086999999999999,0.1051,-0.20597,107.1548,1170.29,-0.697011,-0.043767,0.01053,-0.64708,1.99927,-0.1431,80.907,200.805,0.01149,-0.8152,1.9993,0.3750786658275645,-802.2749436403665,0.9628803601977091,1106.8639320512225,837.4781616717298,0.07810627687091332,4.223320701907314,0.17692659069992278,0.09926084693630044,-0.2761874376362232,-0.07766574376362233,130.53050000000002,1023.5943809662729,-0.2571876525553629,0.07456587223868763,0.028521784583548964,0.16679427666839172,1.9986394965983396,84.42036001940463,48.795129254280766,0.6092274123751691,1.4654626254563974,0.18523025001857074,0.045608009071094816,0.29806073691619983,1.9990367505669435,0.28778355340700085,80.27414887766211,36.27046418281246,0.04943652154385018,0.5133097981460898,1.9990600000000003,0.5273364642768135,-0.01243844273116867,1.999706750566944,-0.14375068628124404,690.1763189879638,-171.46429701179642,0.012345972786715571,-0.4947455057576371,0.3678338463825751,-0.4709219205838191,-0.23281669984785022,670.2421570172194,515.4998959950124,0.022066292520756925,-0.08390614500521279,9.99965324943306,0.373560076402609,1.767442096225798
Cc1cccc(N)c1.O=C(Cl)c1cccs1,-326.268101,3.4609,990.3774,1170.29,0.152634,1.5945,0.10086999999999999,0.1051,-0.20597,107.1548,1170.29,-0.697011,-0.043767,0.01053,-0.64708,1.99927,-0.1431,80.907,200.805,0.01149,-0.8152,1.9993,0.3750786658275645,-1125.2983746590153,0.8989004644803423,1318.760431390368,1051.8664137490334,0.07514125703092484,3.9869099489807027,0.1825097879616161,0.09715189528668504,-0.27966168324830115,-0.08535789267493107,146.5911,967.0850566647645,-0.36846109931444926,-0.017428701234791306,0.01983363911738161,-0.3620010732506892,1.9987481652957104,92.68784922793068,54.81236467913048,0.6462467515807672,1.4370241272768098,0.2224287020695229,0.04673669408579305,0.36090770231153096,1.9989036391173816,0.30910380250162073,80.55742798492986,32.972354231999795,0.05245018174718617,0.5457332583905814,1.9989436391173816,0.5414205707054607,-0.010696796550940281,1.9997,-0.1456564430324384,653.6458953915552,-169.41871646632262,0.012134495887131043,-0.5017229207448509,0.3800545942263263,-0.48442835604958645,-0.24229535996721743,702.4773700234127,507.97409032060614,0.02155,-0.09357010393236291,9.999647278234763,0.38004302083175984,1.1160193094706057
N#CCCNc1ccccc1.CC(=O)Cl,-457.57312823527116,3.5756190257352407,2323.909331172151,1330.8426228109302,0.18400469499918234,3.5136833381161434,0.11442356405056717,0.10359659652999179,-0.21802016058055892,146.1914,1376.4360185581338,-0.8110495814589629,-0.12055063018545532,0.01113351510562266,-0.4679928493359878,1.9991583361422187,-0.21591161466972322,61.68704867701666,192.58281213844725,0.01208289021082265,-0.652700549996514,1.9991683361422186,0.557905497148233,-613.070645,1.8407,361.1538,589.647,0.051921,2.5752,0.17481000000000002,0.13476,-0.30957,-0.04005,78.4981,543.096,-0.16842,-0.019931,0.00801,-0.68972,1.99914,58.3883,161.9989,0.3882945248584015,1.19561,-0.022262,0.04824,0.23014,1.99928,0.181407,78.3666,21.3299,0.05149,0.57826,1.99927,0.49370673379483954,-0.031774,1.99969,-0.138192,709.0371,-224.4771,0.01248,-0.48574,0.3472309628697294,-0.497062,-0.249833,776.7802,462.7909,0.02158,-0.12005,9.99964,0.3590308370044053,3.175132702233188
N#CCCNc1ccccc1.CC(C)(C)C(=O)Cl,-457.57312823527116,3.5756190257352407,2323.909331172151,1330.8426228109302,0.18400469499918234,3.5136833381161434,0.11442356405056717,0.10359659652999179,-0.21802016058055892,146.1914,1376.4360185581338,-0.8110495814589629,-0.12055063018545532,0.01113351510562266,-0.4679928493359878,1.9991583361422187,-0.21591161466972322,61.68704867701666,192.58281213844725,0.01208289021082265,-0.652700549996514,1.9991683361422186,0.557905497148233,-730.74792,2.2489,944.8434,987.864,0.140866,2.7537,0.1676,0.13162,-0.29922,-0.03598,120.5785,1095.631,-0.002895,-0.401545,0.01495,-0.12509,1.99882,43.2203,145.8968,0.7474826935179358,1.086134,0.105519,0.05777,0.24151,1.999,0.311319,92.3348,10.4385,0.06159,0.60184,1.99904,0.6241346758967904,-0.044561,1.99969,-0.134635,702.0892,-210.5595,0.01227,-0.49442,0.4129955947136564,-0.486258,-0.243396,657.1407,517.8314,0.02014,-0.11423,9.99964,0.4117369414726243,0.4927738712174493
N#CCCNc1ccccc1.CC(C)(C)c1ccc(C(=O)Cl)cc1,-457.57312823527116,3.5756190257352407,2323.909331172151,1330.8426228109302,0.18400469499918234,3.5136833381161434,0.11442356405056717,0.10359659652999179,-0.21802016058055892,146.1914,1376.4360185581338,-0.8110495814589629,-0.12055063018545532,0.01113351510562266,-0.4679928493359878,1.9991583361422187,-0.21591161466972322,61.68704867701666,192.58281213844725,0.01208289021082265,-0.652700549996514,1.9991683361422186,0.557905497148233,-961.3640173962594,0.8439951331320028,3736.8617162104047,1666.1327468680736,0.22702856304127478,4.218331555187393,0.1765543462087611,0.10122506668047276,-0.2777794128892339,-0.07532927952828836,196.6761,1756.2896208656803,-0.4178817038419192,-0.05493930742117488,0.01711,-0.19114765846693713,1.9987399999999997,145.50595114472912,64.19142355353065,0.6443475428431109,1.4770539433619239,0.2047373555601576,0.04842981988207208,0.3621147765800905,1.9990249099410362,0.31251209335266183,87.58830934681762,23.936423813800438,0.05250472982310813,0.5711581988207208,1.99906,0.5483809008647571,-0.017174605652256175,1.9997,-0.14438870176891871,691.262978378876,-184.8857997811485,0.01198,-0.5034901801179279,0.385780052201509,-0.5155604648516117,-0.2547429379952255,652.1694292748869,528.6326041804466,0.020760180117927914,-0.10642675787729755,9.99966,0.38215008883285495,0.5487860985303848
N#CCCNc1ccccc1.CC(C)C(=O)Cl,-457.57312823527116,3.5756190257352407,2323.909331172151,1330.8426228109302,0.18400469499918234,3.5136833381161434,0.11442356405056717,0.10359659652999179,-0.21802016058055892,146.1914,1376.4360185581338,-0.8110495814589629,-0.12055063018545532,0.01113351510562266,-0.4679928493359878,1.9991583361422187,-0.21591161466972322,61.68704867701666,192.58281213844725,0.01208289021082265,-0.652700549996514,1.9991683361422186,0.557905497148233,-691.5212651203827,2.1259058055730957,774.3015688508707,791.3296195399124,0.11183604170191642,2.7012129828698455,0.17010773050232164,0.13244814752148587,-0.3025558780238075,-0.0376595829808358,106.5517,975.6940716840189,-0.024167191055353945,-0.17073551463321235,0.013924490779907133,-0.30198609076336,1.998945169740031,48.80721556952866,147.29575347812465,0.6314692916962978,1.1238819960085888,0.04858485903341499,0.0550134723397214,0.23591374372657942,1.9991075848700155,0.25247221421848887,88.59731276692389,12.733502739310532,0.0582213191506965,0.5944755962050935,1.9991375848700155,0.5800598381088926,-0.041438333812522876,1.99969,-0.1376712573166062,707.048479399112,-210.10582375691683,0.012389359809427323,-0.49276171727806395,0.39244024014119183,-0.49584497796278615,-0.2460183941104488,714.2513821331088,492.33222075195357,0.020564830259969046,-0.11847795268777256,9.99964,0.38745155439779033,1.3625424068356329
N#CCCNc1ccccc1.CCC(C(=O)Cl)c1ccccc1,-457.57312823527116,3.5756190257352407,2323.909331172151,1330.8426228109302,0.18400469499918234,3.5136833381161434,0.11442356405056717,0.10359659652999179,-0.21802016058055892,146.1914,1376.4360185581338,-0.8110495814589629,-0.12055063018545532,0.01113351510562266,-0.4679928493359878,1.9991583361422187,-0.21591161466972322,61.68704867701666,192.58281213844725,0.01208289021082265,-0.652700549996514,1.9991683361422186,0.557905497148233,-922.1350941424333,4.569522987935531,2455.9020135917617,1503.8121474082207,0.19835830978909602,2.7196956404060453,0.15641062941202977,0.11147264569784315,-0.267883275109873,-0.044937983714186606,182.6493,1522.0795475579139,-0.04878392032155667,-0.06036727587828204,0.02106411226593012,-0.32502486318000223,1.99889,30.15305416820589,127.38872271494051,0.7227754446342497,1.1178043569820812,0.06601085036127433,0.056704631153088186,0.26634316303879657,1.999111010410588,0.2584528867848544,80.18911170349905,15.605117816098318,0.05923987339580025,0.5947519757187832,1.999131232884499,0.6209158445810388,-0.11952997468335282,1.999685360884168,-0.143804062173481,712.2092388306249,-204.0050258804775,0.012248062306486857,-0.5005021470911517,0.43435065207263357,-0.4765579049182884,-0.2283885640121543,717.517615534147,464.5850831441031,0.021029658300558765,-0.0958973312821047,9.99961558335808,0.388169114477217,1.770494762059855
N#CCCNc1ccccc1.CCCCC(=O)Cl,-457.57312823527116,3.5756190257352407,2323.909331172151,1330.8426228109302,0.18400469499918234,3.5136833381161434,0.11442356405056717,0.10359659652999179,-0.21802016058055892,146.1914,1376.4360185581338,-0.8110495814589629,-0.12055063018545532,0.01113351510562266,-0.4679928493359878,1.9991583361422187,-0.21591161466972322,61.68704867701666,192.58281213844725,0.01208289021082265,-0.652700549996514,1.9991683361422186,0.557905497148233,-730.7450150574017,2.090291331652506,1341.9302009057062,994.4515719835497,0.1418835432507869,2.6086344119789233,0.1712263701297755,0.1335958284882569,-0.3048221986180324,-0.037630541641518626,120.57850000000002,1041.7633434165296,-0.09671197627204661,0.007804712444770221,0.014038775373839806,-0.4880626302178358,1.9990404359511826,56.464141490849684,147.1293956944729,0.5593904691258827,1.1789239078387639,0.007528819367576247,0.05127629781296082,0.23642929006115296,1.9991881569913779,0.21380243779784716,82.77940616490689,16.660432212862794,0.05512335177243502,0.588506474333033,1.999198156991378,0.5578940906295883,-0.04184591941059398,1.9996900000000002,-0.14164929933233972,714.7961360943984,-212.9005115825591,0.012188685583343585,-0.49471489576310834,0.3995731427490579,-0.5163867508662023,-0.24523050175144934,770.1191505493439,470.94318983615574,0.020878088448009844,-0.11732762706245506,9.999642023227146,0.3671949651309757,2.207249679516237
N#CCCNc1ccccc1.CCCCC(CC)C(=O)Cl,-457.57312823527116,3.5756190257352407,2323.909331172151,1330.8426228109302,0.18400469499918234,3.5136833381161434,0.11442356405056717,0.10359659652999179,-0.21802016058055892,146.1914,1376.4360185581338,-0.8110495814589629,-0.12055063018545532,0.01113351510562266,-0.4679928493359878,1.9991583361422187,-0.21591161466972322,61.68704867701666,192.58281213844725,0.01208289021082265,-0.652700549996514,1.9991683361422186,0.557905497148233,-848.4194799426583,2.1267217278302994,2464.267019669444,1500.231394373068,0.23155073390523292,2.677801397359587,0.16853390822493342,0.13085299777436263,-0.29938690599929607,-0.037680910450570794,162.6589,1466.9452087716104,-0.0842353595837951,-0.12303181060215712,0.01891789249052634,-0.29470057863953375,1.9989210580785208,30.751430758385847,131.96111134930018,0.7081076322850737,1.1146350543229737,0.04049639435702823,0.05769645486653496,0.23430779863995022,1.999079831858541,0.2342915125830618,79.28964453295023,10.72058245681579,0.06134362576284608,0.5865793709141864,1.999110961152719,0.6405613297343266,-0.04916664952674792,1.9996827557665517,-0.14383461934649713,723.1028236690747,-205.35061664385827,0.012373376332512752,-0.5004955405011925,0.44056690495066464,-0.4902433087740082,-0.23982660938031483,795.885334662436,424.81685121337784,0.02061303988994313,-0.10758898034704956,9.999627692135396,0.39206250471260456,0.2339702301872099
N#CCCNc1ccccc1.CCCCCCC(=O)Cl,-457.57312823527116,3.5756190257352407,2323.909331172151,1330.8426228109302,0.18400469499918234,3.5136833381161434,0.11442356405056717,0.10359659652999179,-0.21802016058055892,146.1914,1376.4360185581338,-0.8110495814589629,-0.12055063018545532,0.01113351510562266,-0.4679928493359878,1.9991583361422187,-0.21591161466972322,61.68704867701666,192.58281213844725,0.01208289021082265,-0.652700549996514,1.9991683361422186,0.557905497148233,-809.1928450186999,2.191972683108519,2694.585979207065,1390.3008597551361,0.20178400746022246,2.7244460547894533,0.17032995662812994,0.13265533018130402,-0.30298528680943393,-0.03767462644682591,148.63210000000004,1261.5194415620172,-0.09799205324244195,0.017531207143586563,0.014411268813625472,-0.4870248810235342,1.9990360661441282,52.29176351269705,146.78208323625879,0.5553711533823926,1.1744333662866158,0.005174748608251482,0.05187764178651444,0.23654530602917653,1.9991838244073419,0.2092039866890283,82.95284094577164,16.8293560755272,0.055168636678038244,0.5896019425118675,1.9991965260075706,0.554803422626299,-0.04042034364900629,1.9996900000000004,-0.1394788994015972,704.4901204727937,-215.8672177680678,0.01234712539999367,-0.4919174099593421,0.38646821572942175,-0.5069924791734688,-0.24872178501458486,751.6188641806931,476.4115554370388,0.020814874094548554,-0.1210213165562404,9.999640000000001,0.3740534939797181,2.3628451751632946
N#CCCNc1ccccc1.CCCCCCCCCCCC(=O)Cl,-457.57312823527116,3.5756190257352407,2323.909331172151,1330.8426228109302,0.18400469499918234,3.5136833381161434,0.11442356405056717,0.10359659652999179,-0.21802016058055892,146.1914,1376.4360185581338,-0.8110495814589629,-0.12055063018545532,0.01113351510562266,-0.4679928493359878,1.9991583361422187,-0.21591161466972322,61.68704867701666,192.58281213844725,0.01208289021082265,-0.652700549996514,1.9991683361422186,0.557905497148233,-1005.3142281705781,2.051840846684475,7589.4788243149,2063.8977884186593,0.35148147884172565,2.580964688743521,0.17130593121998355,0.13237374139497904,-0.3036796726149626,-0.038932189825004494,218.76610000000002,2028.2284431012831,-0.09832466528407613,0.011300852452152831,0.014411262852878942,-0.4876371810409823,1.9990393233150183,54.09437145699512,147.61948876998457,0.5618015097823486,1.1889594778380719,0.0034922479456673456,0.05177155382090726,0.23634184011774262,1.9991781601252514,0.20777313911983045,80.09136057476589,16.11372837040959,0.05541338385685213,0.5883281241859004,1.999188590390622,0.5688480715114945,-0.04156562730035017,1.9996867476005615,-0.13988340193202087,708.4357928496703,-213.85227427913944,0.012237201999370216,-0.49679063701810433,0.4188836362668115,-0.5185254162381545,-0.24439257461254094,760.4693324636868,471.25224452499526,0.020883543820409477,-0.11594466851905619,9.999637177865932,0.3724491019162263,2.7108754876943792
N#CCCNc1ccccc1.CCc1ccc(C(=O)Cl)cc1,-457.57312823527116,3.5756190257352407,2323.909331172151,1330.8426228109302,0.18400469499918234,3.5136833381161434,0.11442356405056717,0.10359659652999179,-0.21802016058055892,146.1914,1376.4360185581338,-0.8110495814589629,-0.12055063018545532,0.01113351510562266,-0.4679928493359878,1.9991583361422187,-0.21591161466972322,61.68704867701666,192.58281213844725,0.01208289021082265,-0.652700549996514,1.9991683361422186,0.557905497148233,-882.914671,0.8056,2669.3825,1421.7125,0.168403,4.1213,0.17781,0.10156000000000001,-0.27937,-0.07625,168.6225,1314.007,-0.402094,-0.061786,0.01695,-0.19259,1.99875,146.8733,63.8668,0.6452957835116425,1.456055,0.205216,0.04843,0.36246,1.99903,0.312565,87.4623,23.8993,0.05253,0.57058,1.99906,0.5498741346758967,-0.017375,1.9997,-0.144731,691.6855,-184.816,0.01198,-0.50355,0.3866425424795469,-0.509939,-0.254084,651.6022,528.6102,0.02081,-0.10547,9.99966,0.38294524858401513,0.8692897127763551
N#CCCNc1ccccc1.COc1cc(C(=O)Cl)cc(OC)c1OC,-457.57312823527116,3.5756190257352407,2323.909331172151,1330.8426228109302,0.18400469499918234,3.5136833381161434,0.11442356405056717,0.10359659652999179,-0.21802016058055892,146.1914,1376.4360185581338,-0.8110495814589629,-0.12055063018545532,0.01113351510562266,-0.4679928493359878,1.9991583361422187,-0.21591161466972322,61.68704867701666,192.58281213844725,0.01208289021082265,-0.652700549996514,1.9991683361422186,0.557905497148233,-1147.3988728386491,9.590245055798524,4098.000453261923,1788.438858126628,0.21336973094695055,3.820453988387011,0.1589222523904965,0.08715554844614821,-0.2460778008366447,-0.07176670394434828,230.64750000000004,1702.8529527836297,-0.30062621086644153,-0.0505418648015625,0.01901263016358685,-0.16597456713914246,1.9988191465822256,138.9709269242885,66.29146063677923,0.6464282423283223,1.4648143543682646,0.20572451472928088,0.0527408394357223,0.4021922948019736,1.9991034206621257,0.30939671461077606,86.80447373218087,24.14315727612148,0.052543474138718856,0.5717040388310601,1.9990608534177752,0.5505070876792586,-0.22497649330386443,1.9997000000000003,-0.1474567049669537,690.2213647653614,-182.89085364682126,0.011964543057302771,-0.5069527124341651,0.38708728584549945,-0.5075244044704986,-0.2524332482777629,651.9670016723583,528.9051928576206,0.020845079417672406,-0.10312794717934845,9.999652567244352,0.38354454400728805,0.558379111216034
N#CCCNc1ccccc1.COc1ccc(C(=O)Cl)cc1,-457.57312823527116,3.5756190257352407,2323.909331172151,1330.8426228109302,0.18400469499918234,3.5136833381161434,0.11442356405056717,0.10359659652999179,-0.21802016058055892,146.1914,1376.4360185581338,-0.8110495814589629,-0.12055063018545532,0.01113351510562266,-0.4679928493359878,1.9991583361422187,-0.21591161466972322,61.68704867701666,192.58281213844725,0.01208289021082265,-0.652700549996514,1.9991683361422186,0.557905497148233,-918.7794806452093,1.8095578782030461,2595.8845344392657,1351.432412177592,0.14413766686447077,4.69247217594736,0.16339189113066868,0.09466255858855176,-0.2580544497192204,-0.06872933254211694,170.5951,1330.3161569267518,-0.5316156870230284,-0.057328369918361544,0.01689,-0.20658333135529233,1.9987499999999998,139.08126280090607,69.5119016314473,0.6464023557102192,1.5082461480170826,0.19680829664503793,0.04825977751403898,0.35202155146760417,1.99902,0.30959364046198856,88.97441949403056,25.308381727266305,0.052509332542116934,0.5694617858218112,1.99905,0.5495559709571898,-0.023747567188664966,1.9997,-0.15034197745033262,671.7481042751876,-174.48073225064894,0.011970222485961022,-0.5095373064319758,0.38616179649303717,-0.5192249050540321,-0.26183382883983775,650.1022819991035,534.1770665455147,0.020634443785097444,-0.11341470187579644,9.99966,0.3827949177457842,0.7010361875335858
N#CCCNc1ccccc1.Cc1ccc(C(=O)Cl)cc1,-457.57312823527116,3.5756190257352407,2323.909331172151,1330.8426228109302,0.18400469499918234,3.5136833381161434,0.11442356405056717,0.10359659652999179,-0.21802016058055892,146.1914,1376.4360185581338,-0.8110495814589629,-0.12055063018545532,0.01113351510562266,-0.4679928493359878,1.9991583361422187,-0.21591161466972322,61.68704867701666,192.58281213844725,0.01208289021082265,-0.652700549996514,1.9991683361422186,0.557905497148233,-843.690474,0.7847,2037.6054,1331.695,0.138241,4.0826,0.17777500000000002,0.101495,-0.27927,-0.07628,154.5957,957.156,-0.396447,-0.063926,0.01695,-0.19369,1.99875,146.8166,64.1383,0.6464757709251101,1.444549,0.205095,0.0484,0.3622,1.99903,0.312699,87.2722,23.9815,0.05251,0.57046,1.99906,0.5497954688483323,-0.017809,1.9997,-0.144896,691.7944,-184.7633,0.01198,-0.50358,0.3868785399622404,-0.507387,-0.254103,652.0078,529.0068,0.02081,-0.10548,9.99966,0.38231592196349906,0.5620340987430851
N#CCCNc1ccccc1.Cc1ccccc1C(=O)Cl,-457.57312823527116,3.5756190257352407,2323.909331172151,1330.8426228109302,0.18400469499918234,3.5136833381161434,0.11442356405056717,0.10359659652999179,-0.21802016058055892,146.1914,1376.4360185581338,-0.8110495814589629,-0.12055063018545532,0.01113351510562266,-0.4679928493359878,1.9991583361422187,-0.21591161466972322,61.68704867701666,192.58281213844725,0.01208289021082265,-0.652700549996514,1.9991683361422186,0.557905497148233,-843.6875560574109,0.11441203094299326,1727.5775237937205,1185.5250490989843,0.13826824892949693,2.9335652803962233,0.17744671457012706,0.09930211916386854,-0.2767488337339956,-0.07814459540625854,154.5957,1206.8423660351868,-0.3609323356612174,-0.04382074162750573,0.017399388198169285,-0.18550015969286923,1.99871,143.88919896912307,63.72922694533436,0.6763989980060084,1.3794532603765848,0.17964343533990834,0.04829439509069746,0.3670932883597818,1.9990500711227133,0.2936090109211529,86.60514481931877,23.749668767244493,0.051918321357468225,0.5733261876760661,1.9990899288772865,0.5774004604109436,-0.03147546807824839,1.9996999288772865,-0.14907075579200177,701.4520483596131,-205.6625805599628,0.012379573263719579,-0.5042245104984888,0.4371025917512716,-0.51174269585703,-0.25672397091808735,673.4314174438672,509.25428815634746,0.020633982871950604,-0.11187011540779132,9.999669857754574,0.38752509665341367,0.5434510396315341
N#CCCNc1ccccc1.O=C(Cl)C12CC3CC(CC(C3)C1)C2,-457.57312823527116,3.5756190257352407,2323.909331172151,1330.8426228109302,0.18400469499918234,3.5136833381161434,0.11442356405056717,0.10359659652999179,-0.21802016058055892,146.1914,1376.4360185581338,-0.8110495814589629,-0.12055063018545532,0.01113351510562266,-0.4679928493359878,1.9991583361422187,-0.21591161466972322,61.68704867701666,192.58281213844725,0.01208289021082265,-0.652700549996514,1.9991683361422186,0.557905497148233,-962.581811,3.0439,2417.6329,1837.01,0.2551,3.1191,0.16248,0.12827,-0.29075,-0.03421,198.6919,1506.761,-0.109963,-0.417603,0.01866,-0.12505,1.99879,47.667,144.0592,0.8325991189427313,1.135254,0.136483,0.05847,0.25586,1.99893,0.339763,94.9955,11.4326,0.06189,0.61891,1.99899,0.6260226557583386,-0.055463,1.99969,-0.134531,703.9745,-206.4244,0.01198,-0.49526,0.4133102580239144,-0.495051,-0.246408,649.7835,526.6917,0.01986,-0.11707,9.99965,0.4122089364380113,0.7448721287431421
N#CCCNc1ccccc1.O=C(Cl)C=Cc1ccccc1,-457.57312823527116,3.5756190257352407,2323.909331172151,1330.8426228109302,0.18400469499918234,3.5136833381161434,0.11442356405056717,0.10359659652999179,-0.21802016058055892,146.1914,1376.4360185581338,-0.8110495814589629,-0.12055063018545532,0.01113351510562266,-0.4679928493359878,1.9991583361422187,-0.21591161466972322,61.68704867701666,192.58281213844725,0.01208289021082265,-0.652700549996514,1.9991683361422186,0.557905497148233,-881.7076424349888,1.4583330632451224,3001.2649234041864,1257.7523733779365,0.14500556194108782,4.007677662728389,0.18097215746167145,0.08464781157985767,-0.2656199690415291,-0.09632434588181382,166.6067,1318.0489361294021,-0.6487631505721401,-0.11180734591608987,0.015986889213416643,-0.40177837436797814,1.9988062506712867,97.67235097153285,72.11756207665134,0.5471110545535718,1.594812176212798,0.21686245915706964,0.047810688301961585,0.3951780161227317,1.9990600002421206,0.2773765541231414,79.2212823091358,26.059164333630676,0.05162692895158519,0.5406730279839103,1.9991162506021094,0.518506511257886,-0.01080933265076242,1.99969,-0.1561087210570263,684.9150017741213,-177.68841986288376,0.012026865077963791,-0.508001072172739,0.3739683515791476,-0.5679760192194105,-0.25474012890245074,721.0320699222212,470.0895892939961,0.02118627173739866,-0.11190134066066033,9.99965374939789,0.36138049216617174,2.51814599532562
N#CCCNc1ccccc1.O=C(Cl)c1ccc(-c2ccccc2)cc1,-457.57312823527116,3.5756190257352407,2323.909331172151,1330.8426228109302,0.18400469499918234,3.5136833381161434,0.11442356405056717,0.10359659652999179,-0.21802016058055892,146.1914,1376.4360185581338,-0.8110495814589629,-0.12055063018545532,0.01113351510562266,-0.4679928493359878,1.9991583361422187,-0.21591161466972322,61.68704867701666,192.58281213844725,0.01208289021082265,-0.652700549996514,1.9991683361422186,0.557905497148233,-1035.081421,13.748,5091.4627,1754.559,0.195241,4.008,0.17202,0.08703,-0.25905,-0.08499,216.6665,1648.5790000000002,-0.476397,-0.069238,0.01931,-0.13635,1.99876,146.3066,63.2115,0.6453744493392071,1.557555,0.237449,0.05246,0.45217,1.99908,0.313028,86.8115,23.8787,0.05251,0.56896,1.99906,0.5493234738829452,-0.197972,1.99969,-0.14352,696.741,-187.3885,0.012,-0.50251,0.38569855254877283,-0.528893,-0.251945,650.7091,526.9992,0.02088,-0.10309,9.99966,0.38223725613593457,0.6151364570314269
N#CCCNc1ccccc1.O=C(Cl)c1ccc(Br)cc1,-457.57312823527116,3.5756190257352407,2323.909331172151,1330.8426228109302,0.18400469499918234,3.5136833381161434,0.11442356405056717,0.10359659652999179,-0.21802016058055892,146.1914,1376.4360185581338,-0.8110495814589629,-0.12055063018545532,0.01113351510562266,-0.4679928493359878,1.9991583361422187,-0.21591161466972322,61.68704867701666,192.58281213844725,0.01208289021082265,-0.652700549996514,1.9991683361422186,0.557905497148233,-3377.857666,2.1799,3388.6568,1232.628,0.100324,2.0328,0.18545,0.09516000000000002,-0.28061,-0.09029,219.465,1258.854,-0.39698,-0.055564,0.01694,-0.19555,1.99875,149.5302,63.26,0.645846444304594,1.462386,0.217711,0.04852,0.3717,1.99904,0.315275,85.0022,24.181,0.05263,0.56687,1.99907,0.5486154814348647,-0.010299,1.9997,-0.140191,709.2575,-191.8647,0.01202,-0.49899,0.38719320327249845,-0.500793,-0.242085,647.9072,524.2242,0.02118,-0.09299,9.99965,0.382001258653241,1.380796938939605
N#CCCNc1ccccc1.O=C(Cl)c1ccc(C(F)(F)F)cc1,-457.57312823527116,3.5756190257352407,2323.909331172151,1330.8426228109302,0.18400469499918234,3.5136833381161434,0.11442356405056717,0.10359659652999179,-0.21802016058055892,146.1914,1376.4360185581338,-0.8110495814589629,-0.12055063018545532,0.01113351510562266,-0.4679928493359878,1.9991583361422187,-0.21591161466972322,61.68704867701666,192.58281213844725,0.01208289021082265,-0.652700549996514,1.9991683361422186,0.557905497148233,-1141.009328,3.3671,3493.4189,1579.5935,0.117803,1.0538,0.202225,0.10366500000000001,-0.30589,-0.09856,208.5672,1203.002,-0.281208,-0.066681,0.01707,-0.18876,1.99875,151.6583,59.3407,0.6463184392699811,1.375664,0.226354,0.04856,0.38009,1.99904,0.318189,83.9248,23.6216,0.05264,0.56628,1.99908,0.5490874764002517,-0.003696,1.9997,-0.135777,725.5918,-200.3338,0.01205,-0.49428,0.3871145374449339,-0.48031,-0.234509,646.3328,518.8401,0.02137,-0.08533,9.99964,0.38239458779106356,2.3061953142468594
N#CCCNc1ccccc1.O=C(Cl)c1ccc(Cl)cc1,-457.57312823527116,3.5756190257352407,2323.909331172151,1330.8426228109302,0.18400469499918234,3.5136833381161434,0.11442356405056717,0.10359659652999179,-0.21802016058055892,146.1914,1376.4360185581338,-0.8110495814589629,-0.12055063018545532,0.01113351510562266,-0.4679928493359878,1.9991583361422187,-0.21591161466972322,61.68704867701666,192.58281213844725,0.01208289021082265,-0.652700549996514,1.9991683361422186,0.557905497148233,-1263.981948,2.0754,2495.0487,918.639,0.100727,2.063,0.18674,0.09755,-0.28429,-0.08919,175.014,1159.235,-0.395009,-0.059104,0.01687,-0.19718,1.99875,148.1762,63.8432,0.6469477658904972,1.447541,0.216306,0.04848,0.37028,1.99904,0.314974,85.26,24.3534,0.05263,0.56696,1.99907,0.5487728130899937,-0.010873,1.9997,-0.140838,706.9426,-190.8553,0.01202,-0.49966,0.38719320327249845,-0.497634,-0.243186,647.8379,524.4538,0.02115,-0.09408,9.99965,0.38231592196349906,0.862605885475969
N#CCCNc1ccccc1.O=C(Cl)c1ccc(Cl)cc1Cl,-457.57312823527116,3.5756190257352407,2323.909331172151,1330.8426228109302,0.18400469499918234,3.5136833381161434,0.11442356405056717,0.10359659652999179,-0.21802016058055892,146.1914,1376.4360185581338,-0.8110495814589629,-0.12055063018545532,0.01113351510562266,-0.4679928493359878,1.9991583361422187,-0.21591161466972322,61.68704867701666,192.58281213844725,0.01208289021082265,-0.652700549996514,1.9991683361422186,0.557905497148233,-1723.4939374606504,1.2883800810490484,2980.2158268029457,1474.2397074519768,0.09215022714359405,2.4027020201639373,0.1889194293631092,0.09675937747005803,-0.28567880683316726,-0.09216005189305122,209.45909999999998,1522.9075142418037,-0.4253249866263163,-0.07327173319778336,0.019400577896779823,-0.2055589686983824,1.9986567970101383,141.94229947990505,63.78112283667599,0.6720934400530437,1.383887345120303,0.20099762442309496,0.051071825734569344,0.377952249212696,1.9990716014949308,0.30132847764488324,89.17290808438919,26.71033238705266,0.053662067271891524,0.5672160495446766,1.9991067970101382,0.5710416884369257,-0.02376615770075898,1.9996899999999997,-0.12318614046610027,738.0003184385099,-221.68962119212986,0.01246359402027631,-0.4777808249899132,0.41465210131273,-0.4997364317231278,-0.23461153961306366,691.034157820026,475.66836513053863,0.02126264516867135,-0.09382789320718006,9.999653594020277,0.3876269732870548,1.588959669936099
N#CCCNc1ccccc1.O=C(Cl)c1ccc(F)cc1,-457.57312823527116,3.5756190257352407,2323.909331172151,1330.8426228109302,0.18400469499918234,3.5136833381161434,0.11442356405056717,0.10359659652999179,-0.21802016058055892,146.1914,1376.4360185581338,-0.8110495814589629,-0.12055063018545532,0.01113351510562266,-0.4679928493359878,1.9991583361422187,-0.21591161466972322,61.68704867701666,192.58281213844725,0.01208289021082265,-0.652700549996514,1.9991683361422186,0.557905497148233,-903.560911,1.3905,1932.8255,1039.562,0.101816,2.1677,0.18521500000000002,0.102935,-0.28815,-0.08228,158.5594,1118.02,-0.402654,-0.063696,0.0167,-0.20093,1.99875,144.8678,66.2483,0.6475770925110133,1.405945,0.206459,0.0484,0.35807,1.99903,0.313827,86.1662,24.8469,0.05265,0.56797,1.99907,0.5505034612964128,-0.01578,1.9997,-0.143118,697.5602,-186.3864,0.01202,-0.50216,0.38735053492762744,-0.489988,-0.246855,647.3665,526.5674,0.02105,-0.09791,9.99965,0.38247325361862805,0.8143340044767117
N#CCCNc1ccccc1.O=C(Cl)c1ccc(F)cc1F,-457.57312823527116,3.5756190257352407,2323.909331172151,1330.8426228109302,0.18400469499918234,3.5136833381161434,0.11442356405056717,0.10359659652999179,-0.21802016058055892,146.1914,1376.4360185581338,-0.8110495814589629,-0.12055063018545532,0.01113351510562266,-0.4679928493359878,1.9991583361422187,-0.21591161466972322,61.68704867701666,192.58281213844725,0.01208289021082265,-0.652700549996514,1.9991683361422186,0.557905497148233,-1002.6542594723891,1.5628342043633043,2120.324392652248,1108.7274438818417,0.09460995236304569,2.9002627333284448,0.18897774100507306,0.1031808922527925,-0.29215863325786556,-0.08579684875228055,176.5499,1217.2759401612166,-0.4762535813565251,-0.14156288723632596,0.01749714178274225,-0.2655723345228288,1.9987275595461926,125.52130121331402,76.87735232825071,0.6601959388546843,1.4011957195348994,0.21017866036864236,0.05033202645075863,0.3574196198405706,1.999092440453807,0.31311296107594244,89.14458035729169,29.976610165880096,0.053738691863957924,0.5602134195157078,1.9991175595461927,0.5592025931930473,-0.0013660944016755583,1.999692440453807,-0.12574949132688037,715.3363046299694,-206.25609228525013,0.012154107747207482,-0.4855636222965187,0.4016195195314515,-0.4835200440528855,-0.24479578722213755,687.6901003715086,492.5449564929477,0.021139816660918742,-0.0970344038983523,9.99966023818477,0.38741746794270504,1.9612065655905784
N#CCCNc1ccccc1.O=C(Cl)c1ccc(OC(F)(F)F)cc1,-457.57312823527116,3.5756190257352407,2323.909331172151,1330.8426228109302,0.18400469499918234,3.5136833381161434,0.11442356405056717,0.10359659652999179,-0.21802016058055892,146.1914,1376.4360185581338,-0.8110495814589629,-0.12055063018545532,0.01113351510562266,-0.4679928493359878,1.9991583361422187,-0.21591161466972322,61.68704867701666,192.58281213844725,0.01208289021082265,-0.652700549996514,1.9991683361422186,0.557905497148233,-1216.116295,1.9373,4202.2051,1483.97,0.123247,2.1043,0.18684,0.10098000000000001,-0.28782,-0.08586,224.5666,1686.329,-0.41883,-0.055985,0.01693,-0.20009,1.99875,144.7474,65.8979,0.6455317809943361,1.437835,0.211505,0.04838,0.36227,1.99903,0.315037,85.8367,24.8444,0.0526,0.56737,1.99907,0.5483008181246066,-0.013036,1.9997,-0.141975,702.237,-188.2112,0.01203,-0.50095,0.3865638766519824,-0.492427,-0.24471,647.5785,525.941,0.02111,-0.09583,9.99965,0.382001258653241,0.9732863145447482
N#CCCNc1ccccc1.O=C(Cl)c1ccc(SC(F)(F)F)cc1,-457.57312823527116,3.5756190257352407,2323.909331172151,1330.8426228109302,0.18400469499918234,3.5136833381161434,0.11442356405056717,0.10359659652999179,-0.21802016058055892,146.1914,1376.4360185581338,-0.8110495814589629,-0.12055063018545532,0.01113351510562266,-0.4679928493359878,1.9991583361422187,-0.21591161466972322,61.68704867701666,192.58281213844725,0.01208289021082265,-0.652700549996514,1.9991683361422186,0.557905497148233,-1539.108656,10.93545,4535.03445,1625.511,0.120362,1.4151,0.19517500000000002,0.09453500000000001,-0.28971,-0.10064,240.6272,1337.92,-0.29784849999999996,-0.0998015,0.01897,-0.20292,1.99876,153.6659,59.602199999999996,0.6472624292007552,1.4163860000000001,0.25255150000000004,0.05244,0.4746,1.99909,0.3170855,83.78805,23.4428,0.05266,0.56606,1.99908,0.5502674638137193,-0.18941449999999999,1.99969,-0.1355175,726.435,-201.13459999999998,0.01204,-0.49415,0.3878618628067967,-0.49045249999999996,-0.234585,646.7714000000001,518.4003,0.02136,-0.08533,9.99964,0.38333857772183766,1.3802790044596178
N#CCCNc1ccccc1.O=C(Cl)c1ccc([N+](=O)[O-])cc1,-457.57312823527116,3.5756190257352407,2323.909331172151,1330.8426228109302,0.18400469499918234,3.5136833381161434,0.11442356405056717,0.10359659652999179,-0.21802016058055892,146.1914,1376.4360185581338,-0.8110495814589629,-0.12055063018545532,0.01113351510562266,-0.4679928493359878,1.9991583361422187,-0.21591161466972322,61.68704867701666,192.58281213844725,0.01208289021082265,-0.652700549996514,1.9991683361422186,0.557905497148233,-1008.649643,2.8883,2934.3431,1429.187,0.114492,1.9316,0.21973499999999999,0.09540499999999999,-0.31514,-0.12433,185.5665,1180.633,-0.243545,-0.095972,0.01759,-0.19498,1.99875,153.1256,57.3166,0.6472624292007552,1.373848,0.307302,0.05273,0.54955,1.99909,0.319677,82.3735,23.8112,0.0527,0.56324,1.99908,0.5486154814348647,-0.149197,1.99968,-0.131168,741.5805,-208.9034,0.01209,-0.49014,0.3881371932032725,-0.473753,-0.225712,643.2683,512.101,0.02162,-0.07607,9.99964,0.38215859030837,1.872870043290321
N#CCCNc1ccccc1.O=C(Cl)c1ccc2ccccc2c1,-457.57312823527116,3.5756190257352407,2323.909331172151,1330.8426228109302,0.18400469499918234,3.5136833381161434,0.11442356405056717,0.10359659652999179,-0.21802016058055892,146.1914,1376.4360185581338,-0.8110495814589629,-0.12055063018545532,0.01113351510562266,-0.4679928493359878,1.9991583361422187,-0.21591161466972322,61.68704867701666,192.58281213844725,0.01208289021082265,-0.652700549996514,1.9991683361422186,0.557905497148233,-957.8231548793865,8.942984281922897,3120.642424188284,1617.483620444743,0.15897933382482796,3.963189472116048,0.1688166691241398,0.08189167649655926,-0.25070834562069905,-0.08692499262758055,190.6287,1577.0617708477648,-0.406241613979723,-0.0853495998229043,0.01913813624300125,-0.18617714833386767,1.9987759805367138,143.21741244463914,64.17324326159877,0.6477991941427841,1.4941111495158192,0.2417364895313614,0.05284029194928839,0.45526854910095393,1.9990940194632858,0.3139393768798561,87.57417048040392,23.502188115581014,0.052508428192289645,0.5698158832202846,1.9990640194632858,0.5497785108064259,-0.20163146446439634,1.9996899999999997,-0.14309156915373786,699.7480535233219,-189.1846326741985,0.01198794161014232,-0.5022111235626368,0.38731661884381463,-0.5121153102357949,-0.2502995078146661,650.3423603945448,527.1525046879868,0.020885980536714102,-0.10191680330266659,9.999655980536714,0.3832938279780859,0.6624500067533386
N#CCCNc1ccccc1.O=C(Cl)c1cccc2ccccc12,-457.57312823527116,3.5756190257352407,2323.909331172151,1330.8426228109302,0.18400469499918234,3.5136833381161434,0.11442356405056717,0.10359659652999179,-0.21802016058055892,146.1914,1376.4360185581338,-0.8110495814589629,-0.12055063018545532,0.01113351510562266,-0.4679928493359878,1.9991583361422187,-0.21591161466972322,61.68704867701666,192.58281213844725,0.01208289021082265,-0.652700549996514,1.9991683361422186,0.557905497148233,-957.8186401303651,7.76497366122391,2727.8224101566643,1452.655905920424,0.1591435410273463,3.138155778233965,0.17141258730322817,0.07978083346207067,-0.2511934207652988,-0.09163175384115753,190.62869999999998,1654.673933628048,-0.3606608914538662,-0.060651833547166085,0.019562781082751415,-0.15268271376427908,1.9987499999999998,140.36828004155382,67.13279503149818,0.67083710319587,1.4184804447627122,0.24250688344425783,0.05177296194712997,0.4757362417913853,1.9991198794237475,0.3059404481129295,90.28639256302401,23.548420283844816,0.051731334167722944,0.5763399240539799,1.9990998794237473,0.5737331192431018,-0.21399212998145925,1.9996800602881257,-0.14835273747499386,677.8735529026063,-199.8173439886677,0.012231266050649904,-0.5084526793064421,0.42167378684587214,-0.536095752759764,-0.25799595608850817,690.7625756377732,499.1303403904185,0.020573617287571157,-0.11333870811906079,9.999669879423749,0.38839317125744705,0.5807291274047428
N#CCCNc1ccccc1.O=C(Cl)c1ccccc1,-457.57312823527116,3.5756190257352407,2323.909331172151,1330.8426228109302,0.18400469499918234,3.5136833381161434,0.11442356405056717,0.10359659652999179,-0.21802016058055892,146.1914,1376.4360185581338,-0.8110495814589629,-0.12055063018545532,0.01113351510562266,-0.4679928493359878,1.9991583361422187,-0.21591161466972322,61.68704867701666,192.58281213844725,0.01208289021082265,-0.652700549996514,1.9991683361422186,0.557905497148233,-804.46025,0.6975,1464.397,1335.877,0.109113,3.4435,0.18524,0.10419999999999999,-0.28944,-0.08104,140.5689,1259.541,-0.319057,-0.06921,0.01701,-0.18925,1.99875,150.2369,61.7104,0.6467904342353682,1.381429,0.207568,0.04848,0.36494,1.99903,0.313396,86.434,23.3461,0.05259,0.56996,1.99907,0.5492448080553808,-0.014961,1.9997,-0.142092,704.1163,-190.2727,0.012,-0.50042,0.3867212083071114,-0.491795,-0.248031,648.8095,526.2085,0.02098,-0.09932,9.99965,0.38247325361862805,0.8552381526285389
N#CCCNc1ccccc1.O=C(Cl)c1ccco1,-457.57312823527116,3.5756190257352407,2323.909331172151,1330.8426228109302,0.18400469499918234,3.5136833381161434,0.11442356405056717,0.10359659652999179,-0.21802016058055892,146.1914,1376.4360185581338,-0.8110495814589629,-0.12055063018545532,0.01113351510562266,-0.4679928493359878,1.9991583361422187,-0.21591161466972322,61.68704867701666,192.58281213844725,0.01208289021082265,-0.652700549996514,1.9991683361422186,0.557905497148233,-802.2749436403665,0.9628803601977091,1106.8639320512225,837.4781616717298,0.07810627687091332,4.223320701907314,0.17692659069992278,0.09926084693630044,-0.2761874376362232,-0.07766574376362233,130.53050000000002,1023.5943809662729,-0.2571876525553629,0.07456587223868763,0.028521784583548964,0.16679427666839172,1.9986394965983396,84.42036001940463,48.795129254280766,0.6092274123751691,1.4654626254563974,0.18523025001857074,0.045608009071094816,0.29806073691619983,1.9990367505669435,0.28778355340700085,80.27414887766211,36.27046418281246,0.04943652154385018,0.5133097981460898,1.9990600000000003,0.5273364642768135,-0.01243844273116867,1.999706750566944,-0.14375068628124404,690.1763189879638,-171.46429701179642,0.012345972786715571,-0.4947455057576371,0.3678338463825751,-0.4709219205838191,-0.23281669984785022,670.2421570172194,515.4998959950124,0.022066292520756925,-0.08390614500521279,9.99965324943306,0.373560076402609,1.5857688916245816
N#CCCNc1ccccc1.O=C(Cl)c1cccs1,-457.57312823527116,3.5756190257352407,2323.909331172151,1330.8426228109302,0.18400469499918234,3.5136833381161434,0.11442356405056717,0.10359659652999179,-0.21802016058055892,146.1914,1376.4360185581338,-0.8110495814589629,-0.12055063018545532,0.01113351510562266,-0.4679928493359878,1.9991583361422187,-0.21591161466972322,61.68704867701666,192.58281213844725,0.01208289021082265,-0.652700549996514,1.9991683361422186,0.557905497148233,-1125.2983746590153,0.8989004644803423,1318.760431390368,1051.8664137490334,0.07514125703092484,3.9869099489807027,0.1825097879616161,0.09715189528668504,-0.27966168324830115,-0.08535789267493107,146.5911,967.0850566647645,-0.36846109931444926,-0.017428701234791306,0.01983363911738161,-0.3620010732506892,1.9987481652957104,92.68784922793068,54.81236467913048,0.6462467515807672,1.4370241272768098,0.2224287020695229,0.04673669408579305,0.36090770231153096,1.9989036391173816,0.30910380250162073,80.55742798492986,32.972354231999795,0.05245018174718617,0.5457332583905814,1.9989436391173816,0.5414205707054607,-0.010696796550940281,1.9997,-0.1456564430324384,653.6458953915552,-169.41871646632262,0.012134495887131043,-0.5017229207448509,0.3800545942263263,-0.48442835604958645,-0.24229535996721743,702.4773700234127,507.97409032060614,0.02155,-0.09357010393236291,9.999647278234763,0.38004302083175984,1.3839671135431884
NC(c1ccccc1)(c1ccccc1)c1ccccc1.CC(=O)Cl,-787.48416,9.7432,5131.3049,2309.484,0.325879,1.0138,0.131075,0.109985,-0.24106,259.35,2445.336,-0.567261,0.036211,0.01035,-0.4837,1.99931,-0.152421,28.4244,184.3938,0.01555,-0.87898,1.99947,0.5489301447451227,-613.070645,1.8407,361.1538,589.647,0.051921,2.5752,0.17481000000000002,0.13476,-0.30957,-0.04005,78.4981,543.096,-0.16842,-0.019931,0.00801,-0.68972,1.99914,58.3883,161.9989,0.3882945248584015,1.19561,-0.022262,0.04824,0.23014,1.99928,0.181407,78.3666,21.3299,0.05149,0.57826,1.99927,0.49370673379483954,-0.031774,1.99969,-0.138192,709.0371,-224.4771,0.01248,-0.48574,0.3472309628697294,-0.497062,-0.249833,776.7802,462.7909,0.02158,-0.12005,9.99964,0.3590308370044053,3.0724478635583026
NC(c1ccccc1)(c1ccccc1)c1ccccc1.CC(C)(C)C(=O)Cl,-787.48416,9.7432,5131.3049,2309.484,0.325879,1.0138,0.131075,0.109985,-0.24106,259.35,2445.336,-0.567261,0.036211,0.01035,-0.4837,1.99931,-0.152421,28.4244,184.3938,0.01555,-0.87898,1.99947,0.5489301447451227,-730.74792,2.2489,944.8434,987.864,0.140866,2.7537,0.1676,0.13162,-0.29922,-0.03598,120.5785,1095.631,-0.002895,-0.401545,0.01495,-0.12509,1.99882,43.2203,145.8968,0.7474826935179358,1.086134,0.105519,0.05777,0.24151,1.999,0.311319,92.3348,10.4385,0.06159,0.60184,1.99904,0.6241346758967904,-0.044561,1.99969,-0.134635,702.0892,-210.5595,0.01227,-0.49442,0.4129955947136564,-0.486258,-0.243396,657.1407,517.8314,0.02014,-0.11423,9.99964,0.4117369414726243,0.5371784219467027
NC(c1ccccc1)(c1ccccc1)c1ccccc1.CC(C)(C)c1ccc(C(=O)Cl)cc1,-787.48416,9.7432,5131.3049,2309.484,0.325879,1.0138,0.131075,0.109985,-0.24106,259.35,2445.336,-0.567261,0.036211,0.01035,-0.4837,1.99931,-0.152421,28.4244,184.3938,0.01555,-0.87898,1.99947,0.5489301447451227,-961.3640173962594,0.8439951331320028,3736.8617162104047,1666.1327468680736,0.22702856304127478,4.218331555187393,0.1765543462087611,0.10122506668047276,-0.2777794128892339,-0.07532927952828836,196.6761,1756.2896208656803,-0.4178817038419192,-0.05493930742117488,0.01711,-0.19114765846693713,1.9987399999999997,145.50595114472912,64.19142355353065,0.6443475428431109,1.4770539433619239,0.2047373555601576,0.04842981988207208,0.3621147765800905,1.9990249099410362,0.31251209335266183,87.58830934681762,23.936423813800438,0.05250472982310813,0.5711581988207208,1.99906,0.5483809008647571,-0.017174605652256175,1.9997,-0.14438870176891871,691.262978378876,-184.8857997811485,0.01198,-0.5034901801179279,0.385780052201509,-0.5155604648516117,-0.2547429379952255,652.1694292748869,528.6326041804466,0.020760180117927914,-0.10642675787729755,9.99966,0.38215008883285495,0.6840178172604846
NC(c1ccccc1)(c1ccccc1)c1ccccc1.CC(C)C(=O)Cl,-787.48416,9.7432,5131.3049,2309.484,0.325879,1.0138,0.131075,0.109985,-0.24106,259.35,2445.336,-0.567261,0.036211,0.01035,-0.4837,1.99931,-0.152421,28.4244,184.3938,0.01555,-0.87898,1.99947,0.5489301447451227,-691.5212651203827,2.1259058055730957,774.3015688508707,791.3296195399124,0.11183604170191642,2.7012129828698455,0.17010773050232164,0.13244814752148587,-0.3025558780238075,-0.0376595829808358,106.5517,975.6940716840189,-0.024167191055353945,-0.17073551463321235,0.013924490779907133,-0.30198609076336,1.998945169740031,48.80721556952866,147.29575347812465,0.6314692916962978,1.1238819960085888,0.04858485903341499,0.0550134723397214,0.23591374372657942,1.9991075848700155,0.25247221421848887,88.59731276692389,12.733502739310532,0.0582213191506965,0.5944755962050935,1.9991375848700155,0.5800598381088926,-0.041438333812522876,1.99969,-0.1376712573166062,707.048479399112,-210.10582375691683,0.012389359809427323,-0.49276171727806395,0.39244024014119183,-0.49584497796278615,-0.2460183941104488,714.2513821331088,492.33222075195357,0.020564830259969046,-0.11847795268777256,9.99964,0.38745155439779033,1.384173720829773
NC(c1ccccc1)(c1ccccc1)c1ccccc1.CCC(C(=O)Cl)c1ccccc1,-787.48416,9.7432,5131.3049,2309.484,0.325879,1.0138,0.131075,0.109985,-0.24106,259.35,2445.336,-0.567261,0.036211,0.01035,-0.4837,1.99931,-0.152421,28.4244,184.3938,0.01555,-0.87898,1.99947,0.5489301447451227,-922.1350941424333,4.569522987935531,2455.9020135917617,1503.8121474082207,0.19835830978909602,2.7196956404060453,0.15641062941202977,0.11147264569784315,-0.267883275109873,-0.044937983714186606,182.6493,1522.0795475579139,-0.04878392032155667,-0.06036727587828204,0.02106411226593012,-0.32502486318000223,1.99889,30.15305416820589,127.38872271494051,0.7227754446342497,1.1178043569820812,0.06601085036127433,0.056704631153088186,0.26634316303879657,1.999111010410588,0.2584528867848544,80.18911170349905,15.605117816098318,0.05923987339580025,0.5947519757187832,1.999131232884499,0.6209158445810388,-0.11952997468335282,1.999685360884168,-0.143804062173481,712.2092388306249,-204.0050258804775,0.012248062306486857,-0.5005021470911517,0.43435065207263357,-0.4765579049182884,-0.2283885640121543,717.517615534147,464.5850831441031,0.021029658300558765,-0.0958973312821047,9.99961558335808,0.388169114477217,1.80847629610804
NC(c1ccccc1)(c1ccccc1)c1ccccc1.CCCCC(=O)Cl,-787.48416,9.7432,5131.3049,2309.484,0.325879,1.0138,0.131075,0.109985,-0.24106,259.35,2445.336,-0.567261,0.036211,0.01035,-0.4837,1.99931,-0.152421,28.4244,184.3938,0.01555,-0.87898,1.99947,0.5489301447451227,-730.7450150574017,2.090291331652506,1341.9302009057062,994.4515719835497,0.1418835432507869,2.6086344119789233,0.1712263701297755,0.1335958284882569,-0.3048221986180324,-0.037630541641518626,120.57850000000002,1041.7633434165296,-0.09671197627204661,0.007804712444770221,0.014038775373839806,-0.4880626302178358,1.9990404359511826,56.464141490849684,147.1293956944729,0.5593904691258827,1.1789239078387639,0.007528819367576247,0.05127629781296082,0.23642929006115296,1.9991881569913779,0.21380243779784716,82.77940616490689,16.660432212862794,0.05512335177243502,0.588506474333033,1.999198156991378,0.5578940906295883,-0.04184591941059398,1.9996900000000002,-0.14164929933233972,714.7961360943984,-212.9005115825591,0.012188685583343585,-0.49471489576310834,0.3995731427490579,-0.5163867508662023,-0.24523050175144934,770.1191505493439,470.94318983615574,0.020878088448009844,-0.11732762706245506,9.999642023227146,0.3671949651309757,2.136299473710971
NC(c1ccccc1)(c1ccccc1)c1ccccc1.CCCCC(CC)C(=O)Cl,-787.48416,9.7432,5131.3049,2309.484,0.325879,1.0138,0.131075,0.109985,-0.24106,259.35,2445.336,-0.567261,0.036211,0.01035,-0.4837,1.99931,-0.152421,28.4244,184.3938,0.01555,-0.87898,1.99947,0.5489301447451227,-848.4194799426583,2.1267217278302994,2464.267019669444,1500.231394373068,0.23155073390523292,2.677801397359587,0.16853390822493342,0.13085299777436263,-0.29938690599929607,-0.037680910450570794,162.6589,1466.9452087716104,-0.0842353595837951,-0.12303181060215712,0.01891789249052634,-0.29470057863953375,1.9989210580785208,30.751430758385847,131.96111134930018,0.7081076322850737,1.1146350543229737,0.04049639435702823,0.05769645486653496,0.23430779863995022,1.999079831858541,0.2342915125830618,79.28964453295023,10.72058245681579,0.06134362576284608,0.5865793709141864,1.999110961152719,0.6405613297343266,-0.04916664952674792,1.9996827557665517,-0.14383461934649713,723.1028236690747,-205.35061664385827,0.012373376332512752,-0.5004955405011925,0.44056690495066464,-0.4902433087740082,-0.23982660938031483,795.885334662436,424.81685121337784,0.02061303988994313,-0.10758898034704956,9.999627692135396,0.39206250471260456,0.0905757062308727
NC(c1ccccc1)(c1ccccc1)c1ccccc1.CCCCCCC(=O)Cl,-787.48416,9.7432,5131.3049,2309.484,0.325879,1.0138,0.131075,0.109985,-0.24106,259.35,2445.336,-0.567261,0.036211,0.01035,-0.4837,1.99931,-0.152421,28.4244,184.3938,0.01555,-0.87898,1.99947,0.5489301447451227,-809.1928450186999,2.191972683108519,2694.585979207065,1390.3008597551361,0.20178400746022246,2.7244460547894533,0.17032995662812994,0.13265533018130402,-0.30298528680943393,-0.03767462644682591,148.63210000000004,1261.5194415620172,-0.09799205324244195,0.017531207143586563,0.014411268813625472,-0.4870248810235342,1.9990360661441282,52.29176351269705,146.78208323625879,0.5553711533823926,1.1744333662866158,0.005174748608251482,0.05187764178651444,0.23654530602917653,1.9991838244073419,0.2092039866890283,82.95284094577164,16.8293560755272,0.055168636678038244,0.5896019425118675,1.9991965260075706,0.554803422626299,-0.04042034364900629,1.9996900000000004,-0.1394788994015972,704.4901204727937,-215.8672177680678,0.01234712539999367,-0.4919174099593421,0.38646821572942175,-0.5069924791734688,-0.24872178501458486,751.6188641806931,476.4115554370388,0.020814874094548554,-0.1210213165562404,9.999640000000001,0.3740534939797181,2.2795719264908367
NC(c1ccccc1)(c1ccccc1)c1ccccc1.CCCCCCCCCCCC(=O)Cl,-787.48416,9.7432,5131.3049,2309.484,0.325879,1.0138,0.131075,0.109985,-0.24106,259.35,2445.336,-0.567261,0.036211,0.01035,-0.4837,1.99931,-0.152421,28.4244,184.3938,0.01555,-0.87898,1.99947,0.5489301447451227,-1005.3142281705781,2.051840846684475,7589.4788243149,2063.8977884186593,0.35148147884172565,2.580964688743521,0.17130593121998355,0.13237374139497904,-0.3036796726149626,-0.038932189825004494,218.76610000000002,2028.2284431012831,-0.09832466528407613,0.011300852452152831,0.014411262852878942,-0.4876371810409823,1.9990393233150183,54.09437145699512,147.61948876998457,0.5618015097823486,1.1889594778380719,0.0034922479456673456,0.05177155382090726,0.23634184011774262,1.9991781601252514,0.20777313911983045,80.09136057476589,16.11372837040959,0.05541338385685213,0.5883281241859004,1.999188590390622,0.5688480715114945,-0.04156562730035017,1.9996867476005615,-0.13988340193202087,708.4357928496703,-213.85227427913944,0.012237201999370216,-0.49679063701810433,0.4188836362668115,-0.5185254162381545,-0.24439257461254094,760.4693324636868,471.25224452499526,0.020883543820409477,-0.11594466851905619,9.999637177865932,0.3724491019162263,2.2995988567606287
NC(c1ccccc1)(c1ccccc1)c1ccccc1.CCc1ccc(C(=O)Cl)cc1,-787.48416,9.7432,5131.3049,2309.484,0.325879,1.0138,0.131075,0.109985,-0.24106,259.35,2445.336,-0.567261,0.036211,0.01035,-0.4837,1.99931,-0.152421,28.4244,184.3938,0.01555,-0.87898,1.99947,0.5489301447451227,-882.914671,0.8056,2669.3825,1421.7125,0.168403,4.1213,0.17781,0.10156000000000001,-0.27937,-0.07625,168.6225,1314.007,-0.402094,-0.061786,0.01695,-0.19259,1.99875,146.8733,63.8668,0.6452957835116425,1.456055,0.205216,0.04843,0.36246,1.99903,0.312565,87.4623,23.8993,0.05253,0.57058,1.99906,0.5498741346758967,-0.017375,1.9997,-0.144731,691.6855,-184.816,0.01198,-0.50355,0.3866425424795469,-0.509939,-0.254084,651.6022,528.6102,0.02081,-0.10547,9.99966,0.38294524858401513,0.9446715368888052
NC(c1ccccc1)(c1ccccc1)c1ccccc1.COc1cc(C(=O)Cl)cc(OC)c1OC,-787.48416,9.7432,5131.3049,2309.484,0.325879,1.0138,0.131075,0.109985,-0.24106,259.35,2445.336,-0.567261,0.036211,0.01035,-0.4837,1.99931,-0.152421,28.4244,184.3938,0.01555,-0.87898,1.99947,0.5489301447451227,-1147.3988728386491,9.590245055798524,4098.000453261923,1788.438858126628,0.21336973094695055,3.820453988387011,0.1589222523904965,0.08715554844614821,-0.2460778008366447,-0.07176670394434828,230.64750000000004,1702.8529527836297,-0.30062621086644153,-0.0505418648015625,0.01901263016358685,-0.16597456713914246,1.9988191465822256,138.9709269242885,66.29146063677923,0.6464282423283223,1.4648143543682646,0.20572451472928088,0.0527408394357223,0.4021922948019736,1.9991034206621257,0.30939671461077606,86.80447373218087,24.14315727612148,0.052543474138718856,0.5717040388310601,1.9990608534177752,0.5505070876792586,-0.22497649330386443,1.9997000000000003,-0.1474567049669537,690.2213647653614,-182.89085364682126,0.011964543057302771,-0.5069527124341651,0.38708728584549945,-0.5075244044704986,-0.2524332482777629,651.9670016723583,528.9051928576206,0.020845079417672406,-0.10312794717934845,9.999652567244352,0.38354454400728805,0.5614621836353287
NC(c1ccccc1)(c1ccccc1)c1ccccc1.COc1ccc(C(=O)Cl)cc1,-787.48416,9.7432,5131.3049,2309.484,0.325879,1.0138,0.131075,0.109985,-0.24106,259.35,2445.336,-0.567261,0.036211,0.01035,-0.4837,1.99931,-0.152421,28.4244,184.3938,0.01555,-0.87898,1.99947,0.5489301447451227,-918.7794806452093,1.8095578782030461,2595.8845344392657,1351.432412177592,0.14413766686447077,4.69247217594736,0.16339189113066868,0.09466255858855176,-0.2580544497192204,-0.06872933254211694,170.5951,1330.3161569267518,-0.5316156870230284,-0.057328369918361544,0.01689,-0.20658333135529233,1.9987499999999998,139.08126280090607,69.5119016314473,0.6464023557102192,1.5082461480170826,0.19680829664503793,0.04825977751403898,0.35202155146760417,1.99902,0.30959364046198856,88.97441949403056,25.308381727266305,0.052509332542116934,0.5694617858218112,1.99905,0.5495559709571898,-0.023747567188664966,1.9997,-0.15034197745033262,671.7481042751876,-174.48073225064894,0.011970222485961022,-0.5095373064319758,0.38616179649303717,-0.5192249050540321,-0.26183382883983775,650.1022819991035,534.1770665455147,0.020634443785097444,-0.11341470187579644,9.99966,0.3827949177457842,0.8969235814307157
NC(c1ccccc1)(c1ccccc1)c1ccccc1.Cc1ccc(C(=O)Cl)cc1,-787.48416,9.7432,5131.3049,2309.484,0.325879,1.0138,0.131075,0.109985,-0.24106,259.35,2445.336,-0.567261,0.036211,0.01035,-0.4837,1.99931,-0.152421,28.4244,184.3938,0.01555,-0.87898,1.99947,0.5489301447451227,-843.690474,0.7847,2037.6054,1331.695,0.138241,4.0826,0.17777500000000002,0.101495,-0.27927,-0.07628,154.5957,957.156,-0.396447,-0.063926,0.01695,-0.19369,1.99875,146.8166,64.1383,0.6464757709251101,1.444549,0.205095,0.0484,0.3622,1.99903,0.312699,87.2722,23.9815,0.05251,0.57046,1.99906,0.5497954688483323,-0.017809,1.9997,-0.144896,691.7944,-184.7633,0.01198,-0.50358,0.3868785399622404,-0.507387,-0.254103,652.0078,529.0068,0.02081,-0.10548,9.99966,0.38231592196349906,0.6348068300197319
NC(c1ccccc1)(c1ccccc1)c1ccccc1.Cc1ccccc1C(=O)Cl,-787.48416,9.7432,5131.3049,2309.484,0.325879,1.0138,0.131075,0.109985,-0.24106,259.35,2445.336,-0.567261,0.036211,0.01035,-0.4837,1.99931,-0.152421,28.4244,184.3938,0.01555,-0.87898,1.99947,0.5489301447451227,-843.6875560574109,0.11441203094299326,1727.5775237937205,1185.5250490989843,0.13826824892949693,2.9335652803962233,0.17744671457012706,0.09930211916386854,-0.2767488337339956,-0.07814459540625854,154.5957,1206.8423660351868,-0.3609323356612174,-0.04382074162750573,0.017399388198169285,-0.18550015969286923,1.99871,143.88919896912307,63.72922694533436,0.6763989980060084,1.3794532603765848,0.17964343533990834,0.04829439509069746,0.3670932883597818,1.9990500711227133,0.2936090109211529,86.60514481931877,23.749668767244493,0.051918321357468225,0.5733261876760661,1.9990899288772865,0.5774004604109436,-0.03147546807824839,1.9996999288772865,-0.14907075579200177,701.4520483596131,-205.6625805599628,0.012379573263719579,-0.5042245104984888,0.4371025917512716,-0.51174269585703,-0.25672397091808735,673.4314174438672,509.25428815634746,0.020633982871950604,-0.11187011540779132,9.999669857754574,0.38752509665341367,0.5573692224372574
NC(c1ccccc1)(c1ccccc1)c1ccccc1.O=C(Cl)C12CC3CC(CC(C3)C1)C2,-787.48416,9.7432,5131.3049,2309.484,0.325879,1.0138,0.131075,0.109985,-0.24106,259.35,2445.336,-0.567261,0.036211,0.01035,-0.4837,1.99931,-0.152421,28.4244,184.3938,0.01555,-0.87898,1.99947,0.5489301447451227,-962.581811,3.0439,2417.6329,1837.01,0.2551,3.1191,0.16248,0.12827,-0.29075,-0.03421,198.6919,1506.761,-0.109963,-0.417603,0.01866,-0.12505,1.99879,47.667,144.0592,0.8325991189427313,1.135254,0.136483,0.05847,0.25586,1.99893,0.339763,94.9955,11.4326,0.06189,0.61891,1.99899,0.6260226557583386,-0.055463,1.99969,-0.134531,703.9745,-206.4244,0.01198,-0.49526,0.4133102580239144,-0.495051,-0.246408,649.7835,526.6917,0.01986,-0.11707,9.99965,0.4122089364380113,0.7442320360623571
NC(c1ccccc1)(c1ccccc1)c1ccccc1.O=C(Cl)C=Cc1ccccc1,-787.48416,9.7432,5131.3049,2309.484,0.325879,1.0138,0.131075,0.109985,-0.24106,259.35,2445.336,-0.567261,0.036211,0.01035,-0.4837,1.99931,-0.152421,28.4244,184.3938,0.01555,-0.87898,1.99947,0.5489301447451227,-881.7076424349888,1.4583330632451224,3001.2649234041864,1257.7523733779365,0.14500556194108782,4.007677662728389,0.18097215746167145,0.08464781157985767,-0.2656199690415291,-0.09632434588181382,166.6067,1318.0489361294021,-0.6487631505721401,-0.11180734591608987,0.015986889213416643,-0.40177837436797814,1.9988062506712867,97.67235097153285,72.11756207665134,0.5471110545535718,1.594812176212798,0.21686245915706964,0.047810688301961585,0.3951780161227317,1.9990600002421206,0.2773765541231414,79.2212823091358,26.059164333630676,0.05162692895158519,0.5406730279839103,1.9991162506021094,0.518506511257886,-0.01080933265076242,1.99969,-0.1561087210570263,684.9150017741213,-177.68841986288376,0.012026865077963791,-0.508001072172739,0.3739683515791476,-0.5679760192194105,-0.25474012890245074,721.0320699222212,470.0895892939961,0.02118627173739866,-0.11190134066066033,9.99965374939789,0.36138049216617174,2.5941351278752074
NC(c1ccccc1)(c1ccccc1)c1ccccc1.O=C(Cl)c1ccc(-c2ccccc2)cc1,-787.48416,9.7432,5131.3049,2309.484,0.325879,1.0138,0.131075,0.109985,-0.24106,259.35,2445.336,-0.567261,0.036211,0.01035,-0.4837,1.99931,-0.152421,28.4244,184.3938,0.01555,-0.87898,1.99947,0.5489301447451227,-1035.081421,13.748,5091.4627,1754.559,0.195241,4.008,0.17202,0.08703,-0.25905,-0.08499,216.6665,1648.5790000000002,-0.476397,-0.069238,0.01931,-0.13635,1.99876,146.3066,63.2115,0.6453744493392071,1.557555,0.237449,0.05246,0.45217,1.99908,0.313028,86.8115,23.8787,0.05251,0.56896,1.99906,0.5493234738829452,-0.197972,1.99969,-0.14352,696.741,-187.3885,0.012,-0.50251,0.38569855254877283,-0.528893,-0.251945,650.7091,526.9992,0.02088,-0.10309,9.99966,0.38223725613593457,0.7273937206786463
NC(c1ccccc1)(c1ccccc1)c1ccccc1.O=C(Cl)c1ccc(Br)cc1,-787.48416,9.7432,5131.3049,2309.484,0.325879,1.0138,0.131075,0.109985,-0.24106,259.35,2445.336,-0.567261,0.036211,0.01035,-0.4837,1.99931,-0.152421,28.4244,184.3938,0.01555,-0.87898,1.99947,0.5489301447451227,-3377.857666,2.1799,3388.6568,1232.628,0.100324,2.0328,0.18545,0.09516000000000002,-0.28061,-0.09029,219.465,1258.854,-0.39698,-0.055564,0.01694,-0.19555,1.99875,149.5302,63.26,0.645846444304594,1.462386,0.217711,0.04852,0.3717,1.99904,0.315275,85.0022,24.181,0.05263,0.56687,1.99907,0.5486154814348647,-0.010299,1.9997,-0.140191,709.2575,-191.8647,0.01202,-0.49899,0.38719320327249845,-0.500793,-0.242085,647.9072,524.2242,0.02118,-0.09299,9.99965,0.382001258653241,1.433886504141621
NC(c1ccccc1)(c1ccccc1)c1ccccc1.O=C(Cl)c1ccc(C(F)(F)F)cc1,-787.48416,9.7432,5131.3049,2309.484,0.325879,1.0138,0.131075,0.109985,-0.24106,259.35,2445.336,-0.567261,0.036211,0.01035,-0.4837,1.99931,-0.152421,28.4244,184.3938,0.01555,-0.87898,1.99947,0.5489301447451227,-1141.009328,3.3671,3493.4189,1579.5935,0.117803,1.0538,0.202225,0.10366500000000001,-0.30589,-0.09856,208.5672,1203.002,-0.281208,-0.066681,0.01707,-0.18876,1.99875,151.6583,59.3407,0.6463184392699811,1.375664,0.226354,0.04856,0.38009,1.99904,0.318189,83.9248,23.6216,0.05264,0.56628,1.99908,0.5490874764002517,-0.003696,1.9997,-0.135777,725.5918,-200.3338,0.01205,-0.49428,0.3871145374449339,-0.48031,-0.234509,646.3328,518.8401,0.02137,-0.08533,9.99964,0.38239458779106356,2.2848414351859865
NC(c1ccccc1)(c1ccccc1)c1ccccc1.O=C(Cl)c1ccc(Cl)cc1,-787.48416,9.7432,5131.3049,2309.484,0.325879,1.0138,0.131075,0.109985,-0.24106,259.35,2445.336,-0.567261,0.036211,0.01035,-0.4837,1.99931,-0.152421,28.4244,184.3938,0.01555,-0.87898,1.99947,0.5489301447451227,-1263.981948,2.0754,2495.0487,918.639,0.100727,2.063,0.18674,0.09755,-0.28429,-0.08919,175.014,1159.235,-0.395009,-0.059104,0.01687,-0.19718,1.99875,148.1762,63.8432,0.6469477658904972,1.447541,0.216306,0.04848,0.37028,1.99904,0.314974,85.26,24.3534,0.05263,0.56696,1.99907,0.5487728130899937,-0.010873,1.9997,-0.140838,706.9426,-190.8553,0.01202,-0.49966,0.38719320327249845,-0.497634,-0.243186,647.8379,524.4538,0.02115,-0.09408,9.99965,0.38231592196349906,0.836079044595917
NC(c1ccccc1)(c1ccccc1)c1ccccc1.O=C(Cl)c1ccc(Cl)cc1Cl,-787.48416,9.7432,5131.3049,2309.484,0.325879,1.0138,0.131075,0.109985,-0.24106,259.35,2445.336,-0.567261,0.036211,0.01035,-0.4837,1.99931,-0.152421,28.4244,184.3938,0.01555,-0.87898,1.99947,0.5489301447451227,-1723.4939374606504,1.2883800810490484,2980.2158268029457,1474.2397074519768,0.09215022714359405,2.4027020201639373,0.1889194293631092,0.09675937747005803,-0.28567880683316726,-0.09216005189305122,209.45909999999998,1522.9075142418037,-0.4253249866263163,-0.07327173319778336,0.019400577896779823,-0.2055589686983824,1.9986567970101383,141.94229947990505,63.78112283667599,0.6720934400530437,1.383887345120303,0.20099762442309496,0.051071825734569344,0.377952249212696,1.9990716014949308,0.30132847764488324,89.17290808438919,26.71033238705266,0.053662067271891524,0.5672160495446766,1.9991067970101382,0.5710416884369257,-0.02376615770075898,1.9996899999999997,-0.12318614046610027,738.0003184385099,-221.68962119212986,0.01246359402027631,-0.4777808249899132,0.41465210131273,-0.4997364317231278,-0.23461153961306366,691.034157820026,475.66836513053863,0.02126264516867135,-0.09382789320718006,9.999653594020277,0.3876269732870548,1.4190698850776045
NC(c1ccccc1)(c1ccccc1)c1ccccc1.O=C(Cl)c1ccc(F)cc1,-787.48416,9.7432,5131.3049,2309.484,0.325879,1.0138,0.131075,0.109985,-0.24106,259.35,2445.336,-0.567261,0.036211,0.01035,-0.4837,1.99931,-0.152421,28.4244,184.3938,0.01555,-0.87898,1.99947,0.5489301447451227,-903.560911,1.3905,1932.8255,1039.562,0.101816,2.1677,0.18521500000000002,0.102935,-0.28815,-0.08228,158.5594,1118.02,-0.402654,-0.063696,0.0167,-0.20093,1.99875,144.8678,66.2483,0.6475770925110133,1.405945,0.206459,0.0484,0.35807,1.99903,0.313827,86.1662,24.8469,0.05265,0.56797,1.99907,0.5505034612964128,-0.01578,1.9997,-0.143118,697.5602,-186.3864,0.01202,-0.50216,0.38735053492762744,-0.489988,-0.246855,647.3665,526.5674,0.02105,-0.09791,9.99965,0.38247325361862805,0.8485011653828017
NC(c1ccccc1)(c1ccccc1)c1ccccc1.O=C(Cl)c1ccc(F)cc1F,-787.48416,9.7432,5131.3049,2309.484,0.325879,1.0138,0.131075,0.109985,-0.24106,259.35,2445.336,-0.567261,0.036211,0.01035,-0.4837,1.99931,-0.152421,28.4244,184.3938,0.01555,-0.87898,1.99947,0.5489301447451227,-1002.6542594723891,1.5628342043633043,2120.324392652248,1108.7274438818417,0.09460995236304569,2.9002627333284448,0.18897774100507306,0.1031808922527925,-0.29215863325786556,-0.08579684875228055,176.5499,1217.2759401612166,-0.4762535813565251,-0.14156288723632596,0.01749714178274225,-0.2655723345228288,1.9987275595461926,125.52130121331402,76.87735232825071,0.6601959388546843,1.4011957195348994,0.21017866036864236,0.05033202645075863,0.3574196198405706,1.999092440453807,0.31311296107594244,89.14458035729169,29.976610165880096,0.053738691863957924,0.5602134195157078,1.9991175595461927,0.5592025931930473,-0.0013660944016755583,1.999692440453807,-0.12574949132688037,715.3363046299694,-206.25609228525013,0.012154107747207482,-0.4855636222965187,0.4016195195314515,-0.4835200440528855,-0.24479578722213755,687.6901003715086,492.5449564929477,0.021139816660918742,-0.0970344038983523,9.99966023818477,0.38741746794270504,1.8627753291183355
NC(c1ccccc1)(c1ccccc1)c1ccccc1.O=C(Cl)c1ccc(OC(F)(F)F)cc1,-787.48416,9.7432,5131.3049,2309.484,0.325879,1.0138,0.131075,0.109985,-0.24106,259.35,2445.336,-0.567261,0.036211,0.01035,-0.4837,1.99931,-0.152421,28.4244,184.3938,0.01555,-0.87898,1.99947,0.5489301447451227,-1216.116295,1.9373,4202.2051,1483.97,0.123247,2.1043,0.18684,0.10098000000000001,-0.28782,-0.08586,224.5666,1686.329,-0.41883,-0.055985,0.01693,-0.20009,1.99875,144.7474,65.8979,0.6455317809943361,1.437835,0.211505,0.04838,0.36227,1.99903,0.315037,85.8367,24.8444,0.0526,0.56737,1.99907,0.5483008181246066,-0.013036,1.9997,-0.141975,702.237,-188.2112,0.01203,-0.50095,0.3865638766519824,-0.492427,-0.24471,647.5785,525.941,0.02111,-0.09583,9.99965,0.382001258653241,0.9094426872328756
NC(c1ccccc1)(c1ccccc1)c1ccccc1.O=C(Cl)c1ccc(SC(F)(F)F)cc1,-787.48416,9.7432,5131.3049,2309.484,0.325879,1.0138,0.131075,0.109985,-0.24106,259.35,2445.336,-0.567261,0.036211,0.01035,-0.4837,1.99931,-0.152421,28.4244,184.3938,0.01555,-0.87898,1.99947,0.5489301447451227,-1539.108656,10.93545,4535.03445,1625.511,0.120362,1.4151,0.19517500000000002,0.09453500000000001,-0.28971,-0.10064,240.6272,1337.92,-0.29784849999999996,-0.0998015,0.01897,-0.20292,1.99876,153.6659,59.602199999999996,0.6472624292007552,1.4163860000000001,0.25255150000000004,0.05244,0.4746,1.99909,0.3170855,83.78805,23.4428,0.05266,0.56606,1.99908,0.5502674638137193,-0.18941449999999999,1.99969,-0.1355175,726.435,-201.13459999999998,0.01204,-0.49415,0.3878618628067967,-0.49045249999999996,-0.234585,646.7714000000001,518.4003,0.02136,-0.08533,9.99964,0.38333857772183766,1.3220191354385784
NC(c1ccccc1)(c1ccccc1)c1ccccc1.O=C(Cl)c1ccc([N+](=O)[O-])cc1,-787.48416,9.7432,5131.3049,2309.484,0.325879,1.0138,0.131075,0.109985,-0.24106,259.35,2445.336,-0.567261,0.036211,0.01035,-0.4837,1.99931,-0.152421,28.4244,184.3938,0.01555,-0.87898,1.99947,0.5489301447451227,-1008.649643,2.8883,2934.3431,1429.187,0.114492,1.9316,0.21973499999999999,0.09540499999999999,-0.31514,-0.12433,185.5665,1180.633,-0.243545,-0.095972,0.01759,-0.19498,1.99875,153.1256,57.3166,0.6472624292007552,1.373848,0.307302,0.05273,0.54955,1.99909,0.319677,82.3735,23.8112,0.0527,0.56324,1.99908,0.5486154814348647,-0.149197,1.99968,-0.131168,741.5805,-208.9034,0.01209,-0.49014,0.3881371932032725,-0.473753,-0.225712,643.2683,512.101,0.02162,-0.07607,9.99964,0.38215859030837,1.8521822524498643
NC(c1ccccc1)(c1ccccc1)c1ccccc1.O=C(Cl)c1ccc2ccccc2c1,-787.48416,9.7432,5131.3049,2309.484,0.325879,1.0138,0.131075,0.109985,-0.24106,259.35,2445.336,-0.567261,0.036211,0.01035,-0.4837,1.99931,-0.152421,28.4244,184.3938,0.01555,-0.87898,1.99947,0.5489301447451227,-957.8231548793865,8.942984281922897,3120.642424188284,1617.483620444743,0.15897933382482796,3.963189472116048,0.1688166691241398,0.08189167649655926,-0.25070834562069905,-0.08692499262758055,190.6287,1577.0617708477648,-0.406241613979723,-0.0853495998229043,0.01913813624300125,-0.18617714833386767,1.9987759805367138,143.21741244463914,64.17324326159877,0.6477991941427841,1.4941111495158192,0.2417364895313614,0.05284029194928839,0.45526854910095393,1.9990940194632858,0.3139393768798561,87.57417048040392,23.502188115581014,0.052508428192289645,0.5698158832202846,1.9990640194632858,0.5497785108064259,-0.20163146446439634,1.9996899999999997,-0.14309156915373786,699.7480535233219,-189.1846326741985,0.01198794161014232,-0.5022111235626368,0.38731661884381463,-0.5121153102357949,-0.2502995078146661,650.3423603945448,527.1525046879868,0.020885980536714102,-0.10191680330266659,9.999655980536714,0.3832938279780859,0.8145755541758382
NC(c1ccccc1)(c1ccccc1)c1ccccc1.O=C(Cl)c1cccc2ccccc12,-787.48416,9.7432,5131.3049,2309.484,0.325879,1.0138,0.131075,0.109985,-0.24106,259.35,2445.336,-0.567261,0.036211,0.01035,-0.4837,1.99931,-0.152421,28.4244,184.3938,0.01555,-0.87898,1.99947,0.5489301447451227,-957.8186401303651,7.76497366122391,2727.8224101566643,1452.655905920424,0.1591435410273463,3.138155778233965,0.17141258730322817,0.07978083346207067,-0.2511934207652988,-0.09163175384115753,190.62869999999998,1654.673933628048,-0.3606608914538662,-0.060651833547166085,0.019562781082751415,-0.15268271376427908,1.9987499999999998,140.36828004155382,67.13279503149818,0.67083710319587,1.4184804447627122,0.24250688344425783,0.05177296194712997,0.4757362417913853,1.9991198794237475,0.3059404481129295,90.28639256302401,23.548420283844816,0.051731334167722944,0.5763399240539799,1.9990998794237473,0.5737331192431018,-0.21399212998145925,1.9996800602881257,-0.14835273747499386,677.8735529026063,-199.8173439886677,0.012231266050649904,-0.5084526793064421,0.42167378684587214,-0.536095752759764,-0.25799595608850817,690.7625756377732,499.1303403904185,0.020573617287571157,-0.11333870811906079,9.999669879423749,0.38839317125744705,0.6346981860190569
NC(c1ccccc1)(c1ccccc1)c1ccccc1.O=C(Cl)c1ccccc1,-787.48416,9.7432,5131.3049,2309.484,0.325879,1.0138,0.131075,0.109985,-0.24106,259.35,2445.336,-0.567261,0.036211,0.01035,-0.4837,1.99931,-0.152421,28.4244,184.3938,0.01555,-0.87898,1.99947,0.5489301447451227,-804.46025,0.6975,1464.397,1335.877,0.109113,3.4435,0.18524,0.10419999999999999,-0.28944,-0.08104,140.5689,1259.541,-0.319057,-0.06921,0.01701,-0.18925,1.99875,150.2369,61.7104,0.6467904342353682,1.381429,0.207568,0.04848,0.36494,1.99903,0.313396,86.434,23.3461,0.05259,0.56996,1.99907,0.5492448080553808,-0.014961,1.9997,-0.142092,704.1163,-190.2727,0.012,-0.50042,0.3867212083071114,-0.491795,-0.248031,648.8095,526.2085,0.02098,-0.09932,9.99965,0.38247325361862805,0.9511730740743746
NC(c1ccccc1)(c1ccccc1)c1ccccc1.O=C(Cl)c1ccco1,-787.48416,9.7432,5131.3049,2309.484,0.325879,1.0138,0.131075,0.109985,-0.24106,259.35,2445.336,-0.567261,0.036211,0.01035,-0.4837,1.99931,-0.152421,28.4244,184.3938,0.01555,-0.87898,1.99947,0.5489301447451227,-802.2749436403665,0.9628803601977091,1106.8639320512225,837.4781616717298,0.07810627687091332,4.223320701907314,0.17692659069992278,0.09926084693630044,-0.2761874376362232,-0.07766574376362233,130.53050000000002,1023.5943809662729,-0.2571876525553629,0.07456587223868763,0.028521784583548964,0.16679427666839172,1.9986394965983396,84.42036001940463,48.795129254280766,0.6092274123751691,1.4654626254563974,0.18523025001857074,0.045608009071094816,0.29806073691619983,1.9990367505669435,0.28778355340700085,80.27414887766211,36.27046418281246,0.04943652154385018,0.5133097981460898,1.9990600000000003,0.5273364642768135,-0.01243844273116867,1.999706750566944,-0.14375068628124404,690.1763189879638,-171.46429701179642,0.012345972786715571,-0.4947455057576371,0.3678338463825751,-0.4709219205838191,-0.23281669984785022,670.2421570172194,515.4998959950124,0.022066292520756925,-0.08390614500521279,9.99965324943306,0.373560076402609,1.5673368503207077
NC(c1ccccc1)(c1ccccc1)c1ccccc1.O=C(Cl)c1cccs1,-787.48416,9.7432,5131.3049,2309.484,0.325879,1.0138,0.131075,0.109985,-0.24106,259.35,2445.336,-0.567261,0.036211,0.01035,-0.4837,1.99931,-0.152421,28.4244,184.3938,0.01555,-0.87898,1.99947,0.5489301447451227,-1125.2983746590153,0.8989004644803423,1318.760431390368,1051.8664137490334,0.07514125703092484,3.9869099489807027,0.1825097879616161,0.09715189528668504,-0.27966168324830115,-0.08535789267493107,146.5911,967.0850566647645,-0.36846109931444926,-0.017428701234791306,0.01983363911738161,-0.3620010732506892,1.9987481652957104,92.68784922793068,54.81236467913048,0.6462467515807672,1.4370241272768098,0.2224287020695229,0.04673669408579305,0.36090770231153096,1.9989036391173816,0.30910380250162073,80.55742798492986,32.972354231999795,0.05245018174718617,0.5457332583905814,1.9989436391173816,0.5414205707054607,-0.010696796550940281,1.9997,-0.1456564430324384,653.6458953915552,-169.41871646632262,0.012134495887131043,-0.5017229207448509,0.3800545942263263,-0.48442835604958645,-0.24229535996721743,702.4773700234127,507.97409032060614,0.02155,-0.09357010393236291,9.999647278234763,0.38004302083175984,1.3708134673322072
Nc1ccc(Br)cc1.CC(=O)Cl,-2860.4382,4.41,1751.0228,1273.982,0.114827,3.5839,0.11414,0.09979,-0.21393,172.0241,1108.837,-0.752629,-0.045666,0.01042,-0.65504,1.99927,-0.137811,77.667,200.466,0.01144,-0.81133,1.9993,0.3763373190685966,-613.070645,1.8407,361.1538,589.647,0.051921,2.5752,0.17481000000000002,0.13476,-0.30957,-0.04005,78.4981,543.096,-0.16842,-0.019931,0.00801,-0.68972,1.99914,58.3883,161.9989,0.3882945248584015,1.19561,-0.022262,0.04824,0.23014,1.99928,0.181407,78.3666,21.3299,0.05149,0.57826,1.99927,0.49370673379483954,-0.031774,1.99969,-0.138192,709.0371,-224.4771,0.01248,-0.48574,0.3472309628697294,-0.497062,-0.249833,776.7802,462.7909,0.02158,-0.12005,9.99964,0.3590308370044053,3.584331224367531
Nc1ccc(Br)cc1.CC(C)(C)C(=O)Cl,-2860.4382,4.41,1751.0228,1273.982,0.114827,3.5839,0.11414,0.09979,-0.21393,172.0241,1108.837,-0.752629,-0.045666,0.01042,-0.65504,1.99927,-0.137811,77.667,200.466,0.01144,-0.81133,1.9993,0.3763373190685966,-730.74792,2.2489,944.8434,987.864,0.140866,2.7537,0.1676,0.13162,-0.29922,-0.03598,120.5785,1095.631,-0.002895,-0.401545,0.01495,-0.12509,1.99882,43.2203,145.8968,0.7474826935179358,1.086134,0.105519,0.05777,0.24151,1.999,0.311319,92.3348,10.4385,0.06159,0.60184,1.99904,0.6241346758967904,-0.044561,1.99969,-0.134635,702.0892,-210.5595,0.01227,-0.49442,0.4129955947136564,-0.486258,-0.243396,657.1407,517.8314,0.02014,-0.11423,9.99964,0.4117369414726243,0.920431876845079
Nc1ccc(Br)cc1.CC(C)(C)c1ccc(C(=O)Cl)cc1,-2860.4382,4.41,1751.0228,1273.982,0.114827,3.5839,0.11414,0.09979,-0.21393,172.0241,1108.837,-0.752629,-0.045666,0.01042,-0.65504,1.99927,-0.137811,77.667,200.466,0.01144,-0.81133,1.9993,0.3763373190685966,-961.3640173962594,0.8439951331320028,3736.8617162104047,1666.1327468680736,0.22702856304127478,4.218331555187393,0.1765543462087611,0.10122506668047276,-0.2777794128892339,-0.07532927952828836,196.6761,1756.2896208656803,-0.4178817038419192,-0.05493930742117488,0.01711,-0.19114765846693713,1.9987399999999997,145.50595114472912,64.19142355353065,0.6443475428431109,1.4770539433619239,0.2047373555601576,0.04842981988207208,0.3621147765800905,1.9990249099410362,0.31251209335266183,87.58830934681762,23.936423813800438,0.05250472982310813,0.5711581988207208,1.99906,0.5483809008647571,-0.017174605652256175,1.9997,-0.14438870176891871,691.262978378876,-184.8857997811485,0.01198,-0.5034901801179279,0.385780052201509,-0.5155604648516117,-0.2547429379952255,652.1694292748869,528.6326041804466,0.020760180117927914,-0.10642675787729755,9.99966,0.38215008883285495,0.4794934918675541
Nc1ccc(Br)cc1.CC(C)C(=O)Cl,-2860.4382,4.41,1751.0228,1273.982,0.114827,3.5839,0.11414,0.09979,-0.21393,172.0241,1108.837,-0.752629,-0.045666,0.01042,-0.65504,1.99927,-0.137811,77.667,200.466,0.01144,-0.81133,1.9993,0.3763373190685966,-691.5212651203827,2.1259058055730957,774.3015688508707,791.3296195399124,0.11183604170191642,2.7012129828698455,0.17010773050232164,0.13244814752148587,-0.3025558780238075,-0.0376595829808358,106.5517,975.6940716840189,-0.024167191055353945,-0.17073551463321235,0.013924490779907133,-0.30198609076336,1.998945169740031,48.80721556952866,147.29575347812465,0.6314692916962978,1.1238819960085888,0.04858485903341499,0.0550134723397214,0.23591374372657942,1.9991075848700155,0.25247221421848887,88.59731276692389,12.733502739310532,0.0582213191506965,0.5944755962050935,1.9991375848700155,0.5800598381088926,-0.041438333812522876,1.99969,-0.1376712573166062,707.048479399112,-210.10582375691683,0.012389359809427323,-0.49276171727806395,0.39244024014119183,-0.49584497796278615,-0.2460183941104488,714.2513821331088,492.33222075195357,0.020564830259969046,-0.11847795268777256,9.99964,0.38745155439779033,1.580355217528206
Nc1ccc(Br)cc1.CCC(C(=O)Cl)c1ccccc1,-2860.4382,4.41,1751.0228,1273.982,0.114827,3.5839,0.11414,0.09979,-0.21393,172.0241,1108.837,-0.752629,-0.045666,0.01042,-0.65504,1.99927,-0.137811,77.667,200.466,0.01144,-0.81133,1.9993,0.3763373190685966,-922.1350941424333,4.569522987935531,2455.9020135917617,1503.8121474082207,0.19835830978909602,2.7196956404060453,0.15641062941202977,0.11147264569784315,-0.267883275109873,-0.044937983714186606,182.6493,1522.0795475579139,-0.04878392032155667,-0.06036727587828204,0.02106411226593012,-0.32502486318000223,1.99889,30.15305416820589,127.38872271494051,0.7227754446342497,1.1178043569820812,0.06601085036127433,0.056704631153088186,0.26634316303879657,1.999111010410588,0.2584528867848544,80.18911170349905,15.605117816098318,0.05923987339580025,0.5947519757187832,1.999131232884499,0.6209158445810388,-0.11952997468335282,1.999685360884168,-0.143804062173481,712.2092388306249,-204.0050258804775,0.012248062306486857,-0.5005021470911517,0.43435065207263357,-0.4765579049182884,-0.2283885640121543,717.517615534147,464.5850831441031,0.021029658300558765,-0.0958973312821047,9.99961558335808,0.388169114477217,2.0287755759591404
Nc1ccc(Br)cc1.CCCCC(=O)Cl,-2860.4382,4.41,1751.0228,1273.982,0.114827,3.5839,0.11414,0.09979,-0.21393,172.0241,1108.837,-0.752629,-0.045666,0.01042,-0.65504,1.99927,-0.137811,77.667,200.466,0.01144,-0.81133,1.9993,0.3763373190685966,-730.7450150574017,2.090291331652506,1341.9302009057062,994.4515719835497,0.1418835432507869,2.6086344119789233,0.1712263701297755,0.1335958284882569,-0.3048221986180324,-0.037630541641518626,120.57850000000002,1041.7633434165296,-0.09671197627204661,0.007804712444770221,0.014038775373839806,-0.4880626302178358,1.9990404359511826,56.464141490849684,147.1293956944729,0.5593904691258827,1.1789239078387639,0.007528819367576247,0.05127629781296082,0.23642929006115296,1.9991881569913779,0.21380243779784716,82.77940616490689,16.660432212862794,0.05512335177243502,0.588506474333033,1.999198156991378,0.5578940906295883,-0.04184591941059398,1.9996900000000002,-0.14164929933233972,714.7961360943984,-212.9005115825591,0.012188685583343585,-0.49471489576310834,0.3995731427490579,-0.5163867508662023,-0.24523050175144934,770.1191505493439,470.94318983615574,0.020878088448009844,-0.11732762706245506,9.999642023227146,0.3671949651309757,2.3853108249965858
Nc1ccc(Br)cc1.CCCCC(CC)C(=O)Cl,-2860.4382,4.41,1751.0228,1273.982,0.114827,3.5839,0.11414,0.09979,-0.21393,172.0241,1108.837,-0.752629,-0.045666,0.01042,-0.65504,1.99927,-0.137811,77.667,200.466,0.01144,-0.81133,1.9993,0.3763373190685966,-848.4194799426583,2.1267217278302994,2464.267019669444,1500.231394373068,0.23155073390523292,2.677801397359587,0.16853390822493342,0.13085299777436263,-0.29938690599929607,-0.037680910450570794,162.6589,1466.9452087716104,-0.0842353595837951,-0.12303181060215712,0.01891789249052634,-0.29470057863953375,1.9989210580785208,30.751430758385847,131.96111134930018,0.7081076322850737,1.1146350543229737,0.04049639435702823,0.05769645486653496,0.23430779863995022,1.999079831858541,0.2342915125830618,79.28964453295023,10.72058245681579,0.06134362576284608,0.5865793709141864,1.999110961152719,0.6405613297343266,-0.04916664952674792,1.9996827557665517,-0.14383461934649713,723.1028236690747,-205.35061664385827,0.012373376332512752,-0.5004955405011925,0.44056690495066464,-0.4902433087740082,-0.23982660938031483,795.885334662436,424.81685121337784,0.02061303988994313,-0.10758898034704956,9.999627692135396,0.39206250471260456,0.499307739979917
Nc1ccc(Br)cc1.CCCCCCC(=O)Cl,-2860.4382,4.41,1751.0228,1273.982,0.114827,3.5839,0.11414,0.09979,-0.21393,172.0241,1108.837,-0.752629,-0.045666,0.01042,-0.65504,1.99927,-0.137811,77.667,200.466,0.01144,-0.81133,1.9993,0.3763373190685966,-809.1928450186999,2.191972683108519,2694.585979207065,1390.3008597551361,0.20178400746022246,2.7244460547894533,0.17032995662812994,0.13265533018130402,-0.30298528680943393,-0.03767462644682591,148.63210000000004,1261.5194415620172,-0.09799205324244195,0.017531207143586563,0.014411268813625472,-0.4870248810235342,1.9990360661441282,52.29176351269705,146.78208323625879,0.5553711533823926,1.1744333662866158,0.005174748608251482,0.05187764178651444,0.23654530602917653,1.9991838244073419,0.2092039866890283,82.95284094577164,16.8293560755272,0.055168636678038244,0.5896019425118675,1.9991965260075706,0.554803422626299,-0.04042034364900629,1.9996900000000004,-0.1394788994015972,704.4901204727937,-215.8672177680678,0.01234712539999367,-0.4919174099593421,0.38646821572942175,-0.5069924791734688,-0.24872178501458486,751.6188641806931,476.4115554370388,0.020814874094548554,-0.1210213165562404,9.999640000000001,0.3740534939797181,2.6050864459611662
Nc1ccc(Br)cc1.CCCCCCCCCCCC(=O)Cl,-2860.4382,4.41,1751.0228,1273.982,0.114827,3.5839,0.11414,0.09979,-0.21393,172.0241,1108.837,-0.752629,-0.045666,0.01042,-0.65504,1.99927,-0.137811,77.667,200.466,0.01144,-0.81133,1.9993,0.3763373190685966,-1005.3142281705781,2.051840846684475,7589.4788243149,2063.8977884186593,0.35148147884172565,2.580964688743521,0.17130593121998355,0.13237374139497904,-0.3036796726149626,-0.038932189825004494,218.76610000000002,2028.2284431012831,-0.09832466528407613,0.011300852452152831,0.014411262852878942,-0.4876371810409823,1.9990393233150183,54.09437145699512,147.61948876998457,0.5618015097823486,1.1889594778380719,0.0034922479456673456,0.05177155382090726,0.23634184011774262,1.9991781601252514,0.20777313911983045,80.09136057476589,16.11372837040959,0.05541338385685213,0.5883281241859004,1.999188590390622,0.5688480715114945,-0.04156562730035017,1.9996867476005615,-0.13988340193202087,708.4357928496703,-213.85227427913944,0.012237201999370216,-0.49679063701810433,0.4188836362668115,-0.5185254162381545,-0.24439257461254094,760.4693324636868,471.25224452499526,0.020883543820409477,-0.11594466851905619,9.999637177865932,0.3724491019162263,2.523417983611654
Nc1ccc(Br)cc1.CCc1ccc(C(=O)Cl)cc1,-2860.4382,4.41,1751.0228,1273.982,0.114827,3.5839,0.11414,0.09979,-0.21393,172.0241,1108.837,-0.752629,-0.045666,0.01042,-0.65504,1.99927,-0.137811,77.667,200.466,0.01144,-0.81133,1.9993,0.3763373190685966,-882.914671,0.8056,2669.3825,1421.7125,0.168403,4.1213,0.17781,0.10156000000000001,-0.27937,-0.07625,168.6225,1314.007,-0.402094,-0.061786,0.01695,-0.19259,1.99875,146.8733,63.8668,0.6452957835116425,1.456055,0.205216,0.04843,0.36246,1.99903,0.312565,87.4623,23.8993,0.05253,0.57058,1.99906,0.5498741346758967,-0.017375,1.9997,-0.144731,691.6855,-184.816,0.01198,-0.50355,0.3866425424795469,-0.509939,-0.254084,651.6022,528.6102,0.02081,-0.10547,9.99966,0.38294524858401513,0.6229900681892631
Nc1ccc(Br)cc1.COc1cc(C(=O)Cl)cc(OC)c1OC,-2860.4382,4.41,1751.0228,1273.982,0.114827,3.5839,0.11414,0.09979,-0.21393,172.0241,1108.837,-0.752629,-0.045666,0.01042,-0.65504,1.99927,-0.137811,77.667,200.466,0.01144,-0.81133,1.9993,0.3763373190685966,-1147.3988728386491,9.590245055798524,4098.000453261923,1788.438858126628,0.21336973094695055,3.820453988387011,0.1589222523904965,0.08715554844614821,-0.2460778008366447,-0.07176670394434828,230.64750000000004,1702.8529527836297,-0.30062621086644153,-0.0505418648015625,0.01901263016358685,-0.16597456713914246,1.9988191465822256,138.9709269242885,66.29146063677923,0.6464282423283223,1.4648143543682646,0.20572451472928088,0.0527408394357223,0.4021922948019736,1.9991034206621257,0.30939671461077606,86.80447373218087,24.14315727612148,0.052543474138718856,0.5717040388310601,1.9990608534177752,0.5505070876792586,-0.22497649330386443,1.9997000000000003,-0.1474567049669537,690.2213647653614,-182.89085364682126,0.011964543057302771,-0.5069527124341651,0.38708728584549945,-0.5075244044704986,-0.2524332482777629,651.9670016723583,528.9051928576206,0.020845079417672406,-0.10312794717934845,9.999652567244352,0.38354454400728805,0.5089916825016751
Nc1ccc(Br)cc1.COc1ccc(C(=O)Cl)cc1,-2860.4382,4.41,1751.0228,1273.982,0.114827,3.5839,0.11414,0.09979,-0.21393,172.0241,1108.837,-0.752629,-0.045666,0.01042,-0.65504,1.99927,-0.137811,77.667,200.466,0.01144,-0.81133,1.9993,0.3763373190685966,-918.7794806452093,1.8095578782030461,2595.8845344392657,1351.432412177592,0.14413766686447077,4.69247217594736,0.16339189113066868,0.09466255858855176,-0.2580544497192204,-0.06872933254211694,170.5951,1330.3161569267518,-0.5316156870230284,-0.057328369918361544,0.01689,-0.20658333135529233,1.9987499999999998,139.08126280090607,69.5119016314473,0.6464023557102192,1.5082461480170826,0.19680829664503793,0.04825977751403898,0.35202155146760417,1.99902,0.30959364046198856,88.97441949403056,25.308381727266305,0.052509332542116934,0.5694617858218112,1.99905,0.5495559709571898,-0.023747567188664966,1.9997,-0.15034197745033262,671.7481042751876,-174.48073225064894,0.011970222485961022,-0.5095373064319758,0.38616179649303717,-0.5192249050540321,-0.26183382883983775,650.1022819991035,534.1770665455147,0.020634443785097444,-0.11341470187579644,9.99966,0.3827949177457842,0.7151236238657533
Nc1ccc(Br)cc1.Cc1ccc(C(=O)Cl)cc1,-2860.4382,4.41,1751.0228,1273.982,0.114827,3.5839,0.11414,0.09979,-0.21393,172.0241,1108.837,-0.752629,-0.045666,0.01042,-0.65504,1.99927,-0.137811,77.667,200.466,0.01144,-0.81133,1.9993,0.3763373190685966,-843.690474,0.7847,2037.6054,1331.695,0.138241,4.0826,0.17777500000000002,0.101495,-0.27927,-0.07628,154.5957,957.156,-0.396447,-0.063926,0.01695,-0.19369,1.99875,146.8166,64.1383,0.6464757709251101,1.444549,0.205095,0.0484,0.3622,1.99903,0.312699,87.2722,23.9815,0.05251,0.57046,1.99906,0.5497954688483323,-0.017809,1.9997,-0.144896,691.7944,-184.7633,0.01198,-0.50358,0.3868785399622404,-0.507387,-0.254103,652.0078,529.0068,0.02081,-0.10548,9.99966,0.38231592196349906,0.5736200702612362
Nc1ccc(Br)cc1.Cc1ccccc1C(=O)Cl,-2860.4382,4.41,1751.0228,1273.982,0.114827,3.5839,0.11414,0.09979,-0.21393,172.0241,1108.837,-0.752629,-0.045666,0.01042,-0.65504,1.99927,-0.137811,77.667,200.466,0.01144,-0.81133,1.9993,0.3763373190685966,-843.6875560574109,0.11441203094299326,1727.5775237937205,1185.5250490989843,0.13826824892949693,2.9335652803962233,0.17744671457012706,0.09930211916386854,-0.2767488337339956,-0.07814459540625854,154.5957,1206.8423660351868,-0.3609323356612174,-0.04382074162750573,0.017399388198169285,-0.18550015969286923,1.99871,143.88919896912307,63.72922694533436,0.6763989980060084,1.3794532603765848,0.17964343533990834,0.04829439509069746,0.3670932883597818,1.9990500711227133,0.2936090109211529,86.60514481931877,23.749668767244493,0.051918321357468225,0.5733261876760661,1.9990899288772865,0.5774004604109436,-0.03147546807824839,1.9996999288772865,-0.14907075579200177,701.4520483596131,-205.6625805599628,0.012379573263719579,-0.5042245104984888,0.4371025917512716,-0.51174269585703,-0.25672397091808735,673.4314174438672,509.25428815634746,0.020633982871950604,-0.11187011540779132,9.999669857754574,0.38752509665341367,0.5967495797724865
Nc1ccc(Br)cc1.O=C(Cl)C12CC3CC(CC(C3)C1)C2,-2860.4382,4.41,1751.0228,1273.982,0.114827,3.5839,0.11414,0.09979,-0.21393,172.0241,1108.837,-0.752629,-0.045666,0.01042,-0.65504,1.99927,-0.137811,77.667,200.466,0.01144,-0.81133,1.9993,0.3763373190685966,-962.581811,3.0439,2417.6329,1837.01,0.2551,3.1191,0.16248,0.12827,-0.29075,-0.03421,198.6919,1506.761,-0.109963,-0.417603,0.01866,-0.12505,1.99879,47.667,144.0592,0.8325991189427313,1.135254,0.136483,0.05847,0.25586,1.99893,0.339763,94.9955,11.4326,0.06189,0.61891,1.99899,0.6260226557583386,-0.055463,1.99969,-0.134531,703.9745,-206.4244,0.01198,-0.49526,0.4133102580239144,-0.495051,-0.246408,649.7835,526.6917,0.01986,-0.11707,9.99965,0.4122089364380113,0.9868155898397892
Nc1ccc(Br)cc1.O=C(Cl)C=Cc1ccccc1,-2860.4382,4.41,1751.0228,1273.982,0.114827,3.5839,0.11414,0.09979,-0.21393,172.0241,1108.837,-0.752629,-0.045666,0.01042,-0.65504,1.99927,-0.137811,77.667,200.466,0.01144,-0.81133,1.9993,0.3763373190685966,-881.7076424349888,1.4583330632451224,3001.2649234041864,1257.7523733779365,0.14500556194108782,4.007677662728389,0.18097215746167145,0.08464781157985767,-0.2656199690415291,-0.09632434588181382,166.6067,1318.0489361294021,-0.6487631505721401,-0.11180734591608987,0.015986889213416643,-0.40177837436797814,1.9988062506712867,97.67235097153285,72.11756207665134,0.5471110545535718,1.594812176212798,0.21686245915706964,0.047810688301961585,0.3951780161227317,1.9990600002421206,0.2773765541231414,79.2212823091358,26.059164333630676,0.05162692895158519,0.5406730279839103,1.9991162506021094,0.518506511257886,-0.01080933265076242,1.99969,-0.1561087210570263,684.9150017741213,-177.68841986288376,0.012026865077963791,-0.508001072172739,0.3739683515791476,-0.5679760192194105,-0.25474012890245074,721.0320699222212,470.0895892939961,0.02118627173739866,-0.11190134066066033,9.99965374939789,0.36138049216617174,2.775963959878715
Nc1ccc(Br)cc1.O=C(Cl)c1ccc(-c2ccccc2)cc1,-2860.4382,4.41,1751.0228,1273.982,0.114827,3.5839,0.11414,0.09979,-0.21393,172.0241,1108.837,-0.752629,-0.045666,0.01042,-0.65504,1.99927,-0.137811,77.667,200.466,0.01144,-0.81133,1.9993,0.3763373190685966,-1035.081421,13.748,5091.4627,1754.559,0.195241,4.008,0.17202,0.08703,-0.25905,-0.08499,216.6665,1648.5790000000002,-0.476397,-0.069238,0.01931,-0.13635,1.99876,146.3066,63.2115,0.6453744493392071,1.557555,0.237449,0.05246,0.45217,1.99908,0.313028,86.8115,23.8787,0.05251,0.56896,1.99906,0.5493234738829452,-0.197972,1.99969,-0.14352,696.741,-187.3885,0.012,-0.50251,0.38569855254877283,-0.528893,-0.251945,650.7091,526.9992,0.02088,-0.10309,9.99966,0.38223725613593457,0.7911525391032195
Nc1ccc(Br)cc1.O=C(Cl)c1ccc(Br)cc1,-2860.4382,4.41,1751.0228,1273.982,0.114827,3.5839,0.11414,0.09979,-0.21393,172.0241,1108.837,-0.752629,-0.045666,0.01042,-0.65504,1.99927,-0.137811,77.667,200.466,0.01144,-0.81133,1.9993,0.3763373190685966,-3377.857666,2.1799,3388.6568,1232.628,0.100324,2.0328,0.18545,0.09516000000000002,-0.28061,-0.09029,219.465,1258.854,-0.39698,-0.055564,0.01694,-0.19555,1.99875,149.5302,63.26,0.645846444304594,1.462386,0.217711,0.04852,0.3717,1.99904,0.315275,85.0022,24.181,0.05263,0.56687,1.99907,0.5486154814348647,-0.010299,1.9997,-0.140191,709.2575,-191.8647,0.01202,-0.49899,0.38719320327249845,-0.500793,-0.242085,647.9072,524.2242,0.02118,-0.09299,9.99965,0.382001258653241,0.6537229451686326
Nc1ccc(Br)cc1.O=C(Cl)c1ccc(C(F)(F)F)cc1,-2860.4382,4.41,1751.0228,1273.982,0.114827,3.5839,0.11414,0.09979,-0.21393,172.0241,1108.837,-0.752629,-0.045666,0.01042,-0.65504,1.99927,-0.137811,77.667,200.466,0.01144,-0.81133,1.9993,0.3763373190685966,-1141.009328,3.3671,3493.4189,1579.5935,0.117803,1.0538,0.202225,0.10366500000000001,-0.30589,-0.09856,208.5672,1203.002,-0.281208,-0.066681,0.01707,-0.18876,1.99875,151.6583,59.3407,0.6463184392699811,1.375664,0.226354,0.04856,0.38009,1.99904,0.318189,83.9248,23.6216,0.05264,0.56628,1.99908,0.5490874764002517,-0.003696,1.9997,-0.135777,725.5918,-200.3338,0.01205,-0.49428,0.3871145374449339,-0.48031,-0.234509,646.3328,518.8401,0.02137,-0.08533,9.99964,0.38239458779106356,1.80932199361308
Nc1ccc(Br)cc1.O=C(Cl)c1ccc(Cl)cc1,-2860.4382,4.41,1751.0228,1273.982,0.114827,3.5839,0.11414,0.09979,-0.21393,172.0241,1108.837,-0.752629,-0.045666,0.01042,-0.65504,1.99927,-0.137811,77.667,200.466,0.01144,-0.81133,1.9993,0.3763373190685966,-1263.981948,2.0754,2495.0487,918.639,0.100727,2.063,0.18674,0.09755,-0.28429,-0.08919,175.014,1159.235,-0.395009,-0.059104,0.01687,-0.19718,1.99875,148.1762,63.8432,0.6469477658904972,1.447541,0.216306,0.04848,0.37028,1.99904,0.314974,85.26,24.3534,0.05263,0.56696,1.99907,0.5487728130899937,-0.010873,1.9997,-0.140838,706.9426,-190.8553,0.01202,-0.49966,0.38719320327249845,-0.497634,-0.243186,647.8379,524.4538,0.02115,-0.09408,9.99965,0.38231592196349906,0.9128665199965408
Nc1ccc(Br)cc1.O=C(Cl)c1ccc(Cl)cc1Cl,-2860.4382,4.41,1751.0228,1273.982,0.114827,3.5839,0.11414,0.09979,-0.21393,172.0241,1108.837,-0.752629,-0.045666,0.01042,-0.65504,1.99927,-0.137811,77.667,200.466,0.01144,-0.81133,1.9993,0.3763373190685966,-1723.4939374606504,1.2883800810490484,2980.2158268029457,1474.2397074519768,0.09215022714359405,2.4027020201639373,0.1889194293631092,0.09675937747005803,-0.28567880683316726,-0.09216005189305122,209.45909999999998,1522.9075142418037,-0.4253249866263163,-0.07327173319778336,0.019400577896779823,-0.2055589686983824,1.9986567970101383,141.94229947990505,63.78112283667599,0.6720934400530437,1.383887345120303,0.20099762442309496,0.051071825734569344,0.377952249212696,1.9990716014949308,0.30132847764488324,89.17290808438919,26.71033238705266,0.053662067271891524,0.5672160495446766,1.9991067970101382,0.5710416884369257,-0.02376615770075898,1.9996899999999997,-0.12318614046610027,738.0003184385099,-221.68962119212986,0.01246359402027631,-0.4777808249899132,0.41465210131273,-0.4997364317231278,-0.23461153961306366,691.034157820026,475.66836513053863,0.02126264516867135,-0.09382789320718006,9.999653594020277,0.3876269732870548,1.8389579559139224
Nc1ccc(Br)cc1.O=C(Cl)c1ccc(F)cc1,-2860.4382,4.41,1751.0228,1273.982,0.114827,3.5839,0.11414,0.09979,-0.21393,172.0241,1108.837,-0.752629,-0.045666,0.01042,-0.65504,1.99927,-0.137811,77.667,200.466,0.01144,-0.81133,1.9993,0.3763373190685966,-903.560911,1.3905,1932.8255,1039.562,0.101816,2.1677,0.18521500000000002,0.102935,-0.28815,-0.08228,158.5594,1118.02,-0.402654,-0.063696,0.0167,-0.20093,1.99875,144.8678,66.2483,0.6475770925110133,1.405945,0.206459,0.0484,0.35807,1.99903,0.313827,86.1662,24.8469,0.05265,0.56797,1.99907,0.5505034612964128,-0.01578,1.9997,-0.143118,697.5602,-186.3864,0.01202,-0.50216,0.38735053492762744,-0.489988,-0.246855,647.3665,526.5674,0.02105,-0.09791,9.99965,0.38247325361862805,1.0274836417663409
Nc1ccc(Br)cc1.O=C(Cl)c1ccc(F)cc1F,-2860.4382,4.41,1751.0228,1273.982,0.114827,3.5839,0.11414,0.09979,-0.21393,172.0241,1108.837,-0.752629,-0.045666,0.01042,-0.65504,1.99927,-0.137811,77.667,200.466,0.01144,-0.81133,1.9993,0.3763373190685966,-1002.6542594723891,1.5628342043633043,2120.324392652248,1108.7274438818417,0.09460995236304569,2.9002627333284448,0.18897774100507306,0.1031808922527925,-0.29215863325786556,-0.08579684875228055,176.5499,1217.2759401612166,-0.4762535813565251,-0.14156288723632596,0.01749714178274225,-0.2655723345228288,1.9987275595461926,125.52130121331402,76.87735232825071,0.6601959388546843,1.4011957195348994,0.21017866036864236,0.05033202645075863,0.3574196198405706,1.999092440453807,0.31311296107594244,89.14458035729169,29.976610165880096,0.053738691863957924,0.5602134195157078,1.9991175595461927,0.5592025931930473,-0.0013660944016755583,1.999692440453807,-0.12574949132688037,715.3363046299694,-206.25609228525013,0.012154107747207482,-0.4855636222965187,0.4016195195314515,-0.4835200440528855,-0.24479578722213755,687.6901003715086,492.5449564929477,0.021139816660918742,-0.0970344038983523,9.99966023818477,0.38741746794270504,1.9463730168245883
Nc1ccc(Br)cc1.O=C(Cl)c1ccc(OC(F)(F)F)cc1,-2860.4382,4.41,1751.0228,1273.982,0.114827,3.5839,0.11414,0.09979,-0.21393,172.0241,1108.837,-0.752629,-0.045666,0.01042,-0.65504,1.99927,-0.137811,77.667,200.466,0.01144,-0.81133,1.9993,0.3763373190685966,-1216.116295,1.9373,4202.2051,1483.97,0.123247,2.1043,0.18684,0.10098000000000001,-0.28782,-0.08586,224.5666,1686.329,-0.41883,-0.055985,0.01693,-0.20009,1.99875,144.7474,65.8979,0.6455317809943361,1.437835,0.211505,0.04838,0.36227,1.99903,0.315037,85.8367,24.8444,0.0526,0.56737,1.99907,0.5483008181246066,-0.013036,1.9997,-0.141975,702.237,-188.2112,0.01203,-0.50095,0.3865638766519824,-0.492427,-0.24471,647.5785,525.941,0.02111,-0.09583,9.99965,0.382001258653241,1.1214100990446796
Nc1ccc(Br)cc1.O=C(Cl)c1ccc(SC(F)(F)F)cc1,-2860.4382,4.41,1751.0228,1273.982,0.114827,3.5839,0.11414,0.09979,-0.21393,172.0241,1108.837,-0.752629,-0.045666,0.01042,-0.65504,1.99927,-0.137811,77.667,200.466,0.01144,-0.81133,1.9993,0.3763373190685966,-1539.108656,10.93545,4535.03445,1625.511,0.120362,1.4151,0.19517500000000002,0.09453500000000001,-0.28971,-0.10064,240.6272,1337.92,-0.29784849999999996,-0.0998015,0.01897,-0.20292,1.99876,153.6659,59.602199999999996,0.6472624292007552,1.4163860000000001,0.25255150000000004,0.05244,0.4746,1.99909,0.3170855,83.78805,23.4428,0.05266,0.56606,1.99908,0.5502674638137193,-0.18941449999999999,1.99969,-0.1355175,726.435,-201.13459999999998,0.01204,-0.49415,0.3878618628067967,-0.49045249999999996,-0.234585,646.7714000000001,518.4003,0.02136,-0.08533,9.99964,0.38333857772183766,1.5067081532677438
Nc1ccc(Br)cc1.O=C(Cl)c1ccc([N+](=O)[O-])cc1,-2860.4382,4.41,1751.0228,1273.982,0.114827,3.5839,0.11414,0.09979,-0.21393,172.0241,1108.837,-0.752629,-0.045666,0.01042,-0.65504,1.99927,-0.137811,77.667,200.466,0.01144,-0.81133,1.9993,0.3763373190685966,-1008.649643,2.8883,2934.3431,1429.187,0.114492,1.9316,0.21973499999999999,0.09540499999999999,-0.31514,-0.12433,185.5665,1180.633,-0.243545,-0.095972,0.01759,-0.19498,1.99875,153.1256,57.3166,0.6472624292007552,1.373848,0.307302,0.05273,0.54955,1.99909,0.319677,82.3735,23.8112,0.0527,0.56324,1.99908,0.5486154814348647,-0.149197,1.99968,-0.131168,741.5805,-208.9034,0.01209,-0.49014,0.3881371932032725,-0.473753,-0.225712,643.2683,512.101,0.02162,-0.07607,9.99964,0.38215859030837,2.200453031988061
Nc1ccc(Br)cc1.O=C(Cl)c1ccc2ccccc2c1,-2860.4382,4.41,1751.0228,1273.982,0.114827,3.5839,0.11414,0.09979,-0.21393,172.0241,1108.837,-0.752629,-0.045666,0.01042,-0.65504,1.99927,-0.137811,77.667,200.466,0.01144,-0.81133,1.9993,0.3763373190685966,-957.8231548793865,8.942984281922897,3120.642424188284,1617.483620444743,0.15897933382482796,3.963189472116048,0.1688166691241398,0.08189167649655926,-0.25070834562069905,-0.08692499262758055,190.6287,1577.0617708477648,-0.406241613979723,-0.0853495998229043,0.01913813624300125,-0.18617714833386767,1.9987759805367138,143.21741244463914,64.17324326159877,0.6477991941427841,1.4941111495158192,0.2417364895313614,0.05284029194928839,0.45526854910095393,1.9990940194632858,0.3139393768798561,87.57417048040392,23.502188115581014,0.052508428192289645,0.5698158832202846,1.9990640194632858,0.5497785108064259,-0.20163146446439634,1.9996899999999997,-0.14309156915373786,699.7480535233219,-189.1846326741985,0.01198794161014232,-0.5022111235626368,0.38731661884381463,-0.5121153102357949,-0.2502995078146661,650.3423603945448,527.1525046879868,0.020885980536714102,-0.10191680330266659,9.999655980536714,0.3832938279780859,0.6895732956468592
Nc1ccc(Br)cc1.O=C(Cl)c1cccc2ccccc12,-2860.4382,4.41,1751.0228,1273.982,0.114827,3.5839,0.11414,0.09979,-0.21393,172.0241,1108.837,-0.752629,-0.045666,0.01042,-0.65504,1.99927,-0.137811,77.667,200.466,0.01144,-0.81133,1.9993,0.3763373190685966,-957.8186401303651,7.76497366122391,2727.8224101566643,1452.655905920424,0.1591435410273463,3.138155778233965,0.17141258730322817,0.07978083346207067,-0.2511934207652988,-0.09163175384115753,190.62869999999998,1654.673933628048,-0.3606608914538662,-0.060651833547166085,0.019562781082751415,-0.15268271376427908,1.9987499999999998,140.36828004155382,67.13279503149818,0.67083710319587,1.4184804447627122,0.24250688344425783,0.05177296194712997,0.4757362417913853,1.9991198794237475,0.3059404481129295,90.28639256302401,23.548420283844816,0.051731334167722944,0.5763399240539799,1.9990998794237473,0.5737331192431018,-0.21399212998145925,1.9996800602881257,-0.14835273747499386,677.8735529026063,-199.8173439886677,0.012231266050649904,-0.5084526793064421,0.42167378684587214,-0.536095752759764,-0.25799595608850817,690.7625756377732,499.1303403904185,0.020573617287571157,-0.11333870811906079,9.999669879423749,0.38839317125744705,0.3876151122675186
Nc1ccc(Br)cc1.O=C(Cl)c1ccccc1,-2860.4382,4.41,1751.0228,1273.982,0.114827,3.5839,0.11414,0.09979,-0.21393,172.0241,1108.837,-0.752629,-0.045666,0.01042,-0.65504,1.99927,-0.137811,77.667,200.466,0.01144,-0.81133,1.9993,0.3763373190685966,-804.46025,0.6975,1464.397,1335.877,0.109113,3.4435,0.18524,0.10419999999999999,-0.28944,-0.08104,140.5689,1259.541,-0.319057,-0.06921,0.01701,-0.18925,1.99875,150.2369,61.7104,0.6467904342353682,1.381429,0.207568,0.04848,0.36494,1.99903,0.313396,86.434,23.3461,0.05259,0.56996,1.99907,0.5492448080553808,-0.014961,1.9997,-0.142092,704.1163,-190.2727,0.012,-0.50042,0.3867212083071114,-0.491795,-0.248031,648.8095,526.2085,0.02098,-0.09932,9.99965,0.38247325361862805,0.9628936387897244
Nc1ccc(Br)cc1.O=C(Cl)c1ccco1,-2860.4382,4.41,1751.0228,1273.982,0.114827,3.5839,0.11414,0.09979,-0.21393,172.0241,1108.837,-0.752629,-0.045666,0.01042,-0.65504,1.99927,-0.137811,77.667,200.466,0.01144,-0.81133,1.9993,0.3763373190685966,-802.2749436403665,0.9628803601977091,1106.8639320512225,837.4781616717298,0.07810627687091332,4.223320701907314,0.17692659069992278,0.09926084693630044,-0.2761874376362232,-0.07766574376362233,130.53050000000002,1023.5943809662729,-0.2571876525553629,0.07456587223868763,0.028521784583548964,0.16679427666839172,1.9986394965983396,84.42036001940463,48.795129254280766,0.6092274123751691,1.4654626254563974,0.18523025001857074,0.045608009071094816,0.29806073691619983,1.9990367505669435,0.28778355340700085,80.27414887766211,36.27046418281246,0.04943652154385018,0.5133097981460898,1.9990600000000003,0.5273364642768135,-0.01243844273116867,1.999706750566944,-0.14375068628124404,690.1763189879638,-171.46429701179642,0.012345972786715571,-0.4947455057576371,0.3678338463825751,-0.4709219205838191,-0.23281669984785022,670.2421570172194,515.4998959950124,0.022066292520756925,-0.08390614500521279,9.99965324943306,0.373560076402609,1.6632687494537215
Nc1ccc(Br)cc1.O=C(Cl)c1cccs1,-2860.4382,4.41,1751.0228,1273.982,0.114827,3.5839,0.11414,0.09979,-0.21393,172.0241,1108.837,-0.752629,-0.045666,0.01042,-0.65504,1.99927,-0.137811,77.667,200.466,0.01144,-0.81133,1.9993,0.3763373190685966,-1125.2983746590153,0.8989004644803423,1318.760431390368,1051.8664137490334,0.07514125703092484,3.9869099489807027,0.1825097879616161,0.09715189528668504,-0.27966168324830115,-0.08535789267493107,146.5911,967.0850566647645,-0.36846109931444926,-0.017428701234791306,0.01983363911738161,-0.3620010732506892,1.9987481652957104,92.68784922793068,54.81236467913048,0.6462467515807672,1.4370241272768098,0.2224287020695229,0.04673669408579305,0.36090770231153096,1.9989036391173816,0.30910380250162073,80.55742798492986,32.972354231999795,0.05245018174718617,0.5457332583905814,1.9989436391173816,0.5414205707054607,-0.010696796550940281,1.9997,-0.1456564430324384,653.6458953915552,-169.41871646632262,0.012134495887131043,-0.5017229207448509,0.3800545942263263,-0.48442835604958645,-0.24229535996721743,702.4773700234127,507.97409032060614,0.02155,-0.09357010393236291,9.999647278234763,0.38004302083175984,1.1932497854602635
Nc1ccc(C(=O)c2ccccc2)cc1.CC(=O)Cl,-630.807379,3.9784,3884.19485,1356.4765,0.221623,4.6413,0.137295,0.084065,-0.22136,197.236,1805.157,-0.853053,-0.129577,0.01106,-0.80245,1.99928,-0.126186,75.773,195.3147,0.0107,-0.79937,1.99927,0.37696664568911264,-613.070645,1.8407,361.1538,589.647,0.051921,2.5752,0.17481000000000002,0.13476,-0.30957,-0.04005,78.4981,543.096,-0.16842,-0.019931,0.00801,-0.68972,1.99914,58.3883,161.9989,0.3882945248584015,1.19561,-0.022262,0.04824,0.23014,1.99928,0.181407,78.3666,21.3299,0.05149,0.57826,1.99927,0.49370673379483954,-0.031774,1.99969,-0.138192,709.0371,-224.4771,0.01248,-0.48574,0.3472309628697294,-0.497062,-0.249833,776.7802,462.7909,0.02158,-0.12005,9.99964,0.3590308370044053,3.250772003884169
Nc1ccc(C(=O)c2ccccc2)cc1.CC(C)(C)C(=O)Cl,-630.807379,3.9784,3884.19485,1356.4765,0.221623,4.6413,0.137295,0.084065,-0.22136,197.236,1805.157,-0.853053,-0.129577,0.01106,-0.80245,1.99928,-0.126186,75.773,195.3147,0.0107,-0.79937,1.99927,0.37696664568911264,-730.74792,2.2489,944.8434,987.864,0.140866,2.7537,0.1676,0.13162,-0.29922,-0.03598,120.5785,1095.631,-0.002895,-0.401545,0.01495,-0.12509,1.99882,43.2203,145.8968,0.7474826935179358,1.086134,0.105519,0.05777,0.24151,1.999,0.311319,92.3348,10.4385,0.06159,0.60184,1.99904,0.6241346758967904,-0.044561,1.99969,-0.134635,702.0892,-210.5595,0.01227,-0.49442,0.4129955947136564,-0.486258,-0.243396,657.1407,517.8314,0.02014,-0.11423,9.99964,0.4117369414726243,0.5022125070550273
Nc1ccc(C(=O)c2ccccc2)cc1.CC(C)(C)c1ccc(C(=O)Cl)cc1,-630.807379,3.9784,3884.19485,1356.4765,0.221623,4.6413,0.137295,0.084065,-0.22136,197.236,1805.157,-0.853053,-0.129577,0.01106,-0.80245,1.99928,-0.126186,75.773,195.3147,0.0107,-0.79937,1.99927,0.37696664568911264,-961.3640173962594,0.8439951331320028,3736.8617162104047,1666.1327468680736,0.22702856304127478,4.218331555187393,0.1765543462087611,0.10122506668047276,-0.2777794128892339,-0.07532927952828836,196.6761,1756.2896208656803,-0.4178817038419192,-0.05493930742117488,0.01711,-0.19114765846693713,1.9987399999999997,145.50595114472912,64.19142355353065,0.6443475428431109,1.4770539433619239,0.2047373555601576,0.04842981988207208,0.3621147765800905,1.9990249099410362,0.31251209335266183,87.58830934681762,23.936423813800438,0.05250472982310813,0.5711581988207208,1.99906,0.5483809008647571,-0.017174605652256175,1.9997,-0.14438870176891871,691.262978378876,-184.8857997811485,0.01198,-0.5034901801179279,0.385780052201509,-0.5155604648516117,-0.2547429379952255,652.1694292748869,528.6326041804466,0.020760180117927914,-0.10642675787729755,9.99966,0.38215008883285495,0.7718229539634089
Nc1ccc(C(=O)c2ccccc2)cc1.CC(C)C(=O)Cl,-630.807379,3.9784,3884.19485,1356.4765,0.221623,4.6413,0.137295,0.084065,-0.22136,197.236,1805.157,-0.853053,-0.129577,0.01106,-0.80245,1.99928,-0.126186,75.773,195.3147,0.0107,-0.79937,1.99927,0.37696664568911264,-691.5212651203827,2.1259058055730957,774.3015688508707,791.3296195399124,0.11183604170191642,2.7012129828698455,0.17010773050232164,0.13244814752148587,-0.3025558780238075,-0.0376595829808358,106.5517,975.6940716840189,-0.024167191055353945,-0.17073551463321235,0.013924490779907133,-0.30198609076336,1.998945169740031,48.80721556952866,147.29575347812465,0.6314692916962978,1.1238819960085888,0.04858485903341499,0.0550134723397214,0.23591374372657942,1.9991075848700155,0.25247221421848887,88.59731276692389,12.733502739310532,0.0582213191506965,0.5944755962050935,1.9991375848700155,0.5800598381088926,-0.041438333812522876,1.99969,-0.1376712573166062,707.048479399112,-210.10582375691683,0.012389359809427323,-0.49276171727806395,0.39244024014119183,-0.49584497796278615,-0.2460183941104488,714.2513821331088,492.33222075195357,0.020564830259969046,-0.11847795268777256,9.99964,0.38745155439779033,1.4416188404409491
Nc1ccc(C(=O)c2ccccc2)cc1.CCC(C(=O)Cl)c1ccccc1,-630.807379,3.9784,3884.19485,1356.4765,0.221623,4.6413,0.137295,0.084065,-0.22136,197.236,1805.157,-0.853053,-0.129577,0.01106,-0.80245,1.99928,-0.126186,75.773,195.3147,0.0107,-0.79937,1.99927,0.37696664568911264,-922.1350941424333,4.569522987935531,2455.9020135917617,1503.8121474082207,0.19835830978909602,2.7196956404060453,0.15641062941202977,0.11147264569784315,-0.267883275109873,-0.044937983714186606,182.6493,1522.0795475579139,-0.04878392032155667,-0.06036727587828204,0.02106411226593012,-0.32502486318000223,1.99889,30.15305416820589,127.38872271494051,0.7227754446342497,1.1178043569820812,0.06601085036127433,0.056704631153088186,0.26634316303879657,1.999111010410588,0.2584528867848544,80.18911170349905,15.605117816098318,0.05923987339580025,0.5947519757187832,1.999131232884499,0.6209158445810388,-0.11952997468335282,1.999685360884168,-0.143804062173481,712.2092388306249,-204.0050258804775,0.012248062306486857,-0.5005021470911517,0.43435065207263357,-0.4765579049182884,-0.2283885640121543,717.517615534147,464.5850831441031,0.021029658300558765,-0.0958973312821047,9.99961558335808,0.388169114477217,1.5126344498799469
Nc1ccc(C(=O)c2ccccc2)cc1.CCCCC(=O)Cl,-630.807379,3.9784,3884.19485,1356.4765,0.221623,4.6413,0.137295,0.084065,-0.22136,197.236,1805.157,-0.853053,-0.129577,0.01106,-0.80245,1.99928,-0.126186,75.773,195.3147,0.0107,-0.79937,1.99927,0.37696664568911264,-730.7450150574017,2.090291331652506,1341.9302009057062,994.4515719835497,0.1418835432507869,2.6086344119789233,0.1712263701297755,0.1335958284882569,-0.3048221986180324,-0.037630541641518626,120.57850000000002,1041.7633434165296,-0.09671197627204661,0.007804712444770221,0.014038775373839806,-0.4880626302178358,1.9990404359511826,56.464141490849684,147.1293956944729,0.5593904691258827,1.1789239078387639,0.007528819367576247,0.05127629781296082,0.23642929006115296,1.9991881569913779,0.21380243779784716,82.77940616490689,16.660432212862794,0.05512335177243502,0.588506474333033,1.999198156991378,0.5578940906295883,-0.04184591941059398,1.9996900000000002,-0.14164929933233972,714.7961360943984,-212.9005115825591,0.012188685583343585,-0.49471489576310834,0.3995731427490579,-0.5163867508662023,-0.24523050175144934,770.1191505493439,470.94318983615574,0.020878088448009844,-0.11732762706245506,9.999642023227146,0.3671949651309757,2.125530117991607
Nc1ccc(C(=O)c2ccccc2)cc1.CCCCC(CC)C(=O)Cl,-630.807379,3.9784,3884.19485,1356.4765,0.221623,4.6413,0.137295,0.084065,-0.22136,197.236,1805.157,-0.853053,-0.129577,0.01106,-0.80245,1.99928,-0.126186,75.773,195.3147,0.0107,-0.79937,1.99927,0.37696664568911264,-848.4194799426583,2.1267217278302994,2464.267019669444,1500.231394373068,0.23155073390523292,2.677801397359587,0.16853390822493342,0.13085299777436263,-0.29938690599929607,-0.037680910450570794,162.6589,1466.9452087716104,-0.0842353595837951,-0.12303181060215712,0.01891789249052634,-0.29470057863953375,1.9989210580785208,30.751430758385847,131.96111134930018,0.7081076322850737,1.1146350543229737,0.04049639435702823,0.05769645486653496,0.23430779863995022,1.999079831858541,0.2342915125830618,79.28964453295023,10.72058245681579,0.06134362576284608,0.5865793709141864,1.999110961152719,0.6405613297343266,-0.04916664952674792,1.9996827557665517,-0.14383461934649713,723.1028236690747,-205.35061664385827,0.012373376332512752,-0.5004955405011925,0.44056690495066464,-0.4902433087740082,-0.23982660938031483,795.885334662436,424.81685121337784,0.02061303988994313,-0.10758898034704956,9.999627692135396,0.39206250471260456,-0.4403186072706373
Nc1ccc(C(=O)c2ccccc2)cc1.CCCCCCC(=O)Cl,-630.807379,3.9784,3884.19485,1356.4765,0.221623,4.6413,0.137295,0.084065,-0.22136,197.236,1805.157,-0.853053,-0.129577,0.01106,-0.80245,1.99928,-0.126186,75.773,195.3147,0.0107,-0.79937,1.99927,0.37696664568911264,-809.1928450186999,2.191972683108519,2694.585979207065,1390.3008597551361,0.20178400746022246,2.7244460547894533,0.17032995662812994,0.13265533018130402,-0.30298528680943393,-0.03767462644682591,148.63210000000004,1261.5194415620172,-0.09799205324244195,0.017531207143586563,0.014411268813625472,-0.4870248810235342,1.9990360661441282,52.29176351269705,146.78208323625879,0.5553711533823926,1.1744333662866158,0.005174748608251482,0.05187764178651444,0.23654530602917653,1.9991838244073419,0.2092039866890283,82.95284094577164,16.8293560755272,0.055168636678038244,0.5896019425118675,1.9991965260075706,0.554803422626299,-0.04042034364900629,1.9996900000000004,-0.1394788994015972,704.4901204727937,-215.8672177680678,0.01234712539999367,-0.4919174099593421,0.38646821572942175,-0.5069924791734688,-0.24872178501458486,751.6188641806931,476.4115554370388,0.020814874094548554,-0.1210213165562404,9.999640000000001,0.3740534939797181,2.3400274494253197
Nc1ccc(C(=O)c2ccccc2)cc1.CCCCCCCCCCCC(=O)Cl,-630.807379,3.9784,3884.19485,1356.4765,0.221623,4.6413,0.137295,0.084065,-0.22136,197.236,1805.157,-0.853053,-0.129577,0.01106,-0.80245,1.99928,-0.126186,75.773,195.3147,0.0107,-0.79937,1.99927,0.37696664568911264,-1005.3142281705781,2.051840846684475,7589.4788243149,2063.8977884186593,0.35148147884172565,2.580964688743521,0.17130593121998355,0.13237374139497904,-0.3036796726149626,-0.038932189825004494,218.76610000000002,2028.2284431012831,-0.09832466528407613,0.011300852452152831,0.014411262852878942,-0.4876371810409823,1.9990393233150183,54.09437145699512,147.61948876998457,0.5618015097823486,1.1889594778380719,0.0034922479456673456,0.05177155382090726,0.23634184011774262,1.9991781601252514,0.20777313911983045,80.09136057476589,16.11372837040959,0.05541338385685213,0.5883281241859004,1.999188590390622,0.5688480715114945,-0.04156562730035017,1.9996867476005615,-0.13988340193202087,708.4357928496703,-213.85227427913944,0.012237201999370216,-0.49679063701810433,0.4188836362668115,-0.5185254162381545,-0.24439257461254094,760.4693324636868,471.25224452499526,0.020883543820409477,-0.11594466851905619,9.999637177865932,0.3724491019162263,2.2995988567606287
Nc1ccc(C(=O)c2ccccc2)cc1.CCc1ccc(C(=O)Cl)cc1,-630.807379,3.9784,3884.19485,1356.4765,0.221623,4.6413,0.137295,0.084065,-0.22136,197.236,1805.157,-0.853053,-0.129577,0.01106,-0.80245,1.99928,-0.126186,75.773,195.3147,0.0107,-0.79937,1.99927,0.37696664568911264,-882.914671,0.8056,2669.3825,1421.7125,0.168403,4.1213,0.17781,0.10156000000000001,-0.27937,-0.07625,168.6225,1314.007,-0.402094,-0.061786,0.01695,-0.19259,1.99875,146.8733,63.8668,0.6452957835116425,1.456055,0.205216,0.04843,0.36246,1.99903,0.312565,87.4623,23.8993,0.05253,0.57058,1.99906,0.5498741346758967,-0.017375,1.9997,-0.144731,691.6855,-184.816,0.01198,-0.50355,0.3866425424795469,-0.509939,-0.254084,651.6022,528.6102,0.02081,-0.10547,9.99966,0.38294524858401513,0.9123357931437144
Nc1ccc(C(=O)c2ccccc2)cc1.COc1cc(C(=O)Cl)cc(OC)c1OC,-630.807379,3.9784,3884.19485,1356.4765,0.221623,4.6413,0.137295,0.084065,-0.22136,197.236,1805.157,-0.853053,-0.129577,0.01106,-0.80245,1.99928,-0.126186,75.773,195.3147,0.0107,-0.79937,1.99927,0.37696664568911264,-1147.3988728386491,9.590245055798524,4098.000453261923,1788.438858126628,0.21336973094695055,3.820453988387011,0.1589222523904965,0.08715554844614821,-0.2460778008366447,-0.07176670394434828,230.64750000000004,1702.8529527836297,-0.30062621086644153,-0.0505418648015625,0.01901263016358685,-0.16597456713914246,1.9988191465822256,138.9709269242885,66.29146063677923,0.6464282423283223,1.4648143543682646,0.20572451472928088,0.0527408394357223,0.4021922948019736,1.9991034206621257,0.30939671461077606,86.80447373218087,24.14315727612148,0.052543474138718856,0.5717040388310601,1.9990608534177752,0.5505070876792586,-0.22497649330386443,1.9997000000000003,-0.1474567049669537,690.2213647653614,-182.89085364682126,0.011964543057302771,-0.5069527124341651,0.38708728584549945,-0.5075244044704986,-0.2524332482777629,651.9670016723583,528.9051928576206,0.020845079417672406,-0.10312794717934845,9.999652567244352,0.38354454400728805,0.6284492951381558
Nc1ccc(C(=O)c2ccccc2)cc1.COc1ccc(C(=O)Cl)cc1,-630.807379,3.9784,3884.19485,1356.4765,0.221623,4.6413,0.137295,0.084065,-0.22136,197.236,1805.157,-0.853053,-0.129577,0.01106,-0.80245,1.99928,-0.126186,75.773,195.3147,0.0107,-0.79937,1.99927,0.37696664568911264,-918.7794806452093,1.8095578782030461,2595.8845344392657,1351.432412177592,0.14413766686447077,4.69247217594736,0.16339189113066868,0.09466255858855176,-0.2580544497192204,-0.06872933254211694,170.5951,1330.3161569267518,-0.5316156870230284,-0.057328369918361544,0.01689,-0.20658333135529233,1.9987499999999998,139.08126280090607,69.5119016314473,0.6464023557102192,1.5082461480170826,0.19680829664503793,0.04825977751403898,0.35202155146760417,1.99902,0.30959364046198856,88.97441949403056,25.308381727266305,0.052509332542116934,0.5694617858218112,1.99905,0.5495559709571898,-0.023747567188664966,1.9997,-0.15034197745033262,671.7481042751876,-174.48073225064894,0.011970222485961022,-0.5095373064319758,0.38616179649303717,-0.5192249050540321,-0.26183382883983775,650.1022819991035,534.1770665455147,0.020634443785097444,-0.11341470187579644,9.99966,0.3827949177457842,0.6716995317911756
Nc1ccc(C(=O)c2ccccc2)cc1.Cc1ccc(C(=O)Cl)cc1,-630.807379,3.9784,3884.19485,1356.4765,0.221623,4.6413,0.137295,0.084065,-0.22136,197.236,1805.157,-0.853053,-0.129577,0.01106,-0.80245,1.99928,-0.126186,75.773,195.3147,0.0107,-0.79937,1.99927,0.37696664568911264,-843.690474,0.7847,2037.6054,1331.695,0.138241,4.0826,0.17777500000000002,0.101495,-0.27927,-0.07628,154.5957,957.156,-0.396447,-0.063926,0.01695,-0.19369,1.99875,146.8166,64.1383,0.6464757709251101,1.444549,0.205095,0.0484,0.3622,1.99903,0.312699,87.2722,23.9815,0.05251,0.57046,1.99906,0.5497954688483323,-0.017809,1.9997,-0.144896,691.7944,-184.7633,0.01198,-0.50358,0.3868785399622404,-0.507387,-0.254103,652.0078,529.0068,0.02081,-0.10548,9.99966,0.38231592196349906,0.6709716567542129
Nc1ccc(C(=O)c2ccccc2)cc1.Cc1ccccc1C(=O)Cl,-630.807379,3.9784,3884.19485,1356.4765,0.221623,4.6413,0.137295,0.084065,-0.22136,197.236,1805.157,-0.853053,-0.129577,0.01106,-0.80245,1.99928,-0.126186,75.773,195.3147,0.0107,-0.79937,1.99927,0.37696664568911264,-843.6875560574109,0.11441203094299326,1727.5775237937205,1185.5250490989843,0.13826824892949693,2.9335652803962233,0.17744671457012706,0.09930211916386854,-0.2767488337339956,-0.07814459540625854,154.5957,1206.8423660351868,-0.3609323356612174,-0.04382074162750573,0.017399388198169285,-0.18550015969286923,1.99871,143.88919896912307,63.72922694533436,0.6763989980060084,1.3794532603765848,0.17964343533990834,0.04829439509069746,0.3670932883597818,1.9990500711227133,0.2936090109211529,86.60514481931877,23.749668767244493,0.051918321357468225,0.5733261876760661,1.9990899288772865,0.5774004604109436,-0.03147546807824839,1.9996999288772865,-0.14907075579200177,701.4520483596131,-205.6625805599628,0.012379573263719579,-0.5042245104984888,0.4371025917512716,-0.51174269585703,-0.25672397091808735,673.4314174438672,509.25428815634746,0.020633982871950604,-0.11187011540779132,9.999669857754574,0.38752509665341367,0.7404554512842622
Nc1ccc(C(=O)c2ccccc2)cc1.O=C(Cl)C12CC3CC(CC(C3)C1)C2,-630.807379,3.9784,3884.19485,1356.4765,0.221623,4.6413,0.137295,0.084065,-0.22136,197.236,1805.157,-0.853053,-0.129577,0.01106,-0.80245,1.99928,-0.126186,75.773,195.3147,0.0107,-0.79937,1.99927,0.37696664568911264,-962.581811,3.0439,2417.6329,1837.01,0.2551,3.1191,0.16248,0.12827,-0.29075,-0.03421,198.6919,1506.761,-0.109963,-0.417603,0.01866,-0.12505,1.99879,47.667,144.0592,0.8325991189427313,1.135254,0.136483,0.05847,0.25586,1.99893,0.339763,94.9955,11.4326,0.06189,0.61891,1.99899,0.6260226557583386,-0.055463,1.99969,-0.134531,703.9745,-206.4244,0.01198,-0.49526,0.4133102580239144,-0.495051,-0.246408,649.7835,526.6917,0.01986,-0.11707,9.99965,0.4122089364380113,1.1249387364997263
Nc1ccc(C(=O)c2ccccc2)cc1.O=C(Cl)C=Cc1ccccc1,-630.807379,3.9784,3884.19485,1356.4765,0.221623,4.6413,0.137295,0.084065,-0.22136,197.236,1805.157,-0.853053,-0.129577,0.01106,-0.80245,1.99928,-0.126186,75.773,195.3147,0.0107,-0.79937,1.99927,0.37696664568911264,-881.7076424349888,1.4583330632451224,3001.2649234041864,1257.7523733779365,0.14500556194108782,4.007677662728389,0.18097215746167145,0.08464781157985767,-0.2656199690415291,-0.09632434588181382,166.6067,1318.0489361294021,-0.6487631505721401,-0.11180734591608987,0.015986889213416643,-0.40177837436797814,1.9988062506712867,97.67235097153285,72.11756207665134,0.5471110545535718,1.594812176212798,0.21686245915706964,0.047810688301961585,0.3951780161227317,1.9990600002421206,0.2773765541231414,79.2212823091358,26.059164333630676,0.05162692895158519,0.5406730279839103,1.9991162506021094,0.518506511257886,-0.01080933265076242,1.99969,-0.1561087210570263,684.9150017741213,-177.68841986288376,0.012026865077963791,-0.508001072172739,0.3739683515791476,-0.5679760192194105,-0.25474012890245074,721.0320699222212,470.0895892939961,0.02118627173739866,-0.11190134066066033,9.99965374939789,0.36138049216617174,2.7297916280812835
Nc1ccc(C(=O)c2ccccc2)cc1.O=C(Cl)c1ccc(-c2ccccc2)cc1,-630.807379,3.9784,3884.19485,1356.4765,0.221623,4.6413,0.137295,0.084065,-0.22136,197.236,1805.157,-0.853053,-0.129577,0.01106,-0.80245,1.99928,-0.126186,75.773,195.3147,0.0107,-0.79937,1.99927,0.37696664568911264,-1035.081421,13.748,5091.4627,1754.559,0.195241,4.008,0.17202,0.08703,-0.25905,-0.08499,216.6665,1648.5790000000002,-0.476397,-0.069238,0.01931,-0.13635,1.99876,146.3066,63.2115,0.6453744493392071,1.557555,0.237449,0.05246,0.45217,1.99908,0.313028,86.8115,23.8787,0.05251,0.56896,1.99906,0.5493234738829452,-0.197972,1.99969,-0.14352,696.741,-187.3885,0.012,-0.50251,0.38569855254877283,-0.528893,-0.251945,650.7091,526.9992,0.02088,-0.10309,9.99966,0.38223725613593457,0.9125455618422812
Nc1ccc(C(=O)c2ccccc2)cc1.O=C(Cl)c1ccc(Br)cc1,-630.807379,3.9784,3884.19485,1356.4765,0.221623,4.6413,0.137295,0.084065,-0.22136,197.236,1805.157,-0.853053,-0.129577,0.01106,-0.80245,1.99928,-0.126186,75.773,195.3147,0.0107,-0.79937,1.99927,0.37696664568911264,-3377.857666,2.1799,3388.6568,1232.628,0.100324,2.0328,0.18545,0.09516000000000002,-0.28061,-0.09029,219.465,1258.854,-0.39698,-0.055564,0.01694,-0.19555,1.99875,149.5302,63.26,0.645846444304594,1.462386,0.217711,0.04852,0.3717,1.99904,0.315275,85.0022,24.181,0.05263,0.56687,1.99907,0.5486154814348647,-0.010299,1.9997,-0.140191,709.2575,-191.8647,0.01202,-0.49899,0.38719320327249845,-0.500793,-0.242085,647.9072,524.2242,0.02118,-0.09299,9.99965,0.382001258653241,1.510399246706866
Nc1ccc(C(=O)c2ccccc2)cc1.O=C(Cl)c1ccc(C(F)(F)F)cc1,-630.807379,3.9784,3884.19485,1356.4765,0.221623,4.6413,0.137295,0.084065,-0.22136,197.236,1805.157,-0.853053,-0.129577,0.01106,-0.80245,1.99928,-0.126186,75.773,195.3147,0.0107,-0.79937,1.99927,0.37696664568911264,-1141.009328,3.3671,3493.4189,1579.5935,0.117803,1.0538,0.202225,0.10366500000000001,-0.30589,-0.09856,208.5672,1203.002,-0.281208,-0.066681,0.01707,-0.18876,1.99875,151.6583,59.3407,0.6463184392699811,1.375664,0.226354,0.04856,0.38009,1.99904,0.318189,83.9248,23.6216,0.05264,0.56628,1.99908,0.5490874764002517,-0.003696,1.9997,-0.135777,725.5918,-200.3338,0.01205,-0.49428,0.3871145374449339,-0.48031,-0.234509,646.3328,518.8401,0.02137,-0.08533,9.99964,0.38239458779106356,2.256386366878349
Nc1ccc(C(=O)c2ccccc2)cc1.O=C(Cl)c1ccc(Cl)cc1,-630.807379,3.9784,3884.19485,1356.4765,0.221623,4.6413,0.137295,0.084065,-0.22136,197.236,1805.157,-0.853053,-0.129577,0.01106,-0.80245,1.99928,-0.126186,75.773,195.3147,0.0107,-0.79937,1.99927,0.37696664568911264,-1263.981948,2.0754,2495.0487,918.639,0.100727,2.063,0.18674,0.09755,-0.28429,-0.08919,175.014,1159.235,-0.395009,-0.059104,0.01687,-0.19718,1.99875,148.1762,63.8432,0.6469477658904972,1.447541,0.216306,0.04848,0.37028,1.99904,0.314974,85.26,24.3534,0.05263,0.56696,1.99907,0.5487728130899937,-0.010873,1.9997,-0.140838,706.9426,-190.8553,0.01202,-0.49966,0.38719320327249845,-0.497634,-0.243186,647.8379,524.4538,0.02115,-0.09408,9.99965,0.38231592196349906,0.9495989822930962
Nc1ccc(C(=O)c2ccccc2)cc1.O=C(Cl)c1ccc(Cl)cc1Cl,-630.807379,3.9784,3884.19485,1356.4765,0.221623,4.6413,0.137295,0.084065,-0.22136,197.236,1805.157,-0.853053,-0.129577,0.01106,-0.80245,1.99928,-0.126186,75.773,195.3147,0.0107,-0.79937,1.99927,0.37696664568911264,-1723.4939374606504,1.2883800810490484,2980.2158268029457,1474.2397074519768,0.09215022714359405,2.4027020201639373,0.1889194293631092,0.09675937747005803,-0.28567880683316726,-0.09216005189305122,209.45909999999998,1522.9075142418037,-0.4253249866263163,-0.07327173319778336,0.019400577896779823,-0.2055589686983824,1.9986567970101383,141.94229947990505,63.78112283667599,0.6720934400530437,1.383887345120303,0.20099762442309496,0.051071825734569344,0.377952249212696,1.9990716014949308,0.30132847764488324,89.17290808438919,26.71033238705266,0.053662067271891524,0.5672160495446766,1.9991067970101382,0.5710416884369257,-0.02376615770075898,1.9996899999999997,-0.12318614046610027,738.0003184385099,-221.68962119212986,0.01246359402027631,-0.4777808249899132,0.41465210131273,-0.4997364317231278,-0.23461153961306366,691.034157820026,475.66836513053863,0.02126264516867135,-0.09382789320718006,9.999653594020277,0.3876269732870548,1.472289660700545
Nc1ccc(C(=O)c2ccccc2)cc1.O=C(Cl)c1ccc(F)cc1,-630.807379,3.9784,3884.19485,1356.4765,0.221623,4.6413,0.137295,0.084065,-0.22136,197.236,1805.157,-0.853053,-0.129577,0.01106,-0.80245,1.99928,-0.126186,75.773,195.3147,0.0107,-0.79937,1.99927,0.37696664568911264,-903.560911,1.3905,1932.8255,1039.562,0.101816,2.1677,0.18521500000000002,0.102935,-0.28815,-0.08228,158.5594,1118.02,-0.402654,-0.063696,0.0167,-0.20093,1.99875,144.8678,66.2483,0.6475770925110133,1.405945,0.206459,0.0484,0.35807,1.99903,0.313827,86.1662,24.8469,0.05265,0.56797,1.99907,0.5505034612964128,-0.01578,1.9997,-0.143118,697.5602,-186.3864,0.01202,-0.50216,0.38735053492762744,-0.489988,-0.246855,647.3665,526.5674,0.02105,-0.09791,9.99965,0.38247325361862805,0.9770964596724828
Nc1ccc(C(=O)c2ccccc2)cc1.O=C(Cl)c1ccc(F)cc1F,-630.807379,3.9784,3884.19485,1356.4765,0.221623,4.6413,0.137295,0.084065,-0.22136,197.236,1805.157,-0.853053,-0.129577,0.01106,-0.80245,1.99928,-0.126186,75.773,195.3147,0.0107,-0.79937,1.99927,0.37696664568911264,-1002.6542594723891,1.5628342043633043,2120.324392652248,1108.7274438818417,0.09460995236304569,2.9002627333284448,0.18897774100507306,0.1031808922527925,-0.29215863325786556,-0.08579684875228055,176.5499,1217.2759401612166,-0.4762535813565251,-0.14156288723632596,0.01749714178274225,-0.2655723345228288,1.9987275595461926,125.52130121331402,76.87735232825071,0.6601959388546843,1.4011957195348994,0.21017866036864236,0.05033202645075863,0.3574196198405706,1.999092440453807,0.31311296107594244,89.14458035729169,29.976610165880096,0.053738691863957924,0.5602134195157078,1.9991175595461927,0.5592025931930473,-0.0013660944016755583,1.999692440453807,-0.12574949132688037,715.3363046299694,-206.25609228525013,0.012154107747207482,-0.4855636222965187,0.4016195195314515,-0.4835200440528855,-0.24479578722213755,687.6901003715086,492.5449564929477,0.021139816660918742,-0.0970344038983523,9.99966023818477,0.38741746794270504,1.861400236569292
Nc1ccc(C(=O)c2ccccc2)cc1.O=C(Cl)c1ccc(OC(F)(F)F)cc1,-630.807379,3.9784,3884.19485,1356.4765,0.221623,4.6413,0.137295,0.084065,-0.22136,197.236,1805.157,-0.853053,-0.129577,0.01106,-0.80245,1.99928,-0.126186,75.773,195.3147,0.0107,-0.79937,1.99927,0.37696664568911264,-1216.116295,1.9373,4202.2051,1483.97,0.123247,2.1043,0.18684,0.10098000000000001,-0.28782,-0.08586,224.5666,1686.329,-0.41883,-0.055985,0.01693,-0.20009,1.99875,144.7474,65.8979,0.6455317809943361,1.437835,0.211505,0.04838,0.36227,1.99903,0.315037,85.8367,24.8444,0.0526,0.56737,1.99907,0.5483008181246066,-0.013036,1.9997,-0.141975,702.237,-188.2112,0.01203,-0.50095,0.3865638766519824,-0.492427,-0.24471,647.5785,525.941,0.02111,-0.09583,9.99965,0.382001258653241,1.1233027273920344
Nc1ccc(C(=O)c2ccccc2)cc1.O=C(Cl)c1ccc(SC(F)(F)F)cc1,-630.807379,3.9784,3884.19485,1356.4765,0.221623,4.6413,0.137295,0.084065,-0.22136,197.236,1805.157,-0.853053,-0.129577,0.01106,-0.80245,1.99928,-0.126186,75.773,195.3147,0.0107,-0.79937,1.99927,0.37696664568911264,-1539.108656,10.93545,4535.03445,1625.511,0.120362,1.4151,0.19517500000000002,0.09453500000000001,-0.28971,-0.10064,240.6272,1337.92,-0.29784849999999996,-0.0998015,0.01897,-0.20292,1.99876,153.6659,59.602199999999996,0.6472624292007552,1.4163860000000001,0.25255150000000004,0.05244,0.4746,1.99909,0.3170855,83.78805,23.4428,0.05266,0.56606,1.99908,0.5502674638137193,-0.18941449999999999,1.99969,-0.1355175,726.435,-201.13459999999998,0.01204,-0.49415,0.3878618628067967,-0.49045249999999996,-0.234585,646.7714000000001,518.4003,0.02136,-0.08533,9.99964,0.38333857772183766,1.3931985083884262
Nc1ccc(C(=O)c2ccccc2)cc1.O=C(Cl)c1ccc([N+](=O)[O-])cc1,-630.807379,3.9784,3884.19485,1356.4765,0.221623,4.6413,0.137295,0.084065,-0.22136,197.236,1805.157,-0.853053,-0.129577,0.01106,-0.80245,1.99928,-0.126186,75.773,195.3147,0.0107,-0.79937,1.99927,0.37696664568911264,-1008.649643,2.8883,2934.3431,1429.187,0.114492,1.9316,0.21973499999999999,0.09540499999999999,-0.31514,-0.12433,185.5665,1180.633,-0.243545,-0.095972,0.01759,-0.19498,1.99875,153.1256,57.3166,0.6472624292007552,1.373848,0.307302,0.05273,0.54955,1.99909,0.319677,82.3735,23.8112,0.0527,0.56324,1.99908,0.5486154814348647,-0.149197,1.99968,-0.131168,741.5805,-208.9034,0.01209,-0.49014,0.3881371932032725,-0.473753,-0.225712,643.2683,512.101,0.02162,-0.07607,9.99964,0.38215859030837,1.7441329238616667
Nc1ccc(C(=O)c2ccccc2)cc1.O=C(Cl)c1ccc2ccccc2c1,-630.807379,3.9784,3884.19485,1356.4765,0.221623,4.6413,0.137295,0.084065,-0.22136,197.236,1805.157,-0.853053,-0.129577,0.01106,-0.80245,1.99928,-0.126186,75.773,195.3147,0.0107,-0.79937,1.99927,0.37696664568911264,-957.8231548793865,8.942984281922897,3120.642424188284,1617.483620444743,0.15897933382482796,3.963189472116048,0.1688166691241398,0.08189167649655926,-0.25070834562069905,-0.08692499262758055,190.6287,1577.0617708477648,-0.406241613979723,-0.0853495998229043,0.01913813624300125,-0.18617714833386767,1.9987759805367138,143.21741244463914,64.17324326159877,0.6477991941427841,1.4941111495158192,0.2417364895313614,0.05284029194928839,0.45526854910095393,1.9990940194632858,0.3139393768798561,87.57417048040392,23.502188115581014,0.052508428192289645,0.5698158832202846,1.9990640194632858,0.5497785108064259,-0.20163146446439634,1.9996899999999997,-0.14309156915373786,699.7480535233219,-189.1846326741985,0.01198794161014232,-0.5022111235626368,0.38731661884381463,-0.5121153102357949,-0.2502995078146661,650.3423603945448,527.1525046879868,0.020885980536714102,-0.10191680330266659,9.999655980536714,0.3832938279780859,0.819092691245128
Nc1ccc(C(=O)c2ccccc2)cc1.O=C(Cl)c1cccc2ccccc12,-630.807379,3.9784,3884.19485,1356.4765,0.221623,4.6413,0.137295,0.084065,-0.22136,197.236,1805.157,-0.853053,-0.129577,0.01106,-0.80245,1.99928,-0.126186,75.773,195.3147,0.0107,-0.79937,1.99927,0.37696664568911264,-957.8186401303651,7.76497366122391,2727.8224101566643,1452.655905920424,0.1591435410273463,3.138155778233965,0.17141258730322817,0.07978083346207067,-0.2511934207652988,-0.09163175384115753,190.62869999999998,1654.673933628048,-0.3606608914538662,-0.060651833547166085,0.019562781082751415,-0.15268271376427908,1.9987499999999998,140.36828004155382,67.13279503149818,0.67083710319587,1.4184804447627122,0.24250688344425783,0.05177296194712997,0.4757362417913853,1.9991198794237475,0.3059404481129295,90.28639256302401,23.548420283844816,0.051731334167722944,0.5763399240539799,1.9990998794237473,0.5737331192431018,-0.21399212998145925,1.9996800602881257,-0.14835273747499386,677.8735529026063,-199.8173439886677,0.012231266050649904,-0.5084526793064421,0.42167378684587214,-0.536095752759764,-0.25799595608850817,690.7625756377732,499.1303403904185,0.020573617287571157,-0.11333870811906079,9.999669879423749,0.38839317125744705,0.7539889828025744
Nc1ccc(C(=O)c2ccccc2)cc1.O=C(Cl)c1ccccc1,-630.807379,3.9784,3884.19485,1356.4765,0.221623,4.6413,0.137295,0.084065,-0.22136,197.236,1805.157,-0.853053,-0.129577,0.01106,-0.80245,1.99928,-0.126186,75.773,195.3147,0.0107,-0.79937,1.99927,0.37696664568911264,-804.46025,0.6975,1464.397,1335.877,0.109113,3.4435,0.18524,0.10419999999999999,-0.28944,-0.08104,140.5689,1259.541,-0.319057,-0.06921,0.01701,-0.18925,1.99875,150.2369,61.7104,0.6467904342353682,1.381429,0.207568,0.04848,0.36494,1.99903,0.313396,86.434,23.3461,0.05259,0.56996,1.99907,0.5492448080553808,-0.014961,1.9997,-0.142092,704.1163,-190.2727,0.012,-0.50042,0.3867212083071114,-0.491795,-0.248031,648.8095,526.2085,0.02098,-0.09932,9.99965,0.38247325361862805,0.9083784165263512
Nc1ccc(C(=O)c2ccccc2)cc1.O=C(Cl)c1ccco1,-630.807379,3.9784,3884.19485,1356.4765,0.221623,4.6413,0.137295,0.084065,-0.22136,197.236,1805.157,-0.853053,-0.129577,0.01106,-0.80245,1.99928,-0.126186,75.773,195.3147,0.0107,-0.79937,1.99927,0.37696664568911264,-802.2749436403665,0.9628803601977091,1106.8639320512225,837.4781616717298,0.07810627687091332,4.223320701907314,0.17692659069992278,0.09926084693630044,-0.2761874376362232,-0.07766574376362233,130.53050000000002,1023.5943809662729,-0.2571876525553629,0.07456587223868763,0.028521784583548964,0.16679427666839172,1.9986394965983396,84.42036001940463,48.795129254280766,0.6092274123751691,1.4654626254563974,0.18523025001857074,0.045608009071094816,0.29806073691619983,1.9990367505669435,0.28778355340700085,80.27414887766211,36.27046418281246,0.04943652154385018,0.5133097981460898,1.9990600000000003,0.5273364642768135,-0.01243844273116867,1.999706750566944,-0.14375068628124404,690.1763189879638,-171.46429701179642,0.012345972786715571,-0.4947455057576371,0.3678338463825751,-0.4709219205838191,-0.23281669984785022,670.2421570172194,515.4998959950124,0.022066292520756925,-0.08390614500521279,9.99965324943306,0.373560076402609,1.6210291385563425
Nc1ccc(C(=O)c2ccccc2)cc1.O=C(Cl)c1cccs1,-630.807379,3.9784,3884.19485,1356.4765,0.221623,4.6413,0.137295,0.084065,-0.22136,197.236,1805.157,-0.853053,-0.129577,0.01106,-0.80245,1.99928,-0.126186,75.773,195.3147,0.0107,-0.79937,1.99927,0.37696664568911264,-1125.2983746590153,0.8989004644803423,1318.760431390368,1051.8664137490334,0.07514125703092484,3.9869099489807027,0.1825097879616161,0.09715189528668504,-0.27966168324830115,-0.08535789267493107,146.5911,967.0850566647645,-0.36846109931444926,-0.017428701234791306,0.01983363911738161,-0.3620010732506892,1.9987481652957104,92.68784922793068,54.81236467913048,0.6462467515807672,1.4370241272768098,0.2224287020695229,0.04673669408579305,0.36090770231153096,1.9989036391173816,0.30910380250162073,80.55742798492986,32.972354231999795,0.05245018174718617,0.5457332583905814,1.9989436391173816,0.5414205707054607,-0.010696796550940281,1.9997,-0.1456564430324384,653.6458953915552,-169.41871646632262,0.012134495887131043,-0.5017229207448509,0.3800545942263263,-0.48442835604958645,-0.24229535996721743,702.4773700234127,507.97409032060614,0.02155,-0.09357010393236291,9.999647278234763,0.38004302083175984,1.4431405644230872
Nc1ccc(F)cc1.CC(=O)Cl,-386.137891,4.8833,950.5134,759.542,0.116172,2.9703,0.110565,0.099305,-0.20987,111.1185,801.739,-0.676586,-0.036683,0.01039,-0.63202,1.99927,-0.145335,79.3757,202.8909,0.01178,-0.81818,1.99931,0.3749213341724355,-613.070645,1.8407,361.1538,589.647,0.051921,2.5752,0.17481000000000002,0.13476,-0.30957,-0.04005,78.4981,543.096,-0.16842,-0.019931,0.00801,-0.68972,1.99914,58.3883,161.9989,0.3882945248584015,1.19561,-0.022262,0.04824,0.23014,1.99928,0.181407,78.3666,21.3299,0.05149,0.57826,1.99927,0.49370673379483954,-0.031774,1.99969,-0.138192,709.0371,-224.4771,0.01248,-0.48574,0.3472309628697294,-0.497062,-0.249833,776.7802,462.7909,0.02158,-0.12005,9.99964,0.3590308370044053,2.9995510504984804
Nc1ccc(F)cc1.CC(C)(C)C(=O)Cl,-386.137891,4.8833,950.5134,759.542,0.116172,2.9703,0.110565,0.099305,-0.20987,111.1185,801.739,-0.676586,-0.036683,0.01039,-0.63202,1.99927,-0.145335,79.3757,202.8909,0.01178,-0.81818,1.99931,0.3749213341724355,-730.74792,2.2489,944.8434,987.864,0.140866,2.7537,0.1676,0.13162,-0.29922,-0.03598,120.5785,1095.631,-0.002895,-0.401545,0.01495,-0.12509,1.99882,43.2203,145.8968,0.7474826935179358,1.086134,0.105519,0.05777,0.24151,1.999,0.311319,92.3348,10.4385,0.06159,0.60184,1.99904,0.6241346758967904,-0.044561,1.99969,-0.134635,702.0892,-210.5595,0.01227,-0.49442,0.4129955947136564,-0.486258,-0.243396,657.1407,517.8314,0.02014,-0.11423,9.99964,0.4117369414726243,1.551652856141914
Nc1ccc(F)cc1.CC(C)(C)c1ccc(C(=O)Cl)cc1,-386.137891,4.8833,950.5134,759.542,0.116172,2.9703,0.110565,0.099305,-0.20987,111.1185,801.739,-0.676586,-0.036683,0.01039,-0.63202,1.99927,-0.145335,79.3757,202.8909,0.01178,-0.81818,1.99931,0.3749213341724355,-961.3640173962594,0.8439951331320028,3736.8617162104047,1666.1327468680736,0.22702856304127478,4.218331555187393,0.1765543462087611,0.10122506668047276,-0.2777794128892339,-0.07532927952828836,196.6761,1756.2896208656803,-0.4178817038419192,-0.05493930742117488,0.01711,-0.19114765846693713,1.9987399999999997,145.50595114472912,64.19142355353065,0.6443475428431109,1.4770539433619239,0.2047373555601576,0.04842981988207208,0.3621147765800905,1.9990249099410362,0.31251209335266183,87.58830934681762,23.936423813800438,0.05250472982310813,0.5711581988207208,1.99906,0.5483809008647571,-0.017174605652256175,1.9997,-0.14438870176891871,691.262978378876,-184.8857997811485,0.01198,-0.5034901801179279,0.385780052201509,-0.5155604648516117,-0.2547429379952255,652.1694292748869,528.6326041804466,0.020760180117927914,-0.10642675787729755,9.99966,0.38215008883285495,0.9030638025340028
Nc1ccc(F)cc1.CC(C)C(=O)Cl,-386.137891,4.8833,950.5134,759.542,0.116172,2.9703,0.110565,0.099305,-0.20987,111.1185,801.739,-0.676586,-0.036683,0.01039,-0.63202,1.99927,-0.145335,79.3757,202.8909,0.01178,-0.81818,1.99931,0.3749213341724355,-691.5212651203827,2.1259058055730957,774.3015688508707,791.3296195399124,0.11183604170191642,2.7012129828698455,0.17010773050232164,0.13244814752148587,-0.3025558780238075,-0.0376595829808358,106.5517,975.6940716840189,-0.024167191055353945,-0.17073551463321235,0.013924490779907133,-0.30198609076336,1.998945169740031,48.80721556952866,147.29575347812465,0.6314692916962978,1.1238819960085888,0.04858485903341499,0.0550134723397214,0.23591374372657942,1.9991075848700155,0.25247221421848887,88.59731276692389,12.733502739310532,0.0582213191506965,0.5944755962050935,1.9991375848700155,0.5800598381088926,-0.041438333812522876,1.99969,-0.1376712573166062,707.048479399112,-210.10582375691683,0.012389359809427323,-0.49276171727806395,0.39244024014119183,-0.49584497796278615,-0.2460183941104488,714.2513821331088,492.33222075195357,0.020564830259969046,-0.11847795268777256,9.99964,0.38745155439779033,2.498862553450095
Nc1ccc(F)cc1.CCC(C(=O)Cl)c1ccccc1,-386.137891,4.8833,950.5134,759.542,0.116172,2.9703,0.110565,0.099305,-0.20987,111.1185,801.739,-0.676586,-0.036683,0.01039,-0.63202,1.99927,-0.145335,79.3757,202.8909,0.01178,-0.81818,1.99931,0.3749213341724355,-922.1350941424333,4.569522987935531,2455.9020135917617,1503.8121474082207,0.19835830978909602,2.7196956404060453,0.15641062941202977,0.11147264569784315,-0.267883275109873,-0.044937983714186606,182.6493,1522.0795475579139,-0.04878392032155667,-0.06036727587828204,0.02106411226593012,-0.32502486318000223,1.99889,30.15305416820589,127.38872271494051,0.7227754446342497,1.1178043569820812,0.06601085036127433,0.056704631153088186,0.26634316303879657,1.999111010410588,0.2584528867848544,80.18911170349905,15.605117816098318,0.05923987339580025,0.5947519757187832,1.999131232884499,0.6209158445810388,-0.11952997468335282,1.999685360884168,-0.143804062173481,712.2092388306249,-204.0050258804775,0.012248062306486857,-0.5005021470911517,0.43435065207263357,-0.4765579049182884,-0.2283885640121543,717.517615534147,464.5850831441031,0.021029658300558765,-0.0958973312821047,9.99961558335808,0.388169114477217,3.18063888689688
Nc1ccc(F)cc1.CCCCC(=O)Cl,-386.137891,4.8833,950.5134,759.542,0.116172,2.9703,0.110565,0.099305,-0.20987,111.1185,801.739,-0.676586,-0.036683,0.01039,-0.63202,1.99927,-0.145335,79.3757,202.8909,0.01178,-0.81818,1.99931,0.3749213341724355,-730.7450150574017,2.090291331652506,1341.9302009057062,994.4515719835497,0.1418835432507869,2.6086344119789233,0.1712263701297755,0.1335958284882569,-0.3048221986180324,-0.037630541641518626,120.57850000000002,1041.7633434165296,-0.09671197627204661,0.007804712444770221,0.014038775373839806,-0.4880626302178358,1.9990404359511826,56.464141490849684,147.1293956944729,0.5593904691258827,1.1789239078387639,0.007528819367576247,0.05127629781296082,0.23642929006115296,1.9991881569913779,0.21380243779784716,82.77940616490689,16.660432212862794,0.05512335177243502,0.588506474333033,1.999198156991378,0.5578940906295883,-0.04184591941059398,1.9996900000000002,-0.14164929933233972,714.7961360943984,-212.9005115825591,0.012188685583343585,-0.49471489576310834,0.3995731427490579,-0.5163867508662023,-0.24523050175144934,770.1191505493439,470.94318983615574,0.020878088448009844,-0.11732762706245506,9.999642023227146,0.3671949651309757,2.6898587219383927
Nc1ccc(F)cc1.CCCCC(CC)C(=O)Cl,-386.137891,4.8833,950.5134,759.542,0.116172,2.9703,0.110565,0.099305,-0.20987,111.1185,801.739,-0.676586,-0.036683,0.01039,-0.63202,1.99927,-0.145335,79.3757,202.8909,0.01178,-0.81818,1.99931,0.3749213341724355,-848.4194799426583,2.1267217278302994,2464.267019669444,1500.231394373068,0.23155073390523292,2.677801397359587,0.16853390822493342,0.13085299777436263,-0.29938690599929607,-0.037680910450570794,162.6589,1466.9452087716104,-0.0842353595837951,-0.12303181060215712,0.01891789249052634,-0.29470057863953375,1.9989210580785208,30.751430758385847,131.96111134930018,0.7081076322850737,1.1146350543229737,0.04049639435702823,0.05769645486653496,0.23430779863995022,1.999079831858541,0.2342915125830618,79.28964453295023,10.72058245681579,0.06134362576284608,0.5865793709141864,1.999110961152719,0.6405613297343266,-0.04916664952674792,1.9996827557665517,-0.14383461934649713,723.1028236690747,-205.35061664385827,0.012373376332512752,-0.5004955405011925,0.44056690495066464,-0.4902433087740082,-0.23982660938031483,795.885334662436,424.81685121337784,0.02061303988994313,-0.10758898034704956,9.999627692135396,0.39206250471260456,1.1476629502379845
Nc1ccc(F)cc1.CCCCCCC(=O)Cl,-386.137891,4.8833,950.5134,759.542,0.116172,2.9703,0.110565,0.099305,-0.20987,111.1185,801.739,-0.676586,-0.036683,0.01039,-0.63202,1.99927,-0.145335,79.3757,202.8909,0.01178,-0.81818,1.99931,0.3749213341724355,-809.1928450186999,2.191972683108519,2694.585979207065,1390.3008597551361,0.20178400746022246,2.7244460547894533,0.17032995662812994,0.13265533018130402,-0.30298528680943393,-0.03767462644682591,148.63210000000004,1261.5194415620172,-0.09799205324244195,0.017531207143586563,0.014411268813625472,-0.4870248810235342,1.9990360661441282,52.29176351269705,146.78208323625879,0.5553711533823926,1.1744333662866158,0.005174748608251482,0.05187764178651444,0.23654530602917653,1.9991838244073419,0.2092039866890283,82.95284094577164,16.8293560755272,0.055168636678038244,0.5896019425118675,1.9991965260075706,0.554803422626299,-0.04042034364900629,1.9996900000000004,-0.1394788994015972,704.4901204727937,-215.8672177680678,0.01234712539999367,-0.4919174099593421,0.38646821572942175,-0.5069924791734688,-0.24872178501458486,751.6188641806931,476.4115554370388,0.020814874094548554,-0.1210213165562404,9.999640000000001,0.3740534939797181,2.7329480604716214
Nc1ccc(F)cc1.CCCCCCCCCCCC(=O)Cl,-386.137891,4.8833,950.5134,759.542,0.116172,2.9703,0.110565,0.099305,-0.20987,111.1185,801.739,-0.676586,-0.036683,0.01039,-0.63202,1.99927,-0.145335,79.3757,202.8909,0.01178,-0.81818,1.99931,0.3749213341724355,-1005.3142281705781,2.051840846684475,7589.4788243149,2063.8977884186593,0.35148147884172565,2.580964688743521,0.17130593121998355,0.13237374139497904,-0.3036796726149626,-0.038932189825004494,218.76610000000002,2028.2284431012831,-0.09832466528407613,0.011300852452152831,0.014411262852878942,-0.4876371810409823,1.9990393233150183,54.09437145699512,147.61948876998457,0.5618015097823486,1.1889594778380719,0.0034922479456673456,0.05177155382090726,0.23634184011774262,1.9991781601252514,0.20777313911983045,80.09136057476589,16.11372837040959,0.05541338385685213,0.5883281241859004,1.999188590390622,0.5688480715114945,-0.04156562730035017,1.9996867476005615,-0.13988340193202087,708.4357928496703,-213.85227427913944,0.012237201999370216,-0.49679063701810433,0.4188836362668115,-0.5185254162381545,-0.24439257461254094,760.4693324636868,471.25224452499526,0.020883543820409477,-0.11594466851905619,9.999637177865932,0.3724491019162263,2.727281563851949
Nc1ccc(F)cc1.CCc1ccc(C(=O)Cl)cc1,-386.137891,4.8833,950.5134,759.542,0.116172,2.9703,0.110565,0.099305,-0.20987,111.1185,801.739,-0.676586,-0.036683,0.01039,-0.63202,1.99927,-0.145335,79.3757,202.8909,0.01178,-0.81818,1.99931,0.3749213341724355,-882.914671,0.8056,2669.3825,1421.7125,0.168403,4.1213,0.17781,0.10156000000000001,-0.27937,-0.07625,168.6225,1314.007,-0.402094,-0.061786,0.01695,-0.19259,1.99875,146.8733,63.8668,0.6452957835116425,1.456055,0.205216,0.04843,0.36246,1.99903,0.312565,87.4623,23.8993,0.05253,0.57058,1.99906,0.5498741346758967,-0.017375,1.9997,-0.144731,691.6855,-184.816,0.01198,-0.50355,0.3866425424795469,-0.509939,-0.254084,651.6022,528.6102,0.02081,-0.10547,9.99966,0.38294524858401513,1.0984902847939049
Nc1ccc(F)cc1.COc1cc(C(=O)Cl)cc(OC)c1OC,-386.137891,4.8833,950.5134,759.542,0.116172,2.9703,0.110565,0.099305,-0.20987,111.1185,801.739,-0.676586,-0.036683,0.01039,-0.63202,1.99927,-0.145335,79.3757,202.8909,0.01178,-0.81818,1.99931,0.3749213341724355,-1147.3988728386491,9.590245055798524,4098.000453261923,1788.438858126628,0.21336973094695055,3.820453988387011,0.1589222523904965,0.08715554844614821,-0.2460778008366447,-0.07176670394434828,230.64750000000004,1702.8529527836297,-0.30062621086644153,-0.0505418648015625,0.01901263016358685,-0.16597456713914246,1.9988191465822256,138.9709269242885,66.29146063677923,0.6464282423283223,1.4648143543682646,0.20572451472928088,0.0527408394357223,0.4021922948019736,1.9991034206621257,0.30939671461077606,86.80447373218087,24.14315727612148,0.052543474138718856,0.5717040388310601,1.9990608534177752,0.5505070876792586,-0.22497649330386443,1.9997000000000003,-0.1474567049669537,690.2213647653614,-182.89085364682126,0.011964543057302771,-0.5069527124341651,0.38708728584549945,-0.5075244044704986,-0.2524332482777629,651.9670016723583,528.9051928576206,0.020845079417672406,-0.10312794717934845,9.999652567244352,0.38354454400728805,0.9915562456448116
Nc1ccc(F)cc1.COc1ccc(C(=O)Cl)cc1,-386.137891,4.8833,950.5134,759.542,0.116172,2.9703,0.110565,0.099305,-0.20987,111.1185,801.739,-0.676586,-0.036683,0.01039,-0.63202,1.99927,-0.145335,79.3757,202.8909,0.01178,-0.81818,1.99931,0.3749213341724355,-918.7794806452093,1.8095578782030461,2595.8845344392657,1351.432412177592,0.14413766686447077,4.69247217594736,0.16339189113066868,0.09466255858855176,-0.2580544497192204,-0.06872933254211694,170.5951,1330.3161569267518,-0.5316156870230284,-0.057328369918361544,0.01689,-0.20658333135529233,1.9987499999999998,139.08126280090607,69.5119016314473,0.6464023557102192,1.5082461480170826,0.19680829664503793,0.04825977751403898,0.35202155146760417,1.99902,0.30959364046198856,88.97441949403056,25.308381727266305,0.052509332542116934,0.5694617858218112,1.99905,0.5495559709571898,-0.023747567188664966,1.9997,-0.15034197745033262,671.7481042751876,-174.48073225064894,0.011970222485961022,-0.5095373064319758,0.38616179649303717,-0.5192249050540321,-0.26183382883983775,650.1022819991035,534.1770665455147,0.020634443785097444,-0.11341470187579644,9.99966,0.3827949177457842,0.6337278126158951
Nc1ccc(F)cc1.Cc1ccc(C(=O)Cl)cc1,-386.137891,4.8833,950.5134,759.542,0.116172,2.9703,0.110565,0.099305,-0.20987,111.1185,801.739,-0.676586,-0.036683,0.01039,-0.63202,1.99927,-0.145335,79.3757,202.8909,0.01178,-0.81818,1.99931,0.3749213341724355,-843.690474,0.7847,2037.6054,1331.695,0.138241,4.0826,0.17777500000000002,0.101495,-0.27927,-0.07628,154.5957,957.156,-0.396447,-0.063926,0.01695,-0.19369,1.99875,146.8166,64.1383,0.6464757709251101,1.444549,0.205095,0.0484,0.3622,1.99903,0.312699,87.2722,23.9815,0.05251,0.57046,1.99906,0.5497954688483323,-0.017809,1.9997,-0.144896,691.7944,-184.7633,0.01198,-0.50358,0.3868785399622404,-0.507387,-0.254103,652.0078,529.0068,0.02081,-0.10548,9.99966,0.38231592196349906,1.144874405858073
Nc1ccc(F)cc1.Cc1ccccc1C(=O)Cl,-386.137891,4.8833,950.5134,759.542,0.116172,2.9703,0.110565,0.099305,-0.20987,111.1185,801.739,-0.676586,-0.036683,0.01039,-0.63202,1.99927,-0.145335,79.3757,202.8909,0.01178,-0.81818,1.99931,0.3749213341724355,-843.6875560574109,0.11441203094299326,1727.5775237937205,1185.5250490989843,0.13826824892949693,2.9335652803962233,0.17744671457012706,0.09930211916386854,-0.2767488337339956,-0.07814459540625854,154.5957,1206.8423660351868,-0.3609323356612174,-0.04382074162750573,0.017399388198169285,-0.18550015969286923,1.99871,143.88919896912307,63.72922694533436,0.6763989980060084,1.3794532603765848,0.17964343533990834,0.04829439509069746,0.3670932883597818,1.9990500711227133,0.2936090109211529,86.60514481931877,23.749668767244493,0.051918321357468225,0.5733261876760661,1.9990899288772865,0.5774004604109436,-0.03147546807824839,1.9996999288772865,-0.14907075579200177,701.4520483596131,-205.6625805599628,0.012379573263719579,-0.5042245104984888,0.4371025917512716,-0.51174269585703,-0.25672397091808735,673.4314174438672,509.25428815634746,0.020633982871950604,-0.11187011540779132,9.999669857754574,0.38752509665341367,1.330073426511114
Nc1ccc(F)cc1.O=C(Cl)C12CC3CC(CC(C3)C1)C2,-386.137891,4.8833,950.5134,759.542,0.116172,2.9703,0.110565,0.099305,-0.20987,111.1185,801.739,-0.676586,-0.036683,0.01039,-0.63202,1.99927,-0.145335,79.3757,202.8909,0.01178,-0.81818,1.99931,0.3749213341724355,-962.581811,3.0439,2417.6329,1837.01,0.2551,3.1191,0.16248,0.12827,-0.29075,-0.03421,198.6919,1506.761,-0.109963,-0.417603,0.01866,-0.12505,1.99879,47.667,144.0592,0.8325991189427313,1.135254,0.136483,0.05847,0.25586,1.99893,0.339763,94.9955,11.4326,0.06189,0.61891,1.99899,0.6260226557583386,-0.055463,1.99969,-0.134531,703.9745,-206.4244,0.01198,-0.49526,0.4133102580239144,-0.495051,-0.246408,649.7835,526.6917,0.01986,-0.11707,9.99965,0.4122089364380113,1.8205645467740692
Nc1ccc(F)cc1.O=C(Cl)C=Cc1ccccc1,-386.137891,4.8833,950.5134,759.542,0.116172,2.9703,0.110565,0.099305,-0.20987,111.1185,801.739,-0.676586,-0.036683,0.01039,-0.63202,1.99927,-0.145335,79.3757,202.8909,0.01178,-0.81818,1.99931,0.3749213341724355,-881.7076424349888,1.4583330632451224,3001.2649234041864,1257.7523733779365,0.14500556194108782,4.007677662728389,0.18097215746167145,0.08464781157985767,-0.2656199690415291,-0.09632434588181382,166.6067,1318.0489361294021,-0.6487631505721401,-0.11180734591608987,0.015986889213416643,-0.40177837436797814,1.9988062506712867,97.67235097153285,72.11756207665134,0.5471110545535718,1.594812176212798,0.21686245915706964,0.047810688301961585,0.3951780161227317,1.9990600002421206,0.2773765541231414,79.2212823091358,26.059164333630676,0.05162692895158519,0.5406730279839103,1.9991162506021094,0.518506511257886,-0.01080933265076242,1.99969,-0.1561087210570263,684.9150017741213,-177.68841986288376,0.012026865077963791,-0.508001072172739,0.3739683515791476,-0.5679760192194105,-0.25474012890245074,721.0320699222212,470.0895892939961,0.02118627173739866,-0.11190134066066033,9.99965374939789,0.36138049216617174,2.6213170921260804
Nc1ccc(F)cc1.O=C(Cl)c1ccc(-c2ccccc2)cc1,-386.137891,4.8833,950.5134,759.542,0.116172,2.9703,0.110565,0.099305,-0.20987,111.1185,801.739,-0.676586,-0.036683,0.01039,-0.63202,1.99927,-0.145335,79.3757,202.8909,0.01178,-0.81818,1.99931,0.3749213341724355,-1035.081421,13.748,5091.4627,1754.559,0.195241,4.008,0.17202,0.08703,-0.25905,-0.08499,216.6665,1648.5790000000002,-0.476397,-0.069238,0.01931,-0.13635,1.99876,146.3066,63.2115,0.6453744493392071,1.557555,0.237449,0.05246,0.45217,1.99908,0.313028,86.8115,23.8787,0.05251,0.56896,1.99906,0.5493234738829452,-0.197972,1.99969,-0.14352,696.741,-187.3885,0.012,-0.50251,0.38569855254877283,-0.528893,-0.251945,650.7091,526.9992,0.02088,-0.10309,9.99966,0.38223725613593457,1.131993294689315
Nc1ccc(F)cc1.O=C(Cl)c1ccc(Br)cc1,-386.137891,4.8833,950.5134,759.542,0.116172,2.9703,0.110565,0.099305,-0.20987,111.1185,801.739,-0.676586,-0.036683,0.01039,-0.63202,1.99927,-0.145335,79.3757,202.8909,0.01178,-0.81818,1.99931,0.3749213341724355,-3377.857666,2.1799,3388.6568,1232.628,0.100324,2.0328,0.18545,0.09516000000000002,-0.28061,-0.09029,219.465,1258.854,-0.39698,-0.055564,0.01694,-0.19555,1.99875,149.5302,63.26,0.645846444304594,1.462386,0.217711,0.04852,0.3717,1.99904,0.315275,85.0022,24.181,0.05263,0.56687,1.99907,0.5486154814348647,-0.010299,1.9997,-0.140191,709.2575,-191.8647,0.01202,-0.49899,0.38719320327249845,-0.500793,-0.242085,647.9072,524.2242,0.02118,-0.09299,9.99965,0.382001258653241,1.5148444814529032
Nc1ccc(F)cc1.O=C(Cl)c1ccc(C(F)(F)F)cc1,-386.137891,4.8833,950.5134,759.542,0.116172,2.9703,0.110565,0.099305,-0.20987,111.1185,801.739,-0.676586,-0.036683,0.01039,-0.63202,1.99927,-0.145335,79.3757,202.8909,0.01178,-0.81818,1.99931,0.3749213341724355,-1141.009328,3.3671,3493.4189,1579.5935,0.117803,1.0538,0.202225,0.10366500000000001,-0.30589,-0.09856,208.5672,1203.002,-0.281208,-0.066681,0.01707,-0.18876,1.99875,151.6583,59.3407,0.6463184392699811,1.375664,0.226354,0.04856,0.38009,1.99904,0.318189,83.9248,23.6216,0.05264,0.56628,1.99908,0.5490874764002517,-0.003696,1.9997,-0.135777,725.5918,-200.3338,0.01205,-0.49428,0.3871145374449339,-0.48031,-0.234509,646.3328,518.8401,0.02137,-0.08533,9.99964,0.38239458779106356,2.2363046660079378
Nc1ccc(F)cc1.O=C(Cl)c1ccc(Cl)cc1,-386.137891,4.8833,950.5134,759.542,0.116172,2.9703,0.110565,0.099305,-0.20987,111.1185,801.739,-0.676586,-0.036683,0.01039,-0.63202,1.99927,-0.145335,79.3757,202.8909,0.01178,-0.81818,1.99931,0.3749213341724355,-1263.981948,2.0754,2495.0487,918.639,0.100727,2.063,0.18674,0.09755,-0.28429,-0.08919,175.014,1159.235,-0.395009,-0.059104,0.01687,-0.19718,1.99875,148.1762,63.8432,0.6469477658904972,1.447541,0.216306,0.04848,0.37028,1.99904,0.314974,85.26,24.3534,0.05263,0.56696,1.99907,0.5487728130899937,-0.010873,1.9997,-0.140838,706.9426,-190.8553,0.01202,-0.49966,0.38719320327249845,-0.497634,-0.243186,647.8379,524.4538,0.02115,-0.09408,9.99965,0.38231592196349906,1.3959369054611626
Nc1ccc(F)cc1.O=C(Cl)c1ccc(Cl)cc1Cl,-386.137891,4.8833,950.5134,759.542,0.116172,2.9703,0.110565,0.099305,-0.20987,111.1185,801.739,-0.676586,-0.036683,0.01039,-0.63202,1.99927,-0.145335,79.3757,202.8909,0.01178,-0.81818,1.99931,0.3749213341724355,-1723.4939374606504,1.2883800810490484,2980.2158268029457,1474.2397074519768,0.09215022714359405,2.4027020201639373,0.1889194293631092,0.09675937747005803,-0.28567880683316726,-0.09216005189305122,209.45909999999998,1522.9075142418037,-0.4253249866263163,-0.07327173319778336,0.019400577896779823,-0.2055589686983824,1.9986567970101383,141.94229947990505,63.78112283667599,0.6720934400530437,1.383887345120303,0.20099762442309496,0.051071825734569344,0.377952249212696,1.9990716014949308,0.30132847764488324,89.17290808438919,26.71033238705266,0.053662067271891524,0.5672160495446766,1.9991067970101382,0.5710416884369257,-0.02376615770075898,1.9996899999999997,-0.12318614046610027,738.0003184385099,-221.68962119212986,0.01246359402027631,-0.4777808249899132,0.41465210131273,-0.4997364317231278,-0.23461153961306366,691.034157820026,475.66836513053863,0.02126264516867135,-0.09382789320718006,9.999653594020277,0.3876269732870548,1.8402276000830105
Nc1ccc(F)cc1.O=C(Cl)c1ccc(F)cc1,-386.137891,4.8833,950.5134,759.542,0.116172,2.9703,0.110565,0.099305,-0.20987,111.1185,801.739,-0.676586,-0.036683,0.01039,-0.63202,1.99927,-0.145335,79.3757,202.8909,0.01178,-0.81818,1.99931,0.3749213341724355,-903.560911,1.3905,1932.8255,1039.562,0.101816,2.1677,0.18521500000000002,0.102935,-0.28815,-0.08228,158.5594,1118.02,-0.402654,-0.063696,0.0167,-0.20093,1.99875,144.8678,66.2483,0.6475770925110133,1.405945,0.206459,0.0484,0.35807,1.99903,0.313827,86.1662,24.8469,0.05265,0.56797,1.99907,0.5505034612964128,-0.01578,1.9997,-0.143118,697.5602,-186.3864,0.01202,-0.50216,0.38735053492762744,-0.489988,-0.246855,647.3665,526.5674,0.02105,-0.09791,9.99965,0.38247325361862805,1.2921142450701282
Nc1ccc(F)cc1.O=C(Cl)c1ccc(F)cc1F,-386.137891,4.8833,950.5134,759.542,0.116172,2.9703,0.110565,0.099305,-0.20987,111.1185,801.739,-0.676586,-0.036683,0.01039,-0.63202,1.99927,-0.145335,79.3757,202.8909,0.01178,-0.81818,1.99931,0.3749213341724355,-1002.6542594723891,1.5628342043633043,2120.324392652248,1108.7274438818417,0.09460995236304569,2.9002627333284448,0.18897774100507306,0.1031808922527925,-0.29215863325786556,-0.08579684875228055,176.5499,1217.2759401612166,-0.4762535813565251,-0.14156288723632596,0.01749714178274225,-0.2655723345228288,1.9987275595461926,125.52130121331402,76.87735232825071,0.6601959388546843,1.4011957195348994,0.21017866036864236,0.05033202645075863,0.3574196198405706,1.999092440453807,0.31311296107594244,89.14458035729169,29.976610165880096,0.053738691863957924,0.5602134195157078,1.9991175595461927,0.5592025931930473,-0.0013660944016755583,1.999692440453807,-0.12574949132688037,715.3363046299694,-206.25609228525013,0.012154107747207482,-0.4855636222965187,0.4016195195314515,-0.4835200440528855,-0.24479578722213755,687.6901003715086,492.5449564929477,0.021139816660918742,-0.0970344038983523,9.99966023818477,0.38741746794270504,2.509494237018178
Nc1ccc(F)cc1.O=C(Cl)c1ccc(OC(F)(F)F)cc1,-386.137891,4.8833,950.5134,759.542,0.116172,2.9703,0.110565,0.099305,-0.20987,111.1185,801.739,-0.676586,-0.036683,0.01039,-0.63202,1.99927,-0.145335,79.3757,202.8909,0.01178,-0.81818,1.99931,0.3749213341724355,-1216.116295,1.9373,4202.2051,1483.97,0.123247,2.1043,0.18684,0.10098000000000001,-0.28782,-0.08586,224.5666,1686.329,-0.41883,-0.055985,0.01693,-0.20009,1.99875,144.7474,65.8979,0.6455317809943361,1.437835,0.211505,0.04838,0.36227,1.99903,0.315037,85.8367,24.8444,0.0526,0.56737,1.99907,0.5483008181246066,-0.013036,1.9997,-0.141975,702.237,-188.2112,0.01203,-0.50095,0.3865638766519824,-0.492427,-0.24471,647.5785,525.941,0.02111,-0.09583,9.99965,0.382001258653241,1.523640288076399
Nc1ccc(F)cc1.O=C(Cl)c1ccc(SC(F)(F)F)cc1,-386.137891,4.8833,950.5134,759.542,0.116172,2.9703,0.110565,0.099305,-0.20987,111.1185,801.739,-0.676586,-0.036683,0.01039,-0.63202,1.99927,-0.145335,79.3757,202.8909,0.01178,-0.81818,1.99931,0.3749213341724355,-1539.108656,10.93545,4535.03445,1625.511,0.120362,1.4151,0.19517500000000002,0.09453500000000001,-0.28971,-0.10064,240.6272,1337.92,-0.29784849999999996,-0.0998015,0.01897,-0.20292,1.99876,153.6659,59.602199999999996,0.6472624292007552,1.4163860000000001,0.25255150000000004,0.05244,0.4746,1.99909,0.3170855,83.78805,23.4428,0.05266,0.56606,1.99908,0.5502674638137193,-0.18941449999999999,1.99969,-0.1355175,726.435,-201.13459999999998,0.01204,-0.49415,0.3878618628067967,-0.49045249999999996,-0.234585,646.7714000000001,518.4003,0.02136,-0.08533,9.99964,0.38333857772183766,1.9792411590509011
Nc1ccc(F)cc1.O=C(Cl)c1ccc([N+](=O)[O-])cc1,-386.137891,4.8833,950.5134,759.542,0.116172,2.9703,0.110565,0.099305,-0.20987,111.1185,801.739,-0.676586,-0.036683,0.01039,-0.63202,1.99927,-0.145335,79.3757,202.8909,0.01178,-0.81818,1.99931,0.3749213341724355,-1008.649643,2.8883,2934.3431,1429.187,0.114492,1.9316,0.21973499999999999,0.09540499999999999,-0.31514,-0.12433,185.5665,1180.633,-0.243545,-0.095972,0.01759,-0.19498,1.99875,153.1256,57.3166,0.6472624292007552,1.373848,0.307302,0.05273,0.54955,1.99909,0.319677,82.3735,23.8112,0.0527,0.56324,1.99908,0.5486154814348647,-0.149197,1.99968,-0.131168,741.5805,-208.9034,0.01209,-0.49014,0.3881371932032725,-0.473753,-0.225712,643.2683,512.101,0.02162,-0.07607,9.99964,0.38215859030837,2.4141403401457544
Nc1ccc(F)cc1.O=C(Cl)c1ccc2ccccc2c1,-386.137891,4.8833,950.5134,759.542,0.116172,2.9703,0.110565,0.099305,-0.20987,111.1185,801.739,-0.676586,-0.036683,0.01039,-0.63202,1.99927,-0.145335,79.3757,202.8909,0.01178,-0.81818,1.99931,0.3749213341724355,-957.8231548793865,8.942984281922897,3120.642424188284,1617.483620444743,0.15897933382482796,3.963189472116048,0.1688166691241398,0.08189167649655926,-0.25070834562069905,-0.08692499262758055,190.6287,1577.0617708477648,-0.406241613979723,-0.0853495998229043,0.01913813624300125,-0.18617714833386767,1.9987759805367138,143.21741244463914,64.17324326159877,0.6477991941427841,1.4941111495158192,0.2417364895313614,0.05284029194928839,0.45526854910095393,1.9990940194632858,0.3139393768798561,87.57417048040392,23.502188115581014,0.052508428192289645,0.5698158832202846,1.9990640194632858,0.5497785108064259,-0.20163146446439634,1.9996899999999997,-0.14309156915373786,699.7480535233219,-189.1846326741985,0.01198794161014232,-0.5022111235626368,0.38731661884381463,-0.5121153102357949,-0.2502995078146661,650.3423603945448,527.1525046879868,0.020885980536714102,-0.10191680330266659,9.999655980536714,0.3832938279780859,1.1943468339752097
Nc1ccc(F)cc1.O=C(Cl)c1cccc2ccccc12,-386.137891,4.8833,950.5134,759.542,0.116172,2.9703,0.110565,0.099305,-0.20987,111.1185,801.739,-0.676586,-0.036683,0.01039,-0.63202,1.99927,-0.145335,79.3757,202.8909,0.01178,-0.81818,1.99931,0.3749213341724355,-957.8186401303651,7.76497366122391,2727.8224101566643,1452.655905920424,0.1591435410273463,3.138155778233965,0.17141258730322817,0.07978083346207067,-0.2511934207652988,-0.09163175384115753,190.62869999999998,1654.673933628048,-0.3606608914538662,-0.060651833547166085,0.019562781082751415,-0.15268271376427908,1.9987499999999998,140.36828004155382,67.13279503149818,0.67083710319587,1.4184804447627122,0.24250688344425783,0.05177296194712997,0.4757362417913853,1.9991198794237475,0.3059404481129295,90.28639256302401,23.548420283844816,0.051731334167722944,0.5763399240539799,1.9990998794237473,0.5737331192431018,-0.21399212998145925,1.9996800602881257,-0.14835273747499386,677.8735529026063,-199.8173439886677,0.012231266050649904,-0.5084526793064421,0.42167378684587214,-0.536095752759764,-0.25799595608850817,690.7625756377732,499.1303403904185,0.020573617287571157,-0.11333870811906079,9.999669879423749,0.38839317125744705,1.0812866175719862
Nc1ccc(F)cc1.O=C(Cl)c1ccccc1,-386.137891,4.8833,950.5134,759.542,0.116172,2.9703,0.110565,0.099305,-0.20987,111.1185,801.739,-0.676586,-0.036683,0.01039,-0.63202,1.99927,-0.145335,79.3757,202.8909,0.01178,-0.81818,1.99931,0.3749213341724355,-804.46025,0.6975,1464.397,1335.877,0.109113,3.4435,0.18524,0.10419999999999999,-0.28944,-0.08104,140.5689,1259.541,-0.319057,-0.06921,0.01701,-0.18925,1.99875,150.2369,61.7104,0.6467904342353682,1.381429,0.207568,0.04848,0.36494,1.99903,0.313396,86.434,23.3461,0.05259,0.56996,1.99907,0.5492448080553808,-0.014961,1.9997,-0.142092,704.1163,-190.2727,0.012,-0.50042,0.3867212083071114,-0.491795,-0.248031,648.8095,526.2085,0.02098,-0.09932,9.99965,0.38247325361862805,1.312588285611738
Nc1ccc(F)cc1.O=C(Cl)c1ccco1,-386.137891,4.8833,950.5134,759.542,0.116172,2.9703,0.110565,0.099305,-0.20987,111.1185,801.739,-0.676586,-0.036683,0.01039,-0.63202,1.99927,-0.145335,79.3757,202.8909,0.01178,-0.81818,1.99931,0.3749213341724355,-802.2749436403665,0.9628803601977091,1106.8639320512225,837.4781616717298,0.07810627687091332,4.223320701907314,0.17692659069992278,0.09926084693630044,-0.2761874376362232,-0.07766574376362233,130.53050000000002,1023.5943809662729,-0.2571876525553629,0.07456587223868763,0.028521784583548964,0.16679427666839172,1.9986394965983396,84.42036001940463,48.795129254280766,0.6092274123751691,1.4654626254563974,0.18523025001857074,0.045608009071094816,0.29806073691619983,1.9990367505669435,0.28778355340700085,80.27414887766211,36.27046418281246,0.04943652154385018,0.5133097981460898,1.9990600000000003,0.5273364642768135,-0.01243844273116867,1.999706750566944,-0.14375068628124404,690.1763189879638,-171.46429701179642,0.012345972786715571,-0.4947455057576371,0.3678338463825751,-0.4709219205838191,-0.23281669984785022,670.2421570172194,515.4998959950124,0.022066292520756925,-0.08390614500521279,9.99965324943306,0.373560076402609,1.8369204137925663
Nc1ccc(F)cc1.O=C(Cl)c1cccs1,-386.137891,4.8833,950.5134,759.542,0.116172,2.9703,0.110565,0.099305,-0.20987,111.1185,801.739,-0.676586,-0.036683,0.01039,-0.63202,1.99927,-0.145335,79.3757,202.8909,0.01178,-0.81818,1.99931,0.3749213341724355,-1125.2983746590153,0.8989004644803423,1318.760431390368,1051.8664137490334,0.07514125703092484,3.9869099489807027,0.1825097879616161,0.09715189528668504,-0.27966168324830115,-0.08535789267493107,146.5911,967.0850566647645,-0.36846109931444926,-0.017428701234791306,0.01983363911738161,-0.3620010732506892,1.9987481652957104,92.68784922793068,54.81236467913048,0.6462467515807672,1.4370241272768098,0.2224287020695229,0.04673669408579305,0.36090770231153096,1.9989036391173816,0.30910380250162073,80.55742798492986,32.972354231999795,0.05245018174718617,0.5457332583905814,1.9989436391173816,0.5414205707054607,-0.010696796550940281,1.9997,-0.1456564430324384,653.6458953915552,-169.41871646632262,0.012134495887131043,-0.5017229207448509,0.3800545942263263,-0.48442835604958645,-0.24229535996721743,702.4773700234127,507.97409032060614,0.02155,-0.09357010393236291,9.999647278234763,0.38004302083175984,1.0805022699551408
Nc1ccc(Oc2ccc(F)cc2)cc1.CC(=O)Cl,-691.848882,11.2765,4233.5608,1757.143,0.206935,3.0879,0.118005,0.097245,-0.21525,203.2155,1603.393,-0.758406,-0.032587,0.00998,-0.63395,1.99927,-0.14091,79.1756,201.1286,0.01156,-0.81424,1.9993,0.37680931403398366,-613.070645,1.8407,361.1538,589.647,0.051921,2.5752,0.17481000000000002,0.13476,-0.30957,-0.04005,78.4981,543.096,-0.16842,-0.019931,0.00801,-0.68972,1.99914,58.3883,161.9989,0.3882945248584015,1.19561,-0.022262,0.04824,0.23014,1.99928,0.181407,78.3666,21.3299,0.05149,0.57826,1.99927,0.49370673379483954,-0.031774,1.99969,-0.138192,709.0371,-224.4771,0.01248,-0.48574,0.3472309628697294,-0.497062,-0.249833,776.7802,462.7909,0.02158,-0.12005,9.99964,0.3590308370044053,2.4420982326406757
Nc1ccc(Oc2ccc(F)cc2)cc1.CC(C)(C)C(=O)Cl,-691.848882,11.2765,4233.5608,1757.143,0.206935,3.0879,0.118005,0.097245,-0.21525,203.2155,1603.393,-0.758406,-0.032587,0.00998,-0.63395,1.99927,-0.14091,79.1756,201.1286,0.01156,-0.81424,1.9993,0.37680931403398366,-730.74792,2.2489,944.8434,987.864,0.140866,2.7537,0.1676,0.13162,-0.29922,-0.03598,120.5785,1095.631,-0.002895,-0.401545,0.01495,-0.12509,1.99882,43.2203,145.8968,0.7474826935179358,1.086134,0.105519,0.05777,0.24151,1.999,0.311319,92.3348,10.4385,0.06159,0.60184,1.99904,0.6241346758967904,-0.044561,1.99969,-0.134635,702.0892,-210.5595,0.01227,-0.49442,0.4129955947136564,-0.486258,-0.243396,657.1407,517.8314,0.02014,-0.11423,9.99964,0.4117369414726243,1.7412245887925375
Nc1ccc(Oc2ccc(F)cc2)cc1.CC(C)(C)c1ccc(C(=O)Cl)cc1,-691.848882,11.2765,4233.5608,1757.143,0.206935,3.0879,0.118005,0.097245,-0.21525,203.2155,1603.393,-0.758406,-0.032587,0.00998,-0.63395,1.99927,-0.14091,79.1756,201.1286,0.01156,-0.81424,1.9993,0.37680931403398366,-961.3640173962594,0.8439951331320028,3736.8617162104047,1666.1327468680736,0.22702856304127478,4.218331555187393,0.1765543462087611,0.10122506668047276,-0.2777794128892339,-0.07532927952828836,196.6761,1756.2896208656803,-0.4178817038419192,-0.05493930742117488,0.01711,-0.19114765846693713,1.9987399999999997,145.50595114472912,64.19142355353065,0.6443475428431109,1.4770539433619239,0.2047373555601576,0.04842981988207208,0.3621147765800905,1.9990249099410362,0.31251209335266183,87.58830934681762,23.936423813800438,0.05250472982310813,0.5711581988207208,1.99906,0.5483809008647571,-0.017174605652256175,1.9997,-0.14438870176891871,691.262978378876,-184.8857997811485,0.01198,-0.5034901801179279,0.385780052201509,-0.5155604648516117,-0.2547429379952255,652.1694292748869,528.6326041804466,0.020760180117927914,-0.10642675787729755,9.99966,0.38215008883285495,1.1448950451451592
Nc1ccc(Oc2ccc(F)cc2)cc1.CC(C)C(=O)Cl,-691.848882,11.2765,4233.5608,1757.143,0.206935,3.0879,0.118005,0.097245,-0.21525,203.2155,1603.393,-0.758406,-0.032587,0.00998,-0.63395,1.99927,-0.14091,79.1756,201.1286,0.01156,-0.81424,1.9993,0.37680931403398366,-691.5212651203827,2.1259058055730957,774.3015688508707,791.3296195399124,0.11183604170191642,2.7012129828698455,0.17010773050232164,0.13244814752148587,-0.3025558780238075,-0.0376595829808358,106.5517,975.6940716840189,-0.024167191055353945,-0.17073551463321235,0.013924490779907133,-0.30198609076336,1.998945169740031,48.80721556952866,147.29575347812465,0.6314692916962978,1.1238819960085888,0.04858485903341499,0.0550134723397214,0.23591374372657942,1.9991075848700155,0.25247221421848887,88.59731276692389,12.733502739310532,0.0582213191506965,0.5944755962050935,1.9991375848700155,0.5800598381088926,-0.041438333812522876,1.99969,-0.1376712573166062,707.048479399112,-210.10582375691683,0.012389359809427323,-0.49276171727806395,0.39244024014119183,-0.49584497796278615,-0.2460183941104488,714.2513821331088,492.33222075195357,0.020564830259969046,-0.11847795268777256,9.99964,0.38745155439779033,2.4420982326406757
Nc1ccc(Oc2ccc(F)cc2)cc1.CCC(C(=O)Cl)c1ccccc1,-691.848882,11.2765,4233.5608,1757.143,0.206935,3.0879,0.118005,0.097245,-0.21525,203.2155,1603.393,-0.758406,-0.032587,0.00998,-0.63395,1.99927,-0.14091,79.1756,201.1286,0.01156,-0.81424,1.9993,0.37680931403398366,-922.1350941424333,4.569522987935531,2455.9020135917617,1503.8121474082207,0.19835830978909602,2.7196956404060453,0.15641062941202977,0.11147264569784315,-0.267883275109873,-0.044937983714186606,182.6493,1522.0795475579139,-0.04878392032155667,-0.06036727587828204,0.02106411226593012,-0.32502486318000223,1.99889,30.15305416820589,127.38872271494051,0.7227754446342497,1.1178043569820812,0.06601085036127433,0.056704631153088186,0.26634316303879657,1.999111010410588,0.2584528867848544,80.18911170349905,15.605117816098318,0.05923987339580025,0.5947519757187832,1.999131232884499,0.6209158445810388,-0.11952997468335282,1.999685360884168,-0.143804062173481,712.2092388306249,-204.0050258804775,0.012248062306486857,-0.5005021470911517,0.43435065207263357,-0.4765579049182884,-0.2283885640121543,717.517615534147,464.5850831441031,0.021029658300558765,-0.0958973312821047,9.99961558335808,0.388169114477217,3.0018197391497936
Nc1ccc(Oc2ccc(F)cc2)cc1.CCCCC(=O)Cl,-691.848882,11.2765,4233.5608,1757.143,0.206935,3.0879,0.118005,0.097245,-0.21525,203.2155,1603.393,-0.758406,-0.032587,0.00998,-0.63395,1.99927,-0.14091,79.1756,201.1286,0.01156,-0.81424,1.9993,0.37680931403398366,-730.7450150574017,2.090291331652506,1341.9302009057062,994.4515719835497,0.1418835432507869,2.6086344119789233,0.1712263701297755,0.1335958284882569,-0.3048221986180324,-0.037630541641518626,120.57850000000002,1041.7633434165296,-0.09671197627204661,0.007804712444770221,0.014038775373839806,-0.4880626302178358,1.9990404359511826,56.464141490849684,147.1293956944729,0.5593904691258827,1.1789239078387639,0.007528819367576247,0.05127629781296082,0.23642929006115296,1.9991881569913779,0.21380243779784716,82.77940616490689,16.660432212862794,0.05512335177243502,0.588506474333033,1.999198156991378,0.5578940906295883,-0.04184591941059398,1.9996900000000002,-0.14164929933233972,714.7961360943984,-212.9005115825591,0.012188685583343585,-0.49471489576310834,0.3995731427490579,-0.5163867508662023,-0.24523050175144934,770.1191505493439,470.94318983615574,0.020878088448009844,-0.11732762706245506,9.999642023227146,0.3671949651309757,2.473228264603366
Nc1ccc(Oc2ccc(F)cc2)cc1.CCCCC(CC)C(=O)Cl,-691.848882,11.2765,4233.5608,1757.143,0.206935,3.0879,0.118005,0.097245,-0.21525,203.2155,1603.393,-0.758406,-0.032587,0.00998,-0.63395,1.99927,-0.14091,79.1756,201.1286,0.01156,-0.81424,1.9993,0.37680931403398366,-848.4194799426583,2.1267217278302994,2464.267019669444,1500.231394373068,0.23155073390523292,2.677801397359587,0.16853390822493342,0.13085299777436263,-0.29938690599929607,-0.037680910450570794,162.6589,1466.9452087716104,-0.0842353595837951,-0.12303181060215712,0.01891789249052634,-0.29470057863953375,1.9989210580785208,30.751430758385847,131.96111134930018,0.7081076322850737,1.1146350543229737,0.04049639435702823,0.05769645486653496,0.23430779863995022,1.999079831858541,0.2342915125830618,79.28964453295023,10.72058245681579,0.06134362576284608,0.5865793709141864,1.999110961152719,0.6405613297343266,-0.04916664952674792,1.9996827557665517,-0.14383461934649713,723.1028236690747,-205.35061664385827,0.012373376332512752,-0.5004955405011925,0.44056690495066464,-0.4902433087740082,-0.23982660938031483,795.885334662436,424.81685121337784,0.02061303988994313,-0.10758898034704956,9.999627692135396,0.39206250471260456,2.292691745484217
Nc1ccc(Oc2ccc(F)cc2)cc1.CCCCCCC(=O)Cl,-691.848882,11.2765,4233.5608,1757.143,0.206935,3.0879,0.118005,0.097245,-0.21525,203.2155,1603.393,-0.758406,-0.032587,0.00998,-0.63395,1.99927,-0.14091,79.1756,201.1286,0.01156,-0.81424,1.9993,0.37680931403398366,-809.1928450186999,2.191972683108519,2694.585979207065,1390.3008597551361,0.20178400746022246,2.7244460547894533,0.17032995662812994,0.13265533018130402,-0.30298528680943393,-0.03767462644682591,148.63210000000004,1261.5194415620172,-0.09799205324244195,0.017531207143586563,0.014411268813625472,-0.4870248810235342,1.9990360661441282,52.29176351269705,146.78208323625879,0.5553711533823926,1.1744333662866158,0.005174748608251482,0.05187764178651444,0.23654530602917653,1.9991838244073419,0.2092039866890283,82.95284094577164,16.8293560755272,0.055168636678038244,0.5896019425118675,1.9991965260075706,0.554803422626299,-0.04042034364900629,1.9996900000000004,-0.1394788994015972,704.4901204727937,-215.8672177680678,0.01234712539999367,-0.4919174099593421,0.38646821572942175,-0.5069924791734688,-0.24872178501458486,751.6188641806931,476.4115554370388,0.020814874094548554,-0.1210213165562404,9.999640000000001,0.3740534939797181,2.7431282282261957
Nc1ccc(Oc2ccc(F)cc2)cc1.CCCCCCCCCCCC(=O)Cl,-691.848882,11.2765,4233.5608,1757.143,0.206935,3.0879,0.118005,0.097245,-0.21525,203.2155,1603.393,-0.758406,-0.032587,0.00998,-0.63395,1.99927,-0.14091,79.1756,201.1286,0.01156,-0.81424,1.9993,0.37680931403398366,-1005.3142281705781,2.051840846684475,7589.4788243149,2063.8977884186593,0.35148147884172565,2.580964688743521,0.17130593121998355,0.13237374139497904,-0.3036796726149626,-0.038932189825004494,218.76610000000002,2028.2284431012831,-0.09832466528407613,0.011300852452152831,0.014411262852878942,-0.4876371810409823,1.9990393233150183,54.09437145699512,147.61948876998457,0.5618015097823486,1.1889594778380719,0.0034922479456673456,0.05177155382090726,0.23634184011774262,1.9991781601252514,0.20777313911983045,80.09136057476589,16.11372837040959,0.05541338385685213,0.5883281241859004,1.999188590390622,0.5688480715114945,-0.04156562730035017,1.9996867476005615,-0.13988340193202087,708.4357928496703,-213.85227427913944,0.012237201999370216,-0.49679063701810433,0.4188836362668115,-0.5185254162381545,-0.24439257461254094,760.4693324636868,471.25224452499526,0.020883543820409477,-0.11594466851905619,9.999637177865932,0.3724491019162263,2.7431282282261957
Nc1ccc(Oc2ccc(F)cc2)cc1.CCc1ccc(C(=O)Cl)cc1,-691.848882,11.2765,4233.5608,1757.143,0.206935,3.0879,0.118005,0.097245,-0.21525,203.2155,1603.393,-0.758406,-0.032587,0.00998,-0.63395,1.99927,-0.14091,79.1756,201.1286,0.01156,-0.81424,1.9993,0.37680931403398366,-882.914671,0.8056,2669.3825,1421.7125,0.168403,4.1213,0.17781,0.10156000000000001,-0.27937,-0.07625,168.6225,1314.007,-0.402094,-0.061786,0.01695,-0.19259,1.99875,146.8733,63.8668,0.6452957835116425,1.456055,0.205216,0.04843,0.36246,1.99903,0.312565,87.4623,23.8993,0.05253,0.57058,1.99906,0.5498741346758967,-0.017375,1.9997,-0.144731,691.6855,-184.816,0.01198,-0.50355,0.3866425424795469,-0.509939,-0.254084,651.6022,528.6102,0.02081,-0.10547,9.99966,0.38294524858401513,1.2177470732627935
Nc1ccc(Oc2ccc(F)cc2)cc1.COc1cc(C(=O)Cl)cc(OC)c1OC,-691.848882,11.2765,4233.5608,1757.143,0.206935,3.0879,0.118005,0.097245,-0.21525,203.2155,1603.393,-0.758406,-0.032587,0.00998,-0.63395,1.99927,-0.14091,79.1756,201.1286,0.01156,-0.81424,1.9993,0.37680931403398366,-1147.3988728386491,9.590245055798524,4098.000453261923,1788.438858126628,0.21336973094695055,3.820453988387011,0.1589222523904965,0.08715554844614821,-0.2460778008366447,-0.07176670394434828,230.64750000000004,1702.8529527836297,-0.30062621086644153,-0.0505418648015625,0.01901263016358685,-0.16597456713914246,1.9988191465822256,138.9709269242885,66.29146063677923,0.6464282423283223,1.4648143543682646,0.20572451472928088,0.0527408394357223,0.4021922948019736,1.9991034206621257,0.30939671461077606,86.80447373218087,24.14315727612148,0.052543474138718856,0.5717040388310601,1.9990608534177752,0.5505070876792586,-0.22497649330386443,1.9997000000000003,-0.1474567049669537,690.2213647653614,-182.89085364682126,0.011964543057302771,-0.5069527124341651,0.38708728584549945,-0.5075244044704986,-0.2524332482777629,651.9670016723583,528.9051928576206,0.020845079417672406,-0.10312794717934845,9.999652567244352,0.38354454400728805,1.1028544587058955
Nc1ccc(Oc2ccc(F)cc2)cc1.COc1ccc(C(=O)Cl)cc1,-691.848882,11.2765,4233.5608,1757.143,0.206935,3.0879,0.118005,0.097245,-0.21525,203.2155,1603.393,-0.758406,-0.032587,0.00998,-0.63395,1.99927,-0.14091,79.1756,201.1286,0.01156,-0.81424,1.9993,0.37680931403398366,-918.7794806452093,1.8095578782030461,2595.8845344392657,1351.432412177592,0.14413766686447077,4.69247217594736,0.16339189113066868,0.09466255858855176,-0.2580544497192204,-0.06872933254211694,170.5951,1330.3161569267518,-0.5316156870230284,-0.057328369918361544,0.01689,-0.20658333135529233,1.9987499999999998,139.08126280090607,69.5119016314473,0.6464023557102192,1.5082461480170826,0.19680829664503793,0.04825977751403898,0.35202155146760417,1.99902,0.30959364046198856,88.97441949403056,25.308381727266305,0.052509332542116934,0.5694617858218112,1.99905,0.5495559709571898,-0.023747567188664966,1.9997,-0.15034197745033262,671.7481042751876,-174.48073225064894,0.011970222485961022,-0.5095373064319758,0.38616179649303717,-0.5192249050540321,-0.26183382883983775,650.1022819991035,534.1770665455147,0.020634443785097444,-0.11341470187579644,9.99966,0.3827949177457842,0.6747713443304956
Nc1ccc(Oc2ccc(F)cc2)cc1.Cc1ccc(C(=O)Cl)cc1,-691.848882,11.2765,4233.5608,1757.143,0.206935,3.0879,0.118005,0.097245,-0.21525,203.2155,1603.393,-0.758406,-0.032587,0.00998,-0.63395,1.99927,-0.14091,79.1756,201.1286,0.01156,-0.81424,1.9993,0.37680931403398366,-843.690474,0.7847,2037.6054,1331.695,0.138241,4.0826,0.17777500000000002,0.101495,-0.27927,-0.07628,154.5957,957.156,-0.396447,-0.063926,0.01695,-0.19369,1.99875,146.8166,64.1383,0.6464757709251101,1.444549,0.205095,0.0484,0.3622,1.99903,0.312699,87.2722,23.9815,0.05251,0.57046,1.99906,0.5497954688483323,-0.017809,1.9997,-0.144896,691.7944,-184.7633,0.01198,-0.50358,0.3868785399622404,-0.507387,-0.254103,652.0078,529.0068,0.02081,-0.10548,9.99966,0.38231592196349906,1.5621738633646485
Nc1ccc(Oc2ccc(F)cc2)cc1.Cc1ccccc1C(=O)Cl,-691.848882,11.2765,4233.5608,1757.143,0.206935,3.0879,0.118005,0.097245,-0.21525,203.2155,1603.393,-0.758406,-0.032587,0.00998,-0.63395,1.99927,-0.14091,79.1756,201.1286,0.01156,-0.81424,1.9993,0.37680931403398366,-843.6875560574109,0.11441203094299326,1727.5775237937205,1185.5250490989843,0.13826824892949693,2.9335652803962233,0.17744671457012706,0.09930211916386854,-0.2767488337339956,-0.07814459540625854,154.5957,1206.8423660351868,-0.3609323356612174,-0.04382074162750573,0.017399388198169285,-0.18550015969286923,1.99871,143.88919896912307,63.72922694533436,0.6763989980060084,1.3794532603765848,0.17964343533990834,0.04829439509069746,0.3670932883597818,1.9990500711227133,0.2936090109211529,86.60514481931877,23.749668767244493,0.051918321357468225,0.5733261876760661,1.9990899288772865,0.5774004604109436,-0.03147546807824839,1.9996999288772865,-0.14907075579200177,701.4520483596131,-205.6625805599628,0.012379573263719579,-0.5042245104984888,0.4371025917512716,-0.51174269585703,-0.25672397091808735,673.4314174438672,509.25428815634746,0.020633982871950604,-0.11187011540779132,9.999669857754574,0.38752509665341367,1.4926073585866075
Nc1ccc(Oc2ccc(F)cc2)cc1.O=C(Cl)C12CC3CC(CC(C3)C1)C2,-691.848882,11.2765,4233.5608,1757.143,0.206935,3.0879,0.118005,0.097245,-0.21525,203.2155,1603.393,-0.758406,-0.032587,0.00998,-0.63395,1.99927,-0.14091,79.1756,201.1286,0.01156,-0.81424,1.9993,0.37680931403398366,-962.581811,3.0439,2417.6329,1837.01,0.2551,3.1191,0.16248,0.12827,-0.29075,-0.03421,198.6919,1506.761,-0.109963,-0.417603,0.01866,-0.12505,1.99879,47.667,144.0592,0.8325991189427313,1.135254,0.136483,0.05847,0.25586,1.99893,0.339763,94.9955,11.4326,0.06189,0.61891,1.99899,0.6260226557583386,-0.055463,1.99969,-0.134531,703.9745,-206.4244,0.01198,-0.49526,0.4133102580239144,-0.495051,-0.246408,649.7835,526.6917,0.01986,-0.11707,9.99965,0.4122089364380113,1.7133246983871142
Nc1ccc(Oc2ccc(F)cc2)cc1.O=C(Cl)C=Cc1ccccc1,-691.848882,11.2765,4233.5608,1757.143,0.206935,3.0879,0.118005,0.097245,-0.21525,203.2155,1603.393,-0.758406,-0.032587,0.00998,-0.63395,1.99927,-0.14091,79.1756,201.1286,0.01156,-0.81424,1.9993,0.37680931403398366,-881.7076424349888,1.4583330632451224,3001.2649234041864,1257.7523733779365,0.14500556194108782,4.007677662728389,0.18097215746167145,0.08464781157985767,-0.2656199690415291,-0.09632434588181382,166.6067,1318.0489361294021,-0.6487631505721401,-0.11180734591608987,0.015986889213416643,-0.40177837436797814,1.9988062506712867,97.67235097153285,72.11756207665134,0.5471110545535718,1.594812176212798,0.21686245915706964,0.047810688301961585,0.3951780161227317,1.9990600002421206,0.2773765541231414,79.2212823091358,26.059164333630676,0.05162692895158519,0.5406730279839103,1.9991162506021094,0.518506511257886,-0.01080933265076242,1.99969,-0.1561087210570263,684.9150017741213,-177.68841986288376,0.012026865077963791,-0.508001072172739,0.3739683515791476,-0.5679760192194105,-0.25474012890245074,721.0320699222212,470.0895892939961,0.02118627173739866,-0.11190134066066033,9.99965374939789,0.36138049216617174,2.2179082670821817
Nc1ccc(Oc2ccc(F)cc2)cc1.O=C(Cl)c1ccc(-c2ccccc2)cc1,-691.848882,11.2765,4233.5608,1757.143,0.206935,3.0879,0.118005,0.097245,-0.21525,203.2155,1603.393,-0.758406,-0.032587,0.00998,-0.63395,1.99927,-0.14091,79.1756,201.1286,0.01156,-0.81424,1.9993,0.37680931403398366,-1035.081421,13.748,5091.4627,1754.559,0.195241,4.008,0.17202,0.08703,-0.25905,-0.08499,216.6665,1648.5790000000002,-0.476397,-0.069238,0.01931,-0.13635,1.99876,146.3066,63.2115,0.6453744493392071,1.557555,0.237449,0.05246,0.45217,1.99908,0.313028,86.8115,23.8787,0.05251,0.56896,1.99906,0.5493234738829452,-0.197972,1.99969,-0.14352,696.741,-187.3885,0.012,-0.50251,0.38569855254877283,-0.528893,-0.251945,650.7091,526.9992,0.02088,-0.10309,9.99966,0.38223725613593457,1.2861602481760936
Nc1ccc(Oc2ccc(F)cc2)cc1.O=C(Cl)c1ccc(Br)cc1,-691.848882,11.2765,4233.5608,1757.143,0.206935,3.0879,0.118005,0.097245,-0.21525,203.2155,1603.393,-0.758406,-0.032587,0.00998,-0.63395,1.99927,-0.14091,79.1756,201.1286,0.01156,-0.81424,1.9993,0.37680931403398366,-3377.857666,2.1799,3388.6568,1232.628,0.100324,2.0328,0.18545,0.09516000000000002,-0.28061,-0.09029,219.465,1258.854,-0.39698,-0.055564,0.01694,-0.19555,1.99875,149.5302,63.26,0.645846444304594,1.462386,0.217711,0.04852,0.3717,1.99904,0.315275,85.0022,24.181,0.05263,0.56687,1.99907,0.5486154814348647,-0.010299,1.9997,-0.140191,709.2575,-191.8647,0.01202,-0.49899,0.38719320327249845,-0.500793,-0.242085,647.9072,524.2242,0.02118,-0.09299,9.99965,0.382001258653241,1.7214028733537714
Nc1ccc(Oc2ccc(F)cc2)cc1.O=C(Cl)c1ccc(C(F)(F)F)cc1,-691.848882,11.2765,4233.5608,1757.143,0.206935,3.0879,0.118005,0.097245,-0.21525,203.2155,1603.393,-0.758406,-0.032587,0.00998,-0.63395,1.99927,-0.14091,79.1756,201.1286,0.01156,-0.81424,1.9993,0.37680931403398366,-1141.009328,3.3671,3493.4189,1579.5935,0.117803,1.0538,0.202225,0.10366500000000001,-0.30589,-0.09856,208.5672,1203.002,-0.281208,-0.066681,0.01707,-0.18876,1.99875,151.6583,59.3407,0.6463184392699811,1.375664,0.226354,0.04856,0.38009,1.99904,0.318189,83.9248,23.6216,0.05264,0.56628,1.99908,0.5490874764002517,-0.003696,1.9997,-0.135777,725.5918,-200.3338,0.01205,-0.49428,0.3871145374449339,-0.48031,-0.234509,646.3328,518.8401,0.02137,-0.08533,9.99964,0.38239458779106356,2.1018519162644163
Nc1ccc(Oc2ccc(F)cc2)cc1.O=C(Cl)c1ccc(Cl)cc1,-691.848882,11.2765,4233.5608,1757.143,0.206935,3.0879,0.118005,0.097245,-0.21525,203.2155,1603.393,-0.758406,-0.032587,0.00998,-0.63395,1.99927,-0.14091,79.1756,201.1286,0.01156,-0.81424,1.9993,0.37680931403398366,-1263.981948,2.0754,2495.0487,918.639,0.100727,2.063,0.18674,0.09755,-0.28429,-0.08919,175.014,1159.235,-0.395009,-0.059104,0.01687,-0.19718,1.99875,148.1762,63.8432,0.6469477658904972,1.447541,0.216306,0.04848,0.37028,1.99904,0.314974,85.26,24.3534,0.05263,0.56696,1.99907,0.5487728130899937,-0.010873,1.9997,-0.140838,706.9426,-190.8553,0.01202,-0.49966,0.38719320327249845,-0.497634,-0.243186,647.8379,524.4538,0.02115,-0.09408,9.99965,0.38231592196349906,1.645702347988537
Nc1ccc(Oc2ccc(F)cc2)cc1.O=C(Cl)c1ccc(Cl)cc1Cl,-691.848882,11.2765,4233.5608,1757.143,0.206935,3.0879,0.118005,0.097245,-0.21525,203.2155,1603.393,-0.758406,-0.032587,0.00998,-0.63395,1.99927,-0.14091,79.1756,201.1286,0.01156,-0.81424,1.9993,0.37680931403398366,-1723.4939374606504,1.2883800810490484,2980.2158268029457,1474.2397074519768,0.09215022714359405,2.4027020201639373,0.1889194293631092,0.09675937747005803,-0.28567880683316726,-0.09216005189305122,209.45909999999998,1522.9075142418037,-0.4253249866263163,-0.07327173319778336,0.019400577896779823,-0.2055589686983824,1.9986567970101383,141.94229947990505,63.78112283667599,0.6720934400530437,1.383887345120303,0.20099762442309496,0.051071825734569344,0.377952249212696,1.9990716014949308,0.30132847764488324,89.17290808438919,26.71033238705266,0.053662067271891524,0.5672160495446766,1.9991067970101382,0.5710416884369257,-0.02376615770075898,1.9996899999999997,-0.12318614046610027,738.0003184385099,-221.68962119212986,0.01246359402027631,-0.4777808249899132,0.41465210131273,-0.4997364317231278,-0.23461153961306366,691.034157820026,475.66836513053863,0.02126264516867135,-0.09382789320718006,9.999653594020277,0.3876269732870548,1.7133246983871142
Nc1ccc(Oc2ccc(F)cc2)cc1.O=C(Cl)c1ccc(F)cc1,-691.848882,11.2765,4233.5608,1757.143,0.206935,3.0879,0.118005,0.097245,-0.21525,203.2155,1603.393,-0.758406,-0.032587,0.00998,-0.63395,1.99927,-0.14091,79.1756,201.1286,0.01156,-0.81424,1.9993,0.37680931403398366,-903.560911,1.3905,1932.8255,1039.562,0.101816,2.1677,0.18521500000000002,0.102935,-0.28815,-0.08228,158.5594,1118.02,-0.402654,-0.063696,0.0167,-0.20093,1.99875,144.8678,66.2483,0.6475770925110133,1.405945,0.206459,0.0484,0.35807,1.99903,0.313827,86.1662,24.8469,0.05265,0.56797,1.99907,0.5505034612964128,-0.01578,1.9997,-0.143118,697.5602,-186.3864,0.01202,-0.50216,0.38735053492762744,-0.489988,-0.246855,647.3665,526.5674,0.02105,-0.09791,9.99965,0.38247325361862805,1.3386945307066749
Nc1ccc(Oc2ccc(F)cc2)cc1.O=C(Cl)c1ccc(F)cc1F,-691.848882,11.2765,4233.5608,1757.143,0.206935,3.0879,0.118005,0.097245,-0.21525,203.2155,1603.393,-0.758406,-0.032587,0.00998,-0.63395,1.99927,-0.14091,79.1756,201.1286,0.01156,-0.81424,1.9993,0.37680931403398366,-1002.6542594723891,1.5628342043633043,2120.324392652248,1108.7274438818417,0.09460995236304569,2.9002627333284448,0.18897774100507306,0.1031808922527925,-0.29215863325786556,-0.08579684875228055,176.5499,1217.2759401612166,-0.4762535813565251,-0.14156288723632596,0.01749714178274225,-0.2655723345228288,1.9987275595461926,125.52130121331402,76.87735232825071,0.6601959388546843,1.4011957195348994,0.21017866036864236,0.05033202645075863,0.3574196198405706,1.999092440453807,0.31311296107594244,89.14458035729169,29.976610165880096,0.053738691863957924,0.5602134195157078,1.9991175595461927,0.5592025931930473,-0.0013660944016755583,1.999692440453807,-0.12574949132688037,715.3363046299694,-206.25609228525013,0.012154107747207482,-0.4855636222965187,0.4016195195314515,-0.4835200440528855,-0.24479578722213755,687.6901003715086,492.5449564929477,0.021139816660918742,-0.0970344038983523,9.99966023818477,0.38741746794270504,2.689977607578294
Nc1ccc(Oc2ccc(F)cc2)cc1.O=C(Cl)c1ccc(OC(F)(F)F)cc1,-691.848882,11.2765,4233.5608,1757.143,0.206935,3.0879,0.118005,0.097245,-0.21525,203.2155,1603.393,-0.758406,-0.032587,0.00998,-0.63395,1.99927,-0.14091,79.1756,201.1286,0.01156,-0.81424,1.9993,0.37680931403398366,-1216.116295,1.9373,4202.2051,1483.97,0.123247,2.1043,0.18684,0.10098000000000001,-0.28782,-0.08586,224.5666,1686.329,-0.41883,-0.055985,0.01693,-0.20009,1.99875,144.7474,65.8979,0.6455317809943361,1.437835,0.211505,0.04838,0.36227,1.99903,0.315037,85.8367,24.8444,0.0526,0.56737,1.99907,0.5483008181246066,-0.013036,1.9997,-0.141975,702.237,-188.2112,0.01203,-0.50095,0.3865638766519824,-0.492427,-0.24471,647.5785,525.941,0.02111,-0.09583,9.99965,0.382001258653241,2.2179082670821817
Nc1ccc(Oc2ccc(F)cc2)cc1.O=C(Cl)c1ccc(SC(F)(F)F)cc1,-691.848882,11.2765,4233.5608,1757.143,0.206935,3.0879,0.118005,0.097245,-0.21525,203.2155,1603.393,-0.758406,-0.032587,0.00998,-0.63395,1.99927,-0.14091,79.1756,201.1286,0.01156,-0.81424,1.9993,0.37680931403398366,-1539.108656,10.93545,4535.03445,1625.511,0.120362,1.4151,0.19517500000000002,0.09453500000000001,-0.28971,-0.10064,240.6272,1337.92,-0.29784849999999996,-0.0998015,0.01897,-0.20292,1.99876,153.6659,59.602199999999996,0.6472624292007552,1.4163860000000001,0.25255150000000004,0.05244,0.4746,1.99909,0.3170855,83.78805,23.4428,0.05266,0.56606,1.99908,0.5502674638137193,-0.18941449999999999,1.99969,-0.1355175,726.435,-201.13459999999998,0.01204,-0.49415,0.3878618628067967,-0.49045249999999996,-0.234585,646.7714000000001,518.4003,0.02136,-0.08533,9.99964,0.38333857772183766,1.1028544587058955
Nc1ccc(Oc2ccc(F)cc2)cc1.O=C(Cl)c1ccc([N+](=O)[O-])cc1,-691.848882,11.2765,4233.5608,1757.143,0.206935,3.0879,0.118005,0.097245,-0.21525,203.2155,1603.393,-0.758406,-0.032587,0.00998,-0.63395,1.99927,-0.14091,79.1756,201.1286,0.01156,-0.81424,1.9993,0.37680931403398366,-1008.649643,2.8883,2934.3431,1429.187,0.114492,1.9316,0.21973499999999999,0.09540499999999999,-0.31514,-0.12433,185.5665,1180.633,-0.243545,-0.095972,0.01759,-0.19498,1.99875,153.1256,57.3166,0.6472624292007552,1.373848,0.307302,0.05273,0.54955,1.99909,0.319677,82.3735,23.8112,0.0527,0.56324,1.99908,0.5486154814348647,-0.149197,1.99968,-0.131168,741.5805,-208.9034,0.01209,-0.49014,0.3881371932032725,-0.473753,-0.225712,643.2683,512.101,0.02162,-0.07607,9.99964,0.38215859030837,2.8471385816648294
Nc1ccc(Oc2ccc(F)cc2)cc1.O=C(Cl)c1ccc2ccccc2c1,-691.848882,11.2765,4233.5608,1757.143,0.206935,3.0879,0.118005,0.097245,-0.21525,203.2155,1603.393,-0.758406,-0.032587,0.00998,-0.63395,1.99927,-0.14091,79.1756,201.1286,0.01156,-0.81424,1.9993,0.37680931403398366,-957.8231548793865,8.942984281922897,3120.642424188284,1617.483620444743,0.15897933382482796,3.963189472116048,0.1688166691241398,0.08189167649655926,-0.25070834562069905,-0.08692499262758055,190.6287,1577.0617708477648,-0.406241613979723,-0.0853495998229043,0.01913813624300125,-0.18617714833386767,1.9987759805367138,143.21741244463914,64.17324326159877,0.6477991941427841,1.4941111495158192,0.2417364895313614,0.05284029194928839,0.45526854910095393,1.9990940194632858,0.3139393768798561,87.57417048040392,23.502188115581014,0.052508428192289645,0.5698158832202846,1.9990640194632858,0.5497785108064259,-0.20163146446439634,1.9996899999999997,-0.14309156915373786,699.7480535233219,-189.1846326741985,0.01198794161014232,-0.5022111235626368,0.38731661884381463,-0.5121153102357949,-0.2502995078146661,650.3423603945448,527.1525046879868,0.020885980536714102,-0.10191680330266659,9.999655980536714,0.3832938279780859,1.4260741052240358
Nc1ccc(Oc2ccc(F)cc2)cc1.O=C(Cl)c1cccc2ccccc12,-691.848882,11.2765,4233.5608,1757.143,0.206935,3.0879,0.118005,0.097245,-0.21525,203.2155,1603.393,-0.758406,-0.032587,0.00998,-0.63395,1.99927,-0.14091,79.1756,201.1286,0.01156,-0.81424,1.9993,0.37680931403398366,-957.8186401303651,7.76497366122391,2727.8224101566643,1452.655905920424,0.1591435410273463,3.138155778233965,0.17141258730322817,0.07978083346207067,-0.2511934207652988,-0.09163175384115753,190.62869999999998,1654.673933628048,-0.3606608914538662,-0.060651833547166085,0.019562781082751415,-0.15268271376427908,1.9987499999999998,140.36828004155382,67.13279503149818,0.67083710319587,1.4184804447627122,0.24250688344425783,0.05177296194712997,0.4757362417913853,1.9991198794237475,0.3059404481129295,90.28639256302401,23.548420283844816,0.051731334167722944,0.5763399240539799,1.9990998794237473,0.5737331192431018,-0.21399212998145925,1.9996800602881257,-0.14835273747499386,677.8735529026063,-199.8173439886677,0.012231266050649904,-0.5084526793064421,0.42167378684587214,-0.536095752759764,-0.25799595608850817,690.7625756377732,499.1303403904185,0.020573617287571157,-0.11333870811906079,9.999669879423749,0.38839317125744705,1.7214028733537714
Nc1ccc(Oc2ccc(F)cc2)cc1.O=C(Cl)c1ccccc1,-691.848882,11.2765,4233.5608,1757.143,0.206935,3.0879,0.118005,0.097245,-0.21525,203.2155,1603.393,-0.758406,-0.032587,0.00998,-0.63395,1.99927,-0.14091,79.1756,201.1286,0.01156,-0.81424,1.9993,0.37680931403398366,-804.46025,0.6975,1464.397,1335.877,0.109113,3.4435,0.18524,0.10419999999999999,-0.28944,-0.08104,140.5689,1259.541,-0.319057,-0.06921,0.01701,-0.18925,1.99875,150.2369,61.7104,0.6467904342353682,1.381429,0.207568,0.04848,0.36494,1.99903,0.313396,86.434,23.3461,0.05259,0.56996,1.99907,0.5492448080553808,-0.014961,1.9997,-0.142092,704.1163,-190.2727,0.012,-0.50042,0.3867212083071114,-0.491795,-0.248031,648.8095,526.2085,0.02098,-0.09932,9.99965,0.38247325361862805,1.4613842639416232
Nc1ccc(Oc2ccc(F)cc2)cc1.O=C(Cl)c1ccco1,-691.848882,11.2765,4233.5608,1757.143,0.206935,3.0879,0.118005,0.097245,-0.21525,203.2155,1603.393,-0.758406,-0.032587,0.00998,-0.63395,1.99927,-0.14091,79.1756,201.1286,0.01156,-0.81424,1.9993,0.37680931403398366,-802.2749436403665,0.9628803601977091,1106.8639320512225,837.4781616717298,0.07810627687091332,4.223320701907314,0.17692659069992278,0.09926084693630044,-0.2761874376362232,-0.07766574376362233,130.53050000000002,1023.5943809662729,-0.2571876525553629,0.07456587223868763,0.028521784583548964,0.16679427666839172,1.9986394965983396,84.42036001940463,48.795129254280766,0.6092274123751691,1.4654626254563974,0.18523025001857074,0.045608009071094816,0.29806073691619983,1.9990367505669435,0.28778355340700085,80.27414887766211,36.27046418281246,0.04943652154385018,0.5133097981460898,1.9990600000000003,0.5273364642768135,-0.01243844273116867,1.999706750566944,-0.14375068628124404,690.1763189879638,-171.46429701179642,0.012345972786715571,-0.4947455057576371,0.3678338463825751,-0.4709219205838191,-0.23281669984785022,670.2421570172194,515.4998959950124,0.022066292520756925,-0.08390614500521279,9.99965324943306,0.373560076402609,1.3012227550923254
Nc1ccc(Oc2ccc(F)cc2)cc1.O=C(Cl)c1cccs1,-691.848882,11.2765,4233.5608,1757.143,0.206935,3.0879,0.118005,0.097245,-0.21525,203.2155,1603.393,-0.758406,-0.032587,0.00998,-0.63395,1.99927,-0.14091,79.1756,201.1286,0.01156,-0.81424,1.9993,0.37680931403398366,-1125.2983746590153,0.8989004644803423,1318.760431390368,1051.8664137490334,0.07514125703092484,3.9869099489807027,0.1825097879616161,0.09715189528668504,-0.27966168324830115,-0.08535789267493107,146.5911,967.0850566647645,-0.36846109931444926,-0.017428701234791306,0.01983363911738161,-0.3620010732506892,1.9987481652957104,92.68784922793068,54.81236467913048,0.6462467515807672,1.4370241272768098,0.2224287020695229,0.04673669408579305,0.36090770231153096,1.9989036391173816,0.30910380250162073,80.55742798492986,32.972354231999795,0.05245018174718617,0.5457332583905814,1.9989436391173816,0.5414205707054607,-0.010696796550940281,1.9997,-0.1456564430324384,653.6458953915552,-169.41871646632262,0.012134495887131043,-0.5017229207448509,0.3800545942263263,-0.48442835604958645,-0.24229535996721743,702.4773700234127,507.97409032060614,0.02155,-0.09357010393236291,9.999647278234763,0.38004302083175984,1.0271563090205733
Nc1cccc2cccnc12.CC(=O)Cl,-456.433311,5.2648,1519.011,1307.862,0.161602,1.2608,0.12333,0.07672999999999999,-0.20006,144.1756,1227.13,-0.753936,-0.001502,0.01051,-0.66258,1.99925,-0.092807,50.6279,200.4964,0.01064,-0.80276,1.99926,0.39820641913152927,-613.070645,1.8407,361.1538,589.647,0.051921,2.5752,0.17481000000000002,0.13476,-0.30957,-0.04005,78.4981,543.096,-0.16842,-0.019931,0.00801,-0.68972,1.99914,58.3883,161.9989,0.3882945248584015,1.19561,-0.022262,0.04824,0.23014,1.99928,0.181407,78.3666,21.3299,0.05149,0.57826,1.99927,0.49370673379483954,-0.031774,1.99969,-0.138192,709.0371,-224.4771,0.01248,-0.48574,0.3472309628697294,-0.497062,-0.249833,776.7802,462.7909,0.02158,-0.12005,9.99964,0.3590308370044053,3.1167055943194395
Nc1cccc2cccnc12.CC(C)(C)C(=O)Cl,-456.433311,5.2648,1519.011,1307.862,0.161602,1.2608,0.12333,0.07672999999999999,-0.20006,144.1756,1227.13,-0.753936,-0.001502,0.01051,-0.66258,1.99925,-0.092807,50.6279,200.4964,0.01064,-0.80276,1.99926,0.39820641913152927,-730.74792,2.2489,944.8434,987.864,0.140866,2.7537,0.1676,0.13162,-0.29922,-0.03598,120.5785,1095.631,-0.002895,-0.401545,0.01495,-0.12509,1.99882,43.2203,145.8968,0.7474826935179358,1.086134,0.105519,0.05777,0.24151,1.999,0.311319,92.3348,10.4385,0.06159,0.60184,1.99904,0.6241346758967904,-0.044561,1.99969,-0.134635,702.0892,-210.5595,0.01227,-0.49442,0.4129955947136564,-0.486258,-0.243396,657.1407,517.8314,0.02014,-0.11423,9.99964,0.4117369414726243,1.87515581342602
Nc1cccc2cccnc12.CC(C)(C)c1ccc(C(=O)Cl)cc1,-456.433311,5.2648,1519.011,1307.862,0.161602,1.2608,0.12333,0.07672999999999999,-0.20006,144.1756,1227.13,-0.753936,-0.001502,0.01051,-0.66258,1.99925,-0.092807,50.6279,200.4964,0.01064,-0.80276,1.99926,0.39820641913152927,-961.3640173962594,0.8439951331320028,3736.8617162104047,1666.1327468680736,0.22702856304127478,4.218331555187393,0.1765543462087611,0.10122506668047276,-0.2777794128892339,-0.07532927952828836,196.6761,1756.2896208656803,-0.4178817038419192,-0.05493930742117488,0.01711,-0.19114765846693713,1.9987399999999997,145.50595114472912,64.19142355353065,0.6443475428431109,1.4770539433619239,0.2047373555601576,0.04842981988207208,0.3621147765800905,1.9990249099410362,0.31251209335266183,87.58830934681762,23.936423813800438,0.05250472982310813,0.5711581988207208,1.99906,0.5483809008647571,-0.017174605652256175,1.9997,-0.14438870176891871,691.262978378876,-184.8857997811485,0.01198,-0.5034901801179279,0.385780052201509,-0.5155604648516117,-0.2547429379952255,652.1694292748869,528.6326041804466,0.020760180117927914,-0.10642675787729755,9.99966,0.38215008883285495,0.7334540909561262
Nc1cccc2cccnc12.CC(C)C(=O)Cl,-456.433311,5.2648,1519.011,1307.862,0.161602,1.2608,0.12333,0.07672999999999999,-0.20006,144.1756,1227.13,-0.753936,-0.001502,0.01051,-0.66258,1.99925,-0.092807,50.6279,200.4964,0.01064,-0.80276,1.99926,0.39820641913152927,-691.5212651203827,2.1259058055730957,774.3015688508707,791.3296195399124,0.11183604170191642,2.7012129828698455,0.17010773050232164,0.13244814752148587,-0.3025558780238075,-0.0376595829808358,106.5517,975.6940716840189,-0.024167191055353945,-0.17073551463321235,0.013924490779907133,-0.30198609076336,1.998945169740031,48.80721556952866,147.29575347812465,0.6314692916962978,1.1238819960085888,0.04858485903341499,0.0550134723397214,0.23591374372657942,1.9991075848700155,0.25247221421848887,88.59731276692389,12.733502739310532,0.0582213191506965,0.5944755962050935,1.9991375848700155,0.5800598381088926,-0.041438333812522876,1.99969,-0.1376712573166062,707.048479399112,-210.10582375691683,0.012389359809427323,-0.49276171727806395,0.39244024014119183,-0.49584497796278615,-0.2460183941104488,714.2513821331088,492.33222075195357,0.020564830259969046,-0.11847795268777256,9.99964,0.38745155439779033,2.6283379486521325
Nc1cccc2cccnc12.CCC(C(=O)Cl)c1ccccc1,-456.433311,5.2648,1519.011,1307.862,0.161602,1.2608,0.12333,0.07672999999999999,-0.20006,144.1756,1227.13,-0.753936,-0.001502,0.01051,-0.66258,1.99925,-0.092807,50.6279,200.4964,0.01064,-0.80276,1.99926,0.39820641913152927,-922.1350941424333,4.569522987935531,2455.9020135917617,1503.8121474082207,0.19835830978909602,2.7196956404060453,0.15641062941202977,0.11147264569784315,-0.267883275109873,-0.044937983714186606,182.6493,1522.0795475579139,-0.04878392032155667,-0.06036727587828204,0.02106411226593012,-0.32502486318000223,1.99889,30.15305416820589,127.38872271494051,0.7227754446342497,1.1178043569820812,0.06601085036127433,0.056704631153088186,0.26634316303879657,1.999111010410588,0.2584528867848544,80.18911170349905,15.605117816098318,0.05923987339580025,0.5947519757187832,1.999131232884499,0.6209158445810388,-0.11952997468335282,1.999685360884168,-0.143804062173481,712.2092388306249,-204.0050258804775,0.012248062306486857,-0.5005021470911517,0.43435065207263357,-0.4765579049182884,-0.2283885640121543,717.517615534147,464.5850831441031,0.021029658300558765,-0.0958973312821047,9.99961558335808,0.388169114477217,2.604705532675834
Nc1cccc2cccnc12.CCCCC(=O)Cl,-456.433311,5.2648,1519.011,1307.862,0.161602,1.2608,0.12333,0.07672999999999999,-0.20006,144.1756,1227.13,-0.753936,-0.001502,0.01051,-0.66258,1.99925,-0.092807,50.6279,200.4964,0.01064,-0.80276,1.99926,0.39820641913152927,-730.7450150574017,2.090291331652506,1341.9302009057062,994.4515719835497,0.1418835432507869,2.6086344119789233,0.1712263701297755,0.1335958284882569,-0.3048221986180324,-0.037630541641518626,120.57850000000002,1041.7633434165296,-0.09671197627204661,0.007804712444770221,0.014038775373839806,-0.4880626302178358,1.9990404359511826,56.464141490849684,147.1293956944729,0.5593904691258827,1.1789239078387639,0.007528819367576247,0.05127629781296082,0.23642929006115296,1.9991881569913779,0.21380243779784716,82.77940616490689,16.660432212862794,0.05512335177243502,0.588506474333033,1.999198156991378,0.5578940906295883,-0.04184591941059398,1.9996900000000002,-0.14164929933233972,714.7961360943984,-212.9005115825591,0.012188685583343585,-0.49471489576310834,0.3995731427490579,-0.5163867508662023,-0.24523050175144934,770.1191505493439,470.94318983615574,0.020878088448009844,-0.11732762706245506,9.999642023227146,0.3671949651309757,2.452008013582377
Nc1cccc2cccnc12.CCCCC(CC)C(=O)Cl,-456.433311,5.2648,1519.011,1307.862,0.161602,1.2608,0.12333,0.07672999999999999,-0.20006,144.1756,1227.13,-0.753936,-0.001502,0.01051,-0.66258,1.99925,-0.092807,50.6279,200.4964,0.01064,-0.80276,1.99926,0.39820641913152927,-848.4194799426583,2.1267217278302994,2464.267019669444,1500.231394373068,0.23155073390523292,2.677801397359587,0.16853390822493342,0.13085299777436263,-0.29938690599929607,-0.037680910450570794,162.6589,1466.9452087716104,-0.0842353595837951,-0.12303181060215712,0.01891789249052634,-0.29470057863953375,1.9989210580785208,30.751430758385847,131.96111134930018,0.7081076322850737,1.1146350543229737,0.04049639435702823,0.05769645486653496,0.23430779863995022,1.999079831858541,0.2342915125830618,79.28964453295023,10.72058245681579,0.06134362576284608,0.5865793709141864,1.999110961152719,0.6405613297343266,-0.04916664952674792,1.9996827557665517,-0.14383461934649713,723.1028236690747,-205.35061664385827,0.012373376332512752,-0.5004955405011925,0.44056690495066464,-0.4902433087740082,-0.23982660938031483,795.885334662436,424.81685121337784,0.02061303988994313,-0.10758898034704956,9.999627692135396,0.39206250471260456,1.3194794415856752
Nc1cccc2cccnc12.CCCCCCC(=O)Cl,-456.433311,5.2648,1519.011,1307.862,0.161602,1.2608,0.12333,0.07672999999999999,-0.20006,144.1756,1227.13,-0.753936,-0.001502,0.01051,-0.66258,1.99925,-0.092807,50.6279,200.4964,0.01064,-0.80276,1.99926,0.39820641913152927,-809.1928450186999,2.191972683108519,2694.585979207065,1390.3008597551361,0.20178400746022246,2.7244460547894533,0.17032995662812994,0.13265533018130402,-0.30298528680943393,-0.03767462644682591,148.63210000000004,1261.5194415620172,-0.09799205324244195,0.017531207143586563,0.014411268813625472,-0.4870248810235342,1.9990360661441282,52.29176351269705,146.78208323625879,0.5553711533823926,1.1744333662866158,0.005174748608251482,0.05187764178651444,0.23654530602917653,1.9991838244073419,0.2092039866890283,82.95284094577164,16.8293560755272,0.055168636678038244,0.5896019425118675,1.9991965260075706,0.554803422626299,-0.04042034364900629,1.9996900000000004,-0.1394788994015972,704.4901204727937,-215.8672177680678,0.01234712539999367,-0.4919174099593421,0.38646821572942175,-0.5069924791734688,-0.24872178501458486,751.6188641806931,476.4115554370388,0.020814874094548554,-0.1210213165562404,9.999640000000001,0.3740534939797181,2.779851035278502
Nc1cccc2cccnc12.CCCCCCCCCCCC(=O)Cl,-456.433311,5.2648,1519.011,1307.862,0.161602,1.2608,0.12333,0.07672999999999999,-0.20006,144.1756,1227.13,-0.753936,-0.001502,0.01051,-0.66258,1.99925,-0.092807,50.6279,200.4964,0.01064,-0.80276,1.99926,0.39820641913152927,-1005.3142281705781,2.051840846684475,7589.4788243149,2063.8977884186593,0.35148147884172565,2.580964688743521,0.17130593121998355,0.13237374139497904,-0.3036796726149626,-0.038932189825004494,218.76610000000002,2028.2284431012831,-0.09832466528407613,0.011300852452152831,0.014411262852878942,-0.4876371810409823,1.9990393233150183,54.09437145699512,147.61948876998457,0.5618015097823486,1.1889594778380719,0.0034922479456673456,0.05177155382090726,0.23634184011774262,1.9991781601252514,0.20777313911983045,80.09136057476589,16.11372837040959,0.05541338385685213,0.5883281241859004,1.999188590390622,0.5688480715114945,-0.04156562730035017,1.9996867476005615,-0.13988340193202087,708.4357928496703,-213.85227427913944,0.012237201999370216,-0.49679063701810433,0.4188836362668115,-0.5185254162381545,-0.24439257461254094,760.4693324636868,471.25224452499526,0.020883543820409477,-0.11594466851905619,9.999637177865932,0.3724491019162263,2.887978585975921
Nc1cccc2cccnc12.CCc1ccc(C(=O)Cl)cc1,-456.433311,5.2648,1519.011,1307.862,0.161602,1.2608,0.12333,0.07672999999999999,-0.20006,144.1756,1227.13,-0.753936,-0.001502,0.01051,-0.66258,1.99925,-0.092807,50.6279,200.4964,0.01064,-0.80276,1.99926,0.39820641913152927,-882.914671,0.8056,2669.3825,1421.7125,0.168403,4.1213,0.17781,0.10156000000000001,-0.27937,-0.07625,168.6225,1314.007,-0.402094,-0.061786,0.01695,-0.19259,1.99875,146.8733,63.8668,0.6452957835116425,1.456055,0.205216,0.04843,0.36246,1.99903,0.312565,87.4623,23.8993,0.05253,0.57058,1.99906,0.5498741346758967,-0.017375,1.9997,-0.144731,691.6855,-184.816,0.01198,-0.50355,0.3866425424795469,-0.509939,-0.254084,651.6022,528.6102,0.02081,-0.10547,9.99966,0.38294524858401513,0.7839841982743795
Nc1cccc2cccnc12.COc1cc(C(=O)Cl)cc(OC)c1OC,-456.433311,5.2648,1519.011,1307.862,0.161602,1.2608,0.12333,0.07672999999999999,-0.20006,144.1756,1227.13,-0.753936,-0.001502,0.01051,-0.66258,1.99925,-0.092807,50.6279,200.4964,0.01064,-0.80276,1.99926,0.39820641913152927,-1147.3988728386491,9.590245055798524,4098.000453261923,1788.438858126628,0.21336973094695055,3.820453988387011,0.1589222523904965,0.08715554844614821,-0.2460778008366447,-0.07176670394434828,230.64750000000004,1702.8529527836297,-0.30062621086644153,-0.0505418648015625,0.01901263016358685,-0.16597456713914246,1.9988191465822256,138.9709269242885,66.29146063677923,0.6464282423283223,1.4648143543682646,0.20572451472928088,0.0527408394357223,0.4021922948019736,1.9991034206621257,0.30939671461077606,86.80447373218087,24.14315727612148,0.052543474138718856,0.5717040388310601,1.9990608534177752,0.5505070876792586,-0.22497649330386443,1.9997000000000003,-0.1474567049669537,690.2213647653614,-182.89085364682126,0.011964543057302771,-0.5069527124341651,0.38708728584549945,-0.5075244044704986,-0.2524332482777629,651.9670016723583,528.9051928576206,0.020845079417672406,-0.10312794717934845,9.999652567244352,0.38354454400728805,0.8734256268112959
Nc1cccc2cccnc12.COc1ccc(C(=O)Cl)cc1,-456.433311,5.2648,1519.011,1307.862,0.161602,1.2608,0.12333,0.07672999999999999,-0.20006,144.1756,1227.13,-0.753936,-0.001502,0.01051,-0.66258,1.99925,-0.092807,50.6279,200.4964,0.01064,-0.80276,1.99926,0.39820641913152927,-918.7794806452093,1.8095578782030461,2595.8845344392657,1351.432412177592,0.14413766686447077,4.69247217594736,0.16339189113066868,0.09466255858855176,-0.2580544497192204,-0.06872933254211694,170.5951,1330.3161569267518,-0.5316156870230284,-0.057328369918361544,0.01689,-0.20658333135529233,1.9987499999999998,139.08126280090607,69.5119016314473,0.6464023557102192,1.5082461480170826,0.19680829664503793,0.04825977751403898,0.35202155146760417,1.99902,0.30959364046198856,88.97441949403056,25.308381727266305,0.052509332542116934,0.5694617858218112,1.99905,0.5495559709571898,-0.023747567188664966,1.9997,-0.15034197745033262,671.7481042751876,-174.48073225064894,0.011970222485961022,-0.5095373064319758,0.38616179649303717,-0.5192249050540321,-0.26183382883983775,650.1022819991035,534.1770665455147,0.020634443785097444,-0.11341470187579644,9.99966,0.3827949177457842,0.517545245394324
Nc1cccc2cccnc12.Cc1ccc(C(=O)Cl)cc1,-456.433311,5.2648,1519.011,1307.862,0.161602,1.2608,0.12333,0.07672999999999999,-0.20006,144.1756,1227.13,-0.753936,-0.001502,0.01051,-0.66258,1.99925,-0.092807,50.6279,200.4964,0.01064,-0.80276,1.99926,0.39820641913152927,-843.690474,0.7847,2037.6054,1331.695,0.138241,4.0826,0.17777500000000002,0.101495,-0.27927,-0.07628,154.5957,957.156,-0.396447,-0.063926,0.01695,-0.19369,1.99875,146.8166,64.1383,0.6464757709251101,1.444549,0.205095,0.0484,0.3622,1.99903,0.312699,87.2722,23.9815,0.05251,0.57046,1.99906,0.5497954688483323,-0.017809,1.9997,-0.144896,691.7944,-184.7633,0.01198,-0.50358,0.3868785399622404,-0.507387,-0.254103,652.0078,529.0068,0.02081,-0.10548,9.99966,0.38231592196349906,0.706181028751966
Nc1cccc2cccnc12.Cc1ccccc1C(=O)Cl,-456.433311,5.2648,1519.011,1307.862,0.161602,1.2608,0.12333,0.07672999999999999,-0.20006,144.1756,1227.13,-0.753936,-0.001502,0.01051,-0.66258,1.99925,-0.092807,50.6279,200.4964,0.01064,-0.80276,1.99926,0.39820641913152927,-843.6875560574109,0.11441203094299326,1727.5775237937205,1185.5250490989843,0.13826824892949693,2.9335652803962233,0.17744671457012706,0.09930211916386854,-0.2767488337339956,-0.07814459540625854,154.5957,1206.8423660351868,-0.3609323356612174,-0.04382074162750573,0.017399388198169285,-0.18550015969286923,1.99871,143.88919896912307,63.72922694533436,0.6763989980060084,1.3794532603765848,0.17964343533990834,0.04829439509069746,0.3670932883597818,1.9990500711227133,0.2936090109211529,86.60514481931877,23.749668767244493,0.051918321357468225,0.5733261876760661,1.9990899288772865,0.5774004604109436,-0.03147546807824839,1.9996999288772865,-0.14907075579200177,701.4520483596131,-205.6625805599628,0.012379573263719579,-0.5042245104984888,0.4371025917512716,-0.51174269585703,-0.25672397091808735,673.4314174438672,509.25428815634746,0.020633982871950604,-0.11187011540779132,9.999669857754574,0.38752509665341367,0.8537025129125366
Nc1cccc2cccnc12.O=C(Cl)C12CC3CC(CC(C3)C1)C2,-456.433311,5.2648,1519.011,1307.862,0.161602,1.2608,0.12333,0.07672999999999999,-0.20006,144.1756,1227.13,-0.753936,-0.001502,0.01051,-0.66258,1.99925,-0.092807,50.6279,200.4964,0.01064,-0.80276,1.99926,0.39820641913152927,-962.581811,3.0439,2417.6329,1837.01,0.2551,3.1191,0.16248,0.12827,-0.29075,-0.03421,198.6919,1506.761,-0.109963,-0.417603,0.01866,-0.12505,1.99879,47.667,144.0592,0.8325991189427313,1.135254,0.136483,0.05847,0.25586,1.99893,0.339763,94.9955,11.4326,0.06189,0.61891,1.99899,0.6260226557583386,-0.055463,1.99969,-0.134531,703.9745,-206.4244,0.01198,-0.49526,0.4133102580239144,-0.495051,-0.246408,649.7835,526.6917,0.01986,-0.11707,9.99965,0.4122089364380113,2.0103712611764526
Nc1cccc2cccnc12.O=C(Cl)C=Cc1ccccc1,-456.433311,5.2648,1519.011,1307.862,0.161602,1.2608,0.12333,0.07672999999999999,-0.20006,144.1756,1227.13,-0.753936,-0.001502,0.01051,-0.66258,1.99925,-0.092807,50.6279,200.4964,0.01064,-0.80276,1.99926,0.39820641913152927,-881.7076424349888,1.4583330632451224,3001.2649234041864,1257.7523733779365,0.14500556194108782,4.007677662728389,0.18097215746167145,0.08464781157985767,-0.2656199690415291,-0.09632434588181382,166.6067,1318.0489361294021,-0.6487631505721401,-0.11180734591608987,0.015986889213416643,-0.40177837436797814,1.9988062506712867,97.67235097153285,72.11756207665134,0.5471110545535718,1.594812176212798,0.21686245915706964,0.047810688301961585,0.3951780161227317,1.9990600002421206,0.2773765541231414,79.2212823091358,26.059164333630676,0.05162692895158519,0.5406730279839103,1.9991162506021094,0.518506511257886,-0.01080933265076242,1.99969,-0.1561087210570263,684.9150017741213,-177.68841986288376,0.012026865077963791,-0.508001072172739,0.3739683515791476,-0.5679760192194105,-0.25474012890245074,721.0320699222212,470.0895892939961,0.02118627173739866,-0.11190134066066033,9.99965374939789,0.36138049216617174,2.512022706393493
Nc1cccc2cccnc12.O=C(Cl)c1ccc(-c2ccccc2)cc1,-456.433311,5.2648,1519.011,1307.862,0.161602,1.2608,0.12333,0.07672999999999999,-0.20006,144.1756,1227.13,-0.753936,-0.001502,0.01051,-0.66258,1.99925,-0.092807,50.6279,200.4964,0.01064,-0.80276,1.99926,0.39820641913152927,-1035.081421,13.748,5091.4627,1754.559,0.195241,4.008,0.17202,0.08703,-0.25905,-0.08499,216.6665,1648.5790000000002,-0.476397,-0.069238,0.01931,-0.13635,1.99876,146.3066,63.2115,0.6453744493392071,1.557555,0.237449,0.05246,0.45217,1.99908,0.313028,86.8115,23.8787,0.05251,0.56896,1.99906,0.5493234738829452,-0.197972,1.99969,-0.14352,696.741,-187.3885,0.012,-0.50251,0.38569855254877283,-0.528893,-0.251945,650.7091,526.9992,0.02088,-0.10309,9.99966,0.38223725613593457,0.904741971807668
Nc1cccc2cccnc12.O=C(Cl)c1ccc(Br)cc1,-456.433311,5.2648,1519.011,1307.862,0.161602,1.2608,0.12333,0.07672999999999999,-0.20006,144.1756,1227.13,-0.753936,-0.001502,0.01051,-0.66258,1.99925,-0.092807,50.6279,200.4964,0.01064,-0.80276,1.99926,0.39820641913152927,-3377.857666,2.1799,3388.6568,1232.628,0.100324,2.0328,0.18545,0.09516000000000002,-0.28061,-0.09029,219.465,1258.854,-0.39698,-0.055564,0.01694,-0.19555,1.99875,149.5302,63.26,0.645846444304594,1.462386,0.217711,0.04852,0.3717,1.99904,0.315275,85.0022,24.181,0.05263,0.56687,1.99907,0.5486154814348647,-0.010299,1.9997,-0.140191,709.2575,-191.8647,0.01202,-0.49899,0.38719320327249845,-0.500793,-0.242085,647.9072,524.2242,0.02118,-0.09299,9.99965,0.382001258653241,1.2921489309878518
Nc1cccc2cccnc12.O=C(Cl)c1ccc(C(F)(F)F)cc1,-456.433311,5.2648,1519.011,1307.862,0.161602,1.2608,0.12333,0.07672999999999999,-0.20006,144.1756,1227.13,-0.753936,-0.001502,0.01051,-0.66258,1.99925,-0.092807,50.6279,200.4964,0.01064,-0.80276,1.99926,0.39820641913152927,-1141.009328,3.3671,3493.4189,1579.5935,0.117803,1.0538,0.202225,0.10366500000000001,-0.30589,-0.09856,208.5672,1203.002,-0.281208,-0.066681,0.01707,-0.18876,1.99875,151.6583,59.3407,0.6463184392699811,1.375664,0.226354,0.04856,0.38009,1.99904,0.318189,83.9248,23.6216,0.05264,0.56628,1.99908,0.5490874764002517,-0.003696,1.9997,-0.135777,725.5918,-200.3338,0.01205,-0.49428,0.3871145374449339,-0.48031,-0.234509,646.3328,518.8401,0.02137,-0.08533,9.99964,0.38239458779106356,1.9717961875899184
Nc1cccc2cccnc12.O=C(Cl)c1ccc(Cl)cc1,-456.433311,5.2648,1519.011,1307.862,0.161602,1.2608,0.12333,0.07672999999999999,-0.20006,144.1756,1227.13,-0.753936,-0.001502,0.01051,-0.66258,1.99925,-0.092807,50.6279,200.4964,0.01064,-0.80276,1.99926,0.39820641913152927,-1263.981948,2.0754,2495.0487,918.639,0.100727,2.063,0.18674,0.09755,-0.28429,-0.08919,175.014,1159.235,-0.395009,-0.059104,0.01687,-0.19718,1.99875,148.1762,63.8432,0.6469477658904972,1.447541,0.216306,0.04848,0.37028,1.99904,0.314974,85.26,24.3534,0.05263,0.56696,1.99907,0.5487728130899937,-0.010873,1.9997,-0.140838,706.9426,-190.8553,0.01202,-0.49966,0.38719320327249845,-0.497634,-0.243186,647.8379,524.4538,0.02115,-0.09408,9.99965,0.38231592196349906,1.3696122337316667
Nc1cccc2cccnc12.O=C(Cl)c1ccc(Cl)cc1Cl,-456.433311,5.2648,1519.011,1307.862,0.161602,1.2608,0.12333,0.07672999999999999,-0.20006,144.1756,1227.13,-0.753936,-0.001502,0.01051,-0.66258,1.99925,-0.092807,50.6279,200.4964,0.01064,-0.80276,1.99926,0.39820641913152927,-1723.4939374606504,1.2883800810490484,2980.2158268029457,1474.2397074519768,0.09215022714359405,2.4027020201639373,0.1889194293631092,0.09675937747005803,-0.28567880683316726,-0.09216005189305122,209.45909999999998,1522.9075142418037,-0.4253249866263163,-0.07327173319778336,0.019400577896779823,-0.2055589686983824,1.9986567970101383,141.94229947990505,63.78112283667599,0.6720934400530437,1.383887345120303,0.20099762442309496,0.051071825734569344,0.377952249212696,1.9990716014949308,0.30132847764488324,89.17290808438919,26.71033238705266,0.053662067271891524,0.5672160495446766,1.9991067970101382,0.5710416884369257,-0.02376615770075898,1.9996899999999997,-0.12318614046610027,738.0003184385099,-221.68962119212986,0.01246359402027631,-0.4777808249899132,0.41465210131273,-0.4997364317231278,-0.23461153961306366,691.034157820026,475.66836513053863,0.02126264516867135,-0.09382789320718006,9.999653594020277,0.3876269732870548,2.1588655172082816
Nc1cccc2cccnc12.O=C(Cl)c1ccc(F)cc1,-456.433311,5.2648,1519.011,1307.862,0.161602,1.2608,0.12333,0.07672999999999999,-0.20006,144.1756,1227.13,-0.753936,-0.001502,0.01051,-0.66258,1.99925,-0.092807,50.6279,200.4964,0.01064,-0.80276,1.99926,0.39820641913152927,-903.560911,1.3905,1932.8255,1039.562,0.101816,2.1677,0.18521500000000002,0.102935,-0.28815,-0.08228,158.5594,1118.02,-0.402654,-0.063696,0.0167,-0.20093,1.99875,144.8678,66.2483,0.6475770925110133,1.405945,0.206459,0.0484,0.35807,1.99903,0.313827,86.1662,24.8469,0.05265,0.56797,1.99907,0.5505034612964128,-0.01578,1.9997,-0.143118,697.5602,-186.3864,0.01202,-0.50216,0.38735053492762744,-0.489988,-0.246855,647.3665,526.5674,0.02105,-0.09791,9.99965,0.38247325361862805,1.164851649748408
Nc1cccc2cccnc12.O=C(Cl)c1ccc(F)cc1F,-456.433311,5.2648,1519.011,1307.862,0.161602,1.2608,0.12333,0.07672999999999999,-0.20006,144.1756,1227.13,-0.753936,-0.001502,0.01051,-0.66258,1.99925,-0.092807,50.6279,200.4964,0.01064,-0.80276,1.99926,0.39820641913152927,-1002.6542594723891,1.5628342043633043,2120.324392652248,1108.7274438818417,0.09460995236304569,2.9002627333284448,0.18897774100507306,0.1031808922527925,-0.29215863325786556,-0.08579684875228055,176.5499,1217.2759401612166,-0.4762535813565251,-0.14156288723632596,0.01749714178274225,-0.2655723345228288,1.9987275595461926,125.52130121331402,76.87735232825071,0.6601959388546843,1.4011957195348994,0.21017866036864236,0.05033202645075863,0.3574196198405706,1.999092440453807,0.31311296107594244,89.14458035729169,29.976610165880096,0.053738691863957924,0.5602134195157078,1.9991175595461927,0.5592025931930473,-0.0013660944016755583,1.999692440453807,-0.12574949132688037,715.3363046299694,-206.25609228525013,0.012154107747207482,-0.4855636222965187,0.4016195195314515,-0.4835200440528855,-0.24479578722213755,687.6901003715086,492.5449564929477,0.021139816660918742,-0.0970344038983523,9.99966023818477,0.38741746794270504,2.160640733603925
Nc1cccc2cccnc12.O=C(Cl)c1ccc(OC(F)(F)F)cc1,-456.433311,5.2648,1519.011,1307.862,0.161602,1.2608,0.12333,0.07672999999999999,-0.20006,144.1756,1227.13,-0.753936,-0.001502,0.01051,-0.66258,1.99925,-0.092807,50.6279,200.4964,0.01064,-0.80276,1.99926,0.39820641913152927,-1216.116295,1.9373,4202.2051,1483.97,0.123247,2.1043,0.18684,0.10098000000000001,-0.28782,-0.08586,224.5666,1686.329,-0.41883,-0.055985,0.01693,-0.20009,1.99875,144.7474,65.8979,0.6455317809943361,1.437835,0.211505,0.04838,0.36227,1.99903,0.315037,85.8367,24.8444,0.0526,0.56737,1.99907,0.5483008181246066,-0.013036,1.9997,-0.141975,702.237,-188.2112,0.01203,-0.50095,0.3865638766519824,-0.492427,-0.24471,647.5785,525.941,0.02111,-0.09583,9.99965,0.382001258653241,1.4424629101152942
Nc1cccc2cccnc12.O=C(Cl)c1ccc(SC(F)(F)F)cc1,-456.433311,5.2648,1519.011,1307.862,0.161602,1.2608,0.12333,0.07672999999999999,-0.20006,144.1756,1227.13,-0.753936,-0.001502,0.01051,-0.66258,1.99925,-0.092807,50.6279,200.4964,0.01064,-0.80276,1.99926,0.39820641913152927,-1539.108656,10.93545,4535.03445,1625.511,0.120362,1.4151,0.19517500000000002,0.09453500000000001,-0.28971,-0.10064,240.6272,1337.92,-0.29784849999999996,-0.0998015,0.01897,-0.20292,1.99876,153.6659,59.602199999999996,0.6472624292007552,1.4163860000000001,0.25255150000000004,0.05244,0.4746,1.99909,0.3170855,83.78805,23.4428,0.05266,0.56606,1.99908,0.5502674638137193,-0.18941449999999999,1.99969,-0.1355175,726.435,-201.13459999999998,0.01204,-0.49415,0.3878618628067967,-0.49045249999999996,-0.234585,646.7714000000001,518.4003,0.02136,-0.08533,9.99964,0.38333857772183766,1.8483826754325667
Nc1cccc2cccnc12.O=C(Cl)c1ccc([N+](=O)[O-])cc1,-456.433311,5.2648,1519.011,1307.862,0.161602,1.2608,0.12333,0.07672999999999999,-0.20006,144.1756,1227.13,-0.753936,-0.001502,0.01051,-0.66258,1.99925,-0.092807,50.6279,200.4964,0.01064,-0.80276,1.99926,0.39820641913152927,-1008.649643,2.8883,2934.3431,1429.187,0.114492,1.9316,0.21973499999999999,0.09540499999999999,-0.31514,-0.12433,185.5665,1180.633,-0.243545,-0.095972,0.01759,-0.19498,1.99875,153.1256,57.3166,0.6472624292007552,1.373848,0.307302,0.05273,0.54955,1.99909,0.319677,82.3735,23.8112,0.0527,0.56324,1.99908,0.5486154814348647,-0.149197,1.99968,-0.131168,741.5805,-208.9034,0.01209,-0.49014,0.3881371932032725,-0.473753,-0.225712,643.2683,512.101,0.02162,-0.07607,9.99964,0.38215859030837,2.6246441696706047
Nc1cccc2cccnc12.O=C(Cl)c1ccc2ccccc2c1,-456.433311,5.2648,1519.011,1307.862,0.161602,1.2608,0.12333,0.07672999999999999,-0.20006,144.1756,1227.13,-0.753936,-0.001502,0.01051,-0.66258,1.99925,-0.092807,50.6279,200.4964,0.01064,-0.80276,1.99926,0.39820641913152927,-957.8231548793865,8.942984281922897,3120.642424188284,1617.483620444743,0.15897933382482796,3.963189472116048,0.1688166691241398,0.08189167649655926,-0.25070834562069905,-0.08692499262758055,190.6287,1577.0617708477648,-0.406241613979723,-0.0853495998229043,0.01913813624300125,-0.18617714833386767,1.9987759805367138,143.21741244463914,64.17324326159877,0.6477991941427841,1.4941111495158192,0.2417364895313614,0.05284029194928839,0.45526854910095393,1.9990940194632858,0.3139393768798561,87.57417048040392,23.502188115581014,0.052508428192289645,0.5698158832202846,1.9990640194632858,0.5497785108064259,-0.20163146446439634,1.9996899999999997,-0.14309156915373786,699.7480535233219,-189.1846326741985,0.01198794161014232,-0.5022111235626368,0.38731661884381463,-0.5121153102357949,-0.2502995078146661,650.3423603945448,527.1525046879868,0.020885980536714102,-0.10191680330266659,9.999655980536714,0.3832938279780859,1.0534549496017598
Nc1cccc2cccnc12.O=C(Cl)c1cccc2ccccc12,-456.433311,5.2648,1519.011,1307.862,0.161602,1.2608,0.12333,0.07672999999999999,-0.20006,144.1756,1227.13,-0.753936,-0.001502,0.01051,-0.66258,1.99925,-0.092807,50.6279,200.4964,0.01064,-0.80276,1.99926,0.39820641913152927,-957.8186401303651,7.76497366122391,2727.8224101566643,1452.655905920424,0.1591435410273463,3.138155778233965,0.17141258730322817,0.07978083346207067,-0.2511934207652988,-0.09163175384115753,190.62869999999998,1654.673933628048,-0.3606608914538662,-0.060651833547166085,0.019562781082751415,-0.15268271376427908,1.9987499999999998,140.36828004155382,67.13279503149818,0.67083710319587,1.4184804447627122,0.24250688344425783,0.05177296194712997,0.4757362417913853,1.9991198794237475,0.3059404481129295,90.28639256302401,23.548420283844816,0.051731334167722944,0.5763399240539799,1.9990998794237473,0.5737331192431018,-0.21399212998145925,1.9996800602881257,-0.14835273747499386,677.8735529026063,-199.8173439886677,0.012231266050649904,-0.5084526793064421,0.42167378684587214,-0.536095752759764,-0.25799595608850817,690.7625756377732,499.1303403904185,0.020573617287571157,-0.11333870811906079,9.999669879423749,0.38839317125744705,0.7586179204529679
Nc1cccc2cccnc12.O=C(Cl)c1ccccc1,-456.433311,5.2648,1519.011,1307.862,0.161602,1.2608,0.12333,0.07672999999999999,-0.20006,144.1756,1227.13,-0.753936,-0.001502,0.01051,-0.66258,1.99925,-0.092807,50.6279,200.4964,0.01064,-0.80276,1.99926,0.39820641913152927,-804.46025,0.6975,1464.397,1335.877,0.109113,3.4435,0.18524,0.10419999999999999,-0.28944,-0.08104,140.5689,1259.541,-0.319057,-0.06921,0.01701,-0.18925,1.99875,150.2369,61.7104,0.6467904342353682,1.381429,0.207568,0.04848,0.36494,1.99903,0.313396,86.434,23.3461,0.05259,0.56996,1.99907,0.5492448080553808,-0.014961,1.9997,-0.142092,704.1163,-190.2727,0.012,-0.50042,0.3867212083071114,-0.491795,-0.248031,648.8095,526.2085,0.02098,-0.09932,9.99965,0.38247325361862805,1.1067616624742025
Nc1cccc2cccnc12.O=C(Cl)c1ccco1,-456.433311,5.2648,1519.011,1307.862,0.161602,1.2608,0.12333,0.07672999999999999,-0.20006,144.1756,1227.13,-0.753936,-0.001502,0.01051,-0.66258,1.99925,-0.092807,50.6279,200.4964,0.01064,-0.80276,1.99926,0.39820641913152927,-802.2749436403665,0.9628803601977091,1106.8639320512225,837.4781616717298,0.07810627687091332,4.223320701907314,0.17692659069992278,0.09926084693630044,-0.2761874376362232,-0.07766574376362233,130.53050000000002,1023.5943809662729,-0.2571876525553629,0.07456587223868763,0.028521784583548964,0.16679427666839172,1.9986394965983396,84.42036001940463,48.795129254280766,0.6092274123751691,1.4654626254563974,0.18523025001857074,0.045608009071094816,0.29806073691619983,1.9990367505669435,0.28778355340700085,80.27414887766211,36.27046418281246,0.04943652154385018,0.5133097981460898,1.9990600000000003,0.5273364642768135,-0.01243844273116867,1.999706750566944,-0.14375068628124404,690.1763189879638,-171.46429701179642,0.012345972786715571,-0.4947455057576371,0.3678338463825751,-0.4709219205838191,-0.23281669984785022,670.2421570172194,515.4998959950124,0.022066292520756925,-0.08390614500521279,9.99965324943306,0.373560076402609,1.7096459463103422
Nc1cccc2cccnc12.O=C(Cl)c1cccs1,-456.433311,5.2648,1519.011,1307.862,0.161602,1.2608,0.12333,0.07672999999999999,-0.20006,144.1756,1227.13,-0.753936,-0.001502,0.01051,-0.66258,1.99925,-0.092807,50.6279,200.4964,0.01064,-0.80276,1.99926,0.39820641913152927,-1125.2983746590153,0.8989004644803423,1318.760431390368,1051.8664137490334,0.07514125703092484,3.9869099489807027,0.1825097879616161,0.09715189528668504,-0.27966168324830115,-0.08535789267493107,146.5911,967.0850566647645,-0.36846109931444926,-0.017428701234791306,0.01983363911738161,-0.3620010732506892,1.9987481652957104,92.68784922793068,54.81236467913048,0.6462467515807672,1.4370241272768098,0.2224287020695229,0.04673669408579305,0.36090770231153096,1.9989036391173816,0.30910380250162073,80.55742798492986,32.972354231999795,0.05245018174718617,0.5457332583905814,1.9989436391173816,0.5414205707054607,-0.010696796550940281,1.9997,-0.1456564430324384,653.6458953915552,-169.41871646632262,0.012134495887131043,-0.5017229207448509,0.3800545942263263,-0.48442835604958645,-0.24229535996721743,702.4773700234127,507.97409032060614,0.02155,-0.09357010393236291,9.999647278234763,0.38004302083175984,1.2214559917497432
Nc1ccccc1.CC(=O)Cl,-287.039402,3.6593,685.0733,939.029,0.123499,1.6888,0.103715,0.10530500000000001,-0.20902,93.128,994.266,-0.691945,-0.038551,0.01038,-0.63533,1.99927,-0.144243,80.3946,200.4205,0.01148,-0.815,1.9993,0.3760226557583386,-613.070645,1.8407,361.1538,589.647,0.051921,2.5752,0.17481000000000002,0.13476,-0.30957,-0.04005,78.4981,543.096,-0.16842,-0.019931,0.00801,-0.68972,1.99914,58.3883,161.9989,0.3882945248584015,1.19561,-0.022262,0.04824,0.23014,1.99928,0.181407,78.3666,21.3299,0.05149,0.57826,1.99927,0.49370673379483954,-0.031774,1.99969,-0.138192,709.0371,-224.4771,0.01248,-0.48574,0.3472309628697294,-0.497062,-0.249833,776.7802,462.7909,0.02158,-0.12005,9.99964,0.3590308370044053,3.0086944298332874
Nc1ccccc1.CC(C)(C)C(=O)Cl,-287.039402,3.6593,685.0733,939.029,0.123499,1.6888,0.103715,0.10530500000000001,-0.20902,93.128,994.266,-0.691945,-0.038551,0.01038,-0.63533,1.99927,-0.144243,80.3946,200.4205,0.01148,-0.815,1.9993,0.3760226557583386,-730.74792,2.2489,944.8434,987.864,0.140866,2.7537,0.1676,0.13162,-0.29922,-0.03598,120.5785,1095.631,-0.002895,-0.401545,0.01495,-0.12509,1.99882,43.2203,145.8968,0.7474826935179358,1.086134,0.105519,0.05777,0.24151,1.999,0.311319,92.3348,10.4385,0.06159,0.60184,1.99904,0.6241346758967904,-0.044561,1.99969,-0.134635,702.0892,-210.5595,0.01227,-0.49442,0.4129955947136564,-0.486258,-0.243396,657.1407,517.8314,0.02014,-0.11423,9.99964,0.4117369414726243,1.5233701469325351
Nc1ccccc1.CC(C)(C)c1ccc(C(=O)Cl)cc1,-287.039402,3.6593,685.0733,939.029,0.123499,1.6888,0.103715,0.10530500000000001,-0.20902,93.128,994.266,-0.691945,-0.038551,0.01038,-0.63533,1.99927,-0.144243,80.3946,200.4205,0.01148,-0.815,1.9993,0.3760226557583386,-961.3640173962594,0.8439951331320028,3736.8617162104047,1666.1327468680736,0.22702856304127478,4.218331555187393,0.1765543462087611,0.10122506668047276,-0.2777794128892339,-0.07532927952828836,196.6761,1756.2896208656803,-0.4178817038419192,-0.05493930742117488,0.01711,-0.19114765846693713,1.9987399999999997,145.50595114472912,64.19142355353065,0.6443475428431109,1.4770539433619239,0.2047373555601576,0.04842981988207208,0.3621147765800905,1.9990249099410362,0.31251209335266183,87.58830934681762,23.936423813800438,0.05250472982310813,0.5711581988207208,1.99906,0.5483809008647571,-0.017174605652256175,1.9997,-0.14438870176891871,691.262978378876,-184.8857997811485,0.01198,-0.5034901801179279,0.385780052201509,-0.5155604648516117,-0.2547429379952255,652.1694292748869,528.6326041804466,0.020760180117927914,-0.10642675787729755,9.99966,0.38215008883285495,0.9088330797392212
Nc1ccccc1.CC(C)C(=O)Cl,-287.039402,3.6593,685.0733,939.029,0.123499,1.6888,0.103715,0.10530500000000001,-0.20902,93.128,994.266,-0.691945,-0.038551,0.01038,-0.63533,1.99927,-0.144243,80.3946,200.4205,0.01148,-0.815,1.9993,0.3760226557583386,-691.5212651203827,2.1259058055730957,774.3015688508707,791.3296195399124,0.11183604170191642,2.7012129828698455,0.17010773050232164,0.13244814752148587,-0.3025558780238075,-0.0376595829808358,106.5517,975.6940716840189,-0.024167191055353945,-0.17073551463321235,0.013924490779907133,-0.30198609076336,1.998945169740031,48.80721556952866,147.29575347812465,0.6314692916962978,1.1238819960085888,0.04858485903341499,0.0550134723397214,0.23591374372657942,1.9991075848700155,0.25247221421848887,88.59731276692389,12.733502739310532,0.0582213191506965,0.5944755962050935,1.9991375848700155,0.5800598381088926,-0.041438333812522876,1.99969,-0.1376712573166062,707.048479399112,-210.10582375691683,0.012389359809427323,-0.49276171727806395,0.39244024014119183,-0.49584497796278615,-0.2460183941104488,714.2513821331088,492.33222075195357,0.020564830259969046,-0.11847795268777256,9.99964,0.38745155439779033,2.401146872858973
Nc1ccccc1.CCC(C(=O)Cl)c1ccccc1,-287.039402,3.6593,685.0733,939.029,0.123499,1.6888,0.103715,0.10530500000000001,-0.20902,93.128,994.266,-0.691945,-0.038551,0.01038,-0.63533,1.99927,-0.144243,80.3946,200.4205,0.01148,-0.815,1.9993,0.3760226557583386,-922.1350941424333,4.569522987935531,2455.9020135917617,1503.8121474082207,0.19835830978909602,2.7196956404060453,0.15641062941202977,0.11147264569784315,-0.267883275109873,-0.044937983714186606,182.6493,1522.0795475579139,-0.04878392032155667,-0.06036727587828204,0.02106411226593012,-0.32502486318000223,1.99889,30.15305416820589,127.38872271494051,0.7227754446342497,1.1178043569820812,0.06601085036127433,0.056704631153088186,0.26634316303879657,1.999111010410588,0.2584528867848544,80.18911170349905,15.605117816098318,0.05923987339580025,0.5947519757187832,1.999131232884499,0.6209158445810388,-0.11952997468335282,1.999685360884168,-0.143804062173481,712.2092388306249,-204.0050258804775,0.012248062306486857,-0.5005021470911517,0.43435065207263357,-0.4765579049182884,-0.2283885640121543,717.517615534147,464.5850831441031,0.021029658300558765,-0.0958973312821047,9.99961558335808,0.388169114477217,2.885361220031512
Nc1ccccc1.CCCCC(=O)Cl,-287.039402,3.6593,685.0733,939.029,0.123499,1.6888,0.103715,0.10530500000000001,-0.20902,93.128,994.266,-0.691945,-0.038551,0.01038,-0.63533,1.99927,-0.144243,80.3946,200.4205,0.01148,-0.815,1.9993,0.3760226557583386,-730.7450150574017,2.090291331652506,1341.9302009057062,994.4515719835497,0.1418835432507869,2.6086344119789233,0.1712263701297755,0.1335958284882569,-0.3048221986180324,-0.037630541641518626,120.57850000000002,1041.7633434165296,-0.09671197627204661,0.007804712444770221,0.014038775373839806,-0.4880626302178358,1.9990404359511826,56.464141490849684,147.1293956944729,0.5593904691258827,1.1789239078387639,0.007528819367576247,0.05127629781296082,0.23642929006115296,1.9991881569913779,0.21380243779784716,82.77940616490689,16.660432212862794,0.05512335177243502,0.588506474333033,1.999198156991378,0.5578940906295883,-0.04184591941059398,1.9996900000000002,-0.14164929933233972,714.7961360943984,-212.9005115825591,0.012188685583343585,-0.49471489576310834,0.3995731427490579,-0.5163867508662023,-0.24523050175144934,770.1191505493439,470.94318983615574,0.020878088448009844,-0.11732762706245506,9.999642023227146,0.3671949651309757,2.8891542090457007
Nc1ccccc1.CCCCC(CC)C(=O)Cl,-287.039402,3.6593,685.0733,939.029,0.123499,1.6888,0.103715,0.10530500000000001,-0.20902,93.128,994.266,-0.691945,-0.038551,0.01038,-0.63533,1.99927,-0.144243,80.3946,200.4205,0.01148,-0.815,1.9993,0.3760226557583386,-848.4194799426583,2.1267217278302994,2464.267019669444,1500.231394373068,0.23155073390523292,2.677801397359587,0.16853390822493342,0.13085299777436263,-0.29938690599929607,-0.037680910450570794,162.6589,1466.9452087716104,-0.0842353595837951,-0.12303181060215712,0.01891789249052634,-0.29470057863953375,1.9989210580785208,30.751430758385847,131.96111134930018,0.7081076322850737,1.1146350543229737,0.04049639435702823,0.05769645486653496,0.23430779863995022,1.999079831858541,0.2342915125830618,79.28964453295023,10.72058245681579,0.06134362576284608,0.5865793709141864,1.999110961152719,0.6405613297343266,-0.04916664952674792,1.9996827557665517,-0.14383461934649713,723.1028236690747,-205.35061664385827,0.012373376332512752,-0.5004955405011925,0.44056690495066464,-0.4902433087740082,-0.23982660938031483,795.885334662436,424.81685121337784,0.02061303988994313,-0.10758898034704956,9.999627692135396,0.39206250471260456,1.1080659634172931
Nc1ccccc1.CCCCCCC(=O)Cl,-287.039402,3.6593,685.0733,939.029,0.123499,1.6888,0.103715,0.10530500000000001,-0.20902,93.128,994.266,-0.691945,-0.038551,0.01038,-0.63533,1.99927,-0.144243,80.3946,200.4205,0.01148,-0.815,1.9993,0.3760226557583386,-809.1928450186999,2.191972683108519,2694.585979207065,1390.3008597551361,0.20178400746022246,2.7244460547894533,0.17032995662812994,0.13265533018130402,-0.30298528680943393,-0.03767462644682591,148.63210000000004,1261.5194415620172,-0.09799205324244195,0.017531207143586563,0.014411268813625472,-0.4870248810235342,1.9990360661441282,52.29176351269705,146.78208323625879,0.5553711533823926,1.1744333662866158,0.005174748608251482,0.05187764178651444,0.23654530602917653,1.9991838244073419,0.2092039866890283,82.95284094577164,16.8293560755272,0.055168636678038244,0.5896019425118675,1.9991965260075706,0.554803422626299,-0.04042034364900629,1.9996900000000004,-0.1394788994015972,704.4901204727937,-215.8672177680678,0.01234712539999367,-0.4919174099593421,0.38646821572942175,-0.5069924791734688,-0.24872178501458486,751.6188641806931,476.4115554370388,0.020814874094548554,-0.1210213165562404,9.999640000000001,0.3740534939797181,2.807659684014007
Nc1ccccc1.CCCCCCCCCCCC(=O)Cl,-287.039402,3.6593,685.0733,939.029,0.123499,1.6888,0.103715,0.10530500000000001,-0.20902,93.128,994.266,-0.691945,-0.038551,0.01038,-0.63533,1.99927,-0.144243,80.3946,200.4205,0.01148,-0.815,1.9993,0.3760226557583386,-1005.3142281705781,2.051840846684475,7589.4788243149,2063.8977884186593,0.35148147884172565,2.580964688743521,0.17130593121998355,0.13237374139497904,-0.3036796726149626,-0.038932189825004494,218.76610000000002,2028.2284431012831,-0.09832466528407613,0.011300852452152831,0.014411262852878942,-0.4876371810409823,1.9990393233150183,54.09437145699512,147.61948876998457,0.5618015097823486,1.1889594778380719,0.0034922479456673456,0.05177155382090726,0.23634184011774262,1.9991781601252514,0.20777313911983045,80.09136057476589,16.11372837040959,0.05541338385685213,0.5883281241859004,1.999188590390622,0.5688480715114945,-0.04156562730035017,1.9996867476005615,-0.13988340193202087,708.4357928496703,-213.85227427913944,0.012237201999370216,-0.49679063701810433,0.4188836362668115,-0.5185254162381545,-0.24439257461254094,760.4693324636868,471.25224452499526,0.020883543820409477,-0.11594466851905619,9.999637177865932,0.3724491019162263,2.7785085474146007
Nc1ccccc1.CCc1ccc(C(=O)Cl)cc1,-287.039402,3.6593,685.0733,939.029,0.123499,1.6888,0.103715,0.10530500000000001,-0.20902,93.128,994.266,-0.691945,-0.038551,0.01038,-0.63533,1.99927,-0.144243,80.3946,200.4205,0.01148,-0.815,1.9993,0.3760226557583386,-882.914671,0.8056,2669.3825,1421.7125,0.168403,4.1213,0.17781,0.10156000000000001,-0.27937,-0.07625,168.6225,1314.007,-0.402094,-0.061786,0.01695,-0.19259,1.99875,146.8733,63.8668,0.6452957835116425,1.456055,0.205216,0.04843,0.36246,1.99903,0.312565,87.4623,23.8993,0.05253,0.57058,1.99906,0.5498741346758967,-0.017375,1.9997,-0.144731,691.6855,-184.816,0.01198,-0.50355,0.3866425424795469,-0.509939,-0.254084,651.6022,528.6102,0.02081,-0.10547,9.99966,0.38294524858401513,1.0244355875383513
Nc1ccccc1.COc1cc(C(=O)Cl)cc(OC)c1OC,-287.039402,3.6593,685.0733,939.029,0.123499,1.6888,0.103715,0.10530500000000001,-0.20902,93.128,994.266,-0.691945,-0.038551,0.01038,-0.63533,1.99927,-0.144243,80.3946,200.4205,0.01148,-0.815,1.9993,0.3760226557583386,-1147.3988728386491,9.590245055798524,4098.000453261923,1788.438858126628,0.21336973094695055,3.820453988387011,0.1589222523904965,0.08715554844614821,-0.2460778008366447,-0.07176670394434828,230.64750000000004,1702.8529527836297,-0.30062621086644153,-0.0505418648015625,0.01901263016358685,-0.16597456713914246,1.9988191465822256,138.9709269242885,66.29146063677923,0.6464282423283223,1.4648143543682646,0.20572451472928088,0.0527408394357223,0.4021922948019736,1.9991034206621257,0.30939671461077606,86.80447373218087,24.14315727612148,0.052543474138718856,0.5717040388310601,1.9990608534177752,0.5505070876792586,-0.22497649330386443,1.9997000000000003,-0.1474567049669537,690.2213647653614,-182.89085364682126,0.011964543057302771,-0.5069527124341651,0.38708728584549945,-0.5075244044704986,-0.2524332482777629,651.9670016723583,528.9051928576206,0.020845079417672406,-0.10312794717934845,9.999652567244352,0.38354454400728805,0.8985540390273906
Nc1ccccc1.COc1ccc(C(=O)Cl)cc1,-287.039402,3.6593,685.0733,939.029,0.123499,1.6888,0.103715,0.10530500000000001,-0.20902,93.128,994.266,-0.691945,-0.038551,0.01038,-0.63533,1.99927,-0.144243,80.3946,200.4205,0.01148,-0.815,1.9993,0.3760226557583386,-918.7794806452093,1.8095578782030461,2595.8845344392657,1351.432412177592,0.14413766686447077,4.69247217594736,0.16339189113066868,0.09466255858855176,-0.2580544497192204,-0.06872933254211694,170.5951,1330.3161569267518,-0.5316156870230284,-0.057328369918361544,0.01689,-0.20658333135529233,1.9987499999999998,139.08126280090607,69.5119016314473,0.6464023557102192,1.5082461480170826,0.19680829664503793,0.04825977751403898,0.35202155146760417,1.99902,0.30959364046198856,88.97441949403056,25.308381727266305,0.052509332542116934,0.5694617858218112,1.99905,0.5495559709571898,-0.023747567188664966,1.9997,-0.15034197745033262,671.7481042751876,-174.48073225064894,0.011970222485961022,-0.5095373064319758,0.38616179649303717,-0.5192249050540321,-0.26183382883983775,650.1022819991035,534.1770665455147,0.020634443785097444,-0.11341470187579644,9.99966,0.3827949177457842,0.6237819837357833
Nc1ccccc1.Cc1ccc(C(=O)Cl)cc1,-287.039402,3.6593,685.0733,939.029,0.123499,1.6888,0.103715,0.10530500000000001,-0.20902,93.128,994.266,-0.691945,-0.038551,0.01038,-0.63533,1.99927,-0.144243,80.3946,200.4205,0.01148,-0.815,1.9993,0.3760226557583386,-843.690474,0.7847,2037.6054,1331.695,0.138241,4.0826,0.17777500000000002,0.101495,-0.27927,-0.07628,154.5957,957.156,-0.396447,-0.063926,0.01695,-0.19369,1.99875,146.8166,64.1383,0.6464757709251101,1.444549,0.205095,0.0484,0.3622,1.99903,0.312699,87.2722,23.9815,0.05251,0.57046,1.99906,0.5497954688483323,-0.017809,1.9997,-0.144896,691.7944,-184.7633,0.01198,-0.50358,0.3868785399622404,-0.507387,-0.254103,652.0078,529.0068,0.02081,-0.10548,9.99966,0.38231592196349906,1.0849870555805643
Nc1ccccc1.Cc1ccccc1C(=O)Cl,-287.039402,3.6593,685.0733,939.029,0.123499,1.6888,0.103715,0.10530500000000001,-0.20902,93.128,994.266,-0.691945,-0.038551,0.01038,-0.63533,1.99927,-0.144243,80.3946,200.4205,0.01148,-0.815,1.9993,0.3760226557583386,-843.6875560574109,0.11441203094299326,1727.5775237937205,1185.5250490989843,0.13826824892949693,2.9335652803962233,0.17744671457012706,0.09930211916386854,-0.2767488337339956,-0.07814459540625854,154.5957,1206.8423660351868,-0.3609323356612174,-0.04382074162750573,0.017399388198169285,-0.18550015969286923,1.99871,143.88919896912307,63.72922694533436,0.6763989980060084,1.3794532603765848,0.17964343533990834,0.04829439509069746,0.3670932883597818,1.9990500711227133,0.2936090109211529,86.60514481931877,23.749668767244493,0.051918321357468225,0.5733261876760661,1.9990899288772865,0.5774004604109436,-0.03147546807824839,1.9996999288772865,-0.14907075579200177,701.4520483596131,-205.6625805599628,0.012379573263719579,-0.5042245104984888,0.4371025917512716,-0.51174269585703,-0.25672397091808735,673.4314174438672,509.25428815634746,0.020633982871950604,-0.11187011540779132,9.999669857754574,0.38752509665341367,1.2420753141919754
Nc1ccccc1.O=C(Cl)C12CC3CC(CC(C3)C1)C2,-287.039402,3.6593,685.0733,939.029,0.123499,1.6888,0.103715,0.10530500000000001,-0.20902,93.128,994.266,-0.691945,-0.038551,0.01038,-0.63533,1.99927,-0.144243,80.3946,200.4205,0.01148,-0.815,1.9993,0.3760226557583386,-962.581811,3.0439,2417.6329,1837.01,0.2551,3.1191,0.16248,0.12827,-0.29075,-0.03421,198.6919,1506.761,-0.109963,-0.417603,0.01866,-0.12505,1.99879,47.667,144.0592,0.8325991189427313,1.135254,0.136483,0.05847,0.25586,1.99893,0.339763,94.9955,11.4326,0.06189,0.61891,1.99899,0.6260226557583386,-0.055463,1.99969,-0.134531,703.9745,-206.4244,0.01198,-0.49526,0.4133102580239144,-0.495051,-0.246408,649.7835,526.6917,0.01986,-0.11707,9.99965,0.4122089364380113,1.624195848354401
Nc1ccccc1.O=C(Cl)C=Cc1ccccc1,-287.039402,3.6593,685.0733,939.029,0.123499,1.6888,0.103715,0.10530500000000001,-0.20902,93.128,994.266,-0.691945,-0.038551,0.01038,-0.63533,1.99927,-0.144243,80.3946,200.4205,0.01148,-0.815,1.9993,0.3760226557583386,-881.7076424349888,1.4583330632451224,3001.2649234041864,1257.7523733779365,0.14500556194108782,4.007677662728389,0.18097215746167145,0.08464781157985767,-0.2656199690415291,-0.09632434588181382,166.6067,1318.0489361294021,-0.6487631505721401,-0.11180734591608987,0.015986889213416643,-0.40177837436797814,1.9988062506712867,97.67235097153285,72.11756207665134,0.5471110545535718,1.594812176212798,0.21686245915706964,0.047810688301961585,0.3951780161227317,1.9990600002421206,0.2773765541231414,79.2212823091358,26.059164333630676,0.05162692895158519,0.5406730279839103,1.9991162506021094,0.518506511257886,-0.01080933265076242,1.99969,-0.1561087210570263,684.9150017741213,-177.68841986288376,0.012026865077963791,-0.508001072172739,0.3739683515791476,-0.5679760192194105,-0.25474012890245074,721.0320699222212,470.0895892939961,0.02118627173739866,-0.11190134066066033,9.99965374939789,0.36138049216617174,2.653691683808109
Nc1ccccc1.O=C(Cl)c1ccc(-c2ccccc2)cc1,-287.039402,3.6593,685.0733,939.029,0.123499,1.6888,0.103715,0.10530500000000001,-0.20902,93.128,994.266,-0.691945,-0.038551,0.01038,-0.63533,1.99927,-0.144243,80.3946,200.4205,0.01148,-0.815,1.9993,0.3760226557583386,-1035.081421,13.748,5091.4627,1754.559,0.195241,4.008,0.17202,0.08703,-0.25905,-0.08499,216.6665,1648.5790000000002,-0.476397,-0.069238,0.01931,-0.13635,1.99876,146.3066,63.2115,0.6453744493392071,1.557555,0.237449,0.05246,0.45217,1.99908,0.313028,86.8115,23.8787,0.05251,0.56896,1.99906,0.5493234738829452,-0.197972,1.99969,-0.14352,696.741,-187.3885,0.012,-0.50251,0.38569855254877283,-0.528893,-0.251945,650.7091,526.9992,0.02088,-0.10309,9.99966,0.38223725613593457,1.1259522597373337
Nc1ccccc1.O=C(Cl)c1ccc(Br)cc1,-287.039402,3.6593,685.0733,939.029,0.123499,1.6888,0.103715,0.10530500000000001,-0.20902,93.128,994.266,-0.691945,-0.038551,0.01038,-0.63533,1.99927,-0.144243,80.3946,200.4205,0.01148,-0.815,1.9993,0.3760226557583386,-3377.857666,2.1799,3388.6568,1232.628,0.100324,2.0328,0.18545,0.09516000000000002,-0.28061,-0.09029,219.465,1258.854,-0.39698,-0.055564,0.01694,-0.19555,1.99875,149.5302,63.26,0.645846444304594,1.462386,0.217711,0.04852,0.3717,1.99904,0.315275,85.0022,24.181,0.05263,0.56687,1.99907,0.5486154814348647,-0.010299,1.9997,-0.140191,709.2575,-191.8647,0.01202,-0.49899,0.38719320327249845,-0.500793,-0.242085,647.9072,524.2242,0.02118,-0.09299,9.99965,0.382001258653241,1.5108609690053874
Nc1ccccc1.O=C(Cl)c1ccc(C(F)(F)F)cc1,-287.039402,3.6593,685.0733,939.029,0.123499,1.6888,0.103715,0.10530500000000001,-0.20902,93.128,994.266,-0.691945,-0.038551,0.01038,-0.63533,1.99927,-0.144243,80.3946,200.4205,0.01148,-0.815,1.9993,0.3760226557583386,-1141.009328,3.3671,3493.4189,1579.5935,0.117803,1.0538,0.202225,0.10366500000000001,-0.30589,-0.09856,208.5672,1203.002,-0.281208,-0.066681,0.01707,-0.18876,1.99875,151.6583,59.3407,0.6463184392699811,1.375664,0.226354,0.04856,0.38009,1.99904,0.318189,83.9248,23.6216,0.05264,0.56628,1.99908,0.5490874764002517,-0.003696,1.9997,-0.135777,725.5918,-200.3338,0.01205,-0.49428,0.3871145374449339,-0.48031,-0.234509,646.3328,518.8401,0.02137,-0.08533,9.99964,0.38239458779106356,1.8153604221386264
Nc1ccccc1.O=C(Cl)c1ccc(Cl)cc1,-287.039402,3.6593,685.0733,939.029,0.123499,1.6888,0.103715,0.10530500000000001,-0.20902,93.128,994.266,-0.691945,-0.038551,0.01038,-0.63533,1.99927,-0.144243,80.3946,200.4205,0.01148,-0.815,1.9993,0.3760226557583386,-1263.981948,2.0754,2495.0487,918.639,0.100727,2.063,0.18674,0.09755,-0.28429,-0.08919,175.014,1159.235,-0.395009,-0.059104,0.01687,-0.19718,1.99875,148.1762,63.8432,0.6469477658904972,1.447541,0.216306,0.04848,0.37028,1.99904,0.314974,85.26,24.3534,0.05263,0.56696,1.99907,0.5487728130899937,-0.010873,1.9997,-0.140838,706.9426,-190.8553,0.01202,-0.49966,0.38719320327249845,-0.497634,-0.243186,647.8379,524.4538,0.02115,-0.09408,9.99965,0.38231592196349906,1.4460054986244042
Nc1ccccc1.O=C(Cl)c1ccc(Cl)cc1Cl,-287.039402,3.6593,685.0733,939.029,0.123499,1.6888,0.103715,0.10530500000000001,-0.20902,93.128,994.266,-0.691945,-0.038551,0.01038,-0.63533,1.99927,-0.144243,80.3946,200.4205,0.01148,-0.815,1.9993,0.3760226557583386,-1723.4939374606504,1.2883800810490484,2980.2158268029457,1474.2397074519768,0.09215022714359405,2.4027020201639373,0.1889194293631092,0.09675937747005803,-0.28567880683316726,-0.09216005189305122,209.45909999999998,1522.9075142418037,-0.4253249866263163,-0.07327173319778336,0.019400577896779823,-0.2055589686983824,1.9986567970101383,141.94229947990505,63.78112283667599,0.6720934400530437,1.383887345120303,0.20099762442309496,0.051071825734569344,0.377952249212696,1.9990716014949308,0.30132847764488324,89.17290808438919,26.71033238705266,0.053662067271891524,0.5672160495446766,1.9991067970101382,0.5710416884369257,-0.02376615770075898,1.9996899999999997,-0.12318614046610027,738.0003184385099,-221.68962119212986,0.01246359402027631,-0.4777808249899132,0.41465210131273,-0.4997364317231278,-0.23461153961306366,691.034157820026,475.66836513053863,0.02126264516867135,-0.09382789320718006,9.999653594020277,0.3876269732870548,1.8911907637043
Nc1ccccc1.O=C(Cl)c1ccc(F)cc1,-287.039402,3.6593,685.0733,939.029,0.123499,1.6888,0.103715,0.10530500000000001,-0.20902,93.128,994.266,-0.691945,-0.038551,0.01038,-0.63533,1.99927,-0.144243,80.3946,200.4205,0.01148,-0.815,1.9993,0.3760226557583386,-903.560911,1.3905,1932.8255,1039.562,0.101816,2.1677,0.18521500000000002,0.102935,-0.28815,-0.08228,158.5594,1118.02,-0.402654,-0.063696,0.0167,-0.20093,1.99875,144.8678,66.2483,0.6475770925110133,1.405945,0.206459,0.0484,0.35807,1.99903,0.313827,86.1662,24.8469,0.05265,0.56797,1.99907,0.5505034612964128,-0.01578,1.9997,-0.143118,697.5602,-186.3864,0.01202,-0.50216,0.38735053492762744,-0.489988,-0.246855,647.3665,526.5674,0.02105,-0.09791,9.99965,0.38247325361862805,1.2522770746338756
Nc1ccccc1.O=C(Cl)c1ccc(F)cc1F,-287.039402,3.6593,685.0733,939.029,0.123499,1.6888,0.103715,0.10530500000000001,-0.20902,93.128,994.266,-0.691945,-0.038551,0.01038,-0.63533,1.99927,-0.144243,80.3946,200.4205,0.01148,-0.815,1.9993,0.3760226557583386,-1002.6542594723891,1.5628342043633043,2120.324392652248,1108.7274438818417,0.09460995236304569,2.9002627333284448,0.18897774100507306,0.1031808922527925,-0.29215863325786556,-0.08579684875228055,176.5499,1217.2759401612166,-0.4762535813565251,-0.14156288723632596,0.01749714178274225,-0.2655723345228288,1.9987275595461926,125.52130121331402,76.87735232825071,0.6601959388546843,1.4011957195348994,0.21017866036864236,0.05033202645075863,0.3574196198405706,1.999092440453807,0.31311296107594244,89.14458035729169,29.976610165880096,0.053738691863957924,0.5602134195157078,1.9991175595461927,0.5592025931930473,-0.0013660944016755583,1.999692440453807,-0.12574949132688037,715.3363046299694,-206.25609228525013,0.012154107747207482,-0.4855636222965187,0.4016195195314515,-0.4835200440528855,-0.24479578722213755,687.6901003715086,492.5449564929477,0.021139816660918742,-0.0970344038983523,9.99966023818477,0.38741746794270504,2.6399324657099825
Nc1ccccc1.O=C(Cl)c1ccc(OC(F)(F)F)cc1,-287.039402,3.6593,685.0733,939.029,0.123499,1.6888,0.103715,0.10530500000000001,-0.20902,93.128,994.266,-0.691945,-0.038551,0.01038,-0.63533,1.99927,-0.144243,80.3946,200.4205,0.01148,-0.815,1.9993,0.3760226557583386,-1216.116295,1.9373,4202.2051,1483.97,0.123247,2.1043,0.18684,0.10098000000000001,-0.28782,-0.08586,224.5666,1686.329,-0.41883,-0.055985,0.01693,-0.20009,1.99875,144.7474,65.8979,0.6455317809943361,1.437835,0.211505,0.04838,0.36227,1.99903,0.315037,85.8367,24.8444,0.0526,0.56737,1.99907,0.5483008181246066,-0.013036,1.9997,-0.141975,702.237,-188.2112,0.01203,-0.50095,0.3865638766519824,-0.492427,-0.24471,647.5785,525.941,0.02111,-0.09583,9.99965,0.382001258653241,1.5301658659857371
Nc1ccccc1.O=C(Cl)c1ccc(SC(F)(F)F)cc1,-287.039402,3.6593,685.0733,939.029,0.123499,1.6888,0.103715,0.10530500000000001,-0.20902,93.128,994.266,-0.691945,-0.038551,0.01038,-0.63533,1.99927,-0.144243,80.3946,200.4205,0.01148,-0.815,1.9993,0.3760226557583386,-1539.108656,10.93545,4535.03445,1625.511,0.120362,1.4151,0.19517500000000002,0.09453500000000001,-0.28971,-0.10064,240.6272,1337.92,-0.29784849999999996,-0.0998015,0.01897,-0.20292,1.99876,153.6659,59.602199999999996,0.6472624292007552,1.4163860000000001,0.25255150000000004,0.05244,0.4746,1.99909,0.3170855,83.78805,23.4428,0.05266,0.56606,1.99908,0.5502674638137193,-0.18941449999999999,1.99969,-0.1355175,726.435,-201.13459999999998,0.01204,-0.49415,0.3878618628067967,-0.49045249999999996,-0.234585,646.7714000000001,518.4003,0.02136,-0.08533,9.99964,0.38333857772183766,1.7935483905388
Nc1ccccc1.O=C(Cl)c1ccc([N+](=O)[O-])cc1,-287.039402,3.6593,685.0733,939.029,0.123499,1.6888,0.103715,0.10530500000000001,-0.20902,93.128,994.266,-0.691945,-0.038551,0.01038,-0.63533,1.99927,-0.144243,80.3946,200.4205,0.01148,-0.815,1.9993,0.3760226557583386,-1008.649643,2.8883,2934.3431,1429.187,0.114492,1.9316,0.21973499999999999,0.09540499999999999,-0.31514,-0.12433,185.5665,1180.633,-0.243545,-0.095972,0.01759,-0.19498,1.99875,153.1256,57.3166,0.6472624292007552,1.373848,0.307302,0.05273,0.54955,1.99909,0.319677,82.3735,23.8112,0.0527,0.56324,1.99908,0.5486154814348647,-0.149197,1.99968,-0.131168,741.5805,-208.9034,0.01209,-0.49014,0.3881371932032725,-0.473753,-0.225712,643.2683,512.101,0.02162,-0.07607,9.99964,0.38215859030837,2.435451093361703
Nc1ccccc1.O=C(Cl)c1ccc2ccccc2c1,-287.039402,3.6593,685.0733,939.029,0.123499,1.6888,0.103715,0.10530500000000001,-0.20902,93.128,994.266,-0.691945,-0.038551,0.01038,-0.63533,1.99927,-0.144243,80.3946,200.4205,0.01148,-0.815,1.9993,0.3760226557583386,-957.8231548793865,8.942984281922897,3120.642424188284,1617.483620444743,0.15897933382482796,3.963189472116048,0.1688166691241398,0.08189167649655926,-0.25070834562069905,-0.08692499262758055,190.6287,1577.0617708477648,-0.406241613979723,-0.0853495998229043,0.01913813624300125,-0.18617714833386767,1.9987759805367138,143.21741244463914,64.17324326159877,0.6477991941427841,1.4941111495158192,0.2417364895313614,0.05284029194928839,0.45526854910095393,1.9990940194632858,0.3139393768798561,87.57417048040392,23.502188115581014,0.052508428192289645,0.5698158832202846,1.9990640194632858,0.5497785108064259,-0.20163146446439634,1.9996899999999997,-0.14309156915373786,699.7480535233219,-189.1846326741985,0.01198794161014232,-0.5022111235626368,0.38731661884381463,-0.5121153102357949,-0.2502995078146661,650.3423603945448,527.1525046879868,0.020885980536714102,-0.10191680330266659,9.999655980536714,0.3832938279780859,1.1998961753194035
Nc1ccccc1.O=C(Cl)c1cccc2ccccc12,-287.039402,3.6593,685.0733,939.029,0.123499,1.6888,0.103715,0.10530500000000001,-0.20902,93.128,994.266,-0.691945,-0.038551,0.01038,-0.63533,1.99927,-0.144243,80.3946,200.4205,0.01148,-0.815,1.9993,0.3760226557583386,-957.8186401303651,7.76497366122391,2727.8224101566643,1452.655905920424,0.1591435410273463,3.138155778233965,0.17141258730322817,0.07978083346207067,-0.2511934207652988,-0.09163175384115753,190.62869999999998,1654.673933628048,-0.3606608914538662,-0.060651833547166085,0.019562781082751415,-0.15268271376427908,1.9987499999999998,140.36828004155382,67.13279503149818,0.67083710319587,1.4184804447627122,0.24250688344425783,0.05177296194712997,0.4757362417913853,1.9991198794237475,0.3059404481129295,90.28639256302401,23.548420283844816,0.051731334167722944,0.5763399240539799,1.9990998794237473,0.5737331192431018,-0.21399212998145925,1.9996800602881257,-0.14835273747499386,677.8735529026063,-199.8173439886677,0.012231266050649904,-0.5084526793064421,0.42167378684587214,-0.536095752759764,-0.25799595608850817,690.7625756377732,499.1303403904185,0.020573617287571157,-0.11333870811906079,9.999669879423749,0.38839317125744705,1.1743167174093028
Nc1ccccc1.O=C(Cl)c1ccccc1,-287.039402,3.6593,685.0733,939.029,0.123499,1.6888,0.103715,0.10530500000000001,-0.20902,93.128,994.266,-0.691945,-0.038551,0.01038,-0.63533,1.99927,-0.144243,80.3946,200.4205,0.01148,-0.815,1.9993,0.3760226557583386,-804.46025,0.6975,1464.397,1335.877,0.109113,3.4435,0.18524,0.10419999999999999,-0.28944,-0.08104,140.5689,1259.541,-0.319057,-0.06921,0.01701,-0.18925,1.99875,150.2369,61.7104,0.6467904342353682,1.381429,0.207568,0.04848,0.36494,1.99903,0.313396,86.434,23.3461,0.05259,0.56996,1.99907,0.5492448080553808,-0.014961,1.9997,-0.142092,704.1163,-190.2727,0.012,-0.50042,0.3867212083071114,-0.491795,-0.248031,648.8095,526.2085,0.02098,-0.09932,9.99965,0.38247325361862805,1.2035382082960937
Nc1ccccc1.O=C(Cl)c1ccco1,-287.039402,3.6593,685.0733,939.029,0.123499,1.6888,0.103715,0.10530500000000001,-0.20902,93.128,994.266,-0.691945,-0.038551,0.01038,-0.63533,1.99927,-0.144243,80.3946,200.4205,0.01148,-0.815,1.9993,0.3760226557583386,-802.2749436403665,0.9628803601977091,1106.8639320512225,837.4781616717298,0.07810627687091332,4.223320701907314,0.17692659069992278,0.09926084693630044,-0.2761874376362232,-0.07766574376362233,130.53050000000002,1023.5943809662729,-0.2571876525553629,0.07456587223868763,0.028521784583548964,0.16679427666839172,1.9986394965983396,84.42036001940463,48.795129254280766,0.6092274123751691,1.4654626254563974,0.18523025001857074,0.045608009071094816,0.29806073691619983,1.9990367505669435,0.28778355340700085,80.27414887766211,36.27046418281246,0.04943652154385018,0.5133097981460898,1.9990600000000003,0.5273364642768135,-0.01243844273116867,1.999706750566944,-0.14375068628124404,690.1763189879638,-171.46429701179642,0.012345972786715571,-0.4947455057576371,0.3678338463825751,-0.4709219205838191,-0.23281669984785022,670.2421570172194,515.4998959950124,0.022066292520756925,-0.08390614500521279,9.99965324943306,0.373560076402609,1.831592891870582
Nc1ccccc1.O=C(Cl)c1cccs1,-287.039402,3.6593,685.0733,939.029,0.123499,1.6888,0.103715,0.10530500000000001,-0.20902,93.128,994.266,-0.691945,-0.038551,0.01038,-0.63533,1.99927,-0.144243,80.3946,200.4205,0.01148,-0.815,1.9993,0.3760226557583386,-1125.2983746590153,0.8989004644803423,1318.760431390368,1051.8664137490334,0.07514125703092484,3.9869099489807027,0.1825097879616161,0.09715189528668504,-0.27966168324830115,-0.08535789267493107,146.5911,967.0850566647645,-0.36846109931444926,-0.017428701234791306,0.01983363911738161,-0.3620010732506892,1.9987481652957104,92.68784922793068,54.81236467913048,0.6462467515807672,1.4370241272768098,0.2224287020695229,0.04673669408579305,0.36090770231153096,1.9989036391173816,0.30910380250162073,80.55742798492986,32.972354231999795,0.05245018174718617,0.5457332583905814,1.9989436391173816,0.5414205707054607,-0.010696796550940281,1.9997,-0.1456564430324384,653.6458953915552,-169.41871646632262,0.012134495887131043,-0.5017229207448509,0.3800545942263263,-0.48442835604958645,-0.24229535996721743,702.4773700234127,507.97409032060614,0.02155,-0.09357010393236291,9.999647278234763,0.38004302083175984,0.8787181708868833
Nc1ccccc1-c1ccccc1.CC(=O)Cl,-517.660785,6.4473,2523.7232,1601.577,0.209785,1.5747,0.116345,0.091385,-0.20773,169.2256,1472.257,-0.65432,-0.008194,0.00954,-0.62328,1.99926,-0.136426,55.7423,200.4873,0.0113,-0.82337,1.9993,0.4408432976714915,-613.070645,1.8407,361.1538,589.647,0.051921,2.5752,0.17481000000000002,0.13476,-0.30957,-0.04005,78.4981,543.096,-0.16842,-0.019931,0.00801,-0.68972,1.99914,58.3883,161.9989,0.3882945248584015,1.19561,-0.022262,0.04824,0.23014,1.99928,0.181407,78.3666,21.3299,0.05149,0.57826,1.99927,0.49370673379483954,-0.031774,1.99969,-0.138192,709.0371,-224.4771,0.01248,-0.48574,0.3472309628697294,-0.497062,-0.249833,776.7802,462.7909,0.02158,-0.12005,9.99964,0.3590308370044053,2.715099504620721
Nc1ccccc1-c1ccccc1.CC(C)(C)C(=O)Cl,-517.660785,6.4473,2523.7232,1601.577,0.209785,1.5747,0.116345,0.091385,-0.20773,169.2256,1472.257,-0.65432,-0.008194,0.00954,-0.62328,1.99926,-0.136426,55.7423,200.4873,0.0113,-0.82337,1.9993,0.4408432976714915,-730.74792,2.2489,944.8434,987.864,0.140866,2.7537,0.1676,0.13162,-0.29922,-0.03598,120.5785,1095.631,-0.002895,-0.401545,0.01495,-0.12509,1.99882,43.2203,145.8968,0.7474826935179358,1.086134,0.105519,0.05777,0.24151,1.999,0.311319,92.3348,10.4385,0.06159,0.60184,1.99904,0.6241346758967904,-0.044561,1.99969,-0.134635,702.0892,-210.5595,0.01227,-0.49442,0.4129955947136564,-0.486258,-0.243396,657.1407,517.8314,0.02014,-0.11423,9.99964,0.4117369414726243,1.102249934168168
Nc1ccccc1-c1ccccc1.CC(C)(C)c1ccc(C(=O)Cl)cc1,-517.660785,6.4473,2523.7232,1601.577,0.209785,1.5747,0.116345,0.091385,-0.20773,169.2256,1472.257,-0.65432,-0.008194,0.00954,-0.62328,1.99926,-0.136426,55.7423,200.4873,0.0113,-0.82337,1.9993,0.4408432976714915,-961.3640173962594,0.8439951331320028,3736.8617162104047,1666.1327468680736,0.22702856304127478,4.218331555187393,0.1765543462087611,0.10122506668047276,-0.2777794128892339,-0.07532927952828836,196.6761,1756.2896208656803,-0.4178817038419192,-0.05493930742117488,0.01711,-0.19114765846693713,1.9987399999999997,145.50595114472912,64.19142355353065,0.6443475428431109,1.4770539433619239,0.2047373555601576,0.04842981988207208,0.3621147765800905,1.9990249099410362,0.31251209335266183,87.58830934681762,23.936423813800438,0.05250472982310813,0.5711581988207208,1.99906,0.5483809008647571,-0.017174605652256175,1.9997,-0.14438870176891871,691.262978378876,-184.8857997811485,0.01198,-0.5034901801179279,0.385780052201509,-0.5155604648516117,-0.2547429379952255,652.1694292748869,528.6326041804466,0.020760180117927914,-0.10642675787729755,9.99966,0.38215008883285495,0.557038367205222
Nc1ccccc1-c1ccccc1.CC(C)C(=O)Cl,-517.660785,6.4473,2523.7232,1601.577,0.209785,1.5747,0.116345,0.091385,-0.20773,169.2256,1472.257,-0.65432,-0.008194,0.00954,-0.62328,1.99926,-0.136426,55.7423,200.4873,0.0113,-0.82337,1.9993,0.4408432976714915,-691.5212651203827,2.1259058055730957,774.3015688508707,791.3296195399124,0.11183604170191642,2.7012129828698455,0.17010773050232164,0.13244814752148587,-0.3025558780238075,-0.0376595829808358,106.5517,975.6940716840189,-0.024167191055353945,-0.17073551463321235,0.013924490779907133,-0.30198609076336,1.998945169740031,48.80721556952866,147.29575347812465,0.6314692916962978,1.1238819960085888,0.04858485903341499,0.0550134723397214,0.23591374372657942,1.9991075848700155,0.25247221421848887,88.59731276692389,12.733502739310532,0.0582213191506965,0.5944755962050935,1.9991375848700155,0.5800598381088926,-0.041438333812522876,1.99969,-0.1376712573166062,707.048479399112,-210.10582375691683,0.012389359809427323,-0.49276171727806395,0.39244024014119183,-0.49584497796278615,-0.2460183941104488,714.2513821331088,492.33222075195357,0.020564830259969046,-0.11847795268777256,9.99964,0.38745155439779033,1.8075453743013492
Nc1ccccc1-c1ccccc1.CCC(C(=O)Cl)c1ccccc1,-517.660785,6.4473,2523.7232,1601.577,0.209785,1.5747,0.116345,0.091385,-0.20773,169.2256,1472.257,-0.65432,-0.008194,0.00954,-0.62328,1.99926,-0.136426,55.7423,200.4873,0.0113,-0.82337,1.9993,0.4408432976714915,-922.1350941424333,4.569522987935531,2455.9020135917617,1503.8121474082207,0.19835830978909602,2.7196956404060453,0.15641062941202977,0.11147264569784315,-0.267883275109873,-0.044937983714186606,182.6493,1522.0795475579139,-0.04878392032155667,-0.06036727587828204,0.02106411226593012,-0.32502486318000223,1.99889,30.15305416820589,127.38872271494051,0.7227754446342497,1.1178043569820812,0.06601085036127433,0.056704631153088186,0.26634316303879657,1.999111010410588,0.2584528867848544,80.18911170349905,15.605117816098318,0.05923987339580025,0.5947519757187832,1.999131232884499,0.6209158445810388,-0.11952997468335282,1.999685360884168,-0.143804062173481,712.2092388306249,-204.0050258804775,0.012248062306486857,-0.5005021470911517,0.43435065207263357,-0.4765579049182884,-0.2283885640121543,717.517615534147,464.5850831441031,0.021029658300558765,-0.0958973312821047,9.99961558335808,0.388169114477217,2.115499430899143
Nc1ccccc1-c1ccccc1.CCCCC(=O)Cl,-517.660785,6.4473,2523.7232,1601.577,0.209785,1.5747,0.116345,0.091385,-0.20773,169.2256,1472.257,-0.65432,-0.008194,0.00954,-0.62328,1.99926,-0.136426,55.7423,200.4873,0.0113,-0.82337,1.9993,0.4408432976714915,-730.7450150574017,2.090291331652506,1341.9302009057062,994.4515719835497,0.1418835432507869,2.6086344119789233,0.1712263701297755,0.1335958284882569,-0.3048221986180324,-0.037630541641518626,120.57850000000002,1041.7633434165296,-0.09671197627204661,0.007804712444770221,0.014038775373839806,-0.4880626302178358,1.9990404359511826,56.464141490849684,147.1293956944729,0.5593904691258827,1.1789239078387639,0.007528819367576247,0.05127629781296082,0.23642929006115296,1.9991881569913779,0.21380243779784716,82.77940616490689,16.660432212862794,0.05512335177243502,0.588506474333033,1.999198156991378,0.5578940906295883,-0.04184591941059398,1.9996900000000002,-0.14164929933233972,714.7961360943984,-212.9005115825591,0.012188685583343585,-0.49471489576310834,0.3995731427490579,-0.5163867508662023,-0.24523050175144934,770.1191505493439,470.94318983615574,0.020878088448009844,-0.11732762706245506,9.999642023227146,0.3671949651309757,2.5075857361076577
Nc1ccccc1-c1ccccc1.CCCCC(CC)C(=O)Cl,-517.660785,6.4473,2523.7232,1601.577,0.209785,1.5747,0.116345,0.091385,-0.20773,169.2256,1472.257,-0.65432,-0.008194,0.00954,-0.62328,1.99926,-0.136426,55.7423,200.4873,0.0113,-0.82337,1.9993,0.4408432976714915,-848.4194799426583,2.1267217278302994,2464.267019669444,1500.231394373068,0.23155073390523292,2.677801397359587,0.16853390822493342,0.13085299777436263,-0.29938690599929607,-0.037680910450570794,162.6589,1466.9452087716104,-0.0842353595837951,-0.12303181060215712,0.01891789249052634,-0.29470057863953375,1.9989210580785208,30.751430758385847,131.96111134930018,0.7081076322850737,1.1146350543229737,0.04049639435702823,0.05769645486653496,0.23430779863995022,1.999079831858541,0.2342915125830618,79.28964453295023,10.72058245681579,0.06134362576284608,0.5865793709141864,1.999110961152719,0.6405613297343266,-0.04916664952674792,1.9996827557665517,-0.14383461934649713,723.1028236690747,-205.35061664385827,0.012373376332512752,-0.5004955405011925,0.44056690495066464,-0.4902433087740082,-0.23982660938031483,795.885334662436,424.81685121337784,0.02061303988994313,-0.10758898034704956,9.999627692135396,0.39206250471260456,0.733842164831134
Nc1ccccc1-c1ccccc1.CCCCCCC(=O)Cl,-517.660785,6.4473,2523.7232,1601.577,0.209785,1.5747,0.116345,0.091385,-0.20773,169.2256,1472.257,-0.65432,-0.008194,0.00954,-0.62328,1.99926,-0.136426,55.7423,200.4873,0.0113,-0.82337,1.9993,0.4408432976714915,-809.1928450186999,2.191972683108519,2694.585979207065,1390.3008597551361,0.20178400746022246,2.7244460547894533,0.17032995662812994,0.13265533018130402,-0.30298528680943393,-0.03767462644682591,148.63210000000004,1261.5194415620172,-0.09799205324244195,0.017531207143586563,0.014411268813625472,-0.4870248810235342,1.9990360661441282,52.29176351269705,146.78208323625879,0.5553711533823926,1.1744333662866158,0.005174748608251482,0.05187764178651444,0.23654530602917653,1.9991838244073419,0.2092039866890283,82.95284094577164,16.8293560755272,0.055168636678038244,0.5896019425118675,1.9991965260075706,0.554803422626299,-0.04042034364900629,1.9996900000000004,-0.1394788994015972,704.4901204727937,-215.8672177680678,0.01234712539999367,-0.4919174099593421,0.38646821572942175,-0.5069924791734688,-0.24872178501458486,751.6188641806931,476.4115554370388,0.020814874094548554,-0.1210213165562404,9.999640000000001,0.3740534939797181,2.69035196678045
Nc1ccccc1-c1ccccc1.CCCCCCCCCCCC(=O)Cl,-517.660785,6.4473,2523.7232,1601.577,0.209785,1.5747,0.116345,0.091385,-0.20773,169.2256,1472.257,-0.65432,-0.008194,0.00954,-0.62328,1.99926,-0.136426,55.7423,200.4873,0.0113,-0.82337,1.9993,0.4408432976714915,-1005.3142281705781,2.051840846684475,7589.4788243149,2063.8977884186593,0.35148147884172565,2.580964688743521,0.17130593121998355,0.13237374139497904,-0.3036796726149626,-0.038932189825004494,218.76610000000002,2028.2284431012831,-0.09832466528407613,0.011300852452152831,0.014411262852878942,-0.4876371810409823,1.9990393233150183,54.09437145699512,147.61948876998457,0.5618015097823486,1.1889594778380719,0.0034922479456673456,0.05177155382090726,0.23634184011774262,1.9991781601252514,0.20777313911983045,80.09136057476589,16.11372837040959,0.05541338385685213,0.5883281241859004,1.999188590390622,0.5688480715114945,-0.04156562730035017,1.9996867476005615,-0.13988340193202087,708.4357928496703,-213.85227427913944,0.012237201999370216,-0.49679063701810433,0.4188836362668115,-0.5185254162381545,-0.24439257461254094,760.4693324636868,471.25224452499526,0.020883543820409477,-0.11594466851905619,9.999637177865932,0.3724491019162263,2.478350584156163
Nc1ccccc1-c1ccccc1.CCc1ccc(C(=O)Cl)cc1,-517.660785,6.4473,2523.7232,1601.577,0.209785,1.5747,0.116345,0.091385,-0.20773,169.2256,1472.257,-0.65432,-0.008194,0.00954,-0.62328,1.99926,-0.136426,55.7423,200.4873,0.0113,-0.82337,1.9993,0.4408432976714915,-882.914671,0.8056,2669.3825,1421.7125,0.168403,4.1213,0.17781,0.10156000000000001,-0.27937,-0.07625,168.6225,1314.007,-0.402094,-0.061786,0.01695,-0.19259,1.99875,146.8733,63.8668,0.6452957835116425,1.456055,0.205216,0.04843,0.36246,1.99903,0.312565,87.4623,23.8993,0.05253,0.57058,1.99906,0.5498741346758967,-0.017375,1.9997,-0.144731,691.6855,-184.816,0.01198,-0.50355,0.3866425424795469,-0.509939,-0.254084,651.6022,528.6102,0.02081,-0.10547,9.99966,0.38294524858401513,0.6301495305245376
Nc1ccccc1-c1ccccc1.COc1cc(C(=O)Cl)cc(OC)c1OC,-517.660785,6.4473,2523.7232,1601.577,0.209785,1.5747,0.116345,0.091385,-0.20773,169.2256,1472.257,-0.65432,-0.008194,0.00954,-0.62328,1.99926,-0.136426,55.7423,200.4873,0.0113,-0.82337,1.9993,0.4408432976714915,-1147.3988728386491,9.590245055798524,4098.000453261923,1788.438858126628,0.21336973094695055,3.820453988387011,0.1589222523904965,0.08715554844614821,-0.2460778008366447,-0.07176670394434828,230.64750000000004,1702.8529527836297,-0.30062621086644153,-0.0505418648015625,0.01901263016358685,-0.16597456713914246,1.9988191465822256,138.9709269242885,66.29146063677923,0.6464282423283223,1.4648143543682646,0.20572451472928088,0.0527408394357223,0.4021922948019736,1.9991034206621257,0.30939671461077606,86.80447373218087,24.14315727612148,0.052543474138718856,0.5717040388310601,1.9990608534177752,0.5505070876792586,-0.22497649330386443,1.9997000000000003,-0.1474567049669537,690.2213647653614,-182.89085364682126,0.011964543057302771,-0.5069527124341651,0.38708728584549945,-0.5075244044704986,-0.2524332482777629,651.9670016723583,528.9051928576206,0.020845079417672406,-0.10312794717934845,9.999652567244352,0.38354454400728805,0.5876719794478007
Nc1ccccc1-c1ccccc1.COc1ccc(C(=O)Cl)cc1,-517.660785,6.4473,2523.7232,1601.577,0.209785,1.5747,0.116345,0.091385,-0.20773,169.2256,1472.257,-0.65432,-0.008194,0.00954,-0.62328,1.99926,-0.136426,55.7423,200.4873,0.0113,-0.82337,1.9993,0.4408432976714915,-918.7794806452093,1.8095578782030461,2595.8845344392657,1351.432412177592,0.14413766686447077,4.69247217594736,0.16339189113066868,0.09466255858855176,-0.2580544497192204,-0.06872933254211694,170.5951,1330.3161569267518,-0.5316156870230284,-0.057328369918361544,0.01689,-0.20658333135529233,1.9987499999999998,139.08126280090607,69.5119016314473,0.6464023557102192,1.5082461480170826,0.19680829664503793,0.04825977751403898,0.35202155146760417,1.99902,0.30959364046198856,88.97441949403056,25.308381727266305,0.052509332542116934,0.5694617858218112,1.99905,0.5495559709571898,-0.023747567188664966,1.9997,-0.15034197745033262,671.7481042751876,-174.48073225064894,0.011970222485961022,-0.5095373064319758,0.38616179649303717,-0.5192249050540321,-0.26183382883983775,650.1022819991035,534.1770665455147,0.020634443785097444,-0.11341470187579644,9.99966,0.3827949177457842,0.8215345948444485
Nc1ccccc1-c1ccccc1.Cc1ccc(C(=O)Cl)cc1,-517.660785,6.4473,2523.7232,1601.577,0.209785,1.5747,0.116345,0.091385,-0.20773,169.2256,1472.257,-0.65432,-0.008194,0.00954,-0.62328,1.99926,-0.136426,55.7423,200.4873,0.0113,-0.82337,1.9993,0.4408432976714915,-843.690474,0.7847,2037.6054,1331.695,0.138241,4.0826,0.17777500000000002,0.101495,-0.27927,-0.07628,154.5957,957.156,-0.396447,-0.063926,0.01695,-0.19369,1.99875,146.8166,64.1383,0.6464757709251101,1.444549,0.205095,0.0484,0.3622,1.99903,0.312699,87.2722,23.9815,0.05251,0.57046,1.99906,0.5497954688483323,-0.017809,1.9997,-0.144896,691.7944,-184.7633,0.01198,-0.50358,0.3868785399622404,-0.507387,-0.254103,652.0078,529.0068,0.02081,-0.10548,9.99966,0.38231592196349906,0.6432907218649421
Nc1ccccc1-c1ccccc1.Cc1ccccc1C(=O)Cl,-517.660785,6.4473,2523.7232,1601.577,0.209785,1.5747,0.116345,0.091385,-0.20773,169.2256,1472.257,-0.65432,-0.008194,0.00954,-0.62328,1.99926,-0.136426,55.7423,200.4873,0.0113,-0.82337,1.9993,0.4408432976714915,-843.6875560574109,0.11441203094299326,1727.5775237937205,1185.5250490989843,0.13826824892949693,2.9335652803962233,0.17744671457012706,0.09930211916386854,-0.2767488337339956,-0.07814459540625854,154.5957,1206.8423660351868,-0.3609323356612174,-0.04382074162750573,0.017399388198169285,-0.18550015969286923,1.99871,143.88919896912307,63.72922694533436,0.6763989980060084,1.3794532603765848,0.17964343533990834,0.04829439509069746,0.3670932883597818,1.9990500711227133,0.2936090109211529,86.60514481931877,23.749668767244493,0.051918321357468225,0.5733261876760661,1.9990899288772865,0.5774004604109436,-0.03147546807824839,1.9996999288772865,-0.14907075579200177,701.4520483596131,-205.6625805599628,0.012379573263719579,-0.5042245104984888,0.4371025917512716,-0.51174269585703,-0.25672397091808735,673.4314174438672,509.25428815634746,0.020633982871950604,-0.11187011540779132,9.999669857754574,0.38752509665341367,0.6731383881804288
Nc1ccccc1-c1ccccc1.O=C(Cl)C12CC3CC(CC(C3)C1)C2,-517.660785,6.4473,2523.7232,1601.577,0.209785,1.5747,0.116345,0.091385,-0.20773,169.2256,1472.257,-0.65432,-0.008194,0.00954,-0.62328,1.99926,-0.136426,55.7423,200.4873,0.0113,-0.82337,1.9993,0.4408432976714915,-962.581811,3.0439,2417.6329,1837.01,0.2551,3.1191,0.16248,0.12827,-0.29075,-0.03421,198.6919,1506.761,-0.109963,-0.417603,0.01866,-0.12505,1.99879,47.667,144.0592,0.8325991189427313,1.135254,0.136483,0.05847,0.25586,1.99893,0.339763,94.9955,11.4326,0.06189,0.61891,1.99899,0.6260226557583386,-0.055463,1.99969,-0.134531,703.9745,-206.4244,0.01198,-0.49526,0.4133102580239144,-0.495051,-0.246408,649.7835,526.6917,0.01986,-0.11707,9.99965,0.4122089364380113,1.2545749860991204
Nc1ccccc1-c1ccccc1.O=C(Cl)C=Cc1ccccc1,-517.660785,6.4473,2523.7232,1601.577,0.209785,1.5747,0.116345,0.091385,-0.20773,169.2256,1472.257,-0.65432,-0.008194,0.00954,-0.62328,1.99926,-0.136426,55.7423,200.4873,0.0113,-0.82337,1.9993,0.4408432976714915,-881.7076424349888,1.4583330632451224,3001.2649234041864,1257.7523733779365,0.14500556194108782,4.007677662728389,0.18097215746167145,0.08464781157985767,-0.2656199690415291,-0.09632434588181382,166.6067,1318.0489361294021,-0.6487631505721401,-0.11180734591608987,0.015986889213416643,-0.40177837436797814,1.9988062506712867,97.67235097153285,72.11756207665134,0.5471110545535718,1.594812176212798,0.21686245915706964,0.047810688301961585,0.3951780161227317,1.9990600002421206,0.2773765541231414,79.2212823091358,26.059164333630676,0.05162692895158519,0.5406730279839103,1.9991162506021094,0.518506511257886,-0.01080933265076242,1.99969,-0.1561087210570263,684.9150017741213,-177.68841986288376,0.012026865077963791,-0.508001072172739,0.3739683515791476,-0.5679760192194105,-0.25474012890245074,721.0320699222212,470.0895892939961,0.02118627173739866,-0.11190134066066033,9.99965374939789,0.36138049216617174,2.3895611576163285
Nc1ccccc1-c1ccccc1.O=C(Cl)c1ccc(-c2ccccc2)cc1,-517.660785,6.4473,2523.7232,1601.577,0.209785,1.5747,0.116345,0.091385,-0.20773,169.2256,1472.257,-0.65432,-0.008194,0.00954,-0.62328,1.99926,-0.136426,55.7423,200.4873,0.0113,-0.82337,1.9993,0.4408432976714915,-1035.081421,13.748,5091.4627,1754.559,0.195241,4.008,0.17202,0.08703,-0.25905,-0.08499,216.6665,1648.5790000000002,-0.476397,-0.069238,0.01931,-0.13635,1.99876,146.3066,63.2115,0.6453744493392071,1.557555,0.237449,0.05246,0.45217,1.99908,0.313028,86.8115,23.8787,0.05251,0.56896,1.99906,0.5493234738829452,-0.197972,1.99969,-0.14352,696.741,-187.3885,0.012,-0.50251,0.38569855254877283,-0.528893,-0.251945,650.7091,526.9992,0.02088,-0.10309,9.99966,0.38223725613593457,0.8482845735443323
Nc1ccccc1-c1ccccc1.O=C(Cl)c1ccc(Br)cc1,-517.660785,6.4473,2523.7232,1601.577,0.209785,1.5747,0.116345,0.091385,-0.20773,169.2256,1472.257,-0.65432,-0.008194,0.00954,-0.62328,1.99926,-0.136426,55.7423,200.4873,0.0113,-0.82337,1.9993,0.4408432976714915,-3377.857666,2.1799,3388.6568,1232.628,0.100324,2.0328,0.18545,0.09516000000000002,-0.28061,-0.09029,219.465,1258.854,-0.39698,-0.055564,0.01694,-0.19555,1.99875,149.5302,63.26,0.645846444304594,1.462386,0.217711,0.04852,0.3717,1.99904,0.315275,85.0022,24.181,0.05263,0.56687,1.99907,0.5486154814348647,-0.010299,1.9997,-0.140191,709.2575,-191.8647,0.01202,-0.49899,0.38719320327249845,-0.500793,-0.242085,647.9072,524.2242,0.02118,-0.09299,9.99965,0.382001258653241,1.2815102455804483
Nc1ccccc1-c1ccccc1.O=C(Cl)c1ccc(C(F)(F)F)cc1,-517.660785,6.4473,2523.7232,1601.577,0.209785,1.5747,0.116345,0.091385,-0.20773,169.2256,1472.257,-0.65432,-0.008194,0.00954,-0.62328,1.99926,-0.136426,55.7423,200.4873,0.0113,-0.82337,1.9993,0.4408432976714915,-1141.009328,3.3671,3493.4189,1579.5935,0.117803,1.0538,0.202225,0.10366500000000001,-0.30589,-0.09856,208.5672,1203.002,-0.281208,-0.066681,0.01707,-0.18876,1.99875,151.6583,59.3407,0.6463184392699811,1.375664,0.226354,0.04856,0.38009,1.99904,0.318189,83.9248,23.6216,0.05264,0.56628,1.99908,0.5490874764002517,-0.003696,1.9997,-0.135777,725.5918,-200.3338,0.01205,-0.49428,0.3871145374449339,-0.48031,-0.234509,646.3328,518.8401,0.02137,-0.08533,9.99964,0.38239458779106356,1.7962716853413858
Nc1ccccc1-c1ccccc1.O=C(Cl)c1ccc(Cl)cc1,-517.660785,6.4473,2523.7232,1601.577,0.209785,1.5747,0.116345,0.091385,-0.20773,169.2256,1472.257,-0.65432,-0.008194,0.00954,-0.62328,1.99926,-0.136426,55.7423,200.4873,0.0113,-0.82337,1.9993,0.4408432976714915,-1263.981948,2.0754,2495.0487,918.639,0.100727,2.063,0.18674,0.09755,-0.28429,-0.08919,175.014,1159.235,-0.395009,-0.059104,0.01687,-0.19718,1.99875,148.1762,63.8432,0.6469477658904972,1.447541,0.216306,0.04848,0.37028,1.99904,0.314974,85.26,24.3534,0.05263,0.56696,1.99907,0.5487728130899937,-0.010873,1.9997,-0.140838,706.9426,-190.8553,0.01202,-0.49966,0.38719320327249845,-0.497634,-0.243186,647.8379,524.4538,0.02115,-0.09408,9.99965,0.38231592196349906,1.0796277353788544
Nc1ccccc1-c1ccccc1.O=C(Cl)c1ccc(Cl)cc1Cl,-517.660785,6.4473,2523.7232,1601.577,0.209785,1.5747,0.116345,0.091385,-0.20773,169.2256,1472.257,-0.65432,-0.008194,0.00954,-0.62328,1.99926,-0.136426,55.7423,200.4873,0.0113,-0.82337,1.9993,0.4408432976714915,-1723.4939374606504,1.2883800810490484,2980.2158268029457,1474.2397074519768,0.09215022714359405,2.4027020201639373,0.1889194293631092,0.09675937747005803,-0.28567880683316726,-0.09216005189305122,209.45909999999998,1522.9075142418037,-0.4253249866263163,-0.07327173319778336,0.019400577896779823,-0.2055589686983824,1.9986567970101383,141.94229947990505,63.78112283667599,0.6720934400530437,1.383887345120303,0.20099762442309496,0.051071825734569344,0.377952249212696,1.9990716014949308,0.30132847764488324,89.17290808438919,26.71033238705266,0.053662067271891524,0.5672160495446766,1.9991067970101382,0.5710416884369257,-0.02376615770075898,1.9996899999999997,-0.12318614046610027,738.0003184385099,-221.68962119212986,0.01246359402027631,-0.4777808249899132,0.41465210131273,-0.4997364317231278,-0.23461153961306366,691.034157820026,475.66836513053863,0.02126264516867135,-0.09382789320718006,9.999653594020277,0.3876269732870548,1.2806781103019422
Nc1ccccc1-c1ccccc1.O=C(Cl)c1ccc(F)cc1,-517.660785,6.4473,2523.7232,1601.577,0.209785,1.5747,0.116345,0.091385,-0.20773,169.2256,1472.257,-0.65432,-0.008194,0.00954,-0.62328,1.99926,-0.136426,55.7423,200.4873,0.0113,-0.82337,1.9993,0.4408432976714915,-903.560911,1.3905,1932.8255,1039.562,0.101816,2.1677,0.18521500000000002,0.102935,-0.28815,-0.08228,158.5594,1118.02,-0.402654,-0.063696,0.0167,-0.20093,1.99875,144.8678,66.2483,0.6475770925110133,1.405945,0.206459,0.0484,0.35807,1.99903,0.313827,86.1662,24.8469,0.05265,0.56797,1.99907,0.5505034612964128,-0.01578,1.9997,-0.143118,697.5602,-186.3864,0.01202,-0.50216,0.38735053492762744,-0.489988,-0.246855,647.3665,526.5674,0.02105,-0.09791,9.99965,0.38247325361862805,1.2657553869643257
Nc1ccccc1-c1ccccc1.O=C(Cl)c1ccc(F)cc1F,-517.660785,6.4473,2523.7232,1601.577,0.209785,1.5747,0.116345,0.091385,-0.20773,169.2256,1472.257,-0.65432,-0.008194,0.00954,-0.62328,1.99926,-0.136426,55.7423,200.4873,0.0113,-0.82337,1.9993,0.4408432976714915,-1002.6542594723891,1.5628342043633043,2120.324392652248,1108.7274438818417,0.09460995236304569,2.9002627333284448,0.18897774100507306,0.1031808922527925,-0.29215863325786556,-0.08579684875228055,176.5499,1217.2759401612166,-0.4762535813565251,-0.14156288723632596,0.01749714178274225,-0.2655723345228288,1.9987275595461926,125.52130121331402,76.87735232825071,0.6601959388546843,1.4011957195348994,0.21017866036864236,0.05033202645075863,0.3574196198405706,1.999092440453807,0.31311296107594244,89.14458035729169,29.976610165880096,0.053738691863957924,0.5602134195157078,1.9991175595461927,0.5592025931930473,-0.0013660944016755583,1.999692440453807,-0.12574949132688037,715.3363046299694,-206.25609228525013,0.012154107747207482,-0.4855636222965187,0.4016195195314515,-0.4835200440528855,-0.24479578722213755,687.6901003715086,492.5449564929477,0.021139816660918742,-0.0970344038983523,9.99966023818477,0.38741746794270504,2.0392841861988047
Nc1ccccc1-c1ccccc1.O=C(Cl)c1ccc(OC(F)(F)F)cc1,-517.660785,6.4473,2523.7232,1601.577,0.209785,1.5747,0.116345,0.091385,-0.20773,169.2256,1472.257,-0.65432,-0.008194,0.00954,-0.62328,1.99926,-0.136426,55.7423,200.4873,0.0113,-0.82337,1.9993,0.4408432976714915,-1216.116295,1.9373,4202.2051,1483.97,0.123247,2.1043,0.18684,0.10098000000000001,-0.28782,-0.08586,224.5666,1686.329,-0.41883,-0.055985,0.01693,-0.20009,1.99875,144.7474,65.8979,0.6455317809943361,1.437835,0.211505,0.04838,0.36227,1.99903,0.315037,85.8367,24.8444,0.0526,0.56737,1.99907,0.5483008181246066,-0.013036,1.9997,-0.141975,702.237,-188.2112,0.01203,-0.50095,0.3865638766519824,-0.492427,-0.24471,647.5785,525.941,0.02111,-0.09583,9.99965,0.382001258653241,1.1660246286828313
Nc1ccccc1-c1ccccc1.O=C(Cl)c1ccc(SC(F)(F)F)cc1,-517.660785,6.4473,2523.7232,1601.577,0.209785,1.5747,0.116345,0.091385,-0.20773,169.2256,1472.257,-0.65432,-0.008194,0.00954,-0.62328,1.99926,-0.136426,55.7423,200.4873,0.0113,-0.82337,1.9993,0.4408432976714915,-1539.108656,10.93545,4535.03445,1625.511,0.120362,1.4151,0.19517500000000002,0.09453500000000001,-0.28971,-0.10064,240.6272,1337.92,-0.29784849999999996,-0.0998015,0.01897,-0.20292,1.99876,153.6659,59.602199999999996,0.6472624292007552,1.4163860000000001,0.25255150000000004,0.05244,0.4746,1.99909,0.3170855,83.78805,23.4428,0.05266,0.56606,1.99908,0.5502674638137193,-0.18941449999999999,1.99969,-0.1355175,726.435,-201.13459999999998,0.01204,-0.49415,0.3878618628067967,-0.49045249999999996,-0.234585,646.7714000000001,518.4003,0.02136,-0.08533,9.99964,0.38333857772183766,1.3864374738383145
Nc1ccccc1-c1ccccc1.O=C(Cl)c1ccc([N+](=O)[O-])cc1,-517.660785,6.4473,2523.7232,1601.577,0.209785,1.5747,0.116345,0.091385,-0.20773,169.2256,1472.257,-0.65432,-0.008194,0.00954,-0.62328,1.99926,-0.136426,55.7423,200.4873,0.0113,-0.82337,1.9993,0.4408432976714915,-1008.649643,2.8883,2934.3431,1429.187,0.114492,1.9316,0.21973499999999999,0.09540499999999999,-0.31514,-0.12433,185.5665,1180.633,-0.243545,-0.095972,0.01759,-0.19498,1.99875,153.1256,57.3166,0.6472624292007552,1.373848,0.307302,0.05273,0.54955,1.99909,0.319677,82.3735,23.8112,0.0527,0.56324,1.99908,0.5486154814348647,-0.149197,1.99968,-0.131168,741.5805,-208.9034,0.01209,-0.49014,0.3881371932032725,-0.473753,-0.225712,643.2683,512.101,0.02162,-0.07607,9.99964,0.38215859030837,2.314406268058956
Nc1ccccc1-c1ccccc1.O=C(Cl)c1ccc2ccccc2c1,-517.660785,6.4473,2523.7232,1601.577,0.209785,1.5747,0.116345,0.091385,-0.20773,169.2256,1472.257,-0.65432,-0.008194,0.00954,-0.62328,1.99926,-0.136426,55.7423,200.4873,0.0113,-0.82337,1.9993,0.4408432976714915,-957.8231548793865,8.942984281922897,3120.642424188284,1617.483620444743,0.15897933382482796,3.963189472116048,0.1688166691241398,0.08189167649655926,-0.25070834562069905,-0.08692499262758055,190.6287,1577.0617708477648,-0.406241613979723,-0.0853495998229043,0.01913813624300125,-0.18617714833386767,1.9987759805367138,143.21741244463914,64.17324326159877,0.6477991941427841,1.4941111495158192,0.2417364895313614,0.05284029194928839,0.45526854910095393,1.9990940194632858,0.3139393768798561,87.57417048040392,23.502188115581014,0.052508428192289645,0.5698158832202846,1.9990640194632858,0.5497785108064259,-0.20163146446439634,1.9996899999999997,-0.14309156915373786,699.7480535233219,-189.1846326741985,0.01198794161014232,-0.5022111235626368,0.38731661884381463,-0.5121153102357949,-0.2502995078146661,650.3423603945448,527.1525046879868,0.020885980536714102,-0.10191680330266659,9.999655980536714,0.3832938279780859,0.8058157578038895
Nc1ccccc1-c1ccccc1.O=C(Cl)c1cccc2ccccc12,-517.660785,6.4473,2523.7232,1601.577,0.209785,1.5747,0.116345,0.091385,-0.20773,169.2256,1472.257,-0.65432,-0.008194,0.00954,-0.62328,1.99926,-0.136426,55.7423,200.4873,0.0113,-0.82337,1.9993,0.4408432976714915,-957.8186401303651,7.76497366122391,2727.8224101566643,1452.655905920424,0.1591435410273463,3.138155778233965,0.17141258730322817,0.07978083346207067,-0.2511934207652988,-0.09163175384115753,190.62869999999998,1654.673933628048,-0.3606608914538662,-0.060651833547166085,0.019562781082751415,-0.15268271376427908,1.9987499999999998,140.36828004155382,67.13279503149818,0.67083710319587,1.4184804447627122,0.24250688344425783,0.05177296194712997,0.4757362417913853,1.9991198794237475,0.3059404481129295,90.28639256302401,23.548420283844816,0.051731334167722944,0.5763399240539799,1.9990998794237473,0.5737331192431018,-0.21399212998145925,1.9996800602881257,-0.14835273747499386,677.8735529026063,-199.8173439886677,0.012231266050649904,-0.5084526793064421,0.42167378684587214,-0.536095752759764,-0.25799595608850817,690.7625756377732,499.1303403904185,0.020573617287571157,-0.11333870811906079,9.999669879423749,0.38839317125744705,0.8806259535071533
Nc1ccccc1-c1ccccc1.O=C(Cl)c1ccccc1,-517.660785,6.4473,2523.7232,1601.577,0.209785,1.5747,0.116345,0.091385,-0.20773,169.2256,1472.257,-0.65432,-0.008194,0.00954,-0.62328,1.99926,-0.136426,55.7423,200.4873,0.0113,-0.82337,1.9993,0.4408432976714915,-804.46025,0.6975,1464.397,1335.877,0.109113,3.4435,0.18524,0.10419999999999999,-0.28944,-0.08104,140.5689,1259.541,-0.319057,-0.06921,0.01701,-0.18925,1.99875,150.2369,61.7104,0.6467904342353682,1.381429,0.207568,0.04848,0.36494,1.99903,0.313396,86.434,23.3461,0.05259,0.56996,1.99907,0.5492448080553808,-0.014961,1.9997,-0.142092,704.1163,-190.2727,0.012,-0.50042,0.3867212083071114,-0.491795,-0.248031,648.8095,526.2085,0.02098,-0.09932,9.99965,0.38247325361862805,0.9334531500496516
Nc1ccccc1-c1ccccc1.O=C(Cl)c1ccco1,-517.660785,6.4473,2523.7232,1601.577,0.209785,1.5747,0.116345,0.091385,-0.20773,169.2256,1472.257,-0.65432,-0.008194,0.00954,-0.62328,1.99926,-0.136426,55.7423,200.4873,0.0113,-0.82337,1.9993,0.4408432976714915,-802.2749436403665,0.9628803601977091,1106.8639320512225,837.4781616717298,0.07810627687091332,4.223320701907314,0.17692659069992278,0.09926084693630044,-0.2761874376362232,-0.07766574376362233,130.53050000000002,1023.5943809662729,-0.2571876525553629,0.07456587223868763,0.028521784583548964,0.16679427666839172,1.9986394965983396,84.42036001940463,48.795129254280766,0.6092274123751691,1.4654626254563974,0.18523025001857074,0.045608009071094816,0.29806073691619983,1.9990367505669435,0.28778355340700085,80.27414887766211,36.27046418281246,0.04943652154385018,0.5133097981460898,1.9990600000000003,0.5273364642768135,-0.01243844273116867,1.999706750566944,-0.14375068628124404,690.1763189879638,-171.46429701179642,0.012345972786715571,-0.4947455057576371,0.3678338463825751,-0.4709219205838191,-0.23281669984785022,670.2421570172194,515.4998959950124,0.022066292520756925,-0.08390614500521279,9.99965324943306,0.373560076402609,1.6807614670268516
Nc1ccccc1-c1ccccc1.O=C(Cl)c1cccs1,-517.660785,6.4473,2523.7232,1601.577,0.209785,1.5747,0.116345,0.091385,-0.20773,169.2256,1472.257,-0.65432,-0.008194,0.00954,-0.62328,1.99926,-0.136426,55.7423,200.4873,0.0113,-0.82337,1.9993,0.4408432976714915,-1125.2983746590153,0.8989004644803423,1318.760431390368,1051.8664137490334,0.07514125703092484,3.9869099489807027,0.1825097879616161,0.09715189528668504,-0.27966168324830115,-0.08535789267493107,146.5911,967.0850566647645,-0.36846109931444926,-0.017428701234791306,0.01983363911738161,-0.3620010732506892,1.9987481652957104,92.68784922793068,54.81236467913048,0.6462467515807672,1.4370241272768098,0.2224287020695229,0.04673669408579305,0.36090770231153096,1.9989036391173816,0.30910380250162073,80.55742798492986,32.972354231999795,0.05245018174718617,0.5457332583905814,1.9989436391173816,0.5414205707054607,-0.010696796550940281,1.9997,-0.1456564430324384,653.6458953915552,-169.41871646632262,0.012134495887131043,-0.5017229207448509,0.3800545942263263,-0.48442835604958645,-0.24229535996721743,702.4773700234127,507.97409032060614,0.02155,-0.09357010393236291,9.999647278234763,0.38004302083175984,1.2662569798446466
Nc1ccccc1F.CC(=O)Cl,-386.139654,3.0064,853.4681,938.9,0.116381,1.6685,0.10803499999999999,0.106075,-0.21411,111.1185,856.056,-0.706848,-0.034679,0.01181,-0.65125,1.99929,-0.13212,48.0415,211.4237,0.01262,-0.81685,1.99932,0.3924638137193203,-613.070645,1.8407,361.1538,589.647,0.051921,2.5752,0.17481000000000002,0.13476,-0.30957,-0.04005,78.4981,543.096,-0.16842,-0.019931,0.00801,-0.68972,1.99914,58.3883,161.9989,0.3882945248584015,1.19561,-0.022262,0.04824,0.23014,1.99928,0.181407,78.3666,21.3299,0.05149,0.57826,1.99927,0.49370673379483954,-0.031774,1.99969,-0.138192,709.0371,-224.4771,0.01248,-0.48574,0.3472309628697294,-0.497062,-0.249833,776.7802,462.7909,0.02158,-0.12005,9.99964,0.3590308370044053,3.0914157023641056
Nc1ccccc1F.CC(C)(C)C(=O)Cl,-386.139654,3.0064,853.4681,938.9,0.116381,1.6685,0.10803499999999999,0.106075,-0.21411,111.1185,856.056,-0.706848,-0.034679,0.01181,-0.65125,1.99929,-0.13212,48.0415,211.4237,0.01262,-0.81685,1.99932,0.3924638137193203,-730.74792,2.2489,944.8434,987.864,0.140866,2.7537,0.1676,0.13162,-0.29922,-0.03598,120.5785,1095.631,-0.002895,-0.401545,0.01495,-0.12509,1.99882,43.2203,145.8968,0.7474826935179358,1.086134,0.105519,0.05777,0.24151,1.999,0.311319,92.3348,10.4385,0.06159,0.60184,1.99904,0.6241346758967904,-0.044561,1.99969,-0.134635,702.0892,-210.5595,0.01227,-0.49442,0.4129955947136564,-0.486258,-0.243396,657.1407,517.8314,0.02014,-0.11423,9.99964,0.4117369414726243,0.4120424637368887
Nc1ccccc1F.CC(C)(C)c1ccc(C(=O)Cl)cc1,-386.139654,3.0064,853.4681,938.9,0.116381,1.6685,0.10803499999999999,0.106075,-0.21411,111.1185,856.056,-0.706848,-0.034679,0.01181,-0.65125,1.99929,-0.13212,48.0415,211.4237,0.01262,-0.81685,1.99932,0.3924638137193203,-961.3640173962594,0.8439951331320028,3736.8617162104047,1666.1327468680736,0.22702856304127478,4.218331555187393,0.1765543462087611,0.10122506668047276,-0.2777794128892339,-0.07532927952828836,196.6761,1756.2896208656803,-0.4178817038419192,-0.05493930742117488,0.01711,-0.19114765846693713,1.9987399999999997,145.50595114472912,64.19142355353065,0.6443475428431109,1.4770539433619239,0.2047373555601576,0.04842981988207208,0.3621147765800905,1.9990249099410362,0.31251209335266183,87.58830934681762,23.936423813800438,0.05250472982310813,0.5711581988207208,1.99906,0.5483809008647571,-0.017174605652256175,1.9997,-0.14438870176891871,691.262978378876,-184.8857997811485,0.01198,-0.5034901801179279,0.385780052201509,-0.5155604648516117,-0.2547429379952255,652.1694292748869,528.6326041804466,0.020760180117927914,-0.10642675787729755,9.99966,0.38215008883285495,0.6345308142610844
Nc1ccccc1F.CC(C)C(=O)Cl,-386.139654,3.0064,853.4681,938.9,0.116381,1.6685,0.10803499999999999,0.106075,-0.21411,111.1185,856.056,-0.706848,-0.034679,0.01181,-0.65125,1.99929,-0.13212,48.0415,211.4237,0.01262,-0.81685,1.99932,0.3924638137193203,-691.5212651203827,2.1259058055730957,774.3015688508707,791.3296195399124,0.11183604170191642,2.7012129828698455,0.17010773050232164,0.13244814752148587,-0.3025558780238075,-0.0376595829808358,106.5517,975.6940716840189,-0.024167191055353945,-0.17073551463321235,0.013924490779907133,-0.30198609076336,1.998945169740031,48.80721556952866,147.29575347812465,0.6314692916962978,1.1238819960085888,0.04858485903341499,0.0550134723397214,0.23591374372657942,1.9991075848700155,0.25247221421848887,88.59731276692389,12.733502739310532,0.0582213191506965,0.5944755962050935,1.9991375848700155,0.5800598381088926,-0.041438333812522876,1.99969,-0.1376712573166062,707.048479399112,-210.10582375691683,0.012389359809427323,-0.49276171727806395,0.39244024014119183,-0.49584497796278615,-0.2460183941104488,714.2513821331088,492.33222075195357,0.020564830259969046,-0.11847795268777256,9.99964,0.38745155439779033,1.360694907343578
Nc1ccccc1F.CCC(C(=O)Cl)c1ccccc1,-386.139654,3.0064,853.4681,938.9,0.116381,1.6685,0.10803499999999999,0.106075,-0.21411,111.1185,856.056,-0.706848,-0.034679,0.01181,-0.65125,1.99929,-0.13212,48.0415,211.4237,0.01262,-0.81685,1.99932,0.3924638137193203,-922.1350941424333,4.569522987935531,2455.9020135917617,1503.8121474082207,0.19835830978909602,2.7196956404060453,0.15641062941202977,0.11147264569784315,-0.267883275109873,-0.044937983714186606,182.6493,1522.0795475579139,-0.04878392032155667,-0.06036727587828204,0.02106411226593012,-0.32502486318000223,1.99889,30.15305416820589,127.38872271494051,0.7227754446342497,1.1178043569820812,0.06601085036127433,0.056704631153088186,0.26634316303879657,1.999111010410588,0.2584528867848544,80.18911170349905,15.605117816098318,0.05923987339580025,0.5947519757187832,1.999131232884499,0.6209158445810388,-0.11952997468335282,1.999685360884168,-0.143804062173481,712.2092388306249,-204.0050258804775,0.012248062306486857,-0.5005021470911517,0.43435065207263357,-0.4765579049182884,-0.2283885640121543,717.517615534147,464.5850831441031,0.021029658300558765,-0.0958973312821047,9.99961558335808,0.388169114477217,1.434113010408689
Nc1ccccc1F.CCCCC(=O)Cl,-386.139654,3.0064,853.4681,938.9,0.116381,1.6685,0.10803499999999999,0.106075,-0.21411,111.1185,856.056,-0.706848,-0.034679,0.01181,-0.65125,1.99929,-0.13212,48.0415,211.4237,0.01262,-0.81685,1.99932,0.3924638137193203,-730.7450150574017,2.090291331652506,1341.9302009057062,994.4515719835497,0.1418835432507869,2.6086344119789233,0.1712263701297755,0.1335958284882569,-0.3048221986180324,-0.037630541641518626,120.57850000000002,1041.7633434165296,-0.09671197627204661,0.007804712444770221,0.014038775373839806,-0.4880626302178358,1.9990404359511826,56.464141490849684,147.1293956944729,0.5593904691258827,1.1789239078387639,0.007528819367576247,0.05127629781296082,0.23642929006115296,1.9991881569913779,0.21380243779784716,82.77940616490689,16.660432212862794,0.05512335177243502,0.588506474333033,1.999198156991378,0.5578940906295883,-0.04184591941059398,1.9996900000000002,-0.14164929933233972,714.7961360943984,-212.9005115825591,0.012188685583343585,-0.49471489576310834,0.3995731427490579,-0.5163867508662023,-0.24523050175144934,770.1191505493439,470.94318983615574,0.020878088448009844,-0.11732762706245506,9.999642023227146,0.3671949651309757,2.138630429856395
Nc1ccccc1F.CCCCC(CC)C(=O)Cl,-386.139654,3.0064,853.4681,938.9,0.116381,1.6685,0.10803499999999999,0.106075,-0.21411,111.1185,856.056,-0.706848,-0.034679,0.01181,-0.65125,1.99929,-0.13212,48.0415,211.4237,0.01262,-0.81685,1.99932,0.3924638137193203,-848.4194799426583,2.1267217278302994,2464.267019669444,1500.231394373068,0.23155073390523292,2.677801397359587,0.16853390822493342,0.13085299777436263,-0.29938690599929607,-0.037680910450570794,162.6589,1466.9452087716104,-0.0842353595837951,-0.12303181060215712,0.01891789249052634,-0.29470057863953375,1.9989210580785208,30.751430758385847,131.96111134930018,0.7081076322850737,1.1146350543229737,0.04049639435702823,0.05769645486653496,0.23430779863995022,1.999079831858541,0.2342915125830618,79.28964453295023,10.72058245681579,0.06134362576284608,0.5865793709141864,1.999110961152719,0.6405613297343266,-0.04916664952674792,1.9996827557665517,-0.14383461934649713,723.1028236690747,-205.35061664385827,0.012373376332512752,-0.5004955405011925,0.44056690495066464,-0.4902433087740082,-0.23982660938031483,795.885334662436,424.81685121337784,0.02061303988994313,-0.10758898034704956,9.999627692135396,0.39206250471260456,-0.0226724451781345
Nc1ccccc1F.CCCCCCC(=O)Cl,-386.139654,3.0064,853.4681,938.9,0.116381,1.6685,0.10803499999999999,0.106075,-0.21411,111.1185,856.056,-0.706848,-0.034679,0.01181,-0.65125,1.99929,-0.13212,48.0415,211.4237,0.01262,-0.81685,1.99932,0.3924638137193203,-809.1928450186999,2.191972683108519,2694.585979207065,1390.3008597551361,0.20178400746022246,2.7244460547894533,0.17032995662812994,0.13265533018130402,-0.30298528680943393,-0.03767462644682591,148.63210000000004,1261.5194415620172,-0.09799205324244195,0.017531207143586563,0.014411268813625472,-0.4870248810235342,1.9990360661441282,52.29176351269705,146.78208323625879,0.5553711533823926,1.1744333662866158,0.005174748608251482,0.05187764178651444,0.23654530602917653,1.9991838244073419,0.2092039866890283,82.95284094577164,16.8293560755272,0.055168636678038244,0.5896019425118675,1.9991965260075706,0.554803422626299,-0.04042034364900629,1.9996900000000004,-0.1394788994015972,704.4901204727937,-215.8672177680678,0.01234712539999367,-0.4919174099593421,0.38646821572942175,-0.5069924791734688,-0.24872178501458486,751.6188641806931,476.4115554370388,0.020814874094548554,-0.1210213165562404,9.999640000000001,0.3740534939797181,2.278448725985383
Nc1ccccc1F.CCCCCCCCCCCC(=O)Cl,-386.139654,3.0064,853.4681,938.9,0.116381,1.6685,0.10803499999999999,0.106075,-0.21411,111.1185,856.056,-0.706848,-0.034679,0.01181,-0.65125,1.99929,-0.13212,48.0415,211.4237,0.01262,-0.81685,1.99932,0.3924638137193203,-1005.3142281705781,2.051840846684475,7589.4788243149,2063.8977884186593,0.35148147884172565,2.580964688743521,0.17130593121998355,0.13237374139497904,-0.3036796726149626,-0.038932189825004494,218.76610000000002,2028.2284431012831,-0.09832466528407613,0.011300852452152831,0.014411262852878942,-0.4876371810409823,1.9990393233150183,54.09437145699512,147.61948876998457,0.5618015097823486,1.1889594778380719,0.0034922479456673456,0.05177155382090726,0.23634184011774262,1.9991781601252514,0.20777313911983045,80.09136057476589,16.11372837040959,0.05541338385685213,0.5883281241859004,1.999188590390622,0.5688480715114945,-0.04156562730035017,1.9996867476005615,-0.13988340193202087,708.4357928496703,-213.85227427913944,0.012237201999370216,-0.49679063701810433,0.4188836362668115,-0.5185254162381545,-0.24439257461254094,760.4693324636868,471.25224452499526,0.020883543820409477,-0.11594466851905619,9.999637177865932,0.3724491019162263,2.633591108774496
Nc1ccccc1F.CCc1ccc(C(=O)Cl)cc1,-386.139654,3.0064,853.4681,938.9,0.116381,1.6685,0.10803499999999999,0.106075,-0.21411,111.1185,856.056,-0.706848,-0.034679,0.01181,-0.65125,1.99929,-0.13212,48.0415,211.4237,0.01262,-0.81685,1.99932,0.3924638137193203,-882.914671,0.8056,2669.3825,1421.7125,0.168403,4.1213,0.17781,0.10156000000000001,-0.27937,-0.07625,168.6225,1314.007,-0.402094,-0.061786,0.01695,-0.19259,1.99875,146.8733,63.8668,0.6452957835116425,1.456055,0.205216,0.04843,0.36246,1.99903,0.312565,87.4623,23.8993,0.05253,0.57058,1.99906,0.5498741346758967,-0.017375,1.9997,-0.144731,691.6855,-184.816,0.01198,-0.50355,0.3866425424795469,-0.509939,-0.254084,651.6022,528.6102,0.02081,-0.10547,9.99966,0.38294524858401513,0.8248010241245892
Nc1ccccc1F.COc1cc(C(=O)Cl)cc(OC)c1OC,-386.139654,3.0064,853.4681,938.9,0.116381,1.6685,0.10803499999999999,0.106075,-0.21411,111.1185,856.056,-0.706848,-0.034679,0.01181,-0.65125,1.99929,-0.13212,48.0415,211.4237,0.01262,-0.81685,1.99932,0.3924638137193203,-1147.3988728386491,9.590245055798524,4098.000453261923,1788.438858126628,0.21336973094695055,3.820453988387011,0.1589222523904965,0.08715554844614821,-0.2460778008366447,-0.07176670394434828,230.64750000000004,1702.8529527836297,-0.30062621086644153,-0.0505418648015625,0.01901263016358685,-0.16597456713914246,1.9988191465822256,138.9709269242885,66.29146063677923,0.6464282423283223,1.4648143543682646,0.20572451472928088,0.0527408394357223,0.4021922948019736,1.9991034206621257,0.30939671461077606,86.80447373218087,24.14315727612148,0.052543474138718856,0.5717040388310601,1.9990608534177752,0.5505070876792586,-0.22497649330386443,1.9997000000000003,-0.1474567049669537,690.2213647653614,-182.89085364682126,0.011964543057302771,-0.5069527124341651,0.38708728584549945,-0.5075244044704986,-0.2524332482777629,651.9670016723583,528.9051928576206,0.020845079417672406,-0.10312794717934845,9.999652567244352,0.38354454400728805,0.5858216293840759
Nc1ccccc1F.COc1ccc(C(=O)Cl)cc1,-386.139654,3.0064,853.4681,938.9,0.116381,1.6685,0.10803499999999999,0.106075,-0.21411,111.1185,856.056,-0.706848,-0.034679,0.01181,-0.65125,1.99929,-0.13212,48.0415,211.4237,0.01262,-0.81685,1.99932,0.3924638137193203,-918.7794806452093,1.8095578782030461,2595.8845344392657,1351.432412177592,0.14413766686447077,4.69247217594736,0.16339189113066868,0.09466255858855176,-0.2580544497192204,-0.06872933254211694,170.5951,1330.3161569267518,-0.5316156870230284,-0.057328369918361544,0.01689,-0.20658333135529233,1.9987499999999998,139.08126280090607,69.5119016314473,0.6464023557102192,1.5082461480170826,0.19680829664503793,0.04825977751403898,0.35202155146760417,1.99902,0.30959364046198856,88.97441949403056,25.308381727266305,0.052509332542116934,0.5694617858218112,1.99905,0.5495559709571898,-0.023747567188664966,1.9997,-0.15034197745033262,671.7481042751876,-174.48073225064894,0.011970222485961022,-0.5095373064319758,0.38616179649303717,-0.5192249050540321,-0.26183382883983775,650.1022819991035,534.1770665455147,0.020634443785097444,-0.11341470187579644,9.99966,0.3827949177457842,0.9179810523697648
Nc1ccccc1F.Cc1ccc(C(=O)Cl)cc1,-386.139654,3.0064,853.4681,938.9,0.116381,1.6685,0.10803499999999999,0.106075,-0.21411,111.1185,856.056,-0.706848,-0.034679,0.01181,-0.65125,1.99929,-0.13212,48.0415,211.4237,0.01262,-0.81685,1.99932,0.3924638137193203,-843.690474,0.7847,2037.6054,1331.695,0.138241,4.0826,0.17777500000000002,0.101495,-0.27927,-0.07628,154.5957,957.156,-0.396447,-0.063926,0.01695,-0.19369,1.99875,146.8166,64.1383,0.6464757709251101,1.444549,0.205095,0.0484,0.3622,1.99903,0.312699,87.2722,23.9815,0.05251,0.57046,1.99906,0.5497954688483323,-0.017809,1.9997,-0.144896,691.7944,-184.7633,0.01198,-0.50358,0.3868785399622404,-0.507387,-0.254103,652.0078,529.0068,0.02081,-0.10548,9.99966,0.38231592196349906,0.6126313573119958
Nc1ccccc1F.Cc1ccccc1C(=O)Cl,-386.139654,3.0064,853.4681,938.9,0.116381,1.6685,0.10803499999999999,0.106075,-0.21411,111.1185,856.056,-0.706848,-0.034679,0.01181,-0.65125,1.99929,-0.13212,48.0415,211.4237,0.01262,-0.81685,1.99932,0.3924638137193203,-843.6875560574109,0.11441203094299326,1727.5775237937205,1185.5250490989843,0.13826824892949693,2.9335652803962233,0.17744671457012706,0.09930211916386854,-0.2767488337339956,-0.07814459540625854,154.5957,1206.8423660351868,-0.3609323356612174,-0.04382074162750573,0.017399388198169285,-0.18550015969286923,1.99871,143.88919896912307,63.72922694533436,0.6763989980060084,1.3794532603765848,0.17964343533990834,0.04829439509069746,0.3670932883597818,1.9990500711227133,0.2936090109211529,86.60514481931877,23.749668767244493,0.051918321357468225,0.5733261876760661,1.9990899288772865,0.5774004604109436,-0.03147546807824839,1.9996999288772865,-0.14907075579200177,701.4520483596131,-205.6625805599628,0.012379573263719579,-0.5042245104984888,0.4371025917512716,-0.51174269585703,-0.25672397091808735,673.4314174438672,509.25428815634746,0.020633982871950604,-0.11187011540779132,9.999669857754574,0.38752509665341367,0.5765235638275839
Nc1ccccc1F.O=C(Cl)C12CC3CC(CC(C3)C1)C2,-386.139654,3.0064,853.4681,938.9,0.116381,1.6685,0.10803499999999999,0.106075,-0.21411,111.1185,856.056,-0.706848,-0.034679,0.01181,-0.65125,1.99929,-0.13212,48.0415,211.4237,0.01262,-0.81685,1.99932,0.3924638137193203,-962.581811,3.0439,2417.6329,1837.01,0.2551,3.1191,0.16248,0.12827,-0.29075,-0.03421,198.6919,1506.761,-0.109963,-0.417603,0.01866,-0.12505,1.99879,47.667,144.0592,0.8325991189427313,1.135254,0.136483,0.05847,0.25586,1.99893,0.339763,94.9955,11.4326,0.06189,0.61891,1.99899,0.6260226557583386,-0.055463,1.99969,-0.134531,703.9745,-206.4244,0.01198,-0.49526,0.4133102580239144,-0.495051,-0.246408,649.7835,526.6917,0.01986,-0.11707,9.99965,0.4122089364380113,0.5083638146704311
Nc1ccccc1F.O=C(Cl)C=Cc1ccccc1,-386.139654,3.0064,853.4681,938.9,0.116381,1.6685,0.10803499999999999,0.106075,-0.21411,111.1185,856.056,-0.706848,-0.034679,0.01181,-0.65125,1.99929,-0.13212,48.0415,211.4237,0.01262,-0.81685,1.99932,0.3924638137193203,-881.7076424349888,1.4583330632451224,3001.2649234041864,1257.7523733779365,0.14500556194108782,4.007677662728389,0.18097215746167145,0.08464781157985767,-0.2656199690415291,-0.09632434588181382,166.6067,1318.0489361294021,-0.6487631505721401,-0.11180734591608987,0.015986889213416643,-0.40177837436797814,1.9988062506712867,97.67235097153285,72.11756207665134,0.5471110545535718,1.594812176212798,0.21686245915706964,0.047810688301961585,0.3951780161227317,1.9990600002421206,0.2773765541231414,79.2212823091358,26.059164333630676,0.05162692895158519,0.5406730279839103,1.9991162506021094,0.518506511257886,-0.01080933265076242,1.99969,-0.1561087210570263,684.9150017741213,-177.68841986288376,0.012026865077963791,-0.508001072172739,0.3739683515791476,-0.5679760192194105,-0.25474012890245074,721.0320699222212,470.0895892939961,0.02118627173739866,-0.11190134066066033,9.99965374939789,0.36138049216617174,2.355799116574243
Nc1ccccc1F.O=C(Cl)c1ccc(-c2ccccc2)cc1,-386.139654,3.0064,853.4681,938.9,0.116381,1.6685,0.10803499999999999,0.106075,-0.21411,111.1185,856.056,-0.706848,-0.034679,0.01181,-0.65125,1.99929,-0.13212,48.0415,211.4237,0.01262,-0.81685,1.99932,0.3924638137193203,-1035.081421,13.748,5091.4627,1754.559,0.195241,4.008,0.17202,0.08703,-0.25905,-0.08499,216.6665,1648.5790000000002,-0.476397,-0.069238,0.01931,-0.13635,1.99876,146.3066,63.2115,0.6453744493392071,1.557555,0.237449,0.05246,0.45217,1.99908,0.313028,86.8115,23.8787,0.05251,0.56896,1.99906,0.5493234738829452,-0.197972,1.99969,-0.14352,696.741,-187.3885,0.012,-0.50251,0.38569855254877283,-0.528893,-0.251945,650.7091,526.9992,0.02088,-0.10309,9.99966,0.38223725613593457,0.7173463582812529
Nc1ccccc1F.O=C(Cl)c1ccc(Br)cc1,-386.139654,3.0064,853.4681,938.9,0.116381,1.6685,0.10803499999999999,0.106075,-0.21411,111.1185,856.056,-0.706848,-0.034679,0.01181,-0.65125,1.99929,-0.13212,48.0415,211.4237,0.01262,-0.81685,1.99932,0.3924638137193203,-3377.857666,2.1799,3388.6568,1232.628,0.100324,2.0328,0.18545,0.09516000000000002,-0.28061,-0.09029,219.465,1258.854,-0.39698,-0.055564,0.01694,-0.19555,1.99875,149.5302,63.26,0.645846444304594,1.462386,0.217711,0.04852,0.3717,1.99904,0.315275,85.0022,24.181,0.05263,0.56687,1.99907,0.5486154814348647,-0.010299,1.9997,-0.140191,709.2575,-191.8647,0.01202,-0.49899,0.38719320327249845,-0.500793,-0.242085,647.9072,524.2242,0.02118,-0.09299,9.99965,0.382001258653241,1.4302217442283545
Nc1ccccc1F.O=C(Cl)c1ccc(C(F)(F)F)cc1,-386.139654,3.0064,853.4681,938.9,0.116381,1.6685,0.10803499999999999,0.106075,-0.21411,111.1185,856.056,-0.706848,-0.034679,0.01181,-0.65125,1.99929,-0.13212,48.0415,211.4237,0.01262,-0.81685,1.99932,0.3924638137193203,-1141.009328,3.3671,3493.4189,1579.5935,0.117803,1.0538,0.202225,0.10366500000000001,-0.30589,-0.09856,208.5672,1203.002,-0.281208,-0.066681,0.01707,-0.18876,1.99875,151.6583,59.3407,0.6463184392699811,1.375664,0.226354,0.04856,0.38009,1.99904,0.318189,83.9248,23.6216,0.05264,0.56628,1.99908,0.5490874764002517,-0.003696,1.9997,-0.135777,725.5918,-200.3338,0.01205,-0.49428,0.3871145374449339,-0.48031,-0.234509,646.3328,518.8401,0.02137,-0.08533,9.99964,0.38239458779106356,2.2670475092258333
Nc1ccccc1F.O=C(Cl)c1ccc(Cl)cc1,-386.139654,3.0064,853.4681,938.9,0.116381,1.6685,0.10803499999999999,0.106075,-0.21411,111.1185,856.056,-0.706848,-0.034679,0.01181,-0.65125,1.99929,-0.13212,48.0415,211.4237,0.01262,-0.81685,1.99932,0.3924638137193203,-1263.981948,2.0754,2495.0487,918.639,0.100727,2.063,0.18674,0.09755,-0.28429,-0.08919,175.014,1159.235,-0.395009,-0.059104,0.01687,-0.19718,1.99875,148.1762,63.8432,0.6469477658904972,1.447541,0.216306,0.04848,0.37028,1.99904,0.314974,85.26,24.3534,0.05263,0.56696,1.99907,0.5487728130899937,-0.010873,1.9997,-0.140838,706.9426,-190.8553,0.01202,-0.49966,0.38719320327249845,-0.497634,-0.243186,647.8379,524.4538,0.02115,-0.09408,9.99965,0.38231592196349906,0.9080859744612942
Nc1ccccc1F.O=C(Cl)c1ccc(Cl)cc1Cl,-386.139654,3.0064,853.4681,938.9,0.116381,1.6685,0.10803499999999999,0.106075,-0.21411,111.1185,856.056,-0.706848,-0.034679,0.01181,-0.65125,1.99929,-0.13212,48.0415,211.4237,0.01262,-0.81685,1.99932,0.3924638137193203,-1723.4939374606504,1.2883800810490484,2980.2158268029457,1474.2397074519768,0.09215022714359405,2.4027020201639373,0.1889194293631092,0.09675937747005803,-0.28567880683316726,-0.09216005189305122,209.45909999999998,1522.9075142418037,-0.4253249866263163,-0.07327173319778336,0.019400577896779823,-0.2055589686983824,1.9986567970101383,141.94229947990505,63.78112283667599,0.6720934400530437,1.383887345120303,0.20099762442309496,0.051071825734569344,0.377952249212696,1.9990716014949308,0.30132847764488324,89.17290808438919,26.71033238705266,0.053662067271891524,0.5672160495446766,1.9991067970101382,0.5710416884369257,-0.02376615770075898,1.9996899999999997,-0.12318614046610027,738.0003184385099,-221.68962119212986,0.01246359402027631,-0.4777808249899132,0.41465210131273,-0.4997364317231278,-0.23461153961306366,691.034157820026,475.66836513053863,0.02126264516867135,-0.09382789320718006,9.999653594020277,0.3876269732870548,1.6045430721448617
Nc1ccccc1F.O=C(Cl)c1ccc(F)cc1,-386.139654,3.0064,853.4681,938.9,0.116381,1.6685,0.10803499999999999,0.106075,-0.21411,111.1185,856.056,-0.706848,-0.034679,0.01181,-0.65125,1.99929,-0.13212,48.0415,211.4237,0.01262,-0.81685,1.99932,0.3924638137193203,-903.560911,1.3905,1932.8255,1039.562,0.101816,2.1677,0.18521500000000002,0.102935,-0.28815,-0.08228,158.5594,1118.02,-0.402654,-0.063696,0.0167,-0.20093,1.99875,144.8678,66.2483,0.6475770925110133,1.405945,0.206459,0.0484,0.35807,1.99903,0.313827,86.1662,24.8469,0.05265,0.56797,1.99907,0.5505034612964128,-0.01578,1.9997,-0.143118,697.5602,-186.3864,0.01202,-0.50216,0.38735053492762744,-0.489988,-0.246855,647.3665,526.5674,0.02105,-0.09791,9.99965,0.38247325361862805,0.8800889326194261
Nc1ccccc1F.O=C(Cl)c1ccc(F)cc1F,-386.139654,3.0064,853.4681,938.9,0.116381,1.6685,0.10803499999999999,0.106075,-0.21411,111.1185,856.056,-0.706848,-0.034679,0.01181,-0.65125,1.99929,-0.13212,48.0415,211.4237,0.01262,-0.81685,1.99932,0.3924638137193203,-1002.6542594723891,1.5628342043633043,2120.324392652248,1108.7274438818417,0.09460995236304569,2.9002627333284448,0.18897774100507306,0.1031808922527925,-0.29215863325786556,-0.08579684875228055,176.5499,1217.2759401612166,-0.4762535813565251,-0.14156288723632596,0.01749714178274225,-0.2655723345228288,1.9987275595461926,125.52130121331402,76.87735232825071,0.6601959388546843,1.4011957195348994,0.21017866036864236,0.05033202645075863,0.3574196198405706,1.999092440453807,0.31311296107594244,89.14458035729169,29.976610165880096,0.053738691863957924,0.5602134195157078,1.9991175595461927,0.5592025931930473,-0.0013660944016755583,1.999692440453807,-0.12574949132688037,715.3363046299694,-206.25609228525013,0.012154107747207482,-0.4855636222965187,0.4016195195314515,-0.4835200440528855,-0.24479578722213755,687.6901003715086,492.5449564929477,0.021139816660918742,-0.0970344038983523,9.99966023818477,0.38741746794270504,1.8651442560450189
Nc1ccccc1F.O=C(Cl)c1ccc(OC(F)(F)F)cc1,-386.139654,3.0064,853.4681,938.9,0.116381,1.6685,0.10803499999999999,0.106075,-0.21411,111.1185,856.056,-0.706848,-0.034679,0.01181,-0.65125,1.99929,-0.13212,48.0415,211.4237,0.01262,-0.81685,1.99932,0.3924638137193203,-1216.116295,1.9373,4202.2051,1483.97,0.123247,2.1043,0.18684,0.10098000000000001,-0.28782,-0.08586,224.5666,1686.329,-0.41883,-0.055985,0.01693,-0.20009,1.99875,144.7474,65.8979,0.6455317809943361,1.437835,0.211505,0.04838,0.36227,1.99903,0.315037,85.8367,24.8444,0.0526,0.56737,1.99907,0.5483008181246066,-0.013036,1.9997,-0.141975,702.237,-188.2112,0.01203,-0.50095,0.3865638766519824,-0.492427,-0.24471,647.5785,525.941,0.02111,-0.09583,9.99965,0.382001258653241,1.1121335130582164
Nc1ccccc1F.O=C(Cl)c1ccc(SC(F)(F)F)cc1,-386.139654,3.0064,853.4681,938.9,0.116381,1.6685,0.10803499999999999,0.106075,-0.21411,111.1185,856.056,-0.706848,-0.034679,0.01181,-0.65125,1.99929,-0.13212,48.0415,211.4237,0.01262,-0.81685,1.99932,0.3924638137193203,-1539.108656,10.93545,4535.03445,1625.511,0.120362,1.4151,0.19517500000000002,0.09453500000000001,-0.28971,-0.10064,240.6272,1337.92,-0.29784849999999996,-0.0998015,0.01897,-0.20292,1.99876,153.6659,59.602199999999996,0.6472624292007552,1.4163860000000001,0.25255150000000004,0.05244,0.4746,1.99909,0.3170855,83.78805,23.4428,0.05266,0.56606,1.99908,0.5502674638137193,-0.18941449999999999,1.99969,-0.1355175,726.435,-201.13459999999998,0.01204,-0.49415,0.3878618628067967,-0.49045249999999996,-0.234585,646.7714000000001,518.4003,0.02136,-0.08533,9.99964,0.38333857772183766,1.363667162430404
Nc1ccccc1F.O=C(Cl)c1ccc([N+](=O)[O-])cc1,-386.139654,3.0064,853.4681,938.9,0.116381,1.6685,0.10803499999999999,0.106075,-0.21411,111.1185,856.056,-0.706848,-0.034679,0.01181,-0.65125,1.99929,-0.13212,48.0415,211.4237,0.01262,-0.81685,1.99932,0.3924638137193203,-1008.649643,2.8883,2934.3431,1429.187,0.114492,1.9316,0.21973499999999999,0.09540499999999999,-0.31514,-0.12433,185.5665,1180.633,-0.243545,-0.095972,0.01759,-0.19498,1.99875,153.1256,57.3166,0.6472624292007552,1.373848,0.307302,0.05273,0.54955,1.99909,0.319677,82.3735,23.8112,0.0527,0.56324,1.99908,0.5486154814348647,-0.149197,1.99968,-0.131168,741.5805,-208.9034,0.01209,-0.49014,0.3881371932032725,-0.473753,-0.225712,643.2683,512.101,0.02162,-0.07607,9.99964,0.38215859030837,1.8006027991330371
Nc1ccccc1F.O=C(Cl)c1ccc2ccccc2c1,-386.139654,3.0064,853.4681,938.9,0.116381,1.6685,0.10803499999999999,0.106075,-0.21411,111.1185,856.056,-0.706848,-0.034679,0.01181,-0.65125,1.99929,-0.13212,48.0415,211.4237,0.01262,-0.81685,1.99932,0.3924638137193203,-957.8231548793865,8.942984281922897,3120.642424188284,1617.483620444743,0.15897933382482796,3.963189472116048,0.1688166691241398,0.08189167649655926,-0.25070834562069905,-0.08692499262758055,190.6287,1577.0617708477648,-0.406241613979723,-0.0853495998229043,0.01913813624300125,-0.18617714833386767,1.9987759805367138,143.21741244463914,64.17324326159877,0.6477991941427841,1.4941111495158192,0.2417364895313614,0.05284029194928839,0.45526854910095393,1.9990940194632858,0.3139393768798561,87.57417048040392,23.502188115581014,0.052508428192289645,0.5698158832202846,1.9990640194632858,0.5497785108064259,-0.20163146446439634,1.9996899999999997,-0.14309156915373786,699.7480535233219,-189.1846326741985,0.01198794161014232,-0.5022111235626368,0.38731661884381463,-0.5121153102357949,-0.2502995078146661,650.3423603945448,527.1525046879868,0.020885980536714102,-0.10191680330266659,9.999655980536714,0.3832938279780859,0.7967319987871704
Nc1ccccc1F.O=C(Cl)c1cccc2ccccc12,-386.139654,3.0064,853.4681,938.9,0.116381,1.6685,0.10803499999999999,0.106075,-0.21411,111.1185,856.056,-0.706848,-0.034679,0.01181,-0.65125,1.99929,-0.13212,48.0415,211.4237,0.01262,-0.81685,1.99932,0.3924638137193203,-957.8186401303651,7.76497366122391,2727.8224101566643,1452.655905920424,0.1591435410273463,3.138155778233965,0.17141258730322817,0.07978083346207067,-0.2511934207652988,-0.09163175384115753,190.62869999999998,1654.673933628048,-0.3606608914538662,-0.060651833547166085,0.019562781082751415,-0.15268271376427908,1.9987499999999998,140.36828004155382,67.13279503149818,0.67083710319587,1.4184804447627122,0.24250688344425783,0.05177296194712997,0.4757362417913853,1.9991198794237475,0.3059404481129295,90.28639256302401,23.548420283844816,0.051731334167722944,0.5763399240539799,1.9990998794237473,0.5737331192431018,-0.21399212998145925,1.9996800602881257,-0.14835273747499386,677.8735529026063,-199.8173439886677,0.012231266050649904,-0.5084526793064421,0.42167378684587214,-0.536095752759764,-0.25799595608850817,690.7625756377732,499.1303403904185,0.020573617287571157,-0.11333870811906079,9.999669879423749,0.38839317125744705,0.6113167011256991
Nc1ccccc1F.O=C(Cl)c1ccccc1,-386.139654,3.0064,853.4681,938.9,0.116381,1.6685,0.10803499999999999,0.106075,-0.21411,111.1185,856.056,-0.706848,-0.034679,0.01181,-0.65125,1.99929,-0.13212,48.0415,211.4237,0.01262,-0.81685,1.99932,0.3924638137193203,-804.46025,0.6975,1464.397,1335.877,0.109113,3.4435,0.18524,0.10419999999999999,-0.28944,-0.08104,140.5689,1259.541,-0.319057,-0.06921,0.01701,-0.18925,1.99875,150.2369,61.7104,0.6467904342353682,1.381429,0.207568,0.04848,0.36494,1.99903,0.313396,86.434,23.3461,0.05259,0.56996,1.99907,0.5492448080553808,-0.014961,1.9997,-0.142092,704.1163,-190.2727,0.012,-0.50042,0.3867212083071114,-0.491795,-0.248031,648.8095,526.2085,0.02098,-0.09932,9.99965,0.38247325361862805,0.8923706502854135
Nc1ccccc1F.O=C(Cl)c1ccco1,-386.139654,3.0064,853.4681,938.9,0.116381,1.6685,0.10803499999999999,0.106075,-0.21411,111.1185,856.056,-0.706848,-0.034679,0.01181,-0.65125,1.99929,-0.13212,48.0415,211.4237,0.01262,-0.81685,1.99932,0.3924638137193203,-802.2749436403665,0.9628803601977091,1106.8639320512225,837.4781616717298,0.07810627687091332,4.223320701907314,0.17692659069992278,0.09926084693630044,-0.2761874376362232,-0.07766574376362233,130.53050000000002,1023.5943809662729,-0.2571876525553629,0.07456587223868763,0.028521784583548964,0.16679427666839172,1.9986394965983396,84.42036001940463,48.795129254280766,0.6092274123751691,1.4654626254563974,0.18523025001857074,0.045608009071094816,0.29806073691619983,1.9990367505669435,0.28778355340700085,80.27414887766211,36.27046418281246,0.04943652154385018,0.5133097981460898,1.9990600000000003,0.5273364642768135,-0.01243844273116867,1.999706750566944,-0.14375068628124404,690.1763189879638,-171.46429701179642,0.012345972786715571,-0.4947455057576371,0.3678338463825751,-0.4709219205838191,-0.23281669984785022,670.2421570172194,515.4998959950124,0.022066292520756925,-0.08390614500521279,9.99965324943306,0.373560076402609,1.5743914868249798
Nc1ccccc1F.O=C(Cl)c1cccs1,-386.139654,3.0064,853.4681,938.9,0.116381,1.6685,0.10803499999999999,0.106075,-0.21411,111.1185,856.056,-0.706848,-0.034679,0.01181,-0.65125,1.99929,-0.13212,48.0415,211.4237,0.01262,-0.81685,1.99932,0.3924638137193203,-1125.2983746590153,0.8989004644803423,1318.760431390368,1051.8664137490334,0.07514125703092484,3.9869099489807027,0.1825097879616161,0.09715189528668504,-0.27966168324830115,-0.08535789267493107,146.5911,967.0850566647645,-0.36846109931444926,-0.017428701234791306,0.01983363911738161,-0.3620010732506892,1.9987481652957104,92.68784922793068,54.81236467913048,0.6462467515807672,1.4370241272768098,0.2224287020695229,0.04673669408579305,0.36090770231153096,1.9989036391173816,0.30910380250162073,80.55742798492986,32.972354231999795,0.05245018174718617,0.5457332583905814,1.9989436391173816,0.5414205707054607,-0.010696796550940281,1.9997,-0.1456564430324384,653.6458953915552,-169.41871646632262,0.012134495887131043,-0.5017229207448509,0.3800545942263263,-0.48442835604958645,-0.24229535996721743,702.4773700234127,507.97409032060614,0.02155,-0.09357010393236291,9.999647278234763,0.38004302083175984,1.365806382154572
CC(C)NC(C)C.CC(=O)Cl,-291.7616038486593,1.4890151340701954,1056.528720619005,1210.7032223105618,0.21506708806904945,0.8637526297293567,0.08060959745540944,0.13955677882744535,-0.22016637628285476,101.19120000000001,1243.473511967771,-0.599337599501297,0.02063080967045418,0.011858050431558896,-0.21799278745862324,1.9991206517946425,-0.29061523573635895,44.880436008739046,192.61934747152625,0.016451520854165232,-0.7355593249434152,1.9993102172648807,0.6330513977702079,-613.070645,1.8407,361.1538,589.647,0.051921,2.5752,0.17481000000000002,0.13476,-0.30957,-0.04005,78.4981,543.096,-0.16842,-0.019931,0.00801,-0.68972,1.99914,58.3883,161.9989,0.3882945248584015,1.19561,-0.022262,0.04824,0.23014,1.99928,0.181407,78.3666,21.3299,0.05149,0.57826,1.99927,0.49370673379483954,-0.031774,1.99969,-0.138192,709.0371,-224.4771,0.01248,-0.48574,0.3472309628697294,-0.497062,-0.249833,776.7802,462.7909,0.02158,-0.12005,9.99964,0.3590308370044053,2.7827992303805384
CC(C)NC(C)C.CC(C)(C)C(=O)Cl,-291.7616038486593,1.4890151340701954,1056.528720619005,1210.7032223105618,0.21506708806904945,0.8637526297293567,0.08060959745540944,0.13955677882744535,-0.22016637628285476,101.19120000000001,1243.473511967771,-0.599337599501297,0.02063080967045418,0.011858050431558896,-0.21799278745862324,1.9991206517946425,-0.29061523573635895,44.880436008739046,192.61934747152625,0.016451520854165232,-0.7355593249434152,1.9993102172648807,0.6330513977702079,-730.74792,2.2489,944.8434,987.864,0.140866,2.7537,0.1676,0.13162,-0.29922,-0.03598,120.5785,1095.631,-0.002895,-0.401545,0.01495,-0.12509,1.99882,43.2203,145.8968,0.7474826935179358,1.086134,0.105519,0.05777,0.24151,1.999,0.311319,92.3348,10.4385,0.06159,0.60184,1.99904,0.6241346758967904,-0.044561,1.99969,-0.134635,702.0892,-210.5595,0.01227,-0.49442,0.4129955947136564,-0.486258,-0.243396,657.1407,517.8314,0.02014,-0.11423,9.99964,0.4117369414726243,0.8792575987805666
CC(C)NC(C)C.CC(C)(C)c1ccc(C(=O)Cl)cc1,-291.7616038486593,1.4890151340701954,1056.528720619005,1210.7032223105618,0.21506708806904945,0.8637526297293567,0.08060959745540944,0.13955677882744535,-0.22016637628285476,101.19120000000001,1243.473511967771,-0.599337599501297,0.02063080967045418,0.011858050431558896,-0.21799278745862324,1.9991206517946425,-0.29061523573635895,44.880436008739046,192.61934747152625,0.016451520854165232,-0.7355593249434152,1.9993102172648807,0.6330513977702079,-961.3640173962594,0.8439951331320028,3736.8617162104047,1666.1327468680736,0.22702856304127478,4.218331555187393,0.1765543462087611,0.10122506668047276,-0.2777794128892339,-0.07532927952828836,196.6761,1756.2896208656803,-0.4178817038419192,-0.05493930742117488,0.01711,-0.19114765846693713,1.9987399999999997,145.50595114472912,64.19142355353065,0.6443475428431109,1.4770539433619239,0.2047373555601576,0.04842981988207208,0.3621147765800905,1.9990249099410362,0.31251209335266183,87.58830934681762,23.936423813800438,0.05250472982310813,0.5711581988207208,1.99906,0.5483809008647571,-0.017174605652256175,1.9997,-0.14438870176891871,691.262978378876,-184.8857997811485,0.01198,-0.5034901801179279,0.385780052201509,-0.5155604648516117,-0.2547429379952255,652.1694292748869,528.6326041804466,0.020760180117927914,-0.10642675787729755,9.99966,0.38215008883285495,0.6214944173631874
CC(C)NC(C)C.CC(C)C(=O)Cl,-291.7616038486593,1.4890151340701954,1056.528720619005,1210.7032223105618,0.21506708806904945,0.8637526297293567,0.08060959745540944,0.13955677882744535,-0.22016637628285476,101.19120000000001,1243.473511967771,-0.599337599501297,0.02063080967045418,0.011858050431558896,-0.21799278745862324,1.9991206517946425,-0.29061523573635895,44.880436008739046,192.61934747152625,0.016451520854165232,-0.7355593249434152,1.9993102172648807,0.6330513977702079,-691.5212651203827,2.1259058055730957,774.3015688508707,791.3296195399124,0.11183604170191642,2.7012129828698455,0.17010773050232164,0.13244814752148587,-0.3025558780238075,-0.0376595829808358,106.5517,975.6940716840189,-0.024167191055353945,-0.17073551463321235,0.013924490779907133,-0.30198609076336,1.998945169740031,48.80721556952866,147.29575347812465,0.6314692916962978,1.1238819960085888,0.04858485903341499,0.0550134723397214,0.23591374372657942,1.9991075848700155,0.25247221421848887,88.59731276692389,12.733502739310532,0.0582213191506965,0.5944755962050935,1.9991375848700155,0.5800598381088926,-0.041438333812522876,1.99969,-0.1376712573166062,707.048479399112,-210.10582375691683,0.012389359809427323,-0.49276171727806395,0.39244024014119183,-0.49584497796278615,-0.2460183941104488,714.2513821331088,492.33222075195357,0.020564830259969046,-0.11847795268777256,9.99964,0.38745155439779033,1.330276383463315
CC(C)NC(C)C.CCC(C(=O)Cl)c1ccccc1,-291.7616038486593,1.4890151340701954,1056.528720619005,1210.7032223105618,0.21506708806904945,0.8637526297293567,0.08060959745540944,0.13955677882744535,-0.22016637628285476,101.19120000000001,1243.473511967771,-0.599337599501297,0.02063080967045418,0.011858050431558896,-0.21799278745862324,1.9991206517946425,-0.29061523573635895,44.880436008739046,192.61934747152625,0.016451520854165232,-0.7355593249434152,1.9993102172648807,0.6330513977702079,-922.1350941424333,4.569522987935531,2455.9020135917617,1503.8121474082207,0.19835830978909602,2.7196956404060453,0.15641062941202977,0.11147264569784315,-0.267883275109873,-0.044937983714186606,182.6493,1522.0795475579139,-0.04878392032155667,-0.06036727587828204,0.02106411226593012,-0.32502486318000223,1.99889,30.15305416820589,127.38872271494051,0.7227754446342497,1.1178043569820812,0.06601085036127433,0.056704631153088186,0.26634316303879657,1.999111010410588,0.2584528867848544,80.18911170349905,15.605117816098318,0.05923987339580025,0.5947519757187832,1.999131232884499,0.6209158445810388,-0.11952997468335282,1.999685360884168,-0.143804062173481,712.2092388306249,-204.0050258804775,0.012248062306486857,-0.5005021470911517,0.43435065207263357,-0.4765579049182884,-0.2283885640121543,717.517615534147,464.5850831441031,0.021029658300558765,-0.0958973312821047,9.99961558335808,0.388169114477217,1.7477351739299931
CC(C)NC(C)C.CCCCC(=O)Cl,-291.7616038486593,1.4890151340701954,1056.528720619005,1210.7032223105618,0.21506708806904945,0.8637526297293567,0.08060959745540944,0.13955677882744535,-0.22016637628285476,101.19120000000001,1243.473511967771,-0.599337599501297,0.02063080967045418,0.011858050431558896,-0.21799278745862324,1.9991206517946425,-0.29061523573635895,44.880436008739046,192.61934747152625,0.016451520854165232,-0.7355593249434152,1.9993102172648807,0.6330513977702079,-730.7450150574017,2.090291331652506,1341.9302009057062,994.4515719835497,0.1418835432507869,2.6086344119789233,0.1712263701297755,0.1335958284882569,-0.3048221986180324,-0.037630541641518626,120.57850000000002,1041.7633434165296,-0.09671197627204661,0.007804712444770221,0.014038775373839806,-0.4880626302178358,1.9990404359511826,56.464141490849684,147.1293956944729,0.5593904691258827,1.1789239078387639,0.007528819367576247,0.05127629781296082,0.23642929006115296,1.9991881569913779,0.21380243779784716,82.77940616490689,16.660432212862794,0.05512335177243502,0.588506474333033,1.999198156991378,0.5578940906295883,-0.04184591941059398,1.9996900000000002,-0.14164929933233972,714.7961360943984,-212.9005115825591,0.012188685583343585,-0.49471489576310834,0.3995731427490579,-0.5163867508662023,-0.24523050175144934,770.1191505493439,470.94318983615574,0.020878088448009844,-0.11732762706245506,9.999642023227146,0.3671949651309757,2.398020800081693
CC(C)NC(C)C.CCCCC(CC)C(=O)Cl,-291.7616038486593,1.4890151340701954,1056.528720619005,1210.7032223105618,0.21506708806904945,0.8637526297293567,0.08060959745540944,0.13955677882744535,-0.22016637628285476,101.19120000000001,1243.473511967771,-0.599337599501297,0.02063080967045418,0.011858050431558896,-0.21799278745862324,1.9991206517946425,-0.29061523573635895,44.880436008739046,192.61934747152625,0.016451520854165232,-0.7355593249434152,1.9993102172648807,0.6330513977702079,-848.4194799426583,2.1267217278302994,2464.267019669444,1500.231394373068,0.23155073390523292,2.677801397359587,0.16853390822493342,0.13085299777436263,-0.29938690599929607,-0.037680910450570794,162.6589,1466.9452087716104,-0.0842353595837951,-0.12303181060215712,0.01891789249052634,-0.29470057863953375,1.9989210580785208,30.751430758385847,131.96111134930018,0.7081076322850737,1.1146350543229737,0.04049639435702823,0.05769645486653496,0.23430779863995022,1.999079831858541,0.2342915125830618,79.28964453295023,10.72058245681579,0.06134362576284608,0.5865793709141864,1.999110961152719,0.6405613297343266,-0.04916664952674792,1.9996827557665517,-0.14383461934649713,723.1028236690747,-205.35061664385827,0.012373376332512752,-0.5004955405011925,0.44056690495066464,-0.4902433087740082,-0.23982660938031483,795.885334662436,424.81685121337784,0.02061303988994313,-0.10758898034704956,9.999627692135396,0.39206250471260456,0.6069442808336508
CC(C)NC(C)C.CCCCCCC(=O)Cl,-291.7616038486593,1.4890151340701954,1056.528720619005,1210.7032223105618,0.21506708806904945,0.8637526297293567,0.08060959745540944,0.13955677882744535,-0.22016637628285476,101.19120000000001,1243.473511967771,-0.599337599501297,0.02063080967045418,0.011858050431558896,-0.21799278745862324,1.9991206517946425,-0.29061523573635895,44.880436008739046,192.61934747152625,0.016451520854165232,-0.7355593249434152,1.9993102172648807,0.6330513977702079,-809.1928450186999,2.191972683108519,2694.585979207065,1390.3008597551361,0.20178400746022246,2.7244460547894533,0.17032995662812994,0.13265533018130402,-0.30298528680943393,-0.03767462644682591,148.63210000000004,1261.5194415620172,-0.09799205324244195,0.017531207143586563,0.014411268813625472,-0.4870248810235342,1.9990360661441282,52.29176351269705,146.78208323625879,0.5553711533823926,1.1744333662866158,0.005174748608251482,0.05187764178651444,0.23654530602917653,1.9991838244073419,0.2092039866890283,82.95284094577164,16.8293560755272,0.055168636678038244,0.5896019425118675,1.9991965260075706,0.554803422626299,-0.04042034364900629,1.9996900000000004,-0.1394788994015972,704.4901204727937,-215.8672177680678,0.01234712539999367,-0.4919174099593421,0.38646821572942175,-0.5069924791734688,-0.24872178501458486,751.6188641806931,476.4115554370388,0.020814874094548554,-0.1210213165562404,9.999640000000001,0.3740534939797181,2.4734317349507577
CC(C)NC(C)C.CCCCCCCCCCCC(=O)Cl,-291.7616038486593,1.4890151340701954,1056.528720619005,1210.7032223105618,0.21506708806904945,0.8637526297293567,0.08060959745540944,0.13955677882744535,-0.22016637628285476,101.19120000000001,1243.473511967771,-0.599337599501297,0.02063080967045418,0.011858050431558896,-0.21799278745862324,1.9991206517946425,-0.29061523573635895,44.880436008739046,192.61934747152625,0.016451520854165232,-0.7355593249434152,1.9993102172648807,0.6330513977702079,-1005.3142281705781,2.051840846684475,7589.4788243149,2063.8977884186593,0.35148147884172565,2.580964688743521,0.17130593121998355,0.13237374139497904,-0.3036796726149626,-0.038932189825004494,218.76610000000002,2028.2284431012831,-0.09832466528407613,0.011300852452152831,0.014411262852878942,-0.4876371810409823,1.9990393233150183,54.09437145699512,147.61948876998457,0.5618015097823486,1.1889594778380719,0.0034922479456673456,0.05177155382090726,0.23634184011774262,1.9991781601252514,0.20777313911983045,80.09136057476589,16.11372837040959,0.05541338385685213,0.5883281241859004,1.999188590390622,0.5688480715114945,-0.04156562730035017,1.9996867476005615,-0.13988340193202087,708.4357928496703,-213.85227427913944,0.012237201999370216,-0.49679063701810433,0.4188836362668115,-0.5185254162381545,-0.24439257461254094,760.4693324636868,471.25224452499526,0.020883543820409477,-0.11594466851905619,9.999637177865932,0.3724491019162263,2.3943155740252497
CC(C)NC(C)C.CCc1ccc(C(=O)Cl)cc1,-291.7616038486593,1.4890151340701954,1056.528720619005,1210.7032223105618,0.21506708806904945,0.8637526297293567,0.08060959745540944,0.13955677882744535,-0.22016637628285476,101.19120000000001,1243.473511967771,-0.599337599501297,0.02063080967045418,0.011858050431558896,-0.21799278745862324,1.9991206517946425,-0.29061523573635895,44.880436008739046,192.61934747152625,0.016451520854165232,-0.7355593249434152,1.9993102172648807,0.6330513977702079,-882.914671,0.8056,2669.3825,1421.7125,0.168403,4.1213,0.17781,0.10156000000000001,-0.27937,-0.07625,168.6225,1314.007,-0.402094,-0.061786,0.01695,-0.19259,1.99875,146.8733,63.8668,0.6452957835116425,1.456055,0.205216,0.04843,0.36246,1.99903,0.312565,87.4623,23.8993,0.05253,0.57058,1.99906,0.5498741346758967,-0.017375,1.9997,-0.144731,691.6855,-184.816,0.01198,-0.50355,0.3866425424795469,-0.509939,-0.254084,651.6022,528.6102,0.02081,-0.10547,9.99966,0.38294524858401513,0.9510638879093596
CC(C)NC(C)C.COc1cc(C(=O)Cl)cc(OC)c1OC,-291.7616038486593,1.4890151340701954,1056.528720619005,1210.7032223105618,0.21506708806904945,0.8637526297293567,0.08060959745540944,0.13955677882744535,-0.22016637628285476,101.19120000000001,1243.473511967771,-0.599337599501297,0.02063080967045418,0.011858050431558896,-0.21799278745862324,1.9991206517946425,-0.29061523573635895,44.880436008739046,192.61934747152625,0.016451520854165232,-0.7355593249434152,1.9993102172648807,0.6330513977702079,-1147.3988728386491,9.590245055798524,4098.000453261923,1788.438858126628,0.21336973094695055,3.820453988387011,0.1589222523904965,0.08715554844614821,-0.2460778008366447,-0.07176670394434828,230.64750000000004,1702.8529527836297,-0.30062621086644153,-0.0505418648015625,0.01901263016358685,-0.16597456713914246,1.9988191465822256,138.9709269242885,66.29146063677923,0.6464282423283223,1.4648143543682646,0.20572451472928088,0.0527408394357223,0.4021922948019736,1.9991034206621257,0.30939671461077606,86.80447373218087,24.14315727612148,0.052543474138718856,0.5717040388310601,1.9990608534177752,0.5505070876792586,-0.22497649330386443,1.9997000000000003,-0.1474567049669537,690.2213647653614,-182.89085364682126,0.011964543057302771,-0.5069527124341651,0.38708728584549945,-0.5075244044704986,-0.2524332482777629,651.9670016723583,528.9051928576206,0.020845079417672406,-0.10312794717934845,9.999652567244352,0.38354454400728805,0.6725059187836467
CC(C)NC(C)C.COc1ccc(C(=O)Cl)cc1,-291.7616038486593,1.4890151340701954,1056.528720619005,1210.7032223105618,0.21506708806904945,0.8637526297293567,0.08060959745540944,0.13955677882744535,-0.22016637628285476,101.19120000000001,1243.473511967771,-0.599337599501297,0.02063080967045418,0.011858050431558896,-0.21799278745862324,1.9991206517946425,-0.29061523573635895,44.880436008739046,192.61934747152625,0.016451520854165232,-0.7355593249434152,1.9993102172648807,0.6330513977702079,-918.7794806452093,1.8095578782030461,2595.8845344392657,1351.432412177592,0.14413766686447077,4.69247217594736,0.16339189113066868,0.09466255858855176,-0.2580544497192204,-0.06872933254211694,170.5951,1330.3161569267518,-0.5316156870230284,-0.057328369918361544,0.01689,-0.20658333135529233,1.9987499999999998,139.08126280090607,69.5119016314473,0.6464023557102192,1.5082461480170826,0.19680829664503793,0.04825977751403898,0.35202155146760417,1.99902,0.30959364046198856,88.97441949403056,25.308381727266305,0.052509332542116934,0.5694617858218112,1.99905,0.5495559709571898,-0.023747567188664966,1.9997,-0.15034197745033262,671.7481042751876,-174.48073225064894,0.011970222485961022,-0.5095373064319758,0.38616179649303717,-0.5192249050540321,-0.26183382883983775,650.1022819991035,534.1770665455147,0.020634443785097444,-0.11341470187579644,9.99966,0.3827949177457842,0.8664231067365935
CC(C)NC(C)C.Cc1ccc(C(=O)Cl)cc1,-291.7616038486593,1.4890151340701954,1056.528720619005,1210.7032223105618,0.21506708806904945,0.8637526297293567,0.08060959745540944,0.13955677882744535,-0.22016637628285476,101.19120000000001,1243.473511967771,-0.599337599501297,0.02063080967045418,0.011858050431558896,-0.21799278745862324,1.9991206517946425,-0.29061523573635895,44.880436008739046,192.61934747152625,0.016451520854165232,-0.7355593249434152,1.9993102172648807,0.6330513977702079,-843.690474,0.7847,2037.6054,1331.695,0.138241,4.0826,0.17777500000000002,0.101495,-0.27927,-0.07628,154.5957,957.156,-0.396447,-0.063926,0.01695,-0.19369,1.99875,146.8166,64.1383,0.6464757709251101,1.444549,0.205095,0.0484,0.3622,1.99903,0.312699,87.2722,23.9815,0.05251,0.57046,1.99906,0.5497954688483323,-0.017809,1.9997,-0.144896,691.7944,-184.7633,0.01198,-0.50358,0.3868785399622404,-0.507387,-0.254103,652.0078,529.0068,0.02081,-0.10548,9.99966,0.38231592196349906,1.4531209782517387
CC(C)NC(C)C.Cc1ccccc1C(=O)Cl,-291.7616038486593,1.4890151340701954,1056.528720619005,1210.7032223105618,0.21506708806904945,0.8637526297293567,0.08060959745540944,0.13955677882744535,-0.22016637628285476,101.19120000000001,1243.473511967771,-0.599337599501297,0.02063080967045418,0.011858050431558896,-0.21799278745862324,1.9991206517946425,-0.29061523573635895,44.880436008739046,192.61934747152625,0.016451520854165232,-0.7355593249434152,1.9993102172648807,0.6330513977702079,-843.6875560574109,0.11441203094299326,1727.5775237937205,1185.5250490989843,0.13826824892949693,2.9335652803962233,0.17744671457012706,0.09930211916386854,-0.2767488337339956,-0.07814459540625854,154.5957,1206.8423660351868,-0.3609323356612174,-0.04382074162750573,0.017399388198169285,-0.18550015969286923,1.99871,143.88919896912307,63.72922694533436,0.6763989980060084,1.3794532603765848,0.17964343533990834,0.04829439509069746,0.3670932883597818,1.9990500711227133,0.2936090109211529,86.60514481931877,23.749668767244493,0.051918321357468225,0.5733261876760661,1.9990899288772865,0.5774004604109436,-0.03147546807824839,1.9996999288772865,-0.14907075579200177,701.4520483596131,-205.6625805599628,0.012379573263719579,-0.5042245104984888,0.4371025917512716,-0.51174269585703,-0.25672397091808735,673.4314174438672,509.25428815634746,0.020633982871950604,-0.11187011540779132,9.999669857754574,0.38752509665341367,0.91713166081777
CC(C)NC(C)C.O=C(Cl)C12CC3CC(CC(C3)C1)C2,-291.7616038486593,1.4890151340701954,1056.528720619005,1210.7032223105618,0.21506708806904945,0.8637526297293567,0.08060959745540944,0.13955677882744535,-0.22016637628285476,101.19120000000001,1243.473511967771,-0.599337599501297,0.02063080967045418,0.011858050431558896,-0.21799278745862324,1.9991206517946425,-0.29061523573635895,44.880436008739046,192.61934747152625,0.016451520854165232,-0.7355593249434152,1.9993102172648807,0.6330513977702079,-962.581811,3.0439,2417.6329,1837.01,0.2551,3.1191,0.16248,0.12827,-0.29075,-0.03421,198.6919,1506.761,-0.109963,-0.417603,0.01866,-0.12505,1.99879,47.667,144.0592,0.8325991189427313,1.135254,0.136483,0.05847,0.25586,1.99893,0.339763,94.9955,11.4326,0.06189,0.61891,1.99899,0.6260226557583386,-0.055463,1.99969,-0.134531,703.9745,-206.4244,0.01198,-0.49526,0.4133102580239144,-0.495051,-0.246408,649.7835,526.6917,0.01986,-0.11707,9.99965,0.4122089364380113,0.5753737696747265
CC(C)NC(C)C.O=C(Cl)C=Cc1ccccc1,-291.7616038486593,1.4890151340701954,1056.528720619005,1210.7032223105618,0.21506708806904945,0.8637526297293567,0.08060959745540944,0.13955677882744535,-0.22016637628285476,101.19120000000001,1243.473511967771,-0.599337599501297,0.02063080967045418,0.011858050431558896,-0.21799278745862324,1.9991206517946425,-0.29061523573635895,44.880436008739046,192.61934747152625,0.016451520854165232,-0.7355593249434152,1.9993102172648807,0.6330513977702079,-881.7076424349888,1.4583330632451224,3001.2649234041864,1257.7523733779365,0.14500556194108782,4.007677662728389,0.18097215746167145,0.08464781157985767,-0.2656199690415291,-0.09632434588181382,166.6067,1318.0489361294021,-0.6487631505721401,-0.11180734591608987,0.015986889213416643,-0.40177837436797814,1.9988062506712867,97.67235097153285,72.11756207665134,0.5471110545535718,1.594812176212798,0.21686245915706964,0.047810688301961585,0.3951780161227317,1.9990600002421206,0.2773765541231414,79.2212823091358,26.059164333630676,0.05162692895158519,0.5406730279839103,1.9991162506021094,0.518506511257886,-0.01080933265076242,1.99969,-0.1561087210570263,684.9150017741213,-177.68841986288376,0.012026865077963791,-0.508001072172739,0.3739683515791476,-0.5679760192194105,-0.25474012890245074,721.0320699222212,470.0895892939961,0.02118627173739866,-0.11190134066066033,9.99965374939789,0.36138049216617174,2.45555686322914
CC(C)NC(C)C.O=C(Cl)c1ccc(-c2ccccc2)cc1,-291.7616038486593,1.4890151340701954,1056.528720619005,1210.7032223105618,0.21506708806904945,0.8637526297293567,0.08060959745540944,0.13955677882744535,-0.22016637628285476,101.19120000000001,1243.473511967771,-0.599337599501297,0.02063080967045418,0.011858050431558896,-0.21799278745862324,1.9991206517946425,-0.29061523573635895,44.880436008739046,192.61934747152625,0.016451520854165232,-0.7355593249434152,1.9993102172648807,0.6330513977702079,-1035.081421,13.748,5091.4627,1754.559,0.195241,4.008,0.17202,0.08703,-0.25905,-0.08499,216.6665,1648.5790000000002,-0.476397,-0.069238,0.01931,-0.13635,1.99876,146.3066,63.2115,0.6453744493392071,1.557555,0.237449,0.05246,0.45217,1.99908,0.313028,86.8115,23.8787,0.05251,0.56896,1.99906,0.5493234738829452,-0.197972,1.99969,-0.14352,696.741,-187.3885,0.012,-0.50251,0.38569855254877283,-0.528893,-0.251945,650.7091,526.9992,0.02088,-0.10309,9.99966,0.38223725613593457,0.8000045857884172
CC(C)NC(C)C.O=C(Cl)c1ccc(Br)cc1,-291.7616038486593,1.4890151340701954,1056.528720619005,1210.7032223105618,0.21506708806904945,0.8637526297293567,0.08060959745540944,0.13955677882744535,-0.22016637628285476,101.19120000000001,1243.473511967771,-0.599337599501297,0.02063080967045418,0.011858050431558896,-0.21799278745862324,1.9991206517946425,-0.29061523573635895,44.880436008739046,192.61934747152625,0.016451520854165232,-0.7355593249434152,1.9993102172648807,0.6330513977702079,-3377.857666,2.1799,3388.6568,1232.628,0.100324,2.0328,0.18545,0.09516000000000002,-0.28061,-0.09029,219.465,1258.854,-0.39698,-0.055564,0.01694,-0.19555,1.99875,149.5302,63.26,0.645846444304594,1.462386,0.217711,0.04852,0.3717,1.99904,0.315275,85.0022,24.181,0.05263,0.56687,1.99907,0.5486154814348647,-0.010299,1.9997,-0.140191,709.2575,-191.8647,0.01202,-0.49899,0.38719320327249845,-0.500793,-0.242085,647.9072,524.2242,0.02118,-0.09299,9.99965,0.382001258653241,1.2858859662437885
CC(C)NC(C)C.O=C(Cl)c1ccc(C(F)(F)F)cc1,-291.7616038486593,1.4890151340701954,1056.528720619005,1210.7032223105618,0.21506708806904945,0.8637526297293567,0.08060959745540944,0.13955677882744535,-0.22016637628285476,101.19120000000001,1243.473511967771,-0.599337599501297,0.02063080967045418,0.011858050431558896,-0.21799278745862324,1.9991206517946425,-0.29061523573635895,44.880436008739046,192.61934747152625,0.016451520854165232,-0.7355593249434152,1.9993102172648807,0.6330513977702079,-1141.009328,3.3671,3493.4189,1579.5935,0.117803,1.0538,0.202225,0.10366500000000001,-0.30589,-0.09856,208.5672,1203.002,-0.281208,-0.066681,0.01707,-0.18876,1.99875,151.6583,59.3407,0.6463184392699811,1.375664,0.226354,0.04856,0.38009,1.99904,0.318189,83.9248,23.6216,0.05264,0.56628,1.99908,0.5490874764002517,-0.003696,1.9997,-0.135777,725.5918,-200.3338,0.01205,-0.49428,0.3871145374449339,-0.48031,-0.234509,646.3328,518.8401,0.02137,-0.08533,9.99964,0.38239458779106356,2.01005807718128
CC(C)NC(C)C.O=C(Cl)c1ccc(Cl)cc1,-291.7616038486593,1.4890151340701954,1056.528720619005,1210.7032223105618,0.21506708806904945,0.8637526297293567,0.08060959745540944,0.13955677882744535,-0.22016637628285476,101.19120000000001,1243.473511967771,-0.599337599501297,0.02063080967045418,0.011858050431558896,-0.21799278745862324,1.9991206517946425,-0.29061523573635895,44.880436008739046,192.61934747152625,0.016451520854165232,-0.7355593249434152,1.9993102172648807,0.6330513977702079,-1263.981948,2.0754,2495.0487,918.639,0.100727,2.063,0.18674,0.09755,-0.28429,-0.08919,175.014,1159.235,-0.395009,-0.059104,0.01687,-0.19718,1.99875,148.1762,63.8432,0.6469477658904972,1.447541,0.216306,0.04848,0.37028,1.99904,0.314974,85.26,24.3534,0.05263,0.56696,1.99907,0.5487728130899937,-0.010873,1.9997,-0.140838,706.9426,-190.8553,0.01202,-0.49966,0.38719320327249845,-0.497634,-0.243186,647.8379,524.4538,0.02115,-0.09408,9.99965,0.38231592196349906,1.3258008215653436
CC(C)NC(C)C.O=C(Cl)c1ccc(Cl)cc1Cl,-291.7616038486593,1.4890151340701954,1056.528720619005,1210.7032223105618,0.21506708806904945,0.8637526297293567,0.08060959745540944,0.13955677882744535,-0.22016637628285476,101.19120000000001,1243.473511967771,-0.599337599501297,0.02063080967045418,0.011858050431558896,-0.21799278745862324,1.9991206517946425,-0.29061523573635895,44.880436008739046,192.61934747152625,0.016451520854165232,-0.7355593249434152,1.9993102172648807,0.6330513977702079,-1723.4939374606504,1.2883800810490484,2980.2158268029457,1474.2397074519768,0.09215022714359405,2.4027020201639373,0.1889194293631092,0.09675937747005803,-0.28567880683316726,-0.09216005189305122,209.45909999999998,1522.9075142418037,-0.4253249866263163,-0.07327173319778336,0.019400577896779823,-0.2055589686983824,1.9986567970101383,141.94229947990505,63.78112283667599,0.6720934400530437,1.383887345120303,0.20099762442309496,0.051071825734569344,0.377952249212696,1.9990716014949308,0.30132847764488324,89.17290808438919,26.71033238705266,0.053662067271891524,0.5672160495446766,1.9991067970101382,0.5710416884369257,-0.02376615770075898,1.9996899999999997,-0.12318614046610027,738.0003184385099,-221.68962119212986,0.01246359402027631,-0.4777808249899132,0.41465210131273,-0.4997364317231278,-0.23461153961306366,691.034157820026,475.66836513053863,0.02126264516867135,-0.09382789320718006,9.999653594020277,0.3876269732870548,1.9887927913246932
CC(C)NC(C)C.O=C(Cl)c1ccc(F)cc1,-291.7616038486593,1.4890151340701954,1056.528720619005,1210.7032223105618,0.21506708806904945,0.8637526297293567,0.08060959745540944,0.13955677882744535,-0.22016637628285476,101.19120000000001,1243.473511967771,-0.599337599501297,0.02063080967045418,0.011858050431558896,-0.21799278745862324,1.9991206517946425,-0.29061523573635895,44.880436008739046,192.61934747152625,0.016451520854165232,-0.7355593249434152,1.9993102172648807,0.6330513977702079,-903.560911,1.3905,1932.8255,1039.562,0.101816,2.1677,0.18521500000000002,0.102935,-0.28815,-0.08228,158.5594,1118.02,-0.402654,-0.063696,0.0167,-0.20093,1.99875,144.8678,66.2483,0.6475770925110133,1.405945,0.206459,0.0484,0.35807,1.99903,0.313827,86.1662,24.8469,0.05265,0.56797,1.99907,0.5505034612964128,-0.01578,1.9997,-0.143118,697.5602,-186.3864,0.01202,-0.50216,0.38735053492762744,-0.489988,-0.246855,647.3665,526.5674,0.02105,-0.09791,9.99965,0.38247325361862805,1.0636259425726358
CC(C)NC(C)C.O=C(Cl)c1ccc(F)cc1F,-291.7616038486593,1.4890151340701954,1056.528720619005,1210.7032223105618,0.21506708806904945,0.8637526297293567,0.08060959745540944,0.13955677882744535,-0.22016637628285476,101.19120000000001,1243.473511967771,-0.599337599501297,0.02063080967045418,0.011858050431558896,-0.21799278745862324,1.9991206517946425,-0.29061523573635895,44.880436008739046,192.61934747152625,0.016451520854165232,-0.7355593249434152,1.9993102172648807,0.6330513977702079,-1002.6542594723891,1.5628342043633043,2120.324392652248,1108.7274438818417,0.09460995236304569,2.9002627333284448,0.18897774100507306,0.1031808922527925,-0.29215863325786556,-0.08579684875228055,176.5499,1217.2759401612166,-0.4762535813565251,-0.14156288723632596,0.01749714178274225,-0.2655723345228288,1.9987275595461926,125.52130121331402,76.87735232825071,0.6601959388546843,1.4011957195348994,0.21017866036864236,0.05033202645075863,0.3574196198405706,1.999092440453807,0.31311296107594244,89.14458035729169,29.976610165880096,0.053738691863957924,0.5602134195157078,1.9991175595461927,0.5592025931930473,-0.0013660944016755583,1.999692440453807,-0.12574949132688037,715.3363046299694,-206.25609228525013,0.012154107747207482,-0.4855636222965187,0.4016195195314515,-0.4835200440528855,-0.24479578722213755,687.6901003715086,492.5449564929477,0.021139816660918742,-0.0970344038983523,9.99966023818477,0.38741746794270504,1.977088178356645
CC(C)NC(C)C.O=C(Cl)c1ccc(OC(F)(F)F)cc1,-291.7616038486593,1.4890151340701954,1056.528720619005,1210.7032223105618,0.21506708806904945,0.8637526297293567,0.08060959745540944,0.13955677882744535,-0.22016637628285476,101.19120000000001,1243.473511967771,-0.599337599501297,0.02063080967045418,0.011858050431558896,-0.21799278745862324,1.9991206517946425,-0.29061523573635895,44.880436008739046,192.61934747152625,0.016451520854165232,-0.7355593249434152,1.9993102172648807,0.6330513977702079,-1216.116295,1.9373,4202.2051,1483.97,0.123247,2.1043,0.18684,0.10098000000000001,-0.28782,-0.08586,224.5666,1686.329,-0.41883,-0.055985,0.01693,-0.20009,1.99875,144.7474,65.8979,0.6455317809943361,1.437835,0.211505,0.04838,0.36227,1.99903,0.315037,85.8367,24.8444,0.0526,0.56737,1.99907,0.5483008181246066,-0.013036,1.9997,-0.141975,702.237,-188.2112,0.01203,-0.50095,0.3865638766519824,-0.492427,-0.24471,647.5785,525.941,0.02111,-0.09583,9.99965,0.382001258653241,1.531127434573906
CC(C)NC(C)C.O=C(Cl)c1ccc(SC(F)(F)F)cc1,-291.7616038486593,1.4890151340701954,1056.528720619005,1210.7032223105618,0.21506708806904945,0.8637526297293567,0.08060959745540944,0.13955677882744535,-0.22016637628285476,101.19120000000001,1243.473511967771,-0.599337599501297,0.02063080967045418,0.011858050431558896,-0.21799278745862324,1.9991206517946425,-0.29061523573635895,44.880436008739046,192.61934747152625,0.016451520854165232,-0.7355593249434152,1.9993102172648807,0.6330513977702079,-1539.108656,10.93545,4535.03445,1625.511,0.120362,1.4151,0.19517500000000002,0.09453500000000001,-0.28971,-0.10064,240.6272,1337.92,-0.29784849999999996,-0.0998015,0.01897,-0.20292,1.99876,153.6659,59.602199999999996,0.6472624292007552,1.4163860000000001,0.25255150000000004,0.05244,0.4746,1.99909,0.3170855,83.78805,23.4428,0.05266,0.56606,1.99908,0.5502674638137193,-0.18941449999999999,1.99969,-0.1355175,726.435,-201.13459999999998,0.01204,-0.49415,0.3878618628067967,-0.49045249999999996,-0.234585,646.7714000000001,518.4003,0.02136,-0.08533,9.99964,0.38333857772183766,1.6918773108865175
CC(C)NC(C)C.O=C(Cl)c1ccc([N+](=O)[O-])cc1,-291.7616038486593,1.4890151340701954,1056.528720619005,1210.7032223105618,0.21506708806904945,0.8637526297293567,0.08060959745540944,0.13955677882744535,-0.22016637628285476,101.19120000000001,1243.473511967771,-0.599337599501297,0.02063080967045418,0.011858050431558896,-0.21799278745862324,1.9991206517946425,-0.29061523573635895,44.880436008739046,192.61934747152625,0.016451520854165232,-0.7355593249434152,1.9993102172648807,0.6330513977702079,-1008.649643,2.8883,2934.3431,1429.187,0.114492,1.9316,0.21973499999999999,0.09540499999999999,-0.31514,-0.12433,185.5665,1180.633,-0.243545,-0.095972,0.01759,-0.19498,1.99875,153.1256,57.3166,0.6472624292007552,1.373848,0.307302,0.05273,0.54955,1.99909,0.319677,82.3735,23.8112,0.0527,0.56324,1.99908,0.5486154814348647,-0.149197,1.99968,-0.131168,741.5805,-208.9034,0.01209,-0.49014,0.3881371932032725,-0.473753,-0.225712,643.2683,512.101,0.02162,-0.07607,9.99964,0.38215859030837,2.5749436926484166
CC(C)NC(C)C.O=C(Cl)c1ccc2ccccc2c1,-291.7616038486593,1.4890151340701954,1056.528720619005,1210.7032223105618,0.21506708806904945,0.8637526297293567,0.08060959745540944,0.13955677882744535,-0.22016637628285476,101.19120000000001,1243.473511967771,-0.599337599501297,0.02063080967045418,0.011858050431558896,-0.21799278745862324,1.9991206517946425,-0.29061523573635895,44.880436008739046,192.61934747152625,0.016451520854165232,-0.7355593249434152,1.9993102172648807,0.6330513977702079,-957.8231548793865,8.942984281922897,3120.642424188284,1617.483620444743,0.15897933382482796,3.963189472116048,0.1688166691241398,0.08189167649655926,-0.25070834562069905,-0.08692499262758055,190.6287,1577.0617708477648,-0.406241613979723,-0.0853495998229043,0.01913813624300125,-0.18617714833386767,1.9987759805367138,143.21741244463914,64.17324326159877,0.6477991941427841,1.4941111495158192,0.2417364895313614,0.05284029194928839,0.45526854910095393,1.9990940194632858,0.3139393768798561,87.57417048040392,23.502188115581014,0.052508428192289645,0.5698158832202846,1.9990640194632858,0.5497785108064259,-0.20163146446439634,1.9996899999999997,-0.14309156915373786,699.7480535233219,-189.1846326741985,0.01198794161014232,-0.5022111235626368,0.38731661884381463,-0.5121153102357949,-0.2502995078146661,650.3423603945448,527.1525046879868,0.020885980536714102,-0.10191680330266659,9.999655980536714,0.3832938279780859,1.0250341835977514
CC(C)NC(C)C.O=C(Cl)c1cccc2ccccc12,-291.7616038486593,1.4890151340701954,1056.528720619005,1210.7032223105618,0.21506708806904945,0.8637526297293567,0.08060959745540944,0.13955677882744535,-0.22016637628285476,101.19120000000001,1243.473511967771,-0.599337599501297,0.02063080967045418,0.011858050431558896,-0.21799278745862324,1.9991206517946425,-0.29061523573635895,44.880436008739046,192.61934747152625,0.016451520854165232,-0.7355593249434152,1.9993102172648807,0.6330513977702079,-957.8186401303651,7.76497366122391,2727.8224101566643,1452.655905920424,0.1591435410273463,3.138155778233965,0.17141258730322817,0.07978083346207067,-0.2511934207652988,-0.09163175384115753,190.62869999999998,1654.673933628048,-0.3606608914538662,-0.060651833547166085,0.019562781082751415,-0.15268271376427908,1.9987499999999998,140.36828004155382,67.13279503149818,0.67083710319587,1.4184804447627122,0.24250688344425783,0.05177296194712997,0.4757362417913853,1.9991198794237475,0.3059404481129295,90.28639256302401,23.548420283844816,0.051731334167722944,0.5763399240539799,1.9990998794237473,0.5737331192431018,-0.21399212998145925,1.9996800602881257,-0.14835273747499386,677.8735529026063,-199.8173439886677,0.012231266050649904,-0.5084526793064421,0.42167378684587214,-0.536095752759764,-0.25799595608850817,690.7625756377732,499.1303403904185,0.020573617287571157,-0.11333870811906079,9.999669879423749,0.38839317125744705,0.6024305828742751
CC(C)NC(C)C.O=C(Cl)c1ccccc1,-291.7616038486593,1.4890151340701954,1056.528720619005,1210.7032223105618,0.21506708806904945,0.8637526297293567,0.08060959745540944,0.13955677882744535,-0.22016637628285476,101.19120000000001,1243.473511967771,-0.599337599501297,0.02063080967045418,0.011858050431558896,-0.21799278745862324,1.9991206517946425,-0.29061523573635895,44.880436008739046,192.61934747152625,0.016451520854165232,-0.7355593249434152,1.9993102172648807,0.6330513977702079,-804.46025,0.6975,1464.397,1335.877,0.109113,3.4435,0.18524,0.10419999999999999,-0.28944,-0.08104,140.5689,1259.541,-0.319057,-0.06921,0.01701,-0.18925,1.99875,150.2369,61.7104,0.6467904342353682,1.381429,0.207568,0.04848,0.36494,1.99903,0.313396,86.434,23.3461,0.05259,0.56996,1.99907,0.5492448080553808,-0.014961,1.9997,-0.142092,704.1163,-190.2727,0.012,-0.50042,0.3867212083071114,-0.491795,-0.248031,648.8095,526.2085,0.02098,-0.09932,9.99965,0.38247325361862805,1.0452766085283072
CC(C)NC(C)C.O=C(Cl)c1ccco1,-291.7616038486593,1.4890151340701954,1056.528720619005,1210.7032223105618,0.21506708806904945,0.8637526297293567,0.08060959745540944,0.13955677882744535,-0.22016637628285476,101.19120000000001,1243.473511967771,-0.599337599501297,0.02063080967045418,0.011858050431558896,-0.21799278745862324,1.9991206517946425,-0.29061523573635895,44.880436008739046,192.61934747152625,0.016451520854165232,-0.7355593249434152,1.9993102172648807,0.6330513977702079,-802.2749436403665,0.9628803601977091,1106.8639320512225,837.4781616717298,0.07810627687091332,4.223320701907314,0.17692659069992278,0.09926084693630044,-0.2761874376362232,-0.07766574376362233,130.53050000000002,1023.5943809662729,-0.2571876525553629,0.07456587223868763,0.028521784583548964,0.16679427666839172,1.9986394965983396,84.42036001940463,48.795129254280766,0.6092274123751691,1.4654626254563974,0.18523025001857074,0.045608009071094816,0.29806073691619983,1.9990367505669435,0.28778355340700085,80.27414887766211,36.27046418281246,0.04943652154385018,0.5133097981460898,1.9990600000000003,0.5273364642768135,-0.01243844273116867,1.999706750566944,-0.14375068628124404,690.1763189879638,-171.46429701179642,0.012345972786715571,-0.4947455057576371,0.3678338463825751,-0.4709219205838191,-0.23281669984785022,670.2421570172194,515.4998959950124,0.022066292520756925,-0.08390614500521279,9.99965324943306,0.373560076402609,1.656208619091353
CC(C)NC(C)C.O=C(Cl)c1cccs1,-291.7616038486593,1.4890151340701954,1056.528720619005,1210.7032223105618,0.21506708806904945,0.8637526297293567,0.08060959745540944,0.13955677882744535,-0.22016637628285476,101.19120000000001,1243.473511967771,-0.599337599501297,0.02063080967045418,0.011858050431558896,-0.21799278745862324,1.9991206517946425,-0.29061523573635895,44.880436008739046,192.61934747152625,0.016451520854165232,-0.7355593249434152,1.9993102172648807,0.6330513977702079,-1125.2983746590153,0.8989004644803423,1318.760431390368,1051.8664137490334,0.07514125703092484,3.9869099489807027,0.1825097879616161,0.09715189528668504,-0.27966168324830115,-0.08535789267493107,146.5911,967.0850566647645,-0.36846109931444926,-0.017428701234791306,0.01983363911738161,-0.3620010732506892,1.9987481652957104,92.68784922793068,54.81236467913048,0.6462467515807672,1.4370241272768098,0.2224287020695229,0.04673669408579305,0.36090770231153096,1.9989036391173816,0.30910380250162073,80.55742798492986,32.972354231999795,0.05245018174718617,0.5457332583905814,1.9989436391173816,0.5414205707054607,-0.010696796550940281,1.9997,-0.1456564430324384,653.6458953915552,-169.41871646632262,0.012134495887131043,-0.5017229207448509,0.3800545942263263,-0.48442835604958645,-0.24229535996721743,702.4773700234127,507.97409032060614,0.02155,-0.09357010393236291,9.999647278234763,0.38004302083175984,1.1449272637798753
