,E,ES_root_dipole,ES_root_electronic_spatial_extent,ES_root_molar_volume,E_thermal_correction,dipole,electronegativity,hardness,homo_energy,lumo_energy,molar_mass,molar_volume,C1_APT_charge,C1_ES_root_Mulliken_charge,C1_ES_root_NPA_Rydberg,C1_ES_root_NPA_charge,C1_ES_root_NPA_core,C1_NMR_anisotropy,C1_NMR_shift,C1_VBur,C2_APT_charge,C2_ES_root_Mulliken_charge,C2_ES_root_NPA_Rydberg,C2_ES_root_NPA_charge,C2_ES_root_NPA_core,C2_Mulliken_charge,C2_NMR_anisotropy,C2_NMR_shift,C2_NPA_Rydberg,C2_NPA_charge,C2_NPA_core,O1_APT_charge,O1_ES_root_Mulliken_charge,O1_ES_root_NPA_Rydberg,O1_ES_root_NPA_core,O1_Mulliken_charge,O1_NMR_anisotropy,O1_NMR_shift,O1_NPA_Rydberg,O1_NPA_core,O1_VBur,conversion,selectivity
C#CCOc1ccccc1C=O,-535.2410455833583,2.4125034213292045,2150.9989949346304,1489.2153785820124,0.16346273941497078,4.528223024942871,0.15778865284558838,0.0950371632875073,-0.2528258161330956,-0.06275148955808107,160.17199999999997,1553.232520347169,-0.4124988229312194,-0.11097927665940613,0.018601667805256534,-0.21510644273836133,1.9987836573967632,154.38971112026198,69.265701127824,0.6442100201385521,0.9193154500723255,0.10450032454048554,0.0383783021854762,0.18967758302796445,1.9992688746523393,0.20718607661221053,152.4606998009479,10.842764980699105,0.03876014333060844,0.415581763928604,1.9993186116219688,-0.7170298565387707,-0.06872397521964811,0.012028032517552871,1.99975,-0.22347618407386086,1058.1897783735592,-282.911388654054,0.011326381109151004,1.9997497369696293,0.3458308580326446,89.5,1.3635649667269656
C#Cc1cc(F)ccc1C=O,-520.033272745572,1.8042061002702876,1771.8438089025,1192.0924782201173,0.12079875490075379,2.147357608409767,0.17522591049374084,0.09497410663021767,-0.2702000171239585,-0.08025180386352317,148.13629999999998,961.5378319949376,-0.35714354122900743,-0.06392442231263021,0.017878196136476825,-0.17377441806521648,1.9988,176.75556233008953,61.38093140399671,0.6463932421751861,0.8713421327778302,0.11822309710571541,0.03626508089111736,0.2156260258985879,1.9992509835363772,0.20064853571968214,141.08672198358138,10.022393653502842,0.03784032641846253,0.41697213884396495,1.999300655690918,-0.6951814851536405,-0.06092914988500087,0.01187049105469034,1.9997496721545407,-0.2108987508883755,1041.6369974812114,-288.7312906492553,0.011482785972903848,1.9997496721545407,0.3437644186053297,19.0,1.0449781315533908
C#Cc1ccc(C=O)nc1,-436.9565789521755,0.7733080380524014,1639.9369151131189,1083.076225018815,0.11585684916012458,3.4494680596250635,0.1828187571644066,0.08930913249367413,-0.2721278896580807,-0.09350962467073248,131.1336,1050.3368704651966,-0.13760704859209572,-0.11423616677025783,0.026949716732628286,0.04387546772205251,1.9988399858366315,161.00100160893405,44.38680632917016,0.595185317101119,0.9496358411055607,0.14235476026179164,0.03810001416336859,0.23471966716083825,1.9993000141633688,0.2209620200470373,131.50388842438153,4.363675586745223,0.03917031159410889,0.40917395224161385,1.9993400141633686,-0.7117015527220518,-0.07025223986374945,0.01169061610653349,1.9997499929183158,-0.20091746955524414,1052.1146102832374,-306.8563889428099,0.011420474472847629,1.9997499929183158,0.33935301554754754,98.0,0.9015725489977664
C#Cc1ccc(C=O)o1,-418.7497627919189,0.8729102753415308,1305.402319453649,1192.5369143312437,0.09704122058126849,3.6383305924222276,0.16700329658733462,0.08619729152410521,-0.2532005881114398,-0.0808060050632294,120.10740000000001,869.2349770625406,-0.3095802945821007,0.06928068220727537,0.02786460783797666,0.17777470647066085,1.99872,97.1260887077462,42.60612741186308,0.5754952864231963,1.0644421989497868,0.09144652407915223,0.035677745134163386,0.14150465636474763,1.9992511519594942,0.17924036831974247,129.42638646364608,21.200206240549434,0.03685617648607002,0.364327328971945,1.9993011519594943,-0.77361628876199,-0.05488542111518461,0.012412941083579869,1.999758848040506,-0.2125292393026948,1034.160600453907,-279.88672577332284,0.011602573448132385,1.9997500000000001,0.32656113183168245,99.0,1.3879726066972542
C#Cc1cccc(C=O)c1,-420.9338629529625,1.6250811389507023,1583.4778709464765,1089.3135602606453,0.12799810048273308,2.9135261593747854,0.1689677713925008,0.09330890609728715,-0.262276677489788,-0.07565886529521365,130.1458,939.377444690803,-0.3082948505547787,-0.06881408582844561,0.017392560772372934,-0.18007536463423762,1.99879,174.98986853056127,59.369890285035076,0.618797384169904,0.9465956509112645,0.0928452186943951,0.03792487845525413,0.19277510487932661,1.99926,0.19919035023839254,128.66239072469443,8.381247379427018,0.0388430794207203,0.4230833225102121,1.9993,-0.7018171177542574,-0.054074439141479594,0.01228179903453383,1.99975,-0.20732851514296857,1026.3930220705527,-291.74061529506,0.011547439227627066,1.99974,0.3405947288462267,99.0,1.3879726066972542
C#Cc1ccccc1C=O,-420.9331714837762,0.8258544609527286,1401.843945761033,1222.5637339201724,0.12813102886576638,3.1247413656561385,0.17105716520964592,0.09289500493862621,-0.26395217014827216,-0.0781621602710197,130.1458,1126.7887141114945,-0.2685402891288492,-0.070061398147763,0.01814796416472334,-0.1616638527079924,1.9988,181.87259556254352,57.486801332043235,0.648213388960541,0.8519586604051942,0.1179712914822555,0.03626720259580241,0.2206361176602503,1.9992509556997666,0.20031032926526585,142.21881664254036,8.178644020545699,0.03773006969510282,0.41867200592635145,1.9993006371331778,-0.6872241828035015,-0.06135503287210093,0.011840831264023747,1.9997496814334108,-0.20976421874082657,1053.6779546101193,-295.2849906545318,0.011472105530379481,1.9997496814334108,0.3457090987327684,99.0,1.3879726066972542
C=C(C)COc1ccccc1C=O,-575.7084513221215,2.8233970536697157,2918.7369802245216,1469.4659381975462,0.21700594528746972,4.787492106475821,0.15434440510197248,0.09316851013921215,-0.24751291524118466,-0.061175894962760324,176.21459999999996,1676.7111671704586,-0.4338647693631688,-0.11490483680744079,0.018513640922473207,-0.216954820593864,1.998785941246977,151.9335304612193,70.64432449603055,0.641311688404951,0.9235859564561002,0.1000103268903211,0.038529011437477306,0.18742080198138172,1.99926,0.2033612904986942,152.9371025118847,11.254829253776407,0.0387375299758172,0.4149673730302267,1.99931,-0.726006841839341,-0.06957138368655676,0.012039424956271283,1.9997499999999997,-0.22510449050391707,1057.5676992024214,-281.3719332209545,0.0113118824939543,1.9997499999999997,0.3432542865631347,95.0,1.3879726066972542
C=CCOc1ccc(C=O)cc1OC,-650.790491832833,1.5696789758740772,3509.121469903097,1768.8843460564178,0.22201884824048604,2.4763906149950965,0.14861288248647261,0.08905611802359342,-0.237669000510066,-0.05955676446287917,192.21400000000003,1639.3008128707354,-0.41358376366699623,-0.0440847123634152,0.01728109133348199,-0.1736465808775334,1.9988100000000002,163.98653776007026,63.70872319504506,0.6171698457511947,1.036008540892955,0.07344596008043056,0.03808340156880997,0.16996729325622675,1.9992405058299318,0.1907945889976899,128.08768543585222,9.789535249850625,0.03879423636763106,0.4175635439750842,1.9992873371236175,-0.7526656121457505,-0.07156549507974692,0.012347360543354644,1.99975,-0.22443032019967454,983.0879623870848,-266.0646890483879,0.011498318150113073,1.99975,0.34044462710212275,71.0,1.1109847771625294
C=CCOc1cccc(C=O)c1,-536.4780845204202,1.4071859861661031,2692.474318294451,1408.196596346839,0.1872203906546869,2.168134202650719,0.1579519898170377,0.09037628397123021,-0.2483282737882679,-0.06757570584580751,162.1878,1529.9199442809506,-0.22939719083254984,-0.058167575717878534,0.017470564266755993,-0.16063951963955087,1.9988195420378079,172.1319083239033,57.45213583523112,0.6200890757441498,0.9452923441763748,0.08049917244399124,0.03795116563017147,0.18350438955167053,1.9992504579621924,0.19478197569746997,129.49215180738923,7.9083713906496556,0.03870427925391532,0.4229999138332786,1.9992909580261835,-0.7006801847632833,-0.06304075036032497,0.012300139370993949,1.9997500000000001,-0.21507210468986324,1009.2764474334035,-280.7418174372535,0.01152858401162463,1.99974,0.3417879185730719,97.0,1.3879726066972542
C=CCOc1ccccc1C=O,-536.4759922038883,2.7574490182047877,2541.9191675803204,1387.5526134926197,0.18756075100971686,4.70028442002854,0.1547104667925694,0.09334431753644462,-0.248054784329014,-0.06136614925612481,162.18779999999998,1407.5934035772752,-0.43959020362011403,-0.1171639260393496,0.018441780315057617,-0.21790433243988655,1.998789812486693,152.56248402209633,70.63458333105802,0.6390822873259693,0.918439990529881,0.10391371508820502,0.03834142912323403,0.18925970179530177,1.9992701070629515,0.20590664950652085,153.49237894673843,10.987407622412746,0.03871335993175298,0.4142778797725396,1.9993101070629513,-0.7237276355376951,-0.06928457500768312,0.011998024208293889,1.9997499733874027,-0.22509522026414433,1059.3513835883005,-282.1414599420849,0.011307677631971599,1.9997498929370479,0.3439526287546655,94.0,1.3879726066972542
C=Cc1cccc(C=O)c1,-422.1662553336665,1.4473640148546632,1650.8272453890113,1259.0941748900182,0.1519781539908144,3.227195293864402,0.16170522435665668,0.09010654740652974,-0.25181177176318637,-0.07159867695012695,132.16159999999996,1302.8541215692833,-0.3014991656787941,-0.05976523873455337,0.0174764714703983,-0.17610968125870313,1.9987937253921777,173.5290992192177,58.80672047418721,0.6178630119432058,0.9516621741290361,0.08557784655658693,0.037946663334050855,0.19086621771510967,1.9992499999999995,0.1945449728153568,128.4754491609039,7.870744909422365,0.03881784450950847,0.42298175676641525,1.9992999999999999,-0.7069131036202476,-0.05690288226336454,0.012278430098313562,1.9997499999999997,-0.21111601518722628,1019.4349844604526,-287.36749847648457,0.011527450784355932,1.9997399999999999,0.3402528551038122,98.0,1.3879726066972542
C=Cc1ccccc1C=O,-422.161836,1.1736,1473.71945,1218.8365,0.152165,3.2337,0.16538999999999998,0.09214,-0.25753,-0.07325,132.1616,1210.313,-0.304069,-0.092116,0.01776,-0.16688,1.99878,167.27055000000001,63.4727,0.6500943989930774,0.9019284999999999,0.088719,0.03754,0.19689,1.99926,0.189184,146.1711,10.1226,0.03799,0.4179,1.9993,-0.713243,-0.063342,0.01216,1.99975,-0.214462,1055.1114,-292.39485,0.0115,1.99975,0.3443203272498427,98.0,1.3879726066972542
CC(C)(C)OC(=O)COc1ccc(Br)cc1C=O,-3377.8095666754657,2.946406708509889,6066.895219546006,2168.219102162128,0.27879497608619075,3.8228051738800373,0.1650780957787631,0.08785579035743231,-0.2529338861361954,-0.07722230542133077,315.1631,1936.7908690122686,-0.38241295833150324,-0.12849228714145744,0.01984933376121112,-0.2040793306036876,1.9987404854953756,155.98481673786782,65.6454316629575,0.7098353125452442,0.8660972507169751,0.12141334693001854,0.0387421132087203,0.20800852718447452,1.999260195725412,0.21509561854887935,157.44139249060882,9.587923158963102,0.03934356507844589,0.4189197005742025,1.9993101590350586,-0.6717776862577634,-0.0662085036522191,0.011991411886042852,1.9997499633096467,-0.21941717544209008,1067.7370964934225,-287.6419520776047,0.01124564715567253,1.999749901511817,0.36669419739770104,99.0,1.3879726066972542
CC(C)(C)OC(=O)N1CC(Sc2ccc(C=O)cc2)C1,-1259.9293647180143,2.542804750267382,10537.760878105408,2442.3554408811247,0.3393514909965565,2.85392098549798,0.15518663220872222,0.08514354444695299,-0.2403301766556752,-0.07004308776176923,293.38,2396.561918479698,-0.5158606340812548,-0.06440870432530062,0.017446549928821845,-0.19332683660507682,1.9987899999999998,170.62163735306186,63.08674056130555,0.6173477917403644,1.09780789525227,0.08705593077427037,0.03778327496441092,0.1861762530209789,1.9992499999999997,0.19257285276505226,127.62922619186637,9.728815135433724,0.03894964932139336,0.4161222192080135,1.9992899999999998,-0.7769865543169324,-0.06090610721477062,0.012256374356982437,1.9997499999999997,-0.2170352564261847,1004.2274512338151,-277.7129582361261,0.011519999999999999,1.9997499999999997,0.3397692082652273,46.0,1.1883837141090154
CC(C)(C)OC(=O)N1CCC(c2ccc(C=O)cc2)CC1,-940.3121169820024,2.6832908964639106,9964.516473235775,2771.218798596245,0.39834392860427653,3.4214208011662652,0.15843888996910357,0.09210760276064342,-0.250546492729747,-0.06633128720846017,289.3736,2408.6688229423708,-0.40688602874344026,-0.06207474555501338,0.017315885085371383,-0.18194946156287753,1.99879,172.94041354393056,60.40269344241406,0.6166938684780581,1.0302038914812566,0.08168153881897919,0.03810999692690856,0.18150822478674955,1.9992499999999997,0.19434557223891646,127.73752143254012,8.59889073010845,0.038880000566860064,0.4197893927296982,1.9992899999999998,-0.7443119150821714,-0.06094639175869229,0.012319999353542903,1.99975,-0.21459066904833585,1011.0474480363182,-283.30766101135197,0.011515883872054216,1.99974,0.338957212308911,96.0,1.3879726066972542
CC(C)(C)OC(=O)N1CCCc2cc(C=O)ccc21,-861.8668197796158,1.947699740513592,5963.990471758898,2511.495766239203,0.33790515709207947,3.2755135695776567,0.1493012382294985,0.08860296494668347,-0.237904203176182,-0.060698273282815025,261.32,2287.007064934329,-0.48234222885143047,-0.0377776001330538,0.017502654982227826,-0.18093857514049844,1.99879,167.17109461173658,64.3836866608271,0.6163978751584985,1.0766102580602044,0.07911209152732983,0.038049152872376146,0.17742034079806882,1.99924,0.191516223626854,127.73130850384271,9.463576436188074,0.038852768581584096,0.41744610515994957,1.99929,-0.7757102207237492,-0.0669561798154356,0.012302768581584097,1.9997499999999997,-0.22136753424612413,996.1371286544465,-272.66176620876115,0.011484576436188072,1.9997499999999997,0.3394572675786971,93.0,1.3879726066972542
CC(C)(C)OC(=O)N1CCCc2ccc(C=O)cc21,-861.8670562185929,2.220496417810178,5215.862953299729,2217.0695109542994,0.3378877398151168,3.6234029372251078,0.14963144488073893,0.08626048297991709,-0.23589192786065605,-0.06337096190082186,261.32,2012.26461185353,-0.31891016334858463,-0.05923252934388585,0.017400442383112072,-0.1698624555364689,1.9987916030447614,166.95779552930085,61.31531493411572,0.6212553178672712,0.980455689249926,0.07543315081083068,0.038240210332209486,0.17886261357821442,1.99925,0.1944526176091367,130.17456337142306,7.834767972435697,0.03861491557916514,0.4244664796094202,1.9992903991474646,-0.7229770390357917,-0.07061570863481445,0.012419225576008313,1.9997499999999997,-0.2190869231173852,998.6046760503435,-273.64468356211484,0.011433223505557227,1.99974,0.35744173714077576,90.0,1.3879726066972542
CC(C)(C)OC(=O)N1CCN(c2ccc([N+](=O)[O-])cc2C=O)CC1,-1160.51562600882,8.76888129511619,8208.027019532023,2486.864432999907,0.39266072263193713,8.001382238447869,0.16301985936789934,0.0801271825328302,-0.2431470419007295,-0.08289267683506912,335.35900000000004,2710.3252927144113,-0.503608741369198,-0.10754722150386993,0.018968733053525602,-0.1809168154842886,1.9988211409022454,142.92402705479714,71.04211620038431,0.7013972116105205,0.8641403969058569,0.08369719867832587,0.04267068942344945,0.2033773641439152,1.9992692892648691,0.1736976031261728,141.14651879303958,11.490010994938626,0.040399862374103,0.4033427869907811,1.9992900000000002,-0.6740624926648053,-0.12916459471342512,0.012982674236642028,1.9997418516373768,-0.21134080902422434,1021.8935351796702,-271.99064693548854,0.011517406549506086,1.9997400000000003,0.35503325001381447,35.0,1.0180107051043732
CC(C)(C)OC(=O)N1CCc2c(C=O)cccc21,-822.6424884247854,2.1822199746258697,5771.399570937626,1906.1936312341127,0.30767876598263866,1.677028982141473,0.14621236730468468,0.08157485238259558,-0.22778721968728027,-0.0646375149220891,247.2932,2128.660005660958,-0.2527569189890595,-0.0626157938910754,0.018246323130425422,-0.16363899652234734,1.99874,161.99582515659733,63.61379410518114,0.6430376140313063,0.9534132133977472,0.06048488640739651,0.037757654400172175,0.17472664549630532,1.99926,0.17529395707133222,131.4853893746237,6.156490979013558,0.038096913600043046,0.4220023455998278,1.9992999999999999,-0.6962177941501972,-0.07063990791470694,0.012210590469617618,1.99975,-0.2233570263909032,1023.9564318435347,-295.2316811635971,0.011631910886935933,1.99975,0.37958195364096764,43.0,1.3879726066972542
CC(C)(C)OC(=O)N1CCc2cc(C=O)ccc2C1,-861.8637122253701,2.242066892417736,6920.7690644754075,2162.267933532981,0.33795985383726174,3.080671570249986,0.160616765185513,0.09439324644702382,-0.2550100116325368,-0.06622351873848914,261.32000000000005,2374.85961857197,-0.37725190939978887,-0.05247658270732978,0.017581304265513582,-0.17415749982056425,1.9988000000000001,170.75126234203532,60.86613821632398,0.6174038457391611,1.0105374007677836,0.08045256077768374,0.03810816530726481,0.1818036934045303,1.9992500000000002,0.19333393777913754,127.90189451111021,8.41419478034487,0.03883189084396624,0.4208265869291352,1.9992966079885732,-0.7373441789452815,-0.061807363894503205,0.012326301974503996,1.99975,-0.21430369339137936,1011.6696299075038,-283.06658063677156,0.011513342503735141,1.9997400000000003,0.339788661083282,87.0,1.3879726066972542
CC(C)(C)OC(=O)N1CCc2cc(C=O)sc2C1,-1182.6985970496712,1.9804168855164594,6483.732180905197,2461.4339494730557,0.30451934621105603,3.6422151564545517,0.16201202292413244,0.09209555402249334,-0.2541075769466258,-0.0699164689016391,267.3422,1856.3931244748974,-0.4060313595913858,0.0001575140095691464,0.01978333793252002,-0.33961445977506677,1.9988000000000001,114.26935749342364,54.13660895764389,0.6134710979980071,1.0791492999387728,0.09636694343000375,0.03630555402249333,0.17755991721463965,1.99917,0.1830712354065574,132.78133918507058,19.844744226225682,0.039656662067479975,0.39239558161761345,1.9992200000000002,-0.7765262114189855,-0.06021636372386597,0.012185554022493326,1.99975,-0.2183386294850555,978.9931251209719,-262.9843169595499,0.011545554022493326,1.99975,0.3328351164254248,96.0,1.3879726066972542
CC(C)(C)OC(=O)N1CCc2ccc(C=O)cc2C1,-861.8637429743544,2.2773413274370973,6634.712146463302,2289.0874609154234,0.33799075380830657,2.958562247511859,0.16018749077263889,0.09406893528450715,-0.25425642605714605,-0.06611855548813175,261.32,2127.9949234942505,-0.37270673859687237,-0.05214549157344932,0.017657487825342016,-0.17383788378728515,1.9988,170.62799754841052,60.87285967034196,0.6166602968693651,1.0030039365892354,0.0800840659309962,0.038178557674939974,0.1819397632797428,1.99925,0.19328334609731557,127.99806900607737,8.465250771368051,0.03881971956148411,0.42057471414596115,1.9992916559679972,-0.7330058978983809,-0.06530849200433211,0.012354914924286016,1.99975,-0.21443839205109896,1010.9475004445287,-282.66863854520074,0.011516115868071048,1.99974,0.3398708691380976,92.0,1.3879726066972542
CC(C)(C)OC(=O)N1CCc2sc(C=O)cc2C1,-1182.7015559235151,3.1462523883667637,6666.493470888141,2619.7411376625914,0.3045049261015057,3.6620507075390476,0.16263624738908186,0.09165024632831442,-0.2542864937173963,-0.07098600106076744,267.3422,2330.271194554881,-0.41968341527505115,-0.013380743424815357,0.02008252096934597,-0.3407647956103775,1.9988281918244153,110.86727209246742,51.42457557987981,0.6118959965101067,1.0514886851154064,0.10871487759582919,0.03583194443533323,0.18122682922693184,1.999160602725195,0.18982484026658883,131.45485280011135,18.71214997867975,0.039057368962087925,0.39437523588464196,1.9992106027251948,-0.7588820360060697,-0.06477232921053164,0.012349150946490601,1.9997499999999997,-0.22061317508173872,947.9184428464796,-254.967459995323,0.011737342770905702,1.9997499999999997,0.33618822678635835,68.0,1.3879726066972542
CC(C)(C)OC(=O)N1Cc2ccc(C=O)cc2C1,-822.6346900794679,2.3171259121804653,6938.235559627447,2259.6125199385815,0.30717396026613053,2.706465607310093,0.16085220199597855,0.09037246688844205,-0.25122466888442063,-0.0704797351075365,247.29320000000004,2021.559830300086,-0.3705205891690796,-0.0614272781370867,0.017510000000000005,-0.1734797351075365,1.9988200000000003,172.3019579436789,59.39928941668157,0.6179336202093519,1.0050203402288653,0.08189507269067622,0.03800480133065237,0.18338556274173373,1.9992500000000002,0.19333705291659223,127.17223568001194,8.528177182427761,0.03887986755376825,0.4205465231316652,1.9993000000000003,-0.7449087948630921,-0.058337218567232646,0.012319867553768247,1.9997500000000001,-0.21133726815719395,1012.5295607333751,-285.31038106915406,0.011524933776884124,1.99974,0.3406188657573394,97.0,1.2845864866092154
CC(C)(C)OC(=O)c1cc(F)c(C=O)c(F)c1,-888.2921830311798,2.221176407325183,5403.595497302305,1969.8611769187346,0.23772453754611766,4.5678814309833164,0.1844253754611767,0.08852075092235337,-0.2729461263835301,-0.09590462453882331,242.22180000000003,1638.1163094240983,-0.4740196301419488,-0.24205641401977124,0.018742371771763203,-0.3210201190047031,1.9987446245388236,136.05642728785872,78.78295285028311,0.6488494324584088,0.9776669475159814,0.14601778948094793,0.039549249077646634,0.23477699631058654,1.99932,0.2041681329301272,143.11379653800714,14.882539235502616,0.04148462453882332,0.40075288468471043,1.9993700000000003,-0.6772301089911761,-0.02336242425578183,0.011964624538823316,1.9997500000000001,-0.18826601309319424,1136.5872550140807,-336.39365706128285,0.011574624538823314,1.99974,0.3568418805389626,99.0,1.3879726066972542
CC(C)(C)OC(=O)c1ccc(C=O)cc1,-690.0998268175522,2.952862551319206,4535.659488732142,2038.327697976657,0.25216562290603306,3.239264264682528,0.18037581937355412,0.09365122906033116,-0.27402704843388526,-0.08672459031322295,206.2408,1421.5844881217095,-0.3092068707083257,-0.07528823761612642,0.01723,-0.18761213219256062,1.9988000000000001,176.628304261007,57.134061197811334,0.6176454040172701,0.9929012137700606,0.1131807487239739,0.03689459031322295,0.2268991806264459,1.99925,0.19742369664744872,129.29285021701543,7.726504771417435,0.03879459031322295,0.4210736034223181,1.9992999999999999,-0.720003286622859,-0.04525428149671179,0.011894590313222948,1.9997500000000001,-0.20630413437373604,1038.1902058260196,-300.8221042059265,0.011544590313222948,1.99974,0.339129700419688,97.5,1.3879726066972542
CC(C)(C)OC(=O)c1cccc(C=O)c1,-690.1004785953401,1.9503165888826128,4264.473903993394,1701.4492181913643,0.2521902522467299,3.5679628585300502,0.17358385528849257,0.0980566714972893,-0.2716405267857819,-0.0755271837912033,206.24079999999998,1759.748042262266,-0.33970250012596714,-0.06744120239156746,0.017376161788657477,-0.18404864892806716,1.9987943788456655,172.6186881892862,59.21003391267759,0.6174403016024379,0.9457470073568064,0.09355119847925344,0.037869912620098804,0.1966925079103603,1.9992556211543344,0.19736472517458747,128.44151568727509,8.036395827072536,0.03884746059952906,0.42240329608269706,1.9992999999999999,-0.7137380400442404,-0.0545039981593575,0.012230463664824191,1.9997499999999997,-0.20921349595601907,1023.6772289766047,-290.0836582709764,0.011528663563913686,1.99974,0.3407003261874191,93.5,1.3879726066972542
CC(C)(C)OC(=O)n1c(C=O)cc2cc(Br)ccc21,-3394.847061355003,5.593939109941063,8732.00488376552,2449.6528824020784,0.2752208296445182,3.4256343631280433,0.16593093085631577,0.08310813481328772,-0.2490390656696035,-0.08282279604302806,324.1735,2062.1001470443607,-0.2510602430143353,0.05768241576971449,0.02341752723197215,0.047166413613049935,1.9987944927077628,103.18283741820251,55.862479946303196,0.6419218623382832,1.0736135557963453,0.11185700940911636,0.03552025260568313,0.18247478373292947,1.999238950401785,0.1967251225843922,136.92914038692817,16.56838925831108,0.03668448112820799,0.39236110942155444,1.9992844576940219,-0.7801308737628089,-0.054500328782947596,0.012214469548653078,1.999755507292237,-0.21463095739689034,1024.250085234488,-285.308661857791,0.011587505792580256,1.9997410145844743,0.39862658222779856,91.0,0.9634398649569116
CC(C)(C)OC(=O)n1ccc(C=O)c1,-668.084714169241,2.4441599334406083,3723.571966521979,1604.0385880723477,0.2339887495269682,5.096048849553933,0.15227685433480972,0.09931557872503458,-0.2515924330598443,-0.05296127560977514,195.21760000000003,1542.1285803570777,-0.4458870490948403,-0.09398920504499467,0.018110516369566513,-0.22837689674482686,1.9988270505551622,121.98881060905198,64.93236172396928,0.5939283426329665,1.0160344808606672,0.07976381799751853,0.037488258186624435,0.15409579911179067,1.9992229494448386,0.19431306812174245,138.59057093401074,15.188713261093174,0.03785551878871929,0.4103510180432907,1.9992629494448386,-0.7461154840968836,-0.07001321850403838,0.012486059997844298,1.9997537007008965,-0.22597917226400582,1006.3570178756532,-277.6915972432472,0.011499213086434416,1.9997500000000001,0.33006891316453024,83.5,1.339157326756677
CC(C)(C)OC(=O)n1ccc2cc(C=O)ccc21,-821.4556801643121,2.9501328500195996,6050.38850818486,1878.3762896596231,0.2838414653965662,5.844761396860187,0.14843907710784965,0.09156869813369892,-0.2400077752415486,-0.056870378974150745,245.2774,1764.4313646014725,-0.44236692996048843,-0.04642886168709412,0.017331235262501264,-0.17867028673037766,1.9988177852182127,168.2995749124185,63.10649012839596,0.6179448927225535,1.061098227773653,0.0726238201223458,0.03835475227070553,0.1727435262668448,1.9992499999999997,0.19065100587782136,126.5756168105516,8.52220103186771,0.03893918183427978,0.41997146571797495,1.9992899999999998,-0.7675031883515403,-0.06584519199227967,0.012402214781787123,1.9997499999999997,-0.2196165695519519,994.6137213903264,-274.58508971215747,0.011482680320476094,1.99974,0.33919239966365733,91.5,1.3879726066972542
CC(C)(C)OC(=O)n1ccc2ccc(C=O)cc21,-821.4564803224345,2.635241807853448,5166.3602283978225,1954.2751516711126,0.28385726876037176,3.366163361923838,0.15300821055937325,0.08727217196998387,-0.2402803825293571,-0.06573603858938937,245.2774,2101.6227221520617,-0.38183501690214106,-0.07410830280801392,0.01727326479814975,-0.181936071447055,1.998822300116197,166.27694829182911,62.24460881878278,0.6187979788422231,1.028255107060101,0.08585578938522681,0.03757709425839128,0.19398033514090393,1.99924,0.18870315495483642,126.5990580235624,8.259488674898755,0.03881831836692261,0.4185870178817876,1.99929,-0.7482971011043613,-0.06272442314111619,0.012146341554744705,1.99975,-0.22189009973462867,989.9674639260386,-271.9417655961163,0.011446958582181109,1.9997448344218616,0.34160470333025234,74.0,1.3126748825968737
CC(C)(C)Oc1ccccc1C=O,-576.9222244308598,2.684749587074412,2537.0983978483146,1531.6393037622079,0.23971453983010563,4.230745870948514,0.15671412927278178,0.09535113800652863,-0.2520652672793104,-0.06136299126625315,178.23040000000003,1625.336587423862,-0.39653362190467195,-0.10065098953388504,0.018852014721844453,-0.21046013031597716,1.9987723572553475,162.51914559210647,64.63911472242718,0.6707021206060406,0.8928833233519884,0.08900840379906007,0.03982055230119726,0.18396207392103758,1.999254271237462,0.1941559599610716,150.91680782956843,9.339417867265167,0.03962498976423706,0.41315913576177943,1.9993038414470528,-0.7064463209334942,-0.07597110635247838,0.012199521607043759,1.9997495702095909,-0.2234137226873844,1052.5056219814437,-281.92071919275855,0.011343075049926444,1.9997491404191816,0.3527346024662634,91.0,1.3879726066972542
CC(C)(C)c1cc(Br)c(C=O)c(Br)c1,-5648.610849453377,1.882235192358404,5477.196707088289,2008.5530175472131,0.21733152966898053,4.6266029803223905,0.16922008476851583,0.08866461854167879,-0.25788470331019464,-0.08055546622683704,320.0232,1926.7960368300985,-0.5375828498330522,-0.07498427616889325,0.022694957615742088,-0.22413059337961078,1.998525042384258,170.11402822293644,66.71480095507985,0.6705865136543587,0.8603866478079292,0.11734535219207076,0.03947495761574209,0.21589911127301747,1.99927,0.20573770741437702,131.8725107168835,10.444270001147238,0.03975,0.41250410993058384,1.99932,-0.6512421602547198,-0.07281167761115313,0.01256,1.99974,-0.18610440662038924,1072.4815683633783,-316.24468903000604,0.01218,1.99974,0.38475589629508855,99.0,1.3879726066972542
CC(C)(C)c1cc(C=O)ccn1,-517.8498546480167,2.10235743656704,2313.990101289299,1211.8774024738118,0.22250462681380803,1.6905084991847081,0.17679376711865083,0.09324941277703469,-0.2700431798956855,-0.08354435434161615,163.2188,1460.699460889933,-0.13282885940420922,-0.0424235741177945,0.018413051680976657,-0.15405263510568734,1.998805596764461,182.96442854094008,54.231098020615896,0.614157843030305,0.8934822675403276,0.09724162640611624,0.038169502536231165,0.20683337161036414,1.99927,0.20098423491313158,131.91599495924362,6.281753476168588,0.03847208444414031,0.4258791189971786,1.9993,-0.6609234827759394,-0.07070791651072088,0.012354145501434448,1.99975,-0.1981312320489881,1057.6372178027727,-308.71922623229915,0.011585741352522903,1.99974,0.34041925782704835,99.0,1.339157326756677
CC(C)(C)c1ccc(C=O)cn1,-517.8517643718881,0.9706292697879332,2529.518149395388,1429.1163337811927,0.22264004347527983,2.771669572358146,0.1693581944823874,0.0949558056145551,-0.2643140000969425,-0.07440238886783228,163.2188,1453.1142003620162,-0.45338499153762846,-0.13419021781924786,0.017272643963372577,-0.22967876067324833,1.998833202262696,170.6343047843311,66.80748477963563,0.6100177962486042,0.9991492706466185,0.09782694158632338,0.03915612528635003,0.2061351055547032,1.9992700000000003,0.19933908161861064,134.31621170509817,9.014308650203818,0.03882771864974261,0.41686760071354506,1.9993032022626958,-0.7221606582506646,-0.09930362165703155,0.012428204542799748,1.9997500000000001,-0.21155449056794196,1040.513686115534,-292.7484523380398,0.011557353440121817,1.9997467977373045,0.3385522783271963,98.0,1.3879726066972542
CC(C)(C)c1ccc(Cl)c(C=O)c1,-961.3447465084145,0.7924204510429502,3239.3377033605593,1898.85828771597,0.22639195525620262,3.5145070820638513,0.16828280002906643,0.09453718025332247,-0.2628199802823889,-0.07374561977574397,196.67609999999996,1746.256746658054,-0.35829468229101386,-0.09037005183004422,0.019807829291302592,-0.1881022233225064,1.9986802891628224,165.20632102437602,63.30214275793267,0.6474275221202966,0.8780112937828917,0.09743236393088396,0.03829119927225272,0.1912406974247982,1.999261726743294,0.20250209033865937,142.54333669690203,9.723778805520233,0.03867007706957214,0.4201913296925166,1.9993111511621957,-0.6729191209764134,-0.06265294646542635,0.01214207622486946,1.9997494244189016,-0.21176530057004017,1055.9629714315179,-290.62325297478753,0.011478129432315066,1.9997494244189016,0.34660739824409814,99.0,1.1883837141090154
CC(C)(C)c1ccc(OCc2ccccc2)c(C=O)c1,-846.7589888013615,2.350416326344236,7438.243593626696,2552.1095952665014,0.3564735128665072,4.575948841948957,0.1489108591140615,0.09018865021249706,-0.23909950932655855,-0.058722208901564446,268.3548,2533.383592914347,-0.4310788739881487,-0.09566063792513932,0.01898329584989395,-0.20484402934300275,1.9987811013422296,149.59197177556706,70.82047330386072,0.6440791848049694,0.9342984569689544,0.09500097735084219,0.03858750985885695,0.18457804838373815,1.999260143654011,0.20019522603718043,152.48263911060258,10.788787439769292,0.03853638606337336,0.414737413914712,1.9993100718270054,-0.7260592255049818,-0.07162584242248818,0.012024593737246897,1.99974999327261,-0.22657872581513758,1051.4795236977568,-276.0236149002052,0.011291503915431433,1.9997499214456045,0.3447386656424041,94.0,1.3879726066972542
CC(C)(C)c1ccc(Oc2ccc(C=O)cc2)cc1,-807.5383664579664,2.0817875281534324,8070.055848963366,2247.204832001575,0.32554710888030824,3.941220301774515,0.1524461180369659,0.0960369729251946,-0.2484830909621605,-0.0564091451117713,254.328,2199.0098339463702,-0.5242920635723758,-0.05463245499875548,0.01720652970917304,-0.19402922250555912,1.9988,166.7664061472061,65.70035133501328,0.6163744944790992,1.072324024353059,0.07086312676720273,0.038379589127519126,0.16570361255019106,1.99924,0.1900546465111005,126.60833918083418,10.278123529650076,0.039026529709173044,0.41580757901563564,1.99929,-0.7802965901958253,-0.06937748070023897,0.012439999999999998,1.9997499999999997,-0.22255354502347288,988.5402407928113,-269.53166742484495,0.011496529709173042,1.9997499999999997,0.3391765169657974,91.0,1.3879726066972542
CC(C)(C)c1cccc(C=O)c1,-501.8254427909017,1.1201561354099752,2362.5198127276085,1710.9871067207964,0.2346893154447417,3.3316392272809954,0.16497219080853714,0.10074871877449772,-0.26572090958303485,-0.06422347203403941,162.231,1526.6393408621466,-0.2993009100046587,-0.05488559721274707,0.01785837726343639,-0.16738538608394254,1.9987942112513237,173.09474180060158,59.169442465115964,0.6186119447364307,0.947806562415723,0.07638825529099971,0.03811978703180376,0.18098500726525432,1.99925,0.192814418718031,127.8441086440982,7.599478348066515,0.03872117892882225,0.4226354147844628,1.99929238895685,-0.7025588294168121,-0.0630077556568745,0.012318499570781806,1.9997500000000001,-0.2145267202199042,1012.3075811197698,-282.530241143484,0.011503399791826768,1.9997400000000003,0.33945787763556556,90.5,1.3879726066972542
CC(C)Cc1ccc(C=O)cc1,-501.82827521414174,1.2589243083479795,2904.8740026672544,1643.4396382082489,0.235278681694163,3.7343325777147385,0.16428466188133256,0.10044204235407492,-0.26472670423540745,-0.06384261952725767,162.23099999999997,1543.486458416861,-0.39259539411481265,-0.06427088729377753,0.017279999999999997,-0.18277932376266515,1.9987999999999997,174.1077096335738,60.85408896652256,0.6170833376593763,1.0115528558533589,0.0799303743019823,0.038133295764592505,0.17994126705258798,1.9992499999999995,0.19364970696382156,127.77226335262938,8.56364135706772,0.03889999999999999,0.419469774587555,1.9992899999999998,-0.7377798251268721,-0.06264590746357386,0.012333295764592508,1.9997499999999997,-0.21617277767293502,1007.999598755614,-281.18345943849124,0.01151,1.99974,0.3394439325536695,94.5,1.3879726066972542
CC(C)Oc1cc(C=O)ccc1F,-636.7938908441192,1.8284069414471014,2804.9811185272506,1423.0210447995412,0.20365014011822535,2.031134060189527,0.15640938943951554,0.09138888534764181,-0.24779827478715738,-0.06502050409187375,182.1941,1485.7086437719959,-0.30676607266971156,-0.050053846550010966,0.01708146430407938,-0.17371316770239048,1.9988099999999998,166.03463030391885,62.67386870645395,0.6175854140939057,0.9667080372935654,0.07521518995725371,0.03821209808893719,0.17392867038950027,1.9992546104553397,0.19305290167228964,128.2377259369529,9.454080278813212,0.03888483881640244,0.4210076940578417,1.99929461045534,-0.7134102245514231,-0.06493225865388655,0.012409378865821689,1.9997499999999997,-0.21620700137510657,999.7199743699301,-277.7821453472228,0.011531716133782116,1.99974538954466,0.34001434380321044,94.5,1.2986306846030446
CC(C)Oc1ccc(Br)cc1C=O,-3111.094414504854,4.8665548546689665,4472.068056565061,1425.0075799329743,0.20256039171424167,5.489608030830911,0.1568098618054023,0.08637933929438632,-0.24318920109978862,-0.070430522511016,243.09969999999996,2203.737871789544,-0.42741907109231214,-0.13037052619477188,0.01858609310764834,-0.20890382155471085,1.9987895683551522,146.82776745518046,69.30665929426343,0.641061083898921,0.9021650254861497,0.11222839645977807,0.038264363858151816,0.19875034486780344,1.9992704262607668,0.20860684202244098,151.44691393575206,11.78680375142988,0.03874529513069179,0.41628109662775853,1.9993204262607667,-0.7023511238389785,-0.0628246590614669,0.011969530367027552,1.9997496933668308,-0.21778233501117603,1061.3234941065487,-285.684507365409,0.011353540156072647,1.9997496933668308,0.3460300619726404,99.0,1.3879726066972542
CC(C)Oc1cccc(C=O)c1,-537.6978714011346,1.401507483133193,2535.9201482757876,1485.677934148647,0.21095606828124366,2.731973646433325,0.153384054714569,0.08901533160551287,-0.2423993863200819,-0.06436872310905614,164.2036,1499.0814453945948,-0.22200865375902243,-0.05926957391972725,0.017499803903277232,-0.15995369262878728,1.9988099999999998,171.7999984137175,57.68025645115601,0.6185702655758036,0.9461798508971594,0.07625401574967361,0.03808431511241883,0.18080547788283224,1.9992499999999997,0.1932630481585062,128.7872397402954,7.745494597062029,0.038740995839526775,0.42320793613017216,1.9992930865347656,-0.7039342519966696,-0.06398115807013455,0.012333744705857783,1.99975,-0.21539782150542947,1007.7071761467928,-281.1084426225852,0.011517151743281072,1.99974,0.34074454538652127,95.5,1.3879726066972542
CC(C)Oc1ccccc1C=O,-537.6973337117432,3.0302279955082962,2338.392517637655,1563.3389625044124,0.21131843592688668,4.823707233192592,0.151425675703749,0.09254182290110853,-0.24396749860485756,-0.05888385280264048,164.20360000000002,1617.0717669911126,-0.4406004499369912,-0.11897923457692619,0.018491753086394103,-0.2170643102601631,1.9987899581709594,152.8769271089136,70.4806284805078,0.6403662967297362,0.9129784325102882,0.10135848220850707,0.03852929902173364,0.18715426024583148,1.9992602173085727,0.20536654442148955,153.44077633536662,10.925016577401914,0.03874479499667013,0.4141784743619056,1.9993102173085726,-0.7235881536061352,-0.07149839676337724,0.012002725026625125,1.999749927563809,-0.2267399862879818,1055.8891537785275,-279.81753696931634,0.011281501774748813,1.999749927563809,0.3427168463235592,91.0,1.3879726066972542
CC(C)Oc1cccnc1C=O,-553.7152641678242,2.4953313988658183,2187.270290266976,1302.7268234177575,0.1990239424072433,4.348843036482972,0.15766683529572498,0.09083058518466816,-0.24849742048039314,-0.06683625011105679,165.19139999999996,1523.8295929294982,-0.23595831856381896,-0.13468540498585743,0.027794321511313617,0.019418371437632052,1.998859491471543,147.86532509055814,52.832732866817366,0.615044168244548,0.8722609292090981,0.12396750097142326,0.040184635199802574,0.20687885043150772,1.999339876749596,0.21014128030504706,119.22447178647322,5.870284047082787,0.04101000627079447,0.396626824257904,1.9993797894070462,-0.6390139044799037,-0.054248081331249955,0.011844011712648098,1.999740123250403,-0.19113827774542563,1059.6388177805331,-320.19707200757307,0.011347262065464122,1.9997399999999996,0.35788392818497283,31.0,1.3879726066972542
CC(C)Oc1ncccc1C=O,-553.734138540842,1.6510078730780138,2288.31431346951,1314.791910666815,0.19940577492257516,2.97046794570674,0.16417431041192723,0.09247424478581423,-0.25664855519774143,-0.071700065626113,165.19140000000002,1263.8247228958362,-0.5001605579055582,-0.18249386774193257,0.018560376120262023,-0.2620274746210979,1.9988000000000001,141.50785269691983,76.7490164701126,0.6341032564802381,0.9029702623413843,0.12520126423726038,0.038264029859950206,0.21010721785841488,1.999280107462932,0.21286300512648115,152.69721127236704,10.49943684709633,0.03862929554361848,0.4132401014128313,1.999320161194398,-0.7125173884849328,-0.07613940388768337,0.011872202990106112,1.9997499462685342,-0.22314252498834852,1069.935061818248,-290.2648295315486,0.01131134328665007,1.9997499462685342,0.3418774129799912,96.5,1.0180107051043732
CC(C)c1ccc(C=O)c(Br)c1,-3035.997050193091,0.75911146300886,3333.9527023084456,1399.8810370382948,0.19694908958261323,3.981076310919555,0.17062352564381614,0.09674474721311123,-0.2673682728569273,-0.07387877843070492,227.1003,1395.1580625055271,-0.4573553752505657,-0.08903752880671502,0.019789256870029956,-0.20281147269271382,1.998650298608711,167.19360330710515,62.866278964312656,0.6468538046851342,0.9261156028861929,0.10216636380923645,0.038441201218455706,0.19342724122879992,1.9992508958261321,0.20255235633428872,137.8400962919897,9.429242003538567,0.03877434000172403,0.41838654225718164,1.9993005972174216,-0.7155532516636854,-0.0649296345402668,0.01228716660905545,1.9997497013912895,-0.2119309332527638,1044.8089979827037,-289.936898622059,0.011506124870374763,1.9997497013912895,0.3448994965875276,99.0,1.2740147714955132
CC(C)c1ccc(C=O)cc1,-462.60144304450455,1.2718501589447149,2240.802529730182,1466.9070429663702,0.20550349841055282,3.781190675243395,0.16394492582579973,0.10060005827972877,-0.2645449841055285,-0.06334486754607095,148.20419999999996,1486.2369410235422,-0.38988226982223556,-0.0621184835757128,0.01731,-0.18216482516081364,1.99879,173.0509600811022,60.5652529523644,0.6157175157041718,1.0051670961343881,0.07906329814021212,0.03816499470184284,0.17892962912899865,1.99925,0.19357998516515992,127.89064998539638,8.56762932258346,0.03888,0.41959995761474267,1.99929,-0.7347296638964713,-0.06299527232527811,0.01234,1.9997499999999997,-0.216218117619089,1008.247806492959,-281.42206455159067,0.0115,1.99974,0.33936454682684586,95.0,1.3879726066972542
CC(C)c1cccc(C(C)C)c1C=O,-580.2697754357192,1.1550855880292716,3162.7630608524582,1662.1911315709167,0.29465222994207463,2.6128819003782224,0.15829064188769235,0.09531408814242978,-0.2536047300301221,-0.06297655374526258,190.28460000000004,1909.9914240827864,-0.3366449268900545,-0.03955060471181403,0.01898537897604041,-0.15569381527224305,1.9987195903977881,161.70441098442225,65.02686804608618,0.7114852627708148,0.8702288389336952,0.034439888927220094,0.0385274625650736,0.16842369474916755,1.9992601982509397,0.1528775957751638,152.49668354758902,5.529401874204976,0.037626330819874314,0.41735810734395773,1.99931,-0.7031432982377576,-0.08445921794769302,0.0124467370400503,1.9997497886487277,-0.22266253865699487,1069.6926315916255,-317.93978331727897,0.011829446294130023,1.9997397886487278,0.4224991951137851,21.0,1.3879726066972542
CC(C)c1cccc(C=O)c1,-462.60109329160963,1.3256104499433259,2057.262553921749,1178.0078544089133,0.20548388753064378,3.4883839276654087,0.16550977439465497,0.10059737515555084,-0.2661071495502058,-0.06491239923910411,148.2042,1323.2875215131578,-0.29413703811620917,-0.06046300504841269,0.01776944433426205,-0.16918130845326856,1.9987972538281045,174.5083142871716,58.771927466758974,0.6177998357930757,0.9461753349898498,0.07799834881603869,0.038164493995024244,0.18172045566505005,1.99925,0.1934204482738312,127.85637834770323,7.748907295342514,0.03880150861757344,0.4223046562450492,1.9993000000000003,-0.7085922177784116,-0.0621763285031557,0.012326481444754017,1.9997500000000001,-0.21387325294748452,1014.4923357464484,-284.9955777454628,0.011504177955887611,1.99974,0.3408031758740607,97.0,1.3879726066972542
CC(C)c1ccccc1C=O,-462.5991169196724,0.6883772797314183,1757.3192127634454,1439.1593978930557,0.20559015861568677,2.705976887187464,0.16386935665401559,0.09769947584706037,-0.261568832501076,-0.06616988080695523,148.2042,1111.8014736431721,-0.352731900188217,-0.044167791570886045,0.018207735332149092,-0.16710147917958504,1.9987501191930448,174.00414028427497,62.27936462643265,0.669324683505551,0.9300272450301674,0.060824058824875196,0.03744227688361282,0.1805538141774331,1.9992697616139106,0.1785431353342462,123.08134412873694,4.597066935225972,0.03820321821220918,0.419677747547911,1.999309880806955,-0.7068674695142149,-0.07588552178128018,0.012221668702626986,1.99975,-0.21736597064642493,1001.9216314392627,-296.95346143794234,0.011638450490417798,1.9997401191930448,0.4095531239150667,91.0,1.3879726066972542
CC(C)c1cncc(C=O)c1,-478.6221618902513,1.2785857904422426,1987.69810529364,1293.0553199860126,0.1936089476129929,2.7693598663707397,0.17081024403102485,0.09451916170845853,-0.2653294057394834,-0.0762910823225663,149.192,1421.840224213434,-0.35174888898517787,-0.13947676417748398,0.017793181301709423,-0.21764059916136025,1.9988330066783524,171.22625561074753,64.56084106485815,0.6132446400475684,0.9281406640339506,0.09859487139285707,0.039277135648178106,0.21148709463966778,1.9992730066783526,0.20040303124196146,135.10926372471894,8.016590734642858,0.03874219476715442,0.4197174696765899,1.9993030066783524,-0.684184562365133,-0.10314495482998881,0.012417163565263229,1.9997499999999997,-0.20960903246313412,1047.1103521385855,-296.5153728432784,0.011562026713409524,1.9997469933216476,0.3394121239055617,98.0,1.3879726066972542
CC(C)n1c(C=O)c(-c2ccc(F)cc2)c2ccccc21,-923.6725636381707,1.625964918300304,6750.47808265156,2215.2419404719267,0.31673962840620157,2.6009692377786795,0.14822123596545722,0.0758492510868033,-0.22407048705226051,-0.07237198487865391,281.3289,2305.4610950100778,-0.2062847694888638,0.0313673148180723,0.024565648935547864,0.09449564690276133,1.9988100074029396,112.50239105670302,64.258208626923,0.6989423277087348,1.0730764157641364,0.07127715023753226,0.03801973567831657,0.18505693751262653,1.9992700018507352,0.17139928952492908,142.2636683199758,14.446056442629814,0.03535751193858985,0.3791369040024397,1.9992752021094344,-0.8747408386123656,-0.20088340470934707,0.01289091671581332,1.9997500000000001,-0.23618137212773366,991.0275249006311,-251.42536689413987,0.01166164187048118,1.9997500000000001,0.40432954711788005,28.0,0.8301519742044904
CC1(C)Oc2ccc(C=O)cc2O1,-611.629856,2.1485,2733.1878,1432.149,0.192717,5.0066,0.142165,0.08644500000000001,-0.22861,-0.05572,178.1872,1368.966,-0.438622,-0.064368,0.017,-0.18024,1.99884,160.9372,64.9236,0.6191787287602265,1.046621,0.070521,0.03826,0.16536,1.99924,0.190725,125.5264,10.6469,0.03906,0.41613,1.99929,-0.7723,-0.069274,0.01248,1.99975,-0.221543,978.9058,-266.3797,0.01148,1.99974,0.3398363750786658,79.0,1.3879726066972542
CC1(C)c2cc(Br)ccc2-c2ccc(C=O)cc21,-3265.4565230062144,4.167384149136886,7573.203271572396,1891.9203473934872,0.2598107212978763,2.185939342404037,0.16082829204733645,0.08059155073164107,-0.2414198427789775,-0.08023674131569536,301.1821,2042.146240078016,-0.4857816166029869,-0.07691041490262444,0.01772238208423312,-0.18500937111590998,1.99881,168.78841524672436,59.67035811731429,0.6187030234182855,1.1173099408878389,0.10282864698308186,0.036998494515838413,0.2140027632523417,1.99924,0.19078160740550598,127.27603308567728,8.66923553938077,0.03878849451583842,0.4177131681893457,1.9992900000000002,-0.7865932095266996,-0.05386461178780099,0.011934921389488744,1.9997500000000001,-0.21600553180310292,1008.0092515449783,-282.07146302220417,0.011506269652627814,1.999746269652628,0.33993006939242904,96.0,1.0668259850449504
CC1(c2cccc(C=O)c2)OCCO1,-650.8373016553313,1.9364091393409382,2842.2066663197143,1495.8512311971276,0.22354650358978906,3.782550674106021,0.16752213738232305,0.09954684777335113,-0.2670689851556742,-0.06797528960897192,192.214,1650.9560142247956,-0.30171714771826263,-0.061964508199114275,0.017877644804485962,-0.173774782186809,1.9988000000000001,173.72345981864254,58.85411247704575,0.617250481111463,0.9429489824874548,0.08348834578347566,0.03811579703113484,0.18642224507599445,1.99925,0.19452556185234843,127.9703877849206,7.902420258166206,0.038866050742216295,0.4217592388667557,1.9993000000000003,-0.7006390258030588,-0.06016863025194186,0.012308152226648874,1.9997500000000001,-0.21107705404043725,1019.3312847085022,-288.31969961608274,0.011518152226648874,1.99974,0.3386536132539205,97.0,1.3879726066972542
CCCCC(CC)Cc1cc(C=O)sc1Br,-3552.958310536188,2.890195139194112,7216.501830075211,2248.7823251657705,0.3128626692040575,4.094396708749468,0.1657798152787324,0.08808332759752051,-0.2538631428762529,-0.07769648768121189,303.2565,2401.9814647605235,-0.4133466680006835,-0.015115872588045249,0.01980631821213743,-0.3432205373234809,1.9987946979903193,113.6586544693768,50.99823695542252,0.6130084394585971,1.0480393641465806,0.11340283632922141,0.03584198001244367,0.186247790908894,1.999171602508172,0.1918649763678413,129.79969626737898,19.403125704694713,0.03918278818541597,0.395724264450347,1.9992116025081723,-0.7511768912651123,-0.05810262695461431,0.012304268855494113,1.99975,-0.2164358252195531,957.6496746354505,-258.82266899431744,0.011760422920549315,1.99975,0.33684313613439465,99.0,1.3879726066972542
CCCCCCOc1ccc(Br)cc1C=O,-3228.7627360252764,4.86391382774387,8859.04610440887,2113.5205107653223,0.2928490600923008,5.658614931130311,0.1577377224235814,0.08644734547317516,-0.24418506789675654,-0.07129037695040624,285.1801,1972.480553215442,-0.4225854836962536,-0.129394973599967,0.018650921103026644,-0.2092666534522488,1.9987846767929367,146.7103409654204,69.33491440249881,0.6426806752818088,0.9009159073556691,0.11243910111613005,0.03841295461804651,0.19797740653819038,1.9992699999999999,0.20825739373057248,152.6618967617625,11.84744662326764,0.03871654932741037,0.4159553396873221,1.9993199999999998,-0.7003911314015169,-0.062318613754783155,0.011992496712631437,1.9997499999999997,-0.2176595912926944,1064.7668262213826,-286.45007883513904,0.011349988882015731,1.9997499999999997,0.34405617276459227,80.0,1.3879726066972542
CCCCCCc1cc(C=O)sc1Br,-3474.5058305773537,1.2183336591474345,5632.140317165088,1980.5969617432877,0.2534937477536646,2.7010155875960113,0.16605123010609996,0.08809987754032055,-0.2541511076464205,-0.07795135256577942,275.2029,2126.836320371166,-0.41082842834672545,-0.008016158295511779,0.019491390332345,-0.34514966825253046,1.9987795984796157,118.42676024177263,53.6575291627551,0.6251940376607865,1.0745255836923908,0.10546034907950268,0.03621391160674828,0.18467038227552918,1.999177410273317,0.18805127748298617,132.4691611167489,21.009343981686097,0.03978326492649355,0.39333232693715836,1.99922,-0.7700866949888936,-0.054959716430692064,0.012167769180048724,1.99975,-0.21441284484677975,984.5615513659612,-261.3557424936491,0.011564777932981558,1.99975,0.33568838662830097,99.0,1.3879726066972542
CCCCOc1ccc(C=O)cc1OC,-691.2274738277059,2.7609236043877576,4873.58287945406,1868.297032102225,0.2762644493038313,5.495459559991478,0.14927953605503091,0.0936071239701422,-0.24288666002517312,-0.055672412084888705,208.25660000000002,2005.0588444327282,-0.4519689262704605,-0.042786167473363876,0.017087108034299612,-0.18457156825578155,1.9988100000000002,163.23435761754268,64.49740312150422,0.6163308892837055,1.0502017082597848,0.0697942405760131,0.03842175845030609,0.16731099511622033,1.9992474937938978,0.1879385827861637,126.34708026731543,10.375983988738811,0.03905550585494469,0.4164646860480955,1.9992900000000005,-0.7632940030094826,-0.06904859190384513,0.012470264820579766,1.9997500000000001,-0.2202078036014206,989.4929361789157,-272.1059246054887,0.01152,1.999747807202287,0.339216294982003,19.0,1.364207569966279
CCCOc1c(Cl)cc(C=O)cc1OC,-1111.5239494267098,2.9249179331527335,4259.3435939098235,1835.7551590781488,0.23761386479710128,4.064831877058787,0.16349989702873607,0.0934315024014319,-0.25693139943016796,-0.07006839462730416,228.67489999999998,1900.5203916138216,-0.34978041087552464,-0.05499491964569625,0.01703134698784275,-0.16716254823297172,1.9988099999999998,163.46217414823852,63.27691570803419,0.6167317919953391,1.012627514686124,0.08173584504487616,0.03812363797192269,0.18223478228064155,1.999256426997981,0.19302534597491855,126.38476871516588,10.224604464237299,0.03897873008717713,0.42130522124609004,1.9992999999999999,-0.7351104891500293,-0.05817448669552308,0.012400902877719418,1.9997499999999997,-0.2094093255664062,1007.2425408530987,-283.52233795822065,0.011550972988621816,1.9997399999999999,0.33991835842518475,97.0,0.9015725489977664
CCCOc1ccc(Br)cc1C=O,-3111.0899133940957,4.803701568268397,4771.32019165121,1685.102488437168,0.20317725637681336,5.515284411966177,0.15831145210015105,0.08651633785088521,-0.2448277899510362,-0.07179511424926582,243.09970000000004,1708.716453834742,-0.42494158610064114,-0.12829982837301282,0.018540345273400316,-0.20928264537179297,1.9987878969333321,146.07533536470194,69.59728360723943,0.640075479188509,0.9066907373476105,0.11118236205748747,0.038333673244988486,0.19831260095225572,1.9992700093261546,0.20701862972757512,152.19957494114146,12.012154501294106,0.03873179612765522,0.4162603796811898,1.9993200093261545,-0.7016234429986495,-0.06171805838062196,0.0119905066759609,1.9997499906738456,-0.21729629893143354,1064.2332710749324,-286.43234101725193,0.011361578717796814,1.9997499906738456,0.34474798571266335,95.0,1.3879726066972542
CCCOc1ccc(Cl)cc1C=O,-997.2138441138788,4.732665175722637,3779.3856961107804,1503.3182503641258,0.20354184454116514,5.474272065569355,0.15832262984055145,0.08713458721119222,-0.24545721705174367,-0.07118804262935924,198.64869999999996,1651.0410355512054,-0.41576683783760215,-0.12566514475266571,0.01834303262284401,-0.2094643375366045,1.9987999999999997,147.18769386592595,69.8785635746802,0.6389096580952177,0.910703843239516,0.11049309141713737,0.03827328229743172,0.19782416441586922,1.99927,0.20649279616006513,152.50680647982026,11.985189587539047,0.038731804262935925,0.41613934754311976,1.99932,-0.7065092812479509,-0.061934685079724265,0.011987869508623948,1.9997499999999997,-0.21793166776765072,1064.293791489579,-286.5547875162706,0.011356967377155988,1.9997499999999997,0.34411784914059235,95.0,1.3879726066972542
CCCOc1cccc(C=O)c1,-537.6928767799327,1.2877754787724518,2951.700820725573,1462.8009255031811,0.21154750874239647,3.468778439363739,0.15441566234101747,0.09018383461289836,-0.2445994969539158,-0.0642318277281191,164.2036,1569.1806403478658,-0.22662592209674004,-0.06031103986709027,0.01736605302165369,-0.16294681808338485,1.9988143442748996,171.96669960266763,57.64854110246209,0.6177755571770964,0.9499107272992273,0.07804648345078191,0.03811591265649045,0.18162533669380262,1.9992556557251002,0.19424248125827526,128.94022366185374,7.726030108046594,0.038783010218922366,0.4234529979748527,1.9992956557251005,-0.7048753269962914,-0.061858262812185816,0.012344731593420775,1.99975,-0.2134600959331239,1013.4711612114963,-284.9737330684251,0.011517401282209794,1.99974,0.34016651219838684,96.5,1.3879726066972542
CCCOc1ccccc1C=O,-537.6930655838474,2.9024260897767737,2548.1495028614204,1593.3294381140497,0.21193796661600428,4.727902378349471,0.1533616458039821,0.09290922346575319,-0.2462708692697353,-0.060452422338228944,164.20359999999997,1416.2085522266532,-0.43958593868012835,-0.11524680788867056,0.018373565952604223,-0.21741321694119728,1.9987999829307341,152.10720017758777,70.71638181448003,0.6382895976952728,0.9200998770508432,0.09881103448313487,0.03861136956024552,0.18678934709209197,1.999260105995928,0.20237785155214313,153.1351313612487,11.186015079478546,0.03877522509049926,0.41429815110589413,1.9993100974612952,-0.7232981713811079,-0.07024042650004352,0.012042567374955144,1.9997499618231462,-0.2256994135156981,1057.317811705719,-280.9183729684902,0.011307591467973142,1.9997499618231462,0.34303552433808343,95.0,1.3879726066972542
CCCOc1ncccc1C=O,-553.7286568698761,1.5652293662256382,2445.5588683768874,1472.430371896096,0.19999924730178936,2.913977415132531,0.16550171408341743,0.09272090694102893,-0.2582226210244464,-0.0727808071423885,165.1914,1426.6198987853772,-0.49726109092357074,-0.17860874934915222,0.018535800153218297,-0.2624760089248479,1.998806474116638,141.35764696237683,76.66561695579338,0.6343595168217383,0.906860534773315,0.12334723379623627,0.03835797470330265,0.20900087574951576,1.9992800000000002,0.21122899432013353,152.47965798915982,10.611272134473401,0.038658121743574074,0.4132278709457229,1.99932,-0.7112897467710545,-0.07488835954755678,0.011907528335315665,1.99975,-0.22233377405255259,1071.0201049954317,-291.2039403170418,0.01133059340825841,1.99975,0.34255420711962237,97.0,1.2227191706500702
CCCc1ccc(C=O)cc1,-462.60125704478133,1.2784210110937262,2424.527260453182,1516.2914020831508,0.20593632373491147,3.7890082144968718,0.16415940509493368,0.10050454076331455,-0.2646639458582482,-0.06365486433161913,148.2042,1446.5478200339612,-0.388657024701371,-0.06411807989837341,0.017270892408870295,-0.18283265070072469,1.9988000000000001,174.2940980035582,60.931738111554345,0.6166574991227708,1.0045322639924679,0.07947247303308878,0.03814345580072116,0.17963929961939162,1.9992500000000004,0.19353903664153171,127.82073905077675,8.580336595490063,0.038900000000000004,0.4195342169002416,1.9992900000000002,-0.7344224551467617,-0.06278025675058552,0.012337804010312623,1.9997500000000001,-0.21620506578924403,1007.8194570382201,-281.0421815121602,0.01151,1.99974,0.33911351792633515,92.5,1.3879726066972542
CCN(CC)c1ccc(C=O)cn1,-573.1068072676428,2.3299274411107747,3067.6288974920003,1638.3317135661764,0.24233764895389662,4.007740945457636,0.1367577894126839,0.08690585694615408,-0.223663646358838,-0.04985193246652984,178.2334,1480.7259411442003,-0.7137395270045964,-0.1386068746426806,0.01686501512063395,-0.24776591029940295,1.9988232826326437,160.35883431291649,72.75152843491018,0.6103757846369577,1.1381771534606664,0.07222122727718461,0.03886316973496706,0.15987456339570288,1.9992432826326436,0.18893643942136495,130.91841443032598,12.243081383622059,0.039020495510597095,0.40594026946894063,1.9992832826326437,-0.8130803783597031,-0.09151033959278988,0.012487060775884781,1.9997499999999997,-0.23353418872335313,982.4486877245824,-255.65079031646172,0.011486565265287688,1.9997499999999997,0.3382691909525547,21.0,1.1883837141090154
CCOC(=O)c1cc(C=O)c(Cl)s1,-1391.994380680761,1.9357559484116496,3906.349719835215,1486.4337941376943,0.1522730012973031,3.941391983452848,0.17661248048983447,0.0935360059525475,-0.270148486442382,-0.08307647453728696,218.65449999999998,1649.822981463265,-0.510970749522311,-0.11600274518471712,0.021239999999999995,-0.2380252945637263,1.9986224426117554,127.78651659115307,56.69806814143677,0.6329607383405614,0.9461785266169498,0.10302498329417348,0.03799833212892018,0.18978875339886084,1.999242442611755,0.19619465075605555,136.7958154049164,17.04508795793862,0.03875540894043257,0.4127490529965241,1.9992848852235106,-0.6915858158122087,-0.05212409860225263,0.012168289088049945,1.99975,-0.20492247583964918,1044.5501232953811,-293.29953852075704,0.011566180070374361,1.9997475573882444,0.34404183665846244,99.0,1.3879726066972542
CCOC(=O)c1ccc(-c2ccc(C=O)cc2)cc1,-842.2638338482956,4.084972838118687,9042.295233398349,2155.3117084993564,0.28030789020301883,3.6509444077911786,0.1714095297097924,0.08715739802456754,-0.25856692773435996,-0.08425213168522488,254.28480000000002,1956.8303628105182,-0.44890183197888583,-0.07517915156025706,0.017260000000000005,-0.1922525628039642,1.9987900000000003,173.88766693970268,60.02967706023985,0.617118065691163,1.095025390274024,0.10683859923923823,0.03713249102800513,0.21567285319128915,1.99925,0.19551772667470804,128.58905736864529,8.410374357500201,0.03885,0.41910953627676995,1.9993000000000003,-0.7759844322455363,-0.049622580047866086,0.011972491028005119,1.9997500000000001,-0.21156609172145574,1022.1593834985389,-290.25804617909,0.011530000000000002,1.99974,0.3397550650899084,95.0,1.3879726066972542
CCOC(=O)c1ccc(-c2ccc(C=O)cc2)s1,-1163.1021921059432,4.291031430639798,8119.435175262995,1914.7856566601465,0.24637978865892668,2.53473838980722,0.16891589072521462,0.07794125525436674,-0.24685714597958133,-0.09097463547084789,260.307,2089.144934811698,-0.4905261296359019,-0.0852237946676654,0.017195014843711793,-0.2011438724742769,1.99879,172.99341289176775,59.89494659125239,0.617207358977331,1.1270980642308803,0.11969414996339633,0.03657945664742613,0.2323381822409426,1.99924,0.1956487646133017,128.44416509657867,8.922672695314589,0.038837936462956565,0.4177416894325688,1.9992999999999999,-0.7879407810324993,-0.04554827251506267,0.011792951306668362,1.99975,-0.21148027067326622,1022.4154267805714,-290.1544952139594,0.011536475653334181,1.99975,0.33932891870370946,97.0,1.254684715944833
CCOC(=O)c1ccc(-c2ccc(C=O)o2)cc1,-840.0855108649673,3.6633189700208697,7614.511448041616,1882.5998961387431,0.24942477114033523,4.545851919896097,0.16553787285329608,0.07739490797017005,-0.24293278082346614,-0.08814296488312603,244.2464,2028.1943094032224,-0.4307916083882529,0.06808012612205021,0.027793417175378744,0.1656491213140927,1.998714743579725,93.0789185666767,43.16587008603514,0.5761062409788295,1.1298977929012337,0.10367645375349543,0.03482632679507371,0.15894701821080778,1.9992447435797245,0.17398518407533364,126.43452223233109,22.173472443051548,0.03674482768225536,0.3601529082421038,1.9992947435797248,-0.7934830358050313,-0.04664412771964537,0.012441749857499544,1.999755256420275,-0.21391933303829067,1031.8139740585848,-276.29319597647265,0.011818031958874868,1.99975,0.32415317539722577,99.0,1.1883837141090154
CCOC(=O)c1ccc(C=O)c(F)c1,-710.739868079245,2.6884047090969214,3754.885953536418,1410.5034659555938,0.18704897928904698,3.542237555464472,0.18611422717793108,0.09171230864007426,-0.2778265358180053,-0.09440191853785682,196.17770000000002,1646.4151244725604,-0.37884044480676127,-0.168000445884526,0.017949769675182366,-0.25463805111427684,1.9987600000000003,153.12048169006886,68.50813271650776,0.6339358652879235,0.966262386698378,0.13479599391818414,0.0378981269715588,0.23186606700948387,1.9992804097656218,0.20707026324226466,150.06977423606565,12.26120581603535,0.039545248520382444,0.41352514159727943,1.999330409765622,-0.7024442982209139,-0.041498973214439745,0.011733232173703399,1.9997497951171894,-0.2065907092877069,1093.6127139910373,-306.6412850903656,0.011460047934646281,1.9997497951171894,0.34229702834190034,99.0,1.3879726066972542
CCOC(=O)c1ccc(C=O)cc1,-611.6415857100138,3.4748892399243805,3413.123516788773,1649.8134738063309,0.19411747426591486,3.528384197500406,0.18203213866433138,0.09339902991052866,-0.27543116857486005,-0.0886331087538027,178.18719999999996,1538.4114174008082,-0.29754714578396146,-0.07643675560223509,0.01721675281025615,-0.1881725930522948,1.9987999999999997,176.94244368535,56.9649969010639,0.618072358333198,0.9820999146219631,0.11505449668455416,0.03683064918512939,0.2290823174445094,1.99925,0.19781160818344568,129.3178290532216,7.785648858945173,0.0387935056205123,0.4210965018600011,1.9992999999999999,-0.7147649357387553,-0.043960132001130955,0.011883505620512304,1.9997499999999997,-0.20521010061531317,1040.1806364633185,-302.0058390141307,0.011556752810256152,1.99974,0.3406659701716498,97.5,1.3879726066972542
CCOC(=O)c1ccc(C=O)nc1,-627.6629209738118,2.0816163613643326,3368.7611054525064,1423.2710547452843,0.18195115853267935,3.817291771022811,0.18567618252010645,0.08802709179972097,-0.27370327431982744,-0.09764909072038547,179.175,1491.2774771565792,-0.044209290791817096,-0.11167591732309641,0.026975697031224256,0.04914079525294443,1.998839997498597,163.52473566882614,40.538042057052046,0.5968557292723846,0.8980487080338262,0.14738827536992677,0.038061908226790314,0.24682117937129155,1.999310002501403,0.2221356383344122,131.80758241718115,3.5428688910741633,0.03914440624108314,0.41163852429061193,1.9993400050028058,-0.6833811601419364,-0.070422313538263,0.011654503795798367,1.9997499974985973,-0.19708034578623013,1061.6546646476784,-313.9400054381374,0.011426884244152322,1.9997499974985973,0.33918841776476,99.0,0.9634398649569116
CCOC(=O)c1ccc(Oc2ccc(C=O)c(Br)c2)cc1,-3490.751232483429,1.8757899168379202,13940.374765907862,2471.3002323514834,0.2767956115657139,2.9057656918547488,0.1674961178131918,0.09021434633110376,-0.25771046414429555,-0.07728177148208802,349.1803,2687.738704410736,-0.5924024807956814,-0.07932172216203151,0.019798297938804874,-0.21366615585255777,1.9986505620779194,163.4819378226938,66.22880068380428,0.6473565523088337,0.978419843597339,0.10313611023998548,0.03838968730616511,0.19163548676472308,1.999250843116879,0.20152816527024758,137.44088817121127,10.84211161988778,0.03889261509830571,0.4158755280131653,1.9993005620779192,-0.7239850144174631,-0.065513781610507,0.012286182857110722,1.9997497189610405,-0.2139440539663484,1036.0815656217133,-284.2728745832354,0.01152474725588054,1.9997497189610405,0.3463214006852688,99.0,1.3879726066972542
CCOC(Cn1ncc(I)c1C=O)OCC,-1021.6400607952279,2.5514242421359596,5721.526751431441,2187.0799103728373,0.26810156337157576,2.964800194887956,0.1607912539246502,0.09065321254112135,-0.25144446646577157,-0.07013804138352883,338.1446000000001,2268.0228936373974,-0.16372830294994323,0.09026622662309677,0.027955715929916615,0.038007649025802046,1.998704773509285,129.2658125047864,55.625097171690136,0.6977545244990315,0.891422816803362,0.08036862737391594,0.03652233070921247,0.14280760358993985,1.9992420360887972,0.19655424733108381,138.4253190959157,18.5947030556566,0.036339493860644605,0.3939862488671031,1.9992813434928383,-0.6894178024153913,-0.09248036493254357,0.01276243614041302,1.999753173930352,-0.21613617784483874,1023.1588310503582,-260.57122215750223,0.01183340911456775,1.9997438721348848,0.42080944184900043,90.0,1.3879726066972542
CCOc1c(Br)cc(C)cc1C=O,-3111.090912,1.6724,3540.409,1904.205,0.201743,2.37215,0.1659,0.09266,-0.25856,-0.07324,243.0997,1636.007,-0.324935,-0.099891,0.0188,-0.19618,1.99875,156.784,64.0895,0.657803650094399,0.906231,0.08891,0.03924,0.19228,1.99926,0.189724,148.9324,10.2352,0.03913,0.41677,1.99931,-0.710127,-0.064929,0.01223,1.99975,-0.214054,1064.8221,-291.8605,0.01146,1.99975,0.34235368156073004,97.0,1.3879726066972542
CCOc1c(C=O)cc([N+](=O)[O-])cc1OC,-816.9719090698737,6.534109200925478,4081.515313485489,1623.2272922262669,0.2221036645933654,6.696484702255421,0.17410344478571343,0.08387830280464512,-0.2579817475903585,-0.09022514198106829,225.2006,1832.2320345034798,-0.3884079279364114,-0.13153427864495681,0.018615419074466875,-0.20594771943949092,1.9988094694260456,152.2188067493144,66.74207228583563,0.6439265370232018,0.8944398903729257,0.10980848797704487,0.03890352111549919,0.20695149678736974,1.99927432031283,0.20390397637065566,147.6504397731716,10.754862786225104,0.03907996007608017,0.41897249037617834,1.9993228802085532,-0.6833917798053617,-0.05842344323623122,0.01215827308171145,1.9997485598957234,-0.20608720487202653,1074.002698586556,-300.364397709645,0.011490451954870676,1.9997485598957234,0.3554551519861498,97.0,1.3879726066972542
CCOc1cc(Br)cc(C=O)c1,-3071.865061895598,3.6519422661766745,3790.934690602934,1618.917176524566,0.17289015141744207,4.696897603116214,0.16350971882709436,0.0892485641852413,-0.25275828301233566,-0.07426115464185308,229.0729,1678.4121830168028,-0.18723177574551259,-0.07406374602899657,0.017485678727548234,-0.153944837524344,1.9988042843973166,166.02678280761722,57.40250536983339,0.6195046507659439,0.9426144782254908,0.08555574118589009,0.0380057156026834,0.18977980640554037,1.99926,0.19624734570439212,127.06503090802781,8.758306176152471,0.038851412767799215,0.42561585388444023,1.9993,-0.6945749700411159,-0.05255048283055602,0.012342853191949804,1.9997499999999997,-0.20311037750703287,1022.9130309807381,-293.6699050958659,0.011554284397316601,1.99974,0.3419717561590181,99.0,1.3879726066972542
CCOc1cc(C(=O)OC)ccc1C=O,-725.9586962578137,3.3763872500420327,4147.259984526707,1963.956591666078,0.2293493283272174,4.072100565683311,0.1676402000681738,0.08501817361484976,-0.2526583736830236,-0.08262202645332402,208.21340000000004,1715.461227261145,-0.41817634574895024,-0.13543889581559584,0.01819317045833762,-0.22824944878155398,1.9987899847006652,153.3300599844505,68.66884793998645,0.6400405783106801,0.9536401194950856,0.14041629189813135,0.03695095588438541,0.23924127971642856,1.9992600152993347,0.20906720731442713,154.2753072219053,10.54038088778335,0.03863418851217986,0.41433466727179113,1.9993200076496676,-0.7311200931485577,-0.053769482242599725,0.011487245197624176,1.9997499923503321,-0.21857074069975796,1080.6354673488008,-296.8211116061229,0.011323764117658933,1.9997499923503321,0.3434825165512375,79.0,1.3879726066972542
CCOc1cc(C=O)c(Br)cn1,-3087.8940915017497,0.5334165870596297,3768.796961229768,1499.0410223308334,0.1609469181366882,2.399495708644868,0.1719020895774361,0.08104785417183681,-0.25294994374927293,-0.09085423540559928,230.0607,1280.5264218373834,-0.1287440662312556,-0.04292124186480378,0.020398776853643077,-0.17480936079199696,1.9986822053037332,177.3987637284101,54.86635983017382,0.6450310984275731,0.8367413946516793,0.11731475692793954,0.038191780276440795,0.21555593499294787,1.9992644106074666,0.20963342841995353,139.59195683984063,8.16307167634303,0.03869916253479422,0.42474755218078986,1.9993122053037333,-0.6418642697130347,-0.053030459062857055,0.01232262024922084,1.9997488973481332,-0.19168480039272134,1090.4308400112761,-318.6072576838327,0.011641824637730587,1.9997488973481332,0.3492294411966131,99.0,1.3879726066972542
CCOc1cc(C=O)cc(Br)c1OCc1ccccc1,-3416.7989485479447,2.8800477278492824,7773.90941120676,2325.8372673007048,0.2943700329992527,2.519782435652131,0.1561645250630452,0.08858147725033508,-0.24474600231338028,-0.06758304781271011,335.1967,2595.7864169968784,-0.38228295893887826,-0.05252735704195417,0.017353815783502674,-0.1637836127771051,1.9987999999999997,159.97128064443436,64.2350563054884,0.6171641455220996,1.0364764348087097,0.0804745436070464,0.03798965232803784,0.17792390140740014,1.99925,0.19332411198114813,127.73330274993832,10.10896846457894,0.03880242715075846,0.420511675782753,1.99929,-0.751652111789838,-0.0646315052495863,0.012337405967812675,1.9997499999999997,-0.2170413599051913,994.2194696767002,-273.39102729078604,0.011521874090769832,1.9997493085153695,0.34142615026974094,97.0,0.6422932433046077
CCOc1cc(C=O)cc(OCC)c1Br,-3225.410401076784,3.2107815559950383,4916.734728265426,1683.5490120411264,0.23799018746727024,1.7143513968141657,0.15606454251420107,0.0862766398571378,-0.2423411823713389,-0.06978790265706329,273.1259,2162.853569977734,-0.24077805439167282,-0.02197995343369427,0.01747394137891394,-0.14869651672685347,1.9988282285145738,168.4895974135303,59.540174794919,0.6192584972472144,1.0178628782484254,0.0801551305822369,0.037985828116588904,0.18397231499458927,1.99925,0.19222732838574394,126.84702923875867,8.740581723472516,0.03883405663116252,0.4228087421748833,1.9992917714854264,-0.742014413374823,-0.060859583304762474,0.012327599602015292,1.9997499999999997,-0.2128668346582503,1001.3644802504172,-279.2217066229171,0.011528228514573613,1.99974,0.33988805432437863,94.0,0.8545596141747791
CCOc1cc(C=O)ccc1OC,-612.7800391080735,1.3073915134240168,2825.1115403302065,1449.318294178703,0.21654309022040702,3.0067385551698522,0.1466680877771341,0.08924978936669672,-0.23591787714383086,-0.057418298410437385,180.20300000000003,1355.6619435454304,-0.41136868113533775,-0.04120871710681621,0.01723763615374999,-0.17531810683260546,1.9988100000000002,163.62107151183338,63.97057748042002,0.6170765654733391,1.0223816050516459,0.07190161227744347,0.03812781388949052,0.16865035393129393,1.9992415595052386,0.18997778125804543,127.82443675566289,9.915183418904899,0.038812162760997186,0.41710004449454297,1.999281559505239,-0.7445634893197717,-0.07243361181718179,0.012366238020954715,1.9997500000000001,-0.2249869952352163,981.8327898710205,-265.1503234601367,0.011493247612880206,1.9997484404947614,0.3399527281172757,55.0,1.1109847771625294
CCOc1cc(C=O)ccc1OC(C)C,-691.2421639523402,1.3621656735222716,3847.5515085577426,1994.4656557303779,0.27545671802780597,2.6036197427413823,0.14770232710706097,0.0896195037773519,-0.2373218308844129,-0.0580828233297091,208.2566,1917.369473131615,-0.40096304558612067,-0.04025553799797993,0.017199170117775848,-0.17249228236544764,1.998818636246686,164.48446458620296,63.38333613896174,0.6166784835276956,1.0325539675021536,0.07202575149437916,0.03813682675507151,0.17004329369567744,1.9992413637533144,0.1898727665862662,127.75232655043548,9.544369321513917,0.038815532912544914,0.41783084678501625,1.9992813637533144,-0.7497405828912698,-0.07151920856413141,0.01235610575473509,1.9997500000000001,-0.2239855055009356,984.4214358430726,-267.2528226949914,0.011492145138520744,1.9997486362466859,0.3407264667335216,63.0,1.1512985958567945
CCOc1cc(C=O)ccc1OCc1c(Cl)cccc1Cl,-1762.440774593776,1.1973902663447598,7717.895412611155,2504.4446744069796,0.28633690385097615,3.6870125252296586,0.15105809727301028,0.09085091817583249,-0.2419090154488428,-0.06020717909717782,325.1908,2448.7678559348888,-0.3937106738249628,-0.03784890688335321,0.01714677104752928,-0.17423460094787246,1.9988149634844672,165.7213243109163,62.49687295951678,0.6222288312177793,1.035612347705786,0.07482167582459898,0.03818075330134468,0.1747123219381466,1.999245036515533,0.19059432581609287,127.71775106346593,9.500715885907658,0.03888391495831115,0.4190794464577618,1.9992872770858394,-0.7447971583660902,-0.06772348925997991,0.0123657641949611,1.9997500000000001,-0.2200156593512302,992.7797538745641,-273.32701879794087,0.011504351994095583,1.999745563109029,0.33987124361759746,68.0,1.1109847771625294
CCOc1cc(F)cc(C=O)c1,-597.567947142767,2.278638981632573,2573.4963486991383,1351.6647920334176,0.17434042138521696,2.608758277580709,0.16207106193586418,0.0899116190230892,-0.2519826809589534,-0.072159442912775,168.1673,1317.9607024184816,-0.16391484603139475,-0.061410372574324294,0.016970798075203478,-0.1512437095517168,1.9988377026696553,170.55493133033247,56.66682892352704,0.6191844425141537,0.9395445783987583,0.08313571545336002,0.037984685822944744,0.18562756588635343,1.9992542165571927,0.19643513564389786,128.7466538633172,8.568041320639601,0.038833577579343304,0.424605088729503,1.9992999999999999,-0.6913661257026298,-0.056379497211368056,0.012356208448670606,1.9997499999999997,-0.20797875808911379,1016.4025501230567,-288.1826838180299,0.01154633786923314,1.9997399999999999,0.3415842148061582,99.0,1.1883837141090154
CCOc1cc2c(cc1C=O)CCC2,-614.9703609332098,2.721433245747444,3316.247448134138,1614.548785063437,0.24855829926249642,5.088642908599183,0.1433453438750621,0.08910143744152473,-0.2324467813165868,-0.05424390643353737,190.24139999999997,1504.8761474856815,-0.5097013394236495,-0.11867216410863764,0.018505560758044454,-0.21178852641950366,1.9988099458391613,148.43455847571977,71.4197162369909,0.6397840218144717,0.9682352518179127,0.09892897573185762,0.03836236534776022,0.18382638579374921,1.9992600270804195,0.20222646968403718,152.83056578352313,11.415640303296323,0.03868651356182671,0.41240216927279005,1.9993100270804192,-0.745710560155712,-0.07475216154948207,0.011979299377058557,1.9997599458391613,-0.23153203732466496,1041.8378927475858,-271.4574535735725,0.01125894733160693,1.9997499729195805,0.3444894268968267,65.0,1.3879726066972542
CCOc1ccc(Br)cc1C=O,-3071.864797019127,4.795514386943481,3868.6865769940596,1511.0741808566827,0.1732962654174277,5.515559792907662,0.15830746896194126,0.08667222666539376,-0.24497969562733501,-0.0716352422965475,229.07290000000003,1348.6329821027093,-0.4243155152699655,-0.12958559090343677,0.01853466521348784,-0.20960398280877715,1.9987880656501709,146.3339504978624,69.74541398611892,0.6390413911143664,0.9055543766840177,0.1138479087469698,0.038138298372021436,0.1993436848745345,1.9992700239934864,0.2093383030632782,152.355796013518,11.907404138939414,0.03869244733556114,0.4162828556697634,1.9993200239934863,-0.7000723300312482,-0.061701483810616346,0.011952231394188094,1.9997499760065143,-0.21734282877656577,1064.1936100335042,-286.33842321894247,0.011351823504927906,1.9997499760065143,0.3442951111577314,97.0,0.736222608754549
CCOc1ccc(C=O)c(F)c1F,-696.6558027925723,1.4865060870413709,2879.1042239893427,1448.5407965293723,0.16750276981118084,4.05747739130091,0.16091865880684425,0.09439428038797401,-0.2553129391948183,-0.06652437841887024,186.1578,1339.8358374394993,-0.5425800241744195,-0.13633291106796186,0.01771913038017709,-0.2508362645721197,1.99879,139.1324078934708,76.38632566741796,0.6323444119445403,1.0224008342450108,0.08768087386842278,0.039634719711118274,0.163667745340823,1.9992800817970502,0.19950427722407582,147.55162788618225,15.092296822760064,0.03973625747434265,0.40825092024755716,1.99932008179705,-0.7382523101435843,-0.06467935062891075,0.012388130044036515,1.9997499999999997,-0.2197149903316381,1050.4472743323745,-276.445578395388,0.011426261724829797,1.9997499591014747,0.34107986655228684,97.0,1.1109847771625294
CCOc1ccc(C=O)cc1Br,-3071.8665990899444,1.4387560770612697,3409.5872369143303,1311.5553175302114,0.17312102540809074,3.339526148132331,0.15682879710577458,0.09258881723497497,-0.24941761434074958,-0.06423997987079963,229.0729,1410.0169651172528,-0.4855637598378094,-0.06318805504635405,0.01733418135984699,-0.18622501761305033,1.9987899999999998,159.39360489064745,65.36378272526942,0.6160717654300341,1.0402373734843704,0.07745203710506092,0.03823030226641165,0.17170910834458047,1.99925,0.1932201217609311,126.92503300931654,10.637640878074128,0.038967284634595256,0.4181232695283119,1.9992903879093435,-0.7627486146844681,-0.0649549677270001,0.01241728463459526,1.99975,-0.2179670851679193,994.182719212744,-273.33527483515746,0.011502327456061204,1.9997496120906564,0.3390588713658795,96.0,1.311871906682946
CCOc1ccc(C=O)cc1Cl,-957.9894379558236,3.70595124380732,2912.114428044883,1546.7445107752849,0.17347741726515525,5.276184596910767,0.1573894405034105,0.09385999350510393,-0.2512494340085144,-0.06352944699830658,184.6219,1609.0947665552037,-0.47061645601982555,-0.0606969603404117,0.01718458256908495,-0.1858015664085511,1.9987906638027553,160.8277981865958,65.38052458093183,0.6165872078879467,1.0337284436508167,0.07641026802136915,0.038234781504646896,0.17050945808485,1.99925,0.19189691336865283,126.44308257102362,11.006315907054729,0.03898606615148771,0.41732728046460865,1.9992906638027552,-0.7486122680045824,-0.06364923120331872,0.01245290311460309,1.99975,-0.21612390850663582,994.3131200492693,-273.80679354764675,0.011540180096236996,1.9997493361972445,0.33956432269969394,96.5,1.254684715944833
CCOc1ccc(C=O)cn1,-514.5048477563944,1.1784529235750916,2308.311475732714,1296.6375424624116,0.16988990106483498,2.7314280605856567,0.16119135966702813,0.09773184923699835,-0.2589232089040265,-0.06345951043002977,151.1646,1245.9127719345129,-0.54714099045377,-0.14283029689743487,0.016470660921532824,-0.2384220860366998,1.9988217033845297,165.36742658853075,68.84294030011276,0.6116525967132945,1.0319334474280537,0.080996868659575,0.03870175257311122,0.16989126799251253,1.9992517033845294,0.19550059356615807,133.51203458296987,11.150901114656808,0.03896214399888482,0.4124113768987584,1.999296389319957,-0.7510367426264621,-0.07700950894979597,0.012448957537003223,1.9997499999999997,-0.2208186381501112,1013.3822762402108,-275.6907073753778,0.0115417033845296,1.9997499999999997,0.33889533534911676,96.5,1.3760900883317666
CCOc1ccc(Cl)cc1C=O,-957.988818,4.704,3006.9911,1502.834,0.173662,5.4788,0.15835,0.08728,-0.24563,-0.07107,184.6219,1620.242,-0.414056,-0.127233,0.01836,-0.20977,1.99879,147.556,70.0224,0.6398678414096917,0.907677,0.113427,0.03812,0.19864,1.99927,0.209069,152.7772,11.8462,0.0387,0.416,1.99932,-0.703867,-0.061926,0.01196,1.99975,-0.217963,1064.7241,-286.6426,0.01135,1.99975,0.34392699811202015,99.0,1.3879726066972542
CCOc1ccc2cc(C=O)ccc2c1,-651.8327018455096,1.1014327548324139,4508.077098043271,1886.7143767967232,0.23162362263631564,4.704928356202028,0.14945625222972947,0.08268874136582137,-0.23214499359555085,-0.0667675108639081,200.2366,1667.1325556505951,-0.5043356518600333,-0.06355240180333176,0.017371903422995896,-0.1892270199062188,1.9987972941198837,166.94204639093743,63.139336163259934,0.6165473933232914,1.1043300920215027,0.08772688279971157,0.037741156767902524,0.19270732006358487,1.99924,0.19011895010412597,126.14981452437729,8.733870719895014,0.03889478143179997,0.416981711931946,1.99929,-0.7992454548414517,-0.06221168930622059,0.012146498500432363,1.99975,-0.21933086101664517,1001.3554692720837,-277.79283396940065,0.01148833189572565,1.99975,0.33977382947254153,95.0,1.3879726066972542
CCOc1ccc2ccccc2c1C=O,-651.827535,3.4419,3583.3499,1459.083,0.232135,3.9154,0.150215,0.077665,-0.22788,-0.07255,200.2366,1844.119,-0.519992,-0.124193,0.01894,-0.22887,1.9988,147.0308,79.7438,0.6632315921963499,0.896744,0.128962,0.03623,0.24099,1.99927,0.195066,151.5294,7.2099,0.03786,0.40695,1.99933,-0.712716,-0.080579,0.01116,1.99975,-0.233696,1043.9135,-287.3759,0.01134,1.99975,0.3755506607929515,33.0,1.3879726066972542
CCOc1ccc2nc(Cl)c(C=O)cc2c1,-1127.3755355183937,10.779330401322829,5529.886747152592,1737.4480719722521,0.211099571001468,5.147174949539509,0.16680316246966234,0.0741958898990852,-0.24099905236874755,-0.09260727257057713,235.6695,1924.126931116335,-0.5162844700461379,-0.14708065378206592,0.020321030827444995,-0.23884580336474748,1.9987286082438371,151.51831909449635,68.25506255461478,0.6431399918412486,0.9561927713123394,0.14047788493815852,0.04158835007326962,0.3108940862257324,1.9993281443251165,0.21285223348441343,142.91502865514872,9.106596155143396,0.0389604926558387,0.41658973608205146,1.9993209278374415,-0.6923076847570909,-0.25608607522376925,0.01237422676348964,1.9997495360812787,-0.20881420730093508,1071.5356924476196,-300.1940818024112,0.011498092830114824,1.9997495360812787,0.3460697145960307,91.0,1.2845864866092154
CCOc1cccc(C=O)c1,-498.4674780001005,2.1379990510704907,2267.9121435095326,1384.3828029864617,0.18160367786651654,4.034983647046293,0.15447687936329238,0.09001110717678329,-0.24448798654007564,-0.06446577218650908,150.1768,1353.423632294729,-0.23234303661521744,-0.061137763194796094,0.017427852443443734,-0.16310368941651796,1.9988156375872659,171.86381205361855,57.84901544373018,0.6177157561347439,0.9525487562637893,0.07665066289875835,0.038215637587265844,0.18215335492885504,1.9992543624127341,0.19268126060886254,127.22929681997927,7.9143040681339745,0.038916375872658476,0.4231783888299715,1.9992999999999999,-0.708149602334128,-0.05971042353526604,0.012394362412734151,1.9997499999999997,-0.21106638933258282,1014.4702377008548,-287.65683698413227,0.011518724825468306,1.99974,0.3394330146748608,97.0,1.3879726066972542
CCOc1cccc(C=O)c1OCC,-652.0075720791501,2.695678594358238,3145.9575965266454,1627.7482283149595,0.2462648276171415,4.611516355769635,0.15185154455248273,0.09200109743386674,-0.24385264198634948,-0.05985044711861601,194.2298,1547.9499705312085,-0.3317555582518071,-0.10233740200868742,0.018514417249717353,-0.20098154044023622,1.99879449897908,158.1699402902041,65.00900550352038,0.647965551662441,0.9139917314491381,0.08301185308076377,0.0394134170590056,0.18300246330687914,1.9992616271000867,0.19422585945161536,150.85257054160877,9.728972015134259,0.039015556878045025,0.4165550899876574,1.999311084733391,-0.7182800447650416,-0.07689021818776648,0.012262981215470897,1.9997494576333044,-0.22030581474764166,1061.9087602590314,-288.83014078897355,0.011383837373424225,1.9997494576333044,0.34606640107773984,85.0,1.3879726066972542
CCOc1cccc(C=O)n1,-514.5038596252924,1.1654052558721326,2029.6762252702474,1276.760668417455,0.16967687778089222,2.6855480196656987,0.1655719335878402,0.08991862903236096,-0.25549056262020114,-0.07565330455547922,151.1646,1306.1814375341944,-0.0052320025754791395,-0.08335417672463027,0.027094453563668946,0.07478661064224755,1.9988399781943187,153.36765377817835,43.958559691952814,0.6019287078288785,0.8700483984397007,0.1077457185187499,0.038781604992909904,0.19414102141675454,1.999300021805681,0.21469045132420794,129.35304274686513,4.527386549976056,0.03901836693932628,0.4126014869768807,1.9993400218056807,-0.683423470667881,-0.0699262272230045,0.012043807366684986,1.9997499781943189,-0.20242740771454945,1037.7161692169116,-300.4347968696703,0.01141735069980179,1.9997499781943189,0.3379181063246428,94.0,1.3879726066972542
CCOc1ccccc1C=O,-498.46771452347537,2.9220433062712203,1976.2761802831412,1302.7123344066858,0.18205159372865995,4.802595243112582,0.15316097289879488,0.09303004304790106,-0.24619101594669596,-0.060130929850893806,150.1768,1255.6682461723383,-0.43807432542994973,-0.11729875142948551,0.018433935249372063,-0.2177925798985052,1.9987980757241224,152.59418978497192,70.75617493751119,0.6402925149356806,0.9171042608092167,0.10225465962966566,0.03842814469165016,0.18768729778110618,1.999260056472953,0.20555617402100299,153.59597830361696,11.009867523838027,0.038720984081190755,0.4141670402217446,1.9993100282364762,-0.7212457280125124,-0.07049433247506248,0.012002484809922581,1.9997499717635234,-0.2259221748756644,1057.7138757711461,-280.8159163909613,0.011290362878710113,1.9997499717635234,0.34386688956848904,79.0,1.3879726066972542
CCOc1cccnc1C=O,-514.4845968736307,1.6533287677057695,1792.2862848505004,1599.8280131901192,0.16941933928577757,4.046582234806677,0.1672534489033636,0.09074769160574243,-0.25800114050910605,-0.07650575729762117,151.1646,1134.214588590306,-0.191933108437493,-0.11705665843908648,0.02726842544324387,0.019468559045435416,1.998831776590203,154.09182474971763,48.82181006375331,0.6367382447035677,0.874345795680787,0.11215371559389148,0.04030672901435606,0.20153348800946902,1.99933,0.21457947093177798,127.43557535695132,4.008434034892325,0.040079138425336946,0.40519879626906163,1.9993708882951016,-0.6710824395866483,-0.09527366017910609,0.012606446819594516,1.9997408882951018,-0.20143608452376352,1049.7572756326592,-306.32589168618654,0.011932005344087664,1.9997400000000003,0.42440325733112666,92.66666666666669,1.3879726066972544
CCOc1ccncc1C=O,-514.4907614293287,4.684440898718928,1943.3663514203668,1356.471256716679,0.17009528429018073,5.74720099749307,0.1629683806941419,0.09369882514191444,-0.2566672058360563,-0.06926955555222747,151.1646,1343.4744132410744,-0.5020745911455567,-0.18415123624865015,0.018458963853412124,-0.26031449432667675,1.9988369636436447,148.64914037997275,75.40242332180378,0.6331034155375357,0.9061629665423585,0.10933717766927781,0.03944274147983529,0.20501217815656658,1.999281126007056,0.20862801090013616,153.07498245275536,11.149224465638,0.03895141417284581,0.41216833928293767,1.9993305630035278,-0.6988398955838138,-0.09893047246708371,0.012276400640116907,1.999749436996472,-0.2170463918051836,1077.7272030124452,-291.95896920948894,0.01140563003528006,1.999749436996472,0.34288668197423067,86.0,1.3879726066972542
CCOc1ncccc1C=O,-514.5036557026533,1.5539004574168482,1887.0292543156002,1102.580110031273,0.1701435594771643,2.9645807898056136,0.16536652332068802,0.09284092278415344,-0.2582074461048415,-0.07252560053653458,151.16460000000004,1254.4746446755235,-0.49562616952901684,-0.18040099131667636,0.018562132495780134,-0.2628103806980979,1.9988040110846987,141.60930576861867,76.65483693461715,0.6338245129081114,0.9072911064920652,0.12545251331983787,0.03820538015452284,0.20980844655079922,1.9992800916959024,0.21303873337915769,152.55134683278766,10.520314026012139,0.038631759388426584,0.41325463009385593,1.9993201375438532,-0.710146455624703,-0.07464477706451822,0.011875845002740774,1.999749954152049,-0.2224275832717749,1070.7421774418071,-291.0672373610656,0.011321146198776322,1.999749954152049,0.3419301918137227,58.0,1.3879726066972542
CCS(=O)(=O)c1ccc(C=O)cc1,-971.6856201129444,5.98304335968957,3194.4349867376927,1498.9782192917687,0.19022205046819787,3.9606026057434556,0.18931814884343756,0.09545032611746389,-0.2847684749609014,-0.09386782272597365,198.2362,1601.4206487586125,-0.2764879955772708,-0.06620396969466659,0.0173931923481355,-0.1827721993594285,1.9987999999999997,177.9579461685761,56.81088361485717,0.6174471388522085,0.9630029663290289,0.1119232608654987,0.037136596174067754,0.2207851845136319,1.99926,0.2001487733860648,129.38649437154112,8.041864347704337,0.03886320724630929,0.42227981831855077,1.9993099999999997,-0.6991429846858168,-0.0413457600682101,0.012009999999999998,1.9997499999999997,-0.20007794878943017,1047.6459541416918,-306.72542552250104,0.01158,1.99974,0.3403106424797784,99.0,1.3879726066972542
CCc1cc(Br)ccc1C=O,-2996.7711317522794,3.1377230330239128,3086.07219002905,1414.4465533497669,0.16754664005260408,2.6040111841723057,0.17159375830849127,0.09469280530130009,-0.26628656360979136,-0.07690095300719121,213.07350000000002,1790.0534589772897,-0.39947900580633544,-0.06501915382552712,0.017916958571511567,-0.17957306075165258,1.9987512127067628,169.3204763540739,64.29896463148111,0.6658291514323394,0.9552401277655121,0.08530358764743207,0.03837453315798646,0.1876056021041624,1.9992600000000003,0.18682562822607673,145.4278088592027,10.964817660996562,0.038431193383598426,0.4159081712782742,1.9993012127067629,-0.7211979981483553,-0.060254008579109425,0.01232666022561196,1.9997500000000001,-0.21331684008299553,1052.298347226757,-288.9657935036674,0.011530298345899607,1.9997500000000001,0.34568141996007173,92.0,1.3879726066972542
CCc1ccc(C=O)c(Br)c1,-2996.771746,0.6669,2847.9979,1340.13,0.167503,3.8839,0.171115,0.096585,-0.2677,-0.07453,213.0735,1393.7350000000001,-0.451537,-0.091069,0.01976,-0.20375,1.99865,168.4621,63.2404,0.6470264317180616,0.916121,0.103011,0.03839,0.19408,1.99925,0.202857,138.6126,9.4215,0.03874,0.41844,1.9993,-0.710907,-0.065041,0.01227,1.99975,-0.212623,1045.7596,-289.659,0.0115,1.99975,0.3447923222152297,93.0,1.364207569966279
CCc1ccc(C=O)cc1,-423.376222,1.2739,1819.9869,1334.532,0.176049,3.7523,0.16432999999999998,0.10051999999999998,-0.26485,-0.06381,134.1774,1261.407,-0.382881,-0.064079,0.01727,-0.18298,1.9988,174.4542,60.9632,0.6151667715544368,0.996249,0.079352,0.03814,0.17966,1.99925,0.193509,127.8623,8.5803,0.0389,0.41959,1.99929,-0.730279,-0.062785,0.01234,1.99975,-0.216123,1008.1447,-281.1664,0.01151,1.99974,0.3388923851478918,93.0,1.3879726066972544
CCc1ccc(C=O)s1,-744.2149843002861,1.610619946598044,1579.4725831190044,1106.5945208285468,0.14230394474874092,4.379001940065787,0.1618791796681316,0.09374112821577245,-0.25562030788390405,-0.06813805145235916,140.1996,1466.823491843063,-0.38777091558498333,-0.020960175400302716,0.019153652466594777,-0.3494990257261796,1.99881827920701,107.24331005484743,50.21710342708046,0.6116429008097086,1.0079596142328477,0.10892770345002498,0.03592904260021566,0.17927830871415498,1.999160860396495,0.19206820326488036,131.69407216770443,18.827273602445874,0.03916162378970069,0.39413501475357254,1.999210860396495,-0.7270238757535052,-0.0639762766624537,0.012337094052574826,1.999759139603505,-0.22256917965916437,944.8505754613872,-253.51774553990626,0.011721931673604757,1.99975,0.3361153254818236,84.25,1.3879726066972542
CCc1cccc(C=O)c1,-423.37584,1.0165,1665.5785,1283.263,0.176051,3.2192,0.16591999999999998,0.10044,-0.26636,-0.06548,134.1774,1301.7275,-0.299717,-0.059647,0.01757,-0.17097,1.9988,174.218,58.7854,0.6169760855884204,0.945765,0.080258,0.0381,0.18288,1.99925,0.194594,128.5723,7.8715,0.03882,0.42214,1.9993,-0.698319,-0.061869,0.01232,1.99975,-0.213892,1015.1936,-284.8195,0.01151,1.99974,0.34015103838892385,91.5,1.3879726066972542
CCc1cccc2cc(C=O)c(Cl)nc12,-1052.286950425765,1.319009639525192,3758.470020639917,1827.1669117055887,0.20572477770313563,3.191877550506948,0.17543128118069704,0.08146859127555725,-0.2568998724562543,-0.09396268990513981,219.6701,1758.7093828620355,-0.5528730061696948,-0.16247006731844568,0.01937472964780689,-0.2569580999569452,1.99869,150.54194159918254,68.69396550857793,0.641432606665298,0.9553403038721665,0.14677507978387155,0.03756050605487521,0.24223704778372412,1.9992602908033794,0.21446030161667834,143.4172974109191,9.396832589441548,0.03889097373467952,0.41619990688779007,1.9993201938689196,-0.6998776044439522,-0.05730193587658052,0.011797132868578765,1.9997499030655401,-0.2092729395473209,1071.2201551534629,-298.8856659059256,0.011493683509472122,1.9997499030655401,0.3445492388043381,99.0,1.1512985958567945
CCc1ccccc1C=O,-423.37464471507366,1.0082630202271388,1454.1284176671318,1349.4739735267833,0.17641593259486082,2.88293808285816,0.1651183324523647,0.09847295934548404,-0.26359129179784874,-0.06664537310688068,134.1774,1343.699072233798,-0.3450083566525509,-0.041702959367562936,0.018013129179784874,-0.171586253073758,1.9987415645898925,173.07968719929636,61.70092845353773,0.6656167090650005,0.9248877981071852,0.06327242849231784,0.037670879966877326,0.17993919219549237,1.999266870820215,0.17945943327266564,127.37771568215966,5.705703164448046,0.03837095212924706,0.4194921876221613,1.9993084354101074,-0.701945947050452,-0.070383996323049,0.01229190425849412,1.9997499999999997,-0.21806678758075795,1011.7169870488267,-295.31958913224094,0.01166340197182857,1.9997415645898924,0.40105414450851606,60.0,1.3879726066972542
CCn1c(C=O)cc2ccccc21,-554.7257190719207,0.6096344281672045,2391.5706104472233,1454.0044477594113,0.20817377273387982,1.9986504395218434,0.14860336334473173,0.08064309198220021,-0.22924645532693194,-0.06796027136253152,173.214,1473.0717731503053,-0.31881583573845446,0.05060773144807353,0.02378998303984178,0.06453565170614559,1.9988599999999999,114.17008647351595,60.22212422395492,0.6429396778208651,1.1196959676398826,0.07501483256922767,0.036611170250917195,0.1485957808940614,1.9992499660796834,0.18530260404316165,130.6466668647224,15.994958045440141,0.03574215394009398,0.38332297849449676,1.99927,-0.8148389409396993,-0.13282342694981256,0.01279010176094932,1.99976,-0.2358747852261413,977.3726376751246,-250.59753895229863,0.011719813438259575,1.9997499999999997,0.3980960820417856,59.0,1.3879726066972542
CCn1ccc2cc(C=O)ccc21,-554.7227504316761,2.8910552347188623,2726.2360763988495,1446.9390466236164,0.20790698890283832,5.965650865737386,0.13712283001325765,0.08921807540626273,-0.22634090541952034,-0.0479047546069949,173.214,1689.4969852702047,-0.47401540552578547,-0.04599195672458512,0.017294853972239517,-0.18242636671554635,1.99882,165.2840240845267,65.04050629114371,0.6181965546551329,1.062571961367134,0.06272350164614514,0.03862426986119759,0.16143915865255393,1.99924,0.1871084124070464,125.53132368418964,8.758038663600063,0.039010292055520965,0.41761343455396444,1.9992900000000002,-0.7744875168414881,-0.07311932544181673,0.012475730138802415,1.9997500000000001,-0.22627419742763594,977.6626227367178,-264.50638251459304,0.011455146027760484,1.99974,0.3404588092624064,29.0,1.3879726066972542
CN(C)C(=O)Oc1ccc(C=O)cc1,-666.894851,2.00425,3995.19575,1594.4299999999998,0.2120285,5.07765,0.16041499999999997,0.09799499999999998,-0.25841,-0.06242,193.2018,1515.2015000000001,-0.438558,-0.0532875,0.01715,-0.188535,1.9988,171.038,63.458349999999996,0.6168187539332914,1.0341075,0.0787615,0.03814,0.17744,1.99925,0.192809,127.87935,9.3993,0.03894,0.41877,1.99929,-0.7529295,-0.064234,0.01235,1.99975,-0.218007,1002.6479999999999,-278.05945,0.0115,1.99975,0.33960037759597234,96.0,1.3879726066972542
CN(C)C(=O)c1ccc(C=O)cc1,-591.7787410771489,4.1456632235340045,3077.410912523207,1524.715927589225,0.20642795902842212,4.526712210887943,0.1680416487696328,0.08983246820119051,-0.2578741169708233,-0.07820918056844227,177.2024,1714.6008785602476,-0.34280980485271967,-0.06970176918925734,0.01734237072550444,-0.18381,1.9988000000000001,175.38741449049797,58.76993162026997,0.6182169340520685,0.9976143466319656,0.09770638178162219,0.0375309268137611,0.203576400127159,1.99925,0.19647118568064964,128.61405080712382,8.280743107023033,0.038860926813761104,0.42047928795064565,1.9993000000000003,-0.7255183572481966,-0.052637708722542254,0.01213474145100888,1.9997499999999997,-0.20922062198507652,1027.1804517171902,-293.1540220782236,0.011542370725504441,1.99974,0.3396871790116778,68.0,1.3879726066972542
CN(C)C(=O)c1cccc(C=O)c1,-591.779317767959,3.2546579492641246,2793.3745950861885,1628.3499984992136,0.20649856723482898,3.7829815862456257,0.1643195387265544,0.09098626503585944,-0.2553058037624138,-0.07333327369069494,177.2024,1646.0864718750354,-0.3214776219367348,-0.06702258346745253,0.017826952751011208,-0.1782874727546901,1.99879,173.25033608249493,60.136995766016014,0.6203139621746676,0.9398112986673477,0.0888465476997082,0.03804351691246774,0.19066042497609695,1.9992537601342406,0.19812165977215898,129.7051359798639,7.904790465409973,0.03876632093968373,0.4226256891283563,1.9993,-0.6963133420842349,-0.06470015649503057,0.012291118254873069,1.9997499999999997,-0.21164559238709024,1020.9680666858799,-287.31324050540815,0.011512479731518935,1.99974,0.3407595824467632,97.0,1.3879726066972542
CN(C)Cc1ccc(C=O)cc1,-517.8319987025693,3.6714422047349364,2863.7941088517855,1549.3556564061903,0.2235970002501825,3.9606567208919925,0.1473908038768418,0.0837104240167048,-0.23110122789354662,-0.06368037986013703,163.2188,1323.3359026438536,-0.38186624525015006,-0.0635066701060131,0.01782503002502147,-0.1847019988188587,1.9988059419920925,172.8658284419799,59.98831781765398,0.6160942336145991,1.0060971097012126,0.08100028947408693,0.039042828470804467,0.1964096500491667,1.9992618261450124,0.19344740753464953,127.8775916165109,8.465108837139848,0.038894420204582426,0.4196343351258696,1.99929,-0.7357629118346309,-0.10490707167794727,0.01253317329497229,1.99975,-0.21593651688464566,1009.0371310759009,-282.0778086941581,0.011505028919586484,1.99974,0.33915244443563136,23.0,1.3879726066972542
CN(C)Cc1cccc(C=O)c1,-517.8315821666664,5.870945708422066,2632.569685080958,1483.2862216980736,0.22360350188950404,3.8734937449544944,0.14693710507146912,0.08287620818383257,-0.2298133132553017,-0.06406089688763657,163.2188,1535.1861471922543,-0.2967074503805629,-0.06449577035077875,0.01851215306180508,-0.1786975360828425,1.9988087165685697,173.93643242045,58.916815238525786,0.6192866601044522,0.9483462633456944,0.07735250928048641,0.03975271904111316,0.20357013025660153,1.999274737533814,0.1935335139662407,127.9603756452656,7.600955409987113,0.03886697746507582,0.42202843522048517,1.9993,-0.7136654591642384,-0.13895689832502728,0.012548506018230023,1.9997499999999997,-0.21329290523740285,1016.4917861553844,-286.80264692845736,0.011498368835960872,1.99974,0.33904481113236185,97.0,1.3879726066972542
CN(C)c1cc(Br)ccc1C=O,-3052.007735677429,3.635780264238158,3438.4921004835887,1590.8989168119783,0.18549910226807437,1.7105468526598733,0.1442838360764247,0.07969142061739651,-0.22397525669382123,-0.0645924154590282,228.08809999999997,1601.4766424802644,-0.5420027052036049,-0.06815853102811639,0.01907840916328734,-0.17998668986592678,1.9988299999999999,153.95018380327053,71.67004202166645,0.6699056730906807,0.9695825575294899,0.08845160927770841,0.04238278419172165,0.24205864625068974,1.9992950568155967,0.1742310791323815,123.01083012682189,11.63238906172765,0.0398929261169766,0.3997823157473905,1.9992975284077983,-0.7125306896210077,-0.20931582596783427,0.013180454524775042,1.9997424715922014,-0.22852273625541086,979.4543124022172,-267.9097064867252,0.01180619312753449,1.9997399999999999,0.4001583067017809,53.0,1.3879726066972542
CN(C)c1ccc([N+](=O)[O-])c(C=O)c1,-682.8039871600491,9.126758181699017,3145.7331826014815,1726.2367495297012,0.2000848270554653,7.713473835072167,0.16189329109881986,0.07267602534070809,-0.23456931643952797,-0.08921726575811176,194.1896,1562.7468407858573,3.5760200658533026e-05,-0.10218491153978831,0.02075009711788128,-0.16912494987017365,1.9988099962646968,165.17214468261378,62.00450770485394,0.655995188198479,0.8327084224730756,0.15340042012742586,0.0392712774736691,0.3040617369159536,1.9993100186765156,0.21766771920649997,154.81820339152677,7.918012721318841,0.038070720913503324,0.42808920064513106,1.9993200074706063,-0.6419520912601027,-0.17498229555665307,0.012090429559859492,1.999749996264697,-0.21383306047708803,1056.4343660223533,-289.52055080558586,0.011350231588793815,1.9997499925293938,0.3518854107599155,23.0,0.9634398649569116
CN(C)c1cccc(C=O)n1,-494.64792730234393,11.737173641182402,2000.4174003627181,1426.150428438781,0.18215623006115697,4.157983464203438,0.14189889544638548,0.07674077968490438,-0.21863967513128985,-0.06515811576148109,150.1798,1285.6705042553367,0.05598177254361256,-0.07743226395322889,0.02819678379976947,0.1039968780096169,1.998919707618161,154.16311279445773,43.75104219497208,0.6014738063450259,0.8830061876667257,0.09814646445320385,0.04388547836865608,0.24160392115909607,1.9993798050787739,0.21276501954456994,128.28111604797388,3.5234419843997906,0.03901035735558118,0.4156339130425746,1.9993400324868709,-0.6976552100783018,-0.2864908926048061,0.01264129947484062,1.999749967513129,-0.20501648876279202,1031.5157405542222,-298.01919040323696,0.011382241594100069,1.999749967513129,0.33869518602990545,81.0,1.3879726066972542
CN(C)c1ccccc1C=O,-478.608095,5.33,1766.293,1494.411,0.19414,4.1245,0.14001,0.08115,-0.22116,-0.05886,149.192,1513.57,-0.416779,-0.083632,0.01977,-0.17007,1.99883,158.3922,67.919,0.6734581497797357,0.901073,0.069948,0.04331,0.20597,1.99928,0.171084,144.1536,9.6832,0.03971,0.40299,1.99929,-0.719393,-0.181484,0.01313,1.99975,-0.226383,1025.9086,-268.1216,0.01147,1.99974,0.3519509125235997,54.5,1.3879726066972542
CN(Cc1ccccc1)c1ccccc1C=O,-709.2255164351451,4.8486894960514935,4535.7157491805865,2308.562246196393,0.28062159637200057,3.3638849848181973,0.1427627269537598,0.08051184318421394,-0.22327457013797375,-0.06225088376954588,225.2896,1998.9082929063939,-0.4170712336003774,-0.07968057504342538,0.019831034816119482,-0.1720599641253835,1.9988246504939329,161.45248858587888,67.37272100011175,0.6797019025832962,0.9076993396440398,0.07353177341668066,0.04295010898452938,0.21463218844516313,1.9992845927841443,0.17451345248875544,139.32851516934386,8.814214321716701,0.03954608525887365,0.40531912934817044,1.9992922963920723,-0.7175397284035251,-0.191230258609568,0.013182112748336194,1.9997438806588586,-0.22424195163712232,1024.3725373484808,-276.2434811003975,0.01164230022833876,1.9997400000000003,0.3792152854401637,40.0,1.3879726066972542
CN1CCN(c2cc(Br)ccc2C=O)CC1,-3223.742473993256,11.16158193046022,6053.666140449694,1731.1583184481258,0.27125574594371216,3.1694049982846946,0.144494689054345,0.07395168748733287,-0.2184463765416779,-0.07054300156701214,283.1673,1749.3339329362193,-0.4603989914827703,-0.06907661033674561,0.02004640528572517,-0.1904387849614273,1.9988380238403367,160.41942241810258,67.58154722779238,0.6751026304793032,0.944463061317536,0.06608873779603966,0.043926370819364534,0.2296632772978972,1.9992939523193265,0.17460030574258076,144.43002123972914,10.57554852802678,0.039702537701721954,0.4044839767053985,1.9992909880798317,-0.737552831128081,-0.2480526287885353,0.013119131121852258,1.9997409880798316,-0.22032993854603022,1037.0837677454695,-274.93008448695394,0.011478892718484514,1.9997409880798316,0.35242169864659767,41.0,1.339157326756677
CN1CCN(c2cc(C=O)ccc2F)CC1,-749.4400169747727,12.113516159514687,4328.664695076837,1703.0352604635254,0.2728094388193018,2.9944386581223768,0.1344941135579633,0.07560798378103967,-0.21010209733900298,-0.058886129776923646,222.2617,1689.9613500695534,-0.2685888845042548,-0.05642358861789842,0.01996936622100904,-0.17416931598785457,1.9988581346027885,167.15393731724407,62.50106958594911,0.6179598918385913,0.980853691257003,0.06831702017943872,0.043642038684803514,0.23509607490303874,1.99933,0.19035351130309192,127.62555803498086,8.955707548788762,0.03884568189831796,0.42218995605273213,1.99929,-0.719314784850501,-0.3080205099937185,0.012699993438960255,1.99975,-0.21822344055601622,995.8275211501144,-275.22217635696364,0.011509442086121358,1.99974,0.34029842346772515,95.0,0.9634398649569116
CN1CCN(c2ccc(C=O)c(S(C)(=O)=O)c2)CC1,-1237.8882778832465,6.0011645002280884,7333.4548669836,2045.0146464981835,0.3236164136427919,6.673166727630985,0.14929094473097662,0.08004708691674314,-0.2293380316477198,-0.06924385781423352,282.3567999999999,2045.0953755345581,-0.6496384102143175,-0.04147951361550687,0.020627436831491694,-0.20407616456600947,1.9987202652072986,149.3303877466782,71.04391834224349,0.6654859204626666,1.1339008774571306,0.09010089399244285,0.037284524033998574,0.19483227917411644,1.9992501194661632,0.19301844701343718,124.57687392661116,10.430822125786328,0.038351549638720714,0.41950436757510035,1.999299905584103,-0.8152340598943878,-0.06793590841451415,0.012538690326868577,1.999740047207948,-0.22138057258709978,956.388590466593,-277.82012613571766,0.0121864163132118,1.9997300944158962,0.4375838318957067,66.0,1.339157326756677
CN1CCN(c2cccc(C=O)c2)CC1,-650.3457123964704,13.15381599350801,4070.7536491784626,1764.487224301471,0.2800316455096121,3.738603468422462,0.13355257118795488,0.07396450695072908,-0.20751707813868397,-0.059588064237225805,204.27119999999996,1788.7855849856699,-0.20387708291970325,-0.06722449002128987,0.020139845975775558,-0.16505222832759028,1.998860776908694,172.3138681249671,57.89525698475047,0.6190684325143986,0.9604008740423456,0.06992394489743492,0.04330143711220728,0.24032957332940716,1.9993315922448744,0.19233601033746456,129.3321770337512,7.263458914701769,0.03863093394255546,0.42438761995074786,1.9992899999999998,-0.7019283176880179,-0.3144562186224089,0.012553611358649202,1.9997499999999997,-0.21816163968391178,1004.5354296226737,-276.95499656392707,0.011488601949392567,1.9997399999999999,0.3398259801143928,94.0,1.3879726066972542
COC(=O)Cc1cccc(C=O)c1,-611.6340951748647,1.8965584862895541,3062.6957099067886,1597.2935778126728,0.1938801976177465,3.4692496596805356,0.1668004334296575,0.10022023804133012,-0.2670206714709876,-0.06658019538832738,178.18719999999996,1503.6148631817728,-0.30443333987460663,-0.06610895002269987,0.01758802264839199,-0.1727250969926099,1.99879,173.52413294183503,59.12331328586421,0.6190347918889065,0.9460882727004656,0.08190181611555374,0.03807620065286638,0.18441055776852033,1.9992499999999997,0.1948338983314021,128.51620865911727,7.72783647123195,0.038815774695859014,0.4224096465806231,1.9992999999999999,-0.7099051666165644,-0.06085837725114835,0.012298798345692315,1.9997499999999997,-0.21340602078834137,1016.6840852061755,-286.20256756497974,0.011505116246283885,1.99974,0.3391956642837357,94.0,1.3879726066972542
COC(=O)c1c(Cl)ccc(C=O)c1F,-1131.0209075949103,1.9557151510437618,3235.957590152597,1660.7500608565667,0.1486084130368868,2.9554827666198364,0.18448076900330046,0.09643056441095049,-0.28091133341425095,-0.08805020459234997,216.59600000000003,1455.2258519621575,-0.45703093837954245,-0.15691992606472852,0.01811,-0.25010714238047344,1.9987600000000003,149.38552797104592,72.4068070204461,0.6345530351227372,0.9791881635220433,0.11925017228834368,0.038822796954616885,0.20227252123271844,1.9992903121208445,0.20920924094583787,148.97303731367467,13.685663854351672,0.03964278482163494,0.4137355349126673,1.9993303121208448,-0.7180263384572397,-0.04836872242792647,0.012056554537730598,1.999749843939578,-0.20834144268700683,1079.245149197905,-295.2926507824122,0.011453433329287456,1.999749843939578,0.3421457294190192,99.0,1.3879726066972542
COC(=O)c1cc(Br)c(C=O)n1C,-3163.018681177646,0.3305420637582938,3894.44757919584,1543.915710214304,0.16735125045496266,3.15443654254831,0.16828028710723095,0.08815077995876232,-0.2564310670659933,-0.08012950714846861,246.06010000000003,1687.1913983883212,-0.4235107449705464,0.0062621945351589835,0.024971129451426145,0.03763314192851272,1.9986800821419222,120.55764839212999,64.48343609852317,0.653565711137425,1.0114131148495038,0.1044792207489415,0.03514396334773173,0.15619349103168081,1.9992400205354803,0.19881927266110697,136.25766575314825,16.598265598183524,0.03551353210264176,0.3818599163000952,1.9992900205354807,-0.7712611053673666,-0.08262763972247214,0.012041314270750421,1.99975,-0.22532337965113264,1008.5243174949701,-249.39874031022248,0.011560985703062817,1.99975,0.3658825181172342,99.0,1.3879726066972542
COC(=O)c1cc(Br)c(C=O)s1,-3466.6454366188236,2.398376584321311,3847.349002187162,1386.1956826347289,0.12184736327175136,2.6477319889647974,0.1884418767143801,0.08553946220144612,-0.2739813389158262,-0.10290241451293397,249.0787,1502.3130050858144,-0.394496911124225,-0.0554186752567932,0.021589745755087344,-0.3766035028466155,1.9986500760951191,112.83784709063802,50.30739808576634,0.6460390066897191,0.9363032557945807,0.1563203156126956,0.03494258901759776,0.23818876963055213,1.9991702282853574,0.2004102419886951,139.1046064137089,16.502031965731938,0.039121624924410195,0.3981896733831349,1.999222873985707,-0.6951929565531335,-0.04597698177831775,0.011895139210460726,1.99975,-0.20823681703950356,1010.9830734076643,-281.62646102102974,0.011777193778677999,1.9997499239048806,0.34124338023265943,98.0,1.3879726066972542
COC(=O)c1cc(Br)cc(C=O)c1,-3145.8090329268625,2.7421729016269496,4107.341056629517,1397.443666750473,0.15529937794933799,3.5733809063122117,0.1821723703505142,0.0939632798992932,-0.2761356502498074,-0.08820909045122098,243.05650000000003,1729.4925233531922,-0.29693255947735775,-0.07799670565699673,0.017470156753978554,-0.17646989284372777,1.99879,165.54801871768848,58.141238188418995,0.61769290306861,0.9298867517364992,0.10707803468367817,0.03749581501474815,0.21052578412862266,1.99926,0.20130127854784538,128.6668912920541,9.063599706838716,0.0387876942584382,0.4243850067356687,1.9993061785456665,-0.6891586738744421,-0.04509613217158864,0.01214439218744658,1.9997500000000001,-0.20060076683277492,1033.7917940442865,-296.88340115287934,0.011578774560820938,1.99974,0.34019253541304917,90.5,1.3879726066972542
COC(=O)c1cc(C=O)cc(OC)c1,-686.7291930540762,2.6357530938442726,3445.512208074623,1459.6512826718463,0.19899039067424965,2.642469050487179,0.1643859208746398,0.0886337938295681,-0.25301971470420787,-0.0757521270450717,194.1866,1644.9011929264618,-0.2520136885402019,-0.05807582988074941,0.017498309925784578,-0.16797757800427365,1.998815401075696,168.2298403594815,57.67542101787866,0.618932900455169,0.946515890423095,0.09358480566587513,0.03782227119276287,0.19863985513463212,1.9992558402907095,0.19709526750605297,129.11753130398807,8.185086178413004,0.03878690371237424,0.42426474272002723,1.9993016511074464,-0.7073185913870191,-0.05460788138492074,0.012233854138388806,1.99975,-0.20915597049270854,1018.8382922525681,-287.8011362733033,0.01153629484493063,1.99974,0.34155510990890986,89.0,1.3879726066972542
COC(=O)c1cc(C=O)ccc1Cl,-1031.9266432859413,3.073694869545599,3057.8070474933857,1562.650595511156,0.15568698734600622,2.615374274028586,0.18150718609986366,0.09632719841664956,-0.27783438451651327,-0.08517998768321411,198.6055,1599.7466722715455,-0.4001050171179029,-0.058819625456234786,0.01725161083369175,-0.1930619113291967,1.99878,169.81078521314114,61.732839229252846,0.6160649053607027,0.9850527453537488,0.10489814955403744,0.03751682501250783,0.2071649981131581,1.99926,0.19887070665408535,128.98963016180184,9.336218401070386,0.03887303011226732,0.4211229052827685,1.9993008026369128,-0.7221348722276822,-0.04959918088131718,0.012137008770743234,1.99975,-0.20697385783585165,1026.5795093043398,-291.67931942394466,0.011553611167888372,1.9997438228065074,0.33991805395696895,99.0,1.2845864866092154
COC(=O)c1cc(C=O)ccc1F,-671.5085430651144,1.7682862871131229,2747.335830218469,1268.8357331084032,0.15697217978925704,2.8141544069243567,0.17726264735298353,0.09917894058486222,-0.2764415879378458,-0.0780837067681213,182.15090000000004,1418.4547033077222,-0.41702920342565086,-0.061743690418274266,0.017051025580227544,-0.19433078120426708,1.9987900000000003,167.98712231059406,63.800140713390256,0.6177477223739936,0.9565320099039116,0.09212384719321996,0.037974914646912196,0.188356365250126,1.9992600000000003,0.19801924820886785,128.5882192372498,9.952587758036746,0.03893481817891905,0.42100658254798884,1.9993000000000003,-0.7124052869511744,-0.05426154073515026,0.01231623527796415,1.9997500000000001,-0.2094094420691362,1017.4634200523162,-286.15705138966655,0.011547928443102293,1.9997457545605384,0.340361809847574,95.0,0.9015725489977664
COC(=O)c1cc(Cl)cc(C=O)c1,-1031.9329932594414,2.9077700584951156,3334.2018691685207,1415.457360759432,0.15568463255778808,2.820800735993469,0.18363765735982607,0.0962788584241134,-0.2799165157839395,-0.08735879893571269,198.60549999999998,1428.2052914422693,-0.2919191163927527,-0.07586283619513777,0.017375969026290898,-0.17611650769888926,1.9987952738828203,166.76030054197,57.937350648342736,0.618158323214775,0.9303889632022122,0.10507749190014665,0.03753523783447934,0.20794253543540536,1.9992599999999998,0.20089221847846317,128.9106363476809,9.071356697527463,0.038801288655467975,0.42414473664871116,1.9993099999999997,-0.6896079553997352,-0.04598072958252507,0.01217006046402511,1.9997499999999997,-0.2010535734871457,1033.9271939450587,-297.09442199693865,0.0115767498399818,1.99974,0.34147238609634406,98.0,1.364207569966279
COC(=O)c1cc(F)cc(C=O)c1,-671.5114824001265,2.9604260889131933,2865.2129280082386,1283.4263052182396,0.15672448289607005,2.7647848678211044,0.18358503566794063,0.09705904068181012,-0.28064407634975075,-0.0865259949861305,182.1509,1371.7734496740798,-0.26574065329317764,-0.06954355133974509,0.017003993721573216,-0.17580755957575533,1.9988160906237078,168.17049752247607,57.23534659430142,0.6175753844694147,0.9307311700455663,0.10426639977515925,0.03751953674141962,0.20731069274916583,1.99926,0.20027184328131845,129.58427143432064,8.962162605964927,0.03883572654792377,0.4233221001094235,1.9993039093762923,-0.6928776748366945,-0.04728365955365555,0.012178360168786227,1.9997499999999997,-0.20290325628160577,1031.6445705452948,-296.0039514421143,0.011577454676800152,1.99974,0.3403913143360461,71.0,1.2227191706500702
COC(=O)c1ccc(-c2cccc(C=O)n2)cc1,-819.059500164523,1.7719907099288803,7047.596762657389,1844.4028789676054,0.2382228920718301,3.2864061497716173,0.17205679319534342,0.08801278822547323,-0.26006958142081665,-0.08404400496987016,241.2458,1889.3469769900294,-0.07385071384244517,-0.08781853819580765,0.027123377381862362,0.07454233800903112,1.99883998167202,159.12695932268372,42.54228297091015,0.6010258355751993,0.873138038395193,0.11543973805202644,0.03885686206565293,0.20323523741081756,1.9993100183279802,0.21812817089687833,129.17724310265493,3.8306792685818456,0.03896038488758512,0.41397001628426466,1.9993500183279802,-0.7078476229020974,-0.07301723987474983,0.012017209113505442,1.9997499816720197,-0.1997868637437218,1044.6451636459187,-303.991414641773,0.011436787569959835,1.9997499816720197,0.33947266311674584,96.0,1.3879726066972542
COC(=O)c1ccc(C=O)c(C)c1,-611.6408044551409,3.2210997721371935,3058.5417153576223,1505.704023732833,0.19332058977453825,2.7613895337588286,0.178521012645272,0.09170709328961259,-0.2702281059348846,-0.08681391935565944,178.18719999999996,1397.6119620882882,-0.33749176036442796,-0.06000254278942418,0.017721171663709963,-0.18208754454864703,1.9987512237543419,172.35872996276075,59.060572837425255,0.6488747045814417,0.9613774245412712,0.09436353620675383,0.03666956672614578,0.22623802686235125,1.9992599999999996,0.17664421118241735,128.2538359714553,5.493544764738164,0.03843893356529049,0.4173772720508979,1.999318776245658,-0.7043265768704842,-0.05433085942779369,0.011772050272073953,1.9997499999999997,-0.2127934002109155,1050.022049599332,-316.7281110799917,0.011737476596765462,1.9997412237543417,0.38113743112819765,97.0,1.3879726066972542
COC(=O)c1ccc(C=O)c(I)c1,-869.5915429812011,1.7583390559996093,4045.5099031185837,1653.98223152062,0.15512507525317348,2.685043680406649,0.18171235592883644,0.08379959422103096,-0.2655119501498674,-0.0979127617078055,290.057,1678.0068819888602,-0.37993679961241555,-0.08974028937884004,0.02076361914609726,-0.20874490712211852,1.998642688132934,178.48021618025084,56.807020279331965,0.651500802090021,0.8915477312698596,0.1316137897400163,0.037861253007168874,0.25230810523916886,1.9992444802215563,0.20415827513675938,131.4095521835705,7.426638686570005,0.0387055547472962,0.42104125664433606,1.9993017920886227,-0.6961282473381454,-0.0726634753167712,0.012101683544898321,1.999749103955689,-0.20028062289752224,1054.5067642023448,-307.3422194651271,0.011621827057474802,1.999749103955689,0.35085179162066343,97.0,1.3879726066972542
COC(=O)c1ccc(C=O)c(OC)c1,-686.7291792496953,2.3476836528352147,3450.408689269216,1412.0650281224662,0.1993933377875837,3.296969429195249,0.1688449699177517,0.08528899347356608,-0.2541339633913178,-0.0835559764441856,194.1866,1471.7022967391588,-0.41527989947844435,-0.13542903753032465,0.01828963787947987,-0.22898575886065287,1.9987899764325294,153.1625539413064,68.32822588438837,0.6400436974851252,0.9579696677865754,0.1418630463344253,0.03687126244732656,0.24010992707611215,1.9992600235674707,0.21005751502905712,154.5382602629322,10.598813522938572,0.03861125910448304,0.4144825134460502,1.9993200117837353,-0.7286326625913231,-0.05331719927790325,0.011470914033312905,1.9997499882162644,-0.21822734303102123,1081.5519232500121,-297.52823150451917,0.011320639664555168,1.9997499882162644,0.3430496966349551,97.0,1.3879726066972542
COC(=O)c1ccc(C=O)c([N+](=O)[O-])c1,-776.5952458173017,2.5223412146788293,3682.0883656829287,1630.4872265543897,0.16972750222947328,4.227669496218168,0.20180860951720192,0.08592513284491324,-0.2877337423621152,-0.11588347667228871,209.15799999999996,1508.668890915002,-0.20683818365119438,-0.12662492416936372,0.01923947126372843,-0.20828900324270272,1.998749966953983,168.89215526038478,62.7605343583963,0.6567043439737146,0.8766362775363489,0.19347317915365625,0.035239587149403145,0.30633714655853184,1.9992800165230085,0.2227119609939375,150.71916480836234,10.206097088370669,0.03831402322725824,0.4221435605310182,1.9993300165230083,-0.6591517399807557,-0.029988347963838913,0.01098677418286302,1.9997499834769914,-0.19927264827306423,1093.4932440371524,-314.43597892133545,0.011478389131980807,1.9997499834769914,0.35062828645220995,78.0,1.1109847771625294
COC(=O)c1ccc(C=O)cc1C,-611.6389324137652,2.5989379950064677,2950.3253804169663,1570.9145943034464,0.19340372925997246,2.9511412956507113,0.1802734091028796,0.09331872026775836,-0.273592129370638,-0.08695468883512122,178.1872,1504.6952405974014,-0.26015349410620614,-0.05938187947392351,0.01753369600689775,-0.17934669716795648,1.9987799999999998,173.40596707082824,57.348504897770894,0.6165741642361999,0.9792183293566205,0.11328343343650918,0.036890374979894766,0.22956805548414508,1.9992499999999997,0.1964790941400531,129.65497754594222,7.470370053519108,0.038741296080936655,0.42245544512731226,1.9992999999999999,-0.7162295712524644,-0.045390613606631734,0.011867405727326183,1.9997499999999997,-0.20572456511089326,1042.6039157134674,-303.2259290414417,0.0115314788249192,1.9997399999999999,0.33997903235097426,93.33333333333331,1.3879726066972544
COC(=O)c1ccc(C=O)cc1C(F)(F)F,-908.9538050676647,4.714568292871535,3763.94344155023,1563.2184349747208,0.17267322957358006,3.404283839689513,0.19253953758845876,0.09323827444202577,-0.2857778120304845,-0.09930126314643298,232.1587,1587.4828763890644,-0.2931316651460694,-0.07375950976592166,0.01747656390854639,-0.18684677944111683,1.99878,174.55484912175635,57.97944709072739,0.6161476102375059,0.9599008092306244,0.12496117392850584,0.03661781203048453,0.23547660898203093,1.99926,0.20167576167120513,129.16743238931178,8.498014667937625,0.03875218796951546,0.4225266716748316,1.99931,-0.6984654159317595,-0.03693542303392922,0.011860416040646048,1.9997499999999997,-0.1991494423062904,1049.3299854618033,-306.2935237194714,0.011587812030484534,1.9997399999999999,0.34036982402835536,96.0,1.3879726066972542
COC(=O)c1ccc(C=O)cc1Cl,-1031.9251090639825,3.6475338075137054,3130.832327743005,1442.9136767718824,0.15565536134448849,3.278166496075549,0.18660794539870937,0.09119101339464122,-0.2777989587933506,-0.09541693200406812,198.60550000000003,1502.68758984933,-0.24158726910293427,-0.06957076191527603,0.017279929970215227,-0.17926004955658204,1.9987800000000002,168.68914259904392,57.075812186775764,0.6160414328085004,0.9652147950660062,0.12011590092714018,0.03682697977104797,0.23242054237649984,1.99926,0.20106160217937885,129.87114793258291,8.5450386831982,0.03874606353105149,0.4233863675336806,1.9993063845965962,-0.6991717314889224,-0.039436365896123385,0.011911601917435882,1.9997500000000001,-0.19874424875769542,1048.3203217431806,-307.50319194380177,0.01158899325701599,1.9997400000000003,0.33979425125499796,99.0,1.3879726066972542
COC(=O)c1ccc(C=O)cc1OC,-686.7236520757538,3.437964993864134,3209.610379628236,1551.6781041918314,0.19893623331392918,2.1600231509294265,0.16955617246416463,0.08449282239468446,-0.2540489948588491,-0.08506335006948013,194.1866,1634.287741245091,-0.20342886557213746,-0.0514593819228833,0.01746308450476147,-0.16499295396328686,1.9988099008017761,170.87360295390664,55.58414433822769,0.617866976703115,0.9789993523679662,0.10832136813674571,0.03705586101265058,0.22048761149306131,1.9992501314967548,0.19894018738921482,131.41316992184258,7.385030876418528,0.03857731249405206,0.4238585109782226,1.9992999999999999,-0.7099411335327864,-0.05116453072447168,0.011941119603828163,1.99975,-0.20877580854993488,1029.764834528602,-294.74230281826436,0.011540197872269543,1.99974,0.3410655125277321,90.0,1.3879726066972542
COC(=O)c1ccc(C=O)nc1,-588.4334184543867,2.044598129920711,2631.8337486216824,1362.8817663851346,0.15201228976606562,3.646370798842251,0.1864926999487847,0.08791340712080137,-0.27440610706958607,-0.0985792928279833,165.14820000000003,1405.3761043467607,-0.038765018321224795,-0.11231567276571469,0.02698351208470033,0.0490751733177124,1.9988399953360503,163.6884940412339,40.54999894121711,0.5968376104022541,0.8925235024539536,0.1483700504826922,0.03801566074797086,0.2478124835811143,1.9993100046639496,0.22230323469464924,131.85471127098685,3.593361074364778,0.03913581465831231,0.4116103999127826,1.9993400093278995,-0.6802002971012894,-0.06941145497324441,0.011636001216301931,1.9997499953360502,-0.19666301664163,1062.6160963170987,-314.5495139021958,0.011430307820682883,1.9997499953360502,0.3398693991196994,98.0,1.2836797992708533
COC(=O)c1ccc(C=O)o1,-570.2252235404188,2.1907727387348905,2137.444061645386,1143.6585141786004,0.13316260187666465,2.921840186714936,0.1802736548312047,0.09248431943360186,-0.2727579742648065,-0.08778933539760282,154.122,1008.88107077192,-0.24185820141952608,0.06453225897072905,0.02829416167367574,0.18065277231933294,1.9987205944295656,95.83725204769978,41.742300391602484,0.5753085783712819,1.0156285388866322,0.10044707106104492,0.035511003751792586,0.1543088547385666,1.9992605944295656,0.18365473619481362,131.7481812582443,19.373238761743824,0.03685056628734112,0.36814484268439995,1.9993049614198048,-0.7380846668767964,-0.049352546397314886,0.012274142108634124,1.9997594055704344,-0.2073357794849942,1052.9264754510596,-292.4642623341609,0.01159129878369585,1.99975,0.32681315722817716,98.0,1.2845864866092154
COC(=O)c1ccc(Cl)c(C=O)c1,-1031.93137974553,1.949422984087492,3310.733790481713,1644.0028227042355,0.15579221634434912,1.4016155792766507,0.18185342119542697,0.09575906147286524,-0.27761248266829225,-0.08609435972256176,198.6055,1192.0454336819919,-0.41325382068788813,-0.0955813794157265,0.019554578620971118,-0.20389072966136457,1.9986804578620971,164.8217673857245,63.18521800416096,0.6455306330060344,0.8658354031481328,0.11240403356344081,0.03809106165646713,0.20482492156672233,1.9992613735862914,0.20532616927783603,142.27438310075374,10.584099945083095,0.038859979934721636,0.4190431721991001,1.9993113735862913,-0.6615070669432799,-0.05376185187432414,0.01208,1.9997495421379028,-0.20462107131862936,1069.302275805613,-299.41756439772985,0.011513278000816238,1.9997495421379028,0.3470816671327123,98.0,1.254684715944833
COC(=O)c1ccc(F)c(C=O)c1,-671.5116667646482,1.9946087498252074,2789.5333868290877,1292.4777675286261,0.15709539772080988,1.5489988478841543,0.17918092580439035,0.09806973769919004,-0.2772506635035804,-0.08111118810520032,182.1509,1116.5527238261384,-0.4314028052623016,-0.14860120125154277,0.018255458182523443,-0.24628176327911352,1.9987600000000003,149.13968905723544,71.12407757503408,0.6353131446278951,0.9182550601114673,0.10550818387938614,0.03930436065737427,0.1891269708505544,1.999290825784996,0.20571557979988891,148.3180665874297,13.058356426568569,0.03964697916470592,0.41457801555302637,1.999330825784996,-0.6707341436277667,-0.052040080415677224,0.012229909419948858,1.9997495871075022,-0.2072658143391299,1079.1814637412235,-296.8856358049351,0.011476606279965903,1.9997495871075022,0.34314905671558066,88.0,1.339157326756677
COC(=O)c1ccc(OC)c(C=O)c1,-686.7302252913845,3.7162680895845686,3452.4810036356607,1512.531885562887,0.1994479342299711,4.307039139246594,0.16219358203914847,0.09436309405626282,-0.2565566760954113,-0.06783048798288563,194.18659999999997,1549.7824679061953,-0.49331635655166894,-0.10993051771064152,0.018645530412236513,-0.21931801978222354,1.99879,148.64213669549292,70.89706726095176,0.6400166054853135,0.9118941350622318,0.11008794196786997,0.038398882603059126,0.19246772980297538,1.99927,0.20877272135338557,152.62397575044997,11.688813081022674,0.0387366760954113,0.41539607496758996,1.99932,-0.6952048458672353,-0.06228075679280884,0.012032779349235218,1.99975,-0.21776056512182868,1067.2717063348937,-287.021715559665,0.011348338047705651,1.99975,0.3432715237209826,96.0,1.131141686509662
COC(=O)c1cccc(-c2cccc(C=O)n2)c1,-819.0602346261642,1.6367633952417877,6536.651189991877,1646.8974116758307,0.23828604674143924,3.711909894115607,0.16929344480334987,0.08877688153132743,-0.2580703263346773,-0.08051656327202243,241.24579999999997,1882.34579396321,-0.06654970193216835,-0.08535871095257327,0.027083887991625297,0.07523647064454134,1.99883,158.41278312725782,42.84540256049333,0.6003714789307343,0.8794563471004723,0.11285528628979409,0.03890911362344917,0.2013760312546514,1.99931,0.21703043026767968,128.86254990458397,3.8313697987159934,0.038957667205024825,0.41401611200837474,1.99935,-0.7090273816300903,-0.0743623219171526,0.012034556811724583,1.99975,-0.20059563694630864,1042.222175008507,-302.6491774649252,0.01142922240167494,1.99975,0.33998147265064416,97.0,1.3879726066972542
COC(=O)c1cccc(C=O)c1,-572.4127991096665,1.666442818856794,2528.9276479190366,1475.3575952037922,0.16411987814837148,3.110396628161656,0.1761185336972274,0.09777188870024224,-0.27389042239746964,-0.07834664499698517,164.1604,1404.3425471285154,-0.3372610331275848,-0.06974302757238206,0.01739121851628531,-0.1845765313118171,1.9987950609258143,173.13289952614434,59.15439950678598,0.6170490000804658,0.9391348367252705,0.09623815118635834,0.03776591388721398,0.19924038188780652,1.99926,0.1982035410470418,128.94768476320445,8.032371967672654,0.03882036555488559,0.42249189278347243,1.9993,-0.7089764817222557,-0.05348119493034173,0.012195426480699859,1.99975,-0.20904983835856264,1025.4268488406697,-290.68726029830856,0.011525060925814266,1.99974,0.34141927718915444,98.0,1.3879726066972542
COC(=O)c1cccc(C=O)c1OC,-686.7203464366785,1.9708232160979942,2949.2811658326814,1619.637778838899,0.19905523887097298,3.540281801309388,0.1703413135289141,0.09468937105704363,-0.26503068458595774,-0.07565194247187047,194.1866,1586.8895885443865,-0.41168476542585764,-0.10302907843271364,0.018717398656809464,-0.21651401197518622,1.99877089740722,162.24940675003378,63.448626735144266,0.6589495309123994,0.9014914764751762,0.09618381906942315,0.039280637917442955,0.19924224751292754,1.9992717948144403,0.1934641290108346,149.81260787456569,9.965726348516753,0.0393417339326797,0.41468328120716325,1.9993168385027578,-0.7019257286181709,-0.06636521337278278,0.012219398029721877,1.9997491025927798,-0.215153767276807,1066.8898283540927,-292.60421591318567,0.011487536491094678,1.9997491025927798,0.3488756322287091,94.0,1.3879726066972542
COC(=O)c1cccc(C=O)c1[N+](=O)[O-],-776.5897937024145,2.1736372499163084,3021.6571995212535,1536.1170097136242,0.169787585132762,3.975066286282024,0.19268424821262956,0.09599480934497077,-0.28867905755760037,-0.09668943886765878,209.15800000000002,1618.5576603404115,-0.31796204340268086,-0.08325541915232187,0.01882132134518115,-0.18828773741605767,1.9987373585132762,165.0493023157874,68.31162114056261,0.6606920159053294,0.8674079091739626,0.1306403850413378,0.037157546761028434,0.2156866163550137,1.9992900000000002,0.21425613321779277,145.88446927373894,11.735820695216363,0.03862849040706662,0.41965584892034286,1.9993300000000003,-0.6679761845164729,-0.044280662598412165,0.011991131893790417,1.9997500000000001,-0.20024349028670277,1086.9067541344655,-308.5846734647689,0.011605282973447605,1.9997500000000001,0.3473244752365982,98.0,1.3879726066972542
COC(=O)c1ccccc1-c1ccccc1C=O,-803.0288137097317,1.5233005763508174,3972.9783204418177,1923.2749309063472,0.25025372435139714,1.767661059572998,0.16246112020723338,0.0949624566466617,-0.2574235768538951,-0.06749866356057169,240.25799999999998,1960.603843557185,-0.2834185062846015,-0.039267660835600945,0.019174789909851192,-0.1521469193179539,1.998740364749727,176.74051336340392,60.567168386988,0.716488331362626,0.8675624573234462,0.08753442761842357,0.03923340133393784,0.19462739320174186,1.999241094249182,0.18662123493327915,147.22789096895838,7.875385440147813,0.03998476328244173,0.41827104918284314,1.9992907294994549,-0.6918627107463973,-0.07419850221510126,0.012244273402764915,1.9997499999999997,-0.218285592141404,1040.291552954016,-285.3378931182666,0.011433361650816192,1.9997399999999999,0.36944860659328393,42.0,0.3211466216523038
COC(=O)c1cnc(C=O)c(C)c1,-627.66321493603,2.171605379000763,3008.9923595621076,1229.6213468914907,0.18131498989911443,3.4329296218659175,0.182180134678474,0.0868839057250682,-0.26906404040354215,-0.09529622895340578,179.17499999999998,1366.378220607347,-0.09781970370242496,-0.09848105387385571,0.0273319528625341,0.05662303031498725,1.998775993266076,159.99445218840188,43.64272323474949,0.6277533039647576,0.8899187946079288,0.13207119528132116,0.037559999999999996,0.24396666665844624,1.9993199999999998,0.20383151178313338,128.5322845085229,0.2943845139483869,0.03874599326607629,0.4082520538713896,1.9993599999999998,-0.6755780808144827,-0.0727990370193175,0.011509999999999998,1.9997499999999997,-0.20532104039860993,1074.4203720510106,-329.883019190696,0.011679999999999998,1.9997499999999997,0.3842033720953666,67.0,1.3879726066972542
COC(=O)c1coc(C=O)c1,-570.2260755586276,1.692169987555498,2177.2895848795733,1085.7446619833026,0.13332595496035335,3.228818778993972,0.17343576965151208,0.10021182636095577,-0.27364759601246785,-0.07322394329055634,154.122,1218.1429225653055,-0.2537188655696203,0.06471738118418023,0.027551563110443905,0.178518811527625,1.99871,92.00002372167602,41.97596293775969,0.5746687435219969,1.020651413700457,0.07946727780323623,0.03672762793423123,0.1191316661706028,1.9992528464191315,0.1847496832249544,129.94239113235506,20.70063246785161,0.03698581055301882,0.36765676934154534,1.999301423209566,-0.7175784753229466,-0.05561949947044523,0.012737102471687124,1.999758576790434,-0.20908517139497845,1036.8842420939063,-280.6805350481313,0.011661977894122225,1.99975,0.3243227480804538,98.0,1.3879726066972542
COCOc1cc(C)cc(C)c1C=O,-652.010534518645,1.89420341231148,3406.2225010368797,1731.0165346528,0.2458906006768305,4.401135318903416,0.1501646053683061,0.0931782052463535,-0.24334281061465954,-0.05698640012195257,194.2298,1753.0720905594687,-0.5193231385071637,-0.09687109789620663,0.01887912833183143,-0.2159222236004053,1.9987499884220992,147.7097368425292,74.36633461427425,0.668138801102585,0.9279441614169673,0.07436295747621177,0.03829121548612637,0.17921945186706897,1.9992699999999999,0.17595492796356224,155.20402948915591,8.763214110344391,0.03828100540054017,0.4056900470154172,1.9993200174841534,-0.7317746133747728,-0.08298396765645819,0.011880716422227258,1.9997500174841534,-0.23696917116435548,1078.0160536304534,-299.1744349015434,0.011550399320278164,1.999749988422099,0.3903013100116971,36.0,0.6422932433046077
COCOc1ccc(Cl)cc1C=O,-1033.0730881826676,4.2719362018160645,3583.748196203389,1511.3417587374365,0.17930703774957943,5.060704934242204,0.1615209745357122,0.08807275191663319,-0.24959372645234537,-0.07344822261907899,200.6213,1340.7447473516015,-0.4034556889541627,-0.12508903847918973,0.018492287789509624,-0.20858784344833978,1.9987897771444323,147.88799810212137,69.53937338183124,0.6392410718865552,0.9092139853830629,0.11146076384279127,0.03820901825568917,0.19829318403901047,1.9992701486919409,0.20715740108542036,152.28099145008136,12.004349489734043,0.03871978708090978,0.4163007678979914,1.9993200744067519,-0.7016948057543138,-0.0601321886188248,0.01200475550825786,1.9997499256742897,-0.21608949863237914,1066.911865422052,-288.7684759936339,0.011380166012467227,1.9997499256742897,0.3438821862873127,98.0,1.3879726066972542
COCOc1ccc(F)c(F)c1C=O,-771.7421993092381,2.157011673646759,2987.6050920238777,1404.4889322456675,0.1728282751845394,2.263490760661683,0.17111747132855853,0.09185384268503073,-0.2629713140135893,-0.0792636286435278,202.15719999999996,1445.118766969004,-0.4128956149070349,-0.130515270591279,0.018802615559175045,-0.2675782980225516,1.9987801172956616,141.13893979300897,75.02134824485526,0.6727932168958909,0.9074370248580688,0.08956436974869483,0.04050952388488775,0.18344189459103313,1.9993100586478307,0.19489361129808286,149.1661512396912,12.483163187646731,0.04033099874624139,0.41000969370745943,1.9993501172956616,-0.6627426079442164,-0.06572523948782004,0.01259827908592183,1.99975,-0.20724724567376349,1099.8265792154148,-313.10395792376187,0.011827012426857233,1.99974,0.407390966337708,99.0,1.3879726066972542
COCOc1cccc(C=O)c1,-573.5531955628113,1.8538595151456168,2733.8041159126,1401.3889286336373,0.1874278368389935,3.190514783848194,0.15875398489771117,0.09089436208320897,-0.24964834698092014,-0.0678596228145022,166.17620000000002,1208.0298197185548,-0.23164011389684758,-0.06223474435073627,0.01746119741944391,-0.16204522866533944,1.9988171226360119,172.25232949849652,57.582623022020584,0.6177877522350858,0.9456567574029966,0.08032865437811539,0.037992942057389185,0.18348957833956914,1.9992528773639888,0.19482576363857004,129.39569723145553,7.909619474554072,0.03873923129726274,0.42316402929309216,1.9992928773639886,-0.7021304647827442,-0.06187051128113879,0.012308289677967961,1.9997500000000001,-0.21361297125741274,1012.6058448733233,-283.37396845772594,0.011533206625717187,1.99974,0.3404417292264339,98.0,1.3879726066972542
COCc1ccc(C=O)o1,-496.27242533445195,1.7394811449547198,1930.6259610285822,1239.3428291180455,0.1503569521471608,4.127994747410209,0.15622272442261906,0.09503324706347463,-0.2512559714860937,-0.061189477359144435,140.1384,1144.5027494246342,-0.2782660028465045,0.0726802869973428,0.0278426951956002,0.17451448942614736,1.9986999999999997,93.38542123574365,42.8915687767643,0.5740379720717651,1.0482208279886573,0.06655440333436863,0.03662983331929304,0.11129280023174487,1.9992414804977479,0.1737295408553749,127.93145618332164,21.8849527435457,0.036960261217366126,0.3619357031034864,1.999291480497748,-0.7624511918522996,-0.06734914633298239,0.01271149178997466,1.9997599999999998,-0.22189732763328526,1008.4820773877988,-262.7177237094084,0.011597284953291575,1.9997499999999997,0.3248939776174658,46.0,1.3879726066972542
COCc1ccccc1C=O,-498.45305051272555,1.7534646943613086,1793.0078475303371,1335.2235706685206,0.18179841399591368,4.020866308786146,0.16367406202372972,0.09558039288483267,-0.2592544549085624,-0.06809366913889706,150.1768,1418.405196677781,-0.2884272348443181,-0.07521304214461297,0.01880767732494049,-0.17584959113169393,1.9987454926494959,169.6706642334447,60.605471284470404,0.6730397573697954,0.8660423409859106,0.09201161415013669,0.03842139067696447,0.19665558793985466,1.9992606328789666,0.19295813727604622,150.06770358257722,8.346541033162206,0.038660049741615445,0.4172282115180651,1.99930964328388,-0.6855633933712804,-0.06959349858742091,0.012093302870274134,1.9997496835605166,-0.21794448839303177,1060.3825717876816,-294.0401502999144,0.011432272062008154,1.9997496835605166,0.3484716457295196,75.0,1.3879726066972542
COc1c(Br)cc(Br)cc1C=O,-5606.026592,3.2585,4392.6479,1489.929,0.133869,2.6495,0.176175,0.08973499999999998,-0.26591,-0.08644,293.9422,1396.809,-0.307775,-0.12435,0.01876,-0.1963,1.99875,153.4591,63.2655,0.656859660163625,0.890179,0.101799,0.03902,0.2021,1.99927,0.196488,148.1845,11.1793,0.03917,0.4178,1.99932,-0.685351,-0.054879,0.01222,1.99975,-0.204353,1075.7429,-300.0059,0.01153,1.99975,0.3435336689741976,99.0,1.3879726066972542
COc1c(Br)cc(C=O)cc1Br,-5606.028353,2.6469,4115.1021,1711.3145,0.133667,2.58,0.177715,0.095045,-0.27276,-0.08267,293.9422,1650.196,-0.335977,-0.0781,0.01732,-0.16978,1.99878,158.1036,62.4931,0.6171334172435494,0.978531,0.094744,0.0378,0.19386,1.99926,0.198736,127.2631,10.688,0.03889,0.42337,1.9993,-0.71545,-0.050002,0.01231,1.99975,-0.202468,1019.7488,-290.7129,0.01158,1.99974,0.3393643801132788,99.0,1.3259161046767751
COc1c(Br)cc(F)cc1C=O,-3131.728238383853,2.947958928074784,2913.9885023972647,1310.4765755703074,0.13526598122209435,2.566104990382577,0.1761285312881405,0.09143851469923647,-0.267567045987377,-0.08469001658890404,233.03660000000002,1419.2845737935695,-0.2721370856955032,-0.11410396997098893,0.018260651582801567,-0.19577564328834954,1.99878080618405,158.53765322112494,63.10934478820659,0.6576768118234841,0.9003025256075579,0.09909595177340796,0.039044356711650456,0.19988725565644944,1.9992716123681,0.19528038491278732,146.83072265881563,10.792476479868998,0.03931401433134563,0.41699537256477287,1.9993216123681,-0.6942012852287226,-0.05611701108212164,0.012293053546047325,1.9997491938159502,-0.2054063808775682,1071.6028640927393,-301.04723190409624,0.011559828809847588,1.9997491938159502,0.347719201416401,99.0,1.3879726066972542
COc1c(Br)ccc(C=O)c1F,-3131.7261935920887,2.827853050324543,3061.379977009976,1102.673915788584,0.13593057151142207,2.421604593666597,0.1687916273005704,0.08926140849138779,-0.2580530357919582,-0.07953021880918265,233.03660000000002,1364.9097521616177,-0.40088333140127574,-0.12377580336283694,0.01804,-0.23548886827952453,1.9987802579336313,145.7730815528393,70.48984077675686,0.6336892966782982,0.9923107136598381,0.10061176590407156,0.03945779742055128,0.18564472105425828,1.9992807738008935,0.20287511520188836,148.5538210308809,13.45941518649024,0.03973662657562727,0.41290325460114086,1.9993305158672623,-0.721922976963669,-0.05524217316586615,0.012268253876197694,1.9997497420663688,-0.2090160807159519,1075.9830398473691,-294.99134289628785,0.011455158672623561,1.9997497420663688,0.3425773451152102,98.0,1.3879726066972542
COc1c(Br)cccc1C=O,-3032.6304531606556,2.0209937770498434,2486.79478539309,1234.0045255418986,0.14268334657714726,2.4180341387369966,0.17100953629505294,0.09429953629505293,-0.2653090725901059,-0.07670999999999999,215.04609999999997,1072.0654657308687,-0.34104740695489766,-0.10840226248578676,0.01866558615337412,-0.20477582562672586,1.998761075432707,158.6929457299619,63.53443377407186,0.6562319775789711,0.90375095384428,0.09064419917158471,0.039261717643979996,0.1920595972620788,1.9992721508654139,0.1925210056572274,146.4570831117906,10.132596718826123,0.03927420485678705,0.41596973986138935,1.9993121508654137,-0.7010933161125846,-0.06221719689930872,0.012310866442868234,1.9997489245672926,-0.21077563358059437,1066.2047074968862,-297.31535714341163,0.011523017308282351,1.9997489245672926,0.3491976857949504,95.0,1.3879726066972542
COc1c(Br)cncc1C=O,-3048.650446157356,2.7639115794780373,2429.4896322604,1364.6034049411085,0.13083431864850975,2.390188535383144,0.17983671018529165,0.09267037362635934,-0.272507083811651,-0.08716633655893233,216.03389999999996,1333.7326469093687,-0.41652577464269935,-0.17652450103355583,0.018277712645582346,-0.25246423749373886,1.9987899999999998,150.44254172870015,68.19836170577987,0.6515948325647503,0.9075445449558845,0.10477202430704843,0.03978227521733,0.2121372356896123,1.9992946324421843,0.20079092648843688,142.34028691528118,9.770225865210874,0.0393797083811651,0.41469245136946653,1.9993346324421843,-0.6794290223720786,-0.08687714436624605,0.01244852976873787,1.9997453675578152,-0.20391181866494631,1076.2300281753564,-312.0211607837979,0.011698973265534039,1.9997453675578152,0.36877954451990524,99.0,1.3879726066972542
COc1c(C)cc(C=O)cc1S(=O)(=O)c1ccc(C)cc1,-1316.6229924578347,4.603735529927435,6766.111361604843,2424.8314462812805,0.3102839898546202,6.099724053135921,0.17143068167728315,0.09698235573711234,-0.2684130374143955,-0.07444832594017081,304.36,2326.3155993581504,-0.3910960861000584,-0.04328269285158948,0.018043595434338547,-0.18076539632344243,1.9987864045656616,166.5389062538219,63.72102782593797,0.6174516222646002,0.9959345368715664,0.09194097325878822,0.037791908686770966,0.19264812303257503,1.9992535954343384,0.1958672380579674,128.17143399810953,9.573540656796764,0.038826740646401126,0.4217028154751921,1.9992999999999999,-0.7320650465226687,-0.055184577443905994,0.012243931515078224,1.99975,-0.20931483249224503,1016.4940744695524,-286.3626793233048,0.01153157260603129,1.9997464045656614,0.34023943144502533,98.0,1.254684715944833
COc1c(C)cccc1C=O,-498.46320031537147,2.036263901977674,1731.2900034766108,1437.7643685179667,0.18059852521421865,3.8570108582106957,0.16130209107327945,0.09713031264983119,-0.25843240372311066,-0.06417177842344829,150.17679999999996,1470.5905356250796,-0.35922182384468176,-0.07240079711108394,0.018574623165575916,-0.20591125611474692,1.9987615272004988,161.23405727371383,65.2409475117435,0.6574126241899669,0.9102785023665337,0.07808095766448991,0.039604330378547305,0.17959909993763754,1.999263054400998,0.18763454890177553,146.70836692541292,9.64198981157647,0.03929483282444608,0.4143074281820984,1.9993130544009976,-0.7036028987393892,-0.07076757670969913,0.012382761613969194,1.9997499999999997,-0.21819545142987803,1056.475304925037,-291.1664862272431,0.011504979217960391,1.999748472799501,0.3516810349370942,91.0,1.3879726066972542
COc1c(C)cnc(C=O)c1C,-553.7183518606533,1.7613976117361545,2112.4859413260697,1615.733844729497,0.19800594023189158,4.26613043853486,0.16372977586959334,0.09508956712068516,-0.2588193429902785,-0.0686402087489082,165.19140000000002,1558.6632669494948,-0.14035946909836963,-0.09894132850486077,0.02714995605286144,0.07609884419025578,1.9988000000000001,155.57383531122,44.595263812959,0.6283828207278652,0.9030764982577233,0.08972442648984176,0.038870186775338905,0.1841598450863366,1.999310002197357,0.19891981998505354,127.39103629237917,0.7088715414118779,0.03890005932863706,0.40775802677347855,1.9993600000000002,-0.6872949865618468,-0.07988308233937252,0.011900254893403671,1.9997499978026432,-0.21354794778553668,1041.4673487591024,-309.78197379905777,0.011610085696920201,1.9997499978026432,0.38222519072423017,77.0,1.3879726066972542
COc1c(C=O)cc(Br)c2ccccc12,-3185.994276438132,3.1864302845339254,4231.4038146984185,1774.3320111369546,0.1928053362410392,4.551992082584353,0.16201547955653622,0.07914613894677358,-0.2411616185033098,-0.08286934060976266,265.1059,1894.808670874152,-0.4146067548864165,-0.1041765497209918,0.018419351495748342,-0.21475815260440773,1.9987516566759054,149.15247944624346,68.54829216065738,0.6587881518361987,0.9719323623174615,0.10445957764504062,0.03909212534645606,0.2115716568191971,1.999262485013858,0.19011415206727303,145.63387516983872,11.345732730298412,0.03916810354582638,0.4128462452642484,1.9993116566759053,-0.7371223699875947,-0.06537023841045972,0.012101356953070342,1.999749171662047,-0.2122825089773559,1064.4028723129109,-294.3930231564044,0.011534850138582423,1.999749171662047,0.3483165517410057,97.0,1.3879726066972542
COc1c(C=O)ccc(Br)c1F,-3131.72680749385,3.053287842546695,3127.5672438188176,1229.922764550276,0.1360183465455043,2.6682555451664696,0.16824795930123165,0.09222434922546766,-0.2604723085266993,-0.07602361007576398,233.0366,1231.4622666520563,-0.44639867106965336,-0.10823070599150704,0.018050428494751268,-0.2137984252743045,1.99882,150.1420273124239,68.31612806685528,0.6403229824279709,0.9658420052925655,0.11413641406261744,0.038264713442263946,0.1991514782994073,1.9992701606855319,0.20912479971912043,152.19225636920436,11.7570038018805,0.03884001606481089,0.41436011249109905,1.9993201606855315,-0.7293900011558125,-0.061448597798079256,0.011971821102692888,1.999749946438156,-0.21632724429739403,1067.2809092952718,-288.67398299549023,0.011331124798722078,1.999749946438156,0.3432157612496824,34.0,0.9634398649569116
COc1c(C=O)ccc2ccccc12,-612.597531,1.8716,2718.6173,1473.3895,0.201399,4.02345,0.156725,0.08235499999999998,-0.23908,-0.07437,186.2098,1535.21,-0.431271,-0.105346,0.01839,-0.22133,1.99876,156.4294,68.5867,0.658904971680302,0.983733,0.096876,0.03913,0.2028,1.99926,0.186563,148.9871,10.5264,0.03918,0.41051,1.99931,-0.75839,-0.067265,0.01204,1.99975,-0.219392,1066.3454,-291.0607,0.01145,1.99975,0.3436123348017621,91.0,1.3879726066972542
COc1c(C=O)ccnc1Br,-3048.65248,3.6334,2459.4126,1129.8274999999999,0.130651,1.786,0.18463000000000002,0.0898,-0.27443,-0.09483,216.0339,1322.412,-0.18874,-0.075183,0.01955,-0.19333,1.99877,166.5427,59.2782,0.6533983637507866,0.854062,0.111772,0.039,0.21482,1.99928,0.202657,152.2855,9.296,0.03896,0.41834,1.99932,-0.668396,-0.064063,0.01222,1.99975,-0.19765,1109.0592,-320.8613,0.01155,1.99975,0.3425896790434235,70.0,1.339157326756677
COc1c(Cl)cc(C=O)cc1Cl,-1378.274453,2.6885,2824.6334,1573.6045,0.134472,2.5813,0.17874,0.0969,-0.27564,-0.08184,205.0402,1536.7235,-0.331085,-0.072189,0.01705,-0.16985,1.99879,161.8041,62.6827,0.617369414726243,0.978376,0.093566,0.03781,0.19218,1.99926,0.1983,127.6821,10.599,0.0389,0.42288,1.9993,-0.713111,-0.050283,0.01232,1.99975,-0.203375,1020.1739,-290.7737,0.01158,1.99974,0.3405443675267464,99.0,1.351682448361478
COc1c(Cl)cc(Cl)cc1C=O,-1378.2734854146752,3.1951025833281346,2874.139328122472,1436.235622966933,0.13467871705297635,2.6747025713645565,0.1764022188073049,0.09114071336486562,-0.2675429321721705,-0.08526150544243927,205.0402,1477.6697160371298,-0.29852496756812974,-0.11889732257566171,0.0185274546463395,-0.19684358526488174,1.9987605018141466,156.25234683488657,63.13733793824707,0.6559469653102813,0.8907066877378433,0.10114964351352711,0.03896200725658568,0.2014775997780531,1.999271003628293,0.19695526468592367,147.92950406105527,11.101796970097539,0.03919713424683509,0.41779818030490756,1.999321003628293,-0.6822069707343857,-0.055524191625017524,0.012231578008296067,1.9997494981858535,-0.20497325417645876,1075.6163079381142,-300.5767839831145,0.011538567123417547,1.9997494981858535,0.3472136051478725,99.0,1.3879726066972542
COc1c(Cl)cccc1C=O,-918.7536331057197,1.9142770430007112,1989.007720159477,1314.0694709655877,0.1430906943086774,2.454820271755087,0.17154282370966062,0.09576376374302953,-0.2673065874526901,-0.07577905996663109,170.5951,1416.6889163268545,-0.3363285313094121,-0.10723245247702677,0.018593390061176357,-0.20508486313126598,1.9987605033314797,159.63631611302134,63.578475747045715,0.6553056169588375,0.8978102946860737,0.09118945466677765,0.03921647667964347,0.19185284980534795,1.999271006662959,0.1933461878409117,148.73987560783945,10.275448082132746,0.039207246529483326,0.4157742193214986,1.999311006662959,-0.6967772065865733,-0.0630847089126549,0.012270636590659679,1.9997494966685205,-0.21204108001437058,1070.0354354213266,-296.23139256935957,0.011490636590659678,1.9997494966685205,0.3462979232401205,92.5,1.3879726066972542
COc1c(F)cc(C=O)cc1F,-657.4272706119662,1.291287644955688,2195.3571141103803,1164.307704152974,0.13712070146481536,2.7660565866537925,0.16207798473272278,0.09135081988829138,-0.25342880462101414,-0.07072716484443137,172.131,1279.5707705213274,-0.40278567386521863,-0.05093968842638323,0.01639940292963072,-0.17909701588640087,1.9988300000000003,161.10824246726293,68.18661552730916,0.6163725870666096,1.0258318598703609,0.08317273336144183,0.038006268619753814,0.17542119537898584,1.99925,0.19420767402587907,127.12701957136244,11.458360800378106,0.039072537239507626,0.4169376129567701,1.9992900000000002,-0.7375012946096291,-0.05976644873146242,0.012446268619753812,1.9997500000000001,-0.2129579716942906,998.9289275182464,-277.7454270637785,0.01155940292963072,1.9997468656901232,0.3405431957360722,99.0,1.2387019432974515
COc1c(F)cc(F)cc1C=O,-657.4284464848894,3.1438308426600328,2077.6694145250026,1054.5084334002192,0.13719062471410381,3.876081356682437,0.16496134628639722,0.08824468191414978,-0.253206028200547,-0.07671666437224745,172.131,1277.3313454619365,-0.30120875894232774,-0.12639633604850792,0.017729209947817737,-0.1977491659819658,1.9988397366492723,155.00546418579398,66.1848094347888,0.6419237418518334,0.9028083606088629,0.11126882795547777,0.038343701565467875,0.19927254557557028,1.9992705267014548,0.2090995831904859,152.0840331513908,11.621813160823615,0.03886975863219855,0.4167271764184183,1.9993205267014547,-0.6950863785715206,-0.0616685016985952,0.012068171200192037,1.9997497366492722,-0.2127231603637936,1069.5705582939966,-293.1764474946526,0.01139290418564362,1.9997497366492722,0.34511009477881754,99.0,1.3879726066972542
COc1c(F)ccc(F)c1C=O,-657.424285,2.6641,1992.21,1284.2805,0.137233,4.6817,0.162695,0.091915,-0.25461,-0.07078,172.131,1119.629,-0.4564135,-0.187037,0.01899,-0.27552,1.9988,137.84105,78.1469,0.6536343612334802,0.90397,0.113947,0.0403,0.19391,1.99931,0.203404,145.5183,13.1347,0.04073,0.40234,1.99936,-0.669534,-0.046618,0.01226,1.99975,-0.19862,1117.2413,-322.3945,0.01144,1.99974,0.3589521711768408,97.5,1.3879726066972542
COc1cc(-c2ccc(C=O)c(F)c2)ccn1,-804.9937594707967,2.0414780383468694,5730.613470584813,1764.0182046654613,0.21885329547752963,2.8690414642756115,0.17040744563759969,0.08346904642488821,-0.25387649206248786,-0.08693839921271146,231.22590000000002,1814.5527326057595,-0.4921456784541205,-0.1660553125868271,0.018015278591655953,-0.25495181618515184,1.9987500758419272,149.9566923923546,71.27623532931571,0.6331677068750806,1.0404878224217873,0.12277618205503212,0.03839040955286872,0.21327521186466908,1.999280151683854,0.2053481716100124,149.68351330118807,12.920246812242313,0.0395560218554664,0.41218250275127616,1.999320227525781,-0.7432657816939215,-0.04912048572385487,0.011892730309371843,1.999749924158073,-0.21206589624733896,1077.3792908903972,-295.343368608921,0.011436541614591948,1.999749924158073,0.3425963532339692,98.0,1.3879726066972542
COc1cc(Br)c(C(F)(F)F)cc1C=O,-3369.1841459701272,5.930614604681862,4274.777698023571,2024.9759479139211,0.15202751502027345,5.8890271393330895,0.1768261565365404,0.09302166131867037,-0.2698478178552108,-0.08380449521787006,283.0444,1772.2373646716244,-0.5071703595569914,-0.11157442108495204,0.018674700337961092,-0.2242840344774183,1.9987799772019332,147.70255215362215,72.50537308172855,0.6381280735640616,0.9628922464000618,0.12875812314462715,0.03768897575020998,0.2122452185560646,1.9992706510759293,0.2120224009758202,151.25475122020035,12.518380567709467,0.038759562757206455,0.41491554412575565,1.999320651075929,-0.7194056813341854,-0.052184441961404496,0.011856281447595108,1.999749786774368,-0.21169763155088986,1071.94190863927,-291.31281287535506,0.011383935965644347,1.9997497753753348,0.3448536557167238,65.0,1.3879726066972542
COc1cc(Br)c(C=O)cc1OC,-3146.945637811098,2.5354753113057895,3774.231315750061,1207.6373350070157,0.17808257681876427,3.824350743244695,0.15258554700169694,0.08508594597241129,-0.23767149297410825,-0.06749960102928562,245.07229999999996,1464.0922520953495,-0.4853489495983149,-0.06490569998993935,0.01986721424726276,-0.19616995985863267,1.9986702076197138,157.8899818342622,66.81471693681752,0.6482144753809556,0.9491251036440611,0.09259561576236094,0.03837148372247365,0.18130637267373606,1.9992416261154027,0.19812523248514335,137.49507973473052,10.698947942056408,0.03865886954304698,0.4160127415086013,1.9992911936340878,-0.7279198189181566,-0.07564535640987609,0.012302386422619967,1.9997495675186843,-0.2215359776922236,1013.7517201325028,-271.3871824476637,0.011502592838240898,1.9997495675186843,0.3464956147592026,58.0,1.0668259850449504
COc1cc(Br)cc(C=O)c1,-3032.6361717187915,2.5830633425747926,3018.3748254857937,1350.5801097346102,0.142965987357886,2.2449241490302563,0.1660069565777381,0.08934978526717266,-0.25535674184491075,-0.07665717131056544,215.0461,1529.321918239194,-0.18847040990195385,-0.07525248164977046,0.017590934903909426,-0.15246051050230292,1.998808160855706,166.36599419688596,57.01076533813547,0.6204927623937379,0.9437882728950876,0.08871725925172634,0.03785906823194825,0.19216943533681477,1.9992535305999481,0.19768207182188408,128.99686851103692,8.640482129373824,0.03877141627749342,0.42546888047221065,1.9993000000000003,-0.704998778718156,-0.054721420494120425,0.012293614543827179,1.9997499999999997,-0.20670200520473464,1019.5418876028884,-289.24163314842906,0.01154691351125665,1.99974,0.34153676702056446,98.0,1.0846546504805836
COc1cc(Br)cc(C=O)c1OC,-3146.9432330503682,3.940222685366235,3784.1436619588358,1636.2402381066145,0.17773005607023207,4.307636362067267,0.1644458194672223,0.08978845892326048,-0.2542342783904828,-0.07465736054396183,245.07230000000004,1811.0236072934051,-0.30942821706789186,-0.11283700554136503,0.018688421507079125,-0.19522217948959053,1.9987805261643072,154.1679813224527,63.99525552702248,0.6496181517059004,0.8956506245964563,0.09696027630410846,0.039042093144556644,0.19515790109910774,1.9992710523286141,0.19976415570887782,150.06911227415918,11.049293740044511,0.03901366875930973,0.41777153244223614,1.999320526164307,-0.6868388777319087,-0.06662647683955768,0.01221577917287315,1.9997494738356931,-0.21027194466752147,1071.576086543696,-295.0723576870532,0.011461046572278324,1.9997494738356931,0.3468740480377136,99.0,1.3879726066972542
COc1cc(Br)ccc1C=O,-3032.636584,3.4929,2977.6269,816.108,0.143326,3.8646,0.163535,0.091915,-0.25545,-0.07162,215.0461,1316.304,-0.498984,-0.108069,0.0184,-0.22494,1.99879,151.5261,71.8809,0.6387665198237885,0.979083,0.115813,0.03802,0.19951,1.99927,0.208692,153.0476,11.9401,0.03876,0.41351,1.99932,-0.740619,-0.062834,0.01191,1.99975,-0.221301,1062.871,-283.7263,0.01132,1.99975,0.34251101321585903,95.0,1.351682448361478
COc1cc(Br)cnc1C=O,-3048.653190612053,2.4968203123782464,2913.012231820311,1472.1468897367376,0.13098034330432992,3.916255411347031,0.16928854371340582,0.08950361502061698,-0.2587921587340227,-0.07978492869278883,216.0339,1481.9648630115032,-0.2773446617973295,-0.13680732321568798,0.027507503241236873,0.01039568253195447,1.9988593758103093,145.1648786115764,55.037504325237954,0.6142866147418201,0.9386165510898254,0.14067798102063164,0.039434096127832545,0.21979724300618142,1.9993396879051546,0.2127376329843223,120.04536233381381,7.1430060457909335,0.040919739764944556,0.39548046767421524,1.9993896879051547,-0.6756284052833527,-0.040485849030892467,0.011742470828868156,1.9997403120948456,-0.18523801629276831,1074.6872716377522,-324.95479683882,0.01141466845773338,1.9997400000000003,0.3551282309433176,90.0,1.364207569966279
COc1cc(C(F)(F)F)ccc1C=O,-795.7890622879496,4.214152981430642,3096.1075265612276,1326.2844853257473,0.16079781441860694,3.398850388240073,0.17166788932224808,0.09145574959648498,-0.2631236389187331,-0.0802121397257631,204.1483,1390.995794851466,-0.40665231229792104,-0.1248037190413336,0.01845984765706541,-0.22071945295037124,1.9987899930753212,153.02962239981,69.02635594631262,0.6381435121361392,0.9214211666963705,0.12595768949943373,0.0376702769871538,0.2137773824713966,1.999270006924679,0.21181066080275135,153.67393262847202,11.25789709876288,0.0386703531586211,0.4155306786185268,1.9993200034623395,-0.7077991290637908,-0.05642665688216323,0.011800225052062461,1.9997499965376604,-0.2155841461463636,1079.4118410142107,-295.3445541627019,0.011350183503989393,1.9997499965376604,0.34316024992226124,96.0,1.3879726066972542
COc1cc(C)c(C=O)cc1OCc1ccccc1,-843.3971002348468,1.4011455494613407,6449.184533048902,2671.3120114459075,0.302198490803226,4.078636461785064,0.1454428410343824,0.09048407784705408,-0.23592691888143646,-0.05495876318732833,256.3006,1966.5556665158156,-0.4873168058157471,-0.01843537893779618,0.01758437909694787,-0.1774636772951911,1.9987602498518862,157.61599453471268,67.59660420111814,0.6481788480704934,1.0397486399947111,0.04711490575209955,0.03801094413381147,0.16259228273555396,1.999259750148114,0.16571839840766767,123.96748285794047,7.546616626004295,0.03859655548599205,0.41297038125723357,1.9993097501481139,-0.7709075831561095,-0.07881417176798004,0.012282270714974744,1.9997500000000001,-0.2294772151848086,998.3059892919711,-285.8224840886234,0.011691096035187493,1.9997402498518861,0.3845504867679958,14.0,1.0668259850449504
COc1cc(C)c(C=O)cn1,-514.503301,2.0049,1993.3622,1227.064,0.169279,3.1792,0.159325,0.095215,-0.25454,-0.06411,151.1646,1296.194,-0.579472,-0.141688,0.01716,-0.23464,1.99878,158.2027,71.4046,0.6464757709251101,0.97805,0.068281,0.03936,0.16912,1.99926,0.184087,144.6354,12.3001,0.03848,0.40975,1.99931,-0.725074,-0.087183,0.01263,1.99975,-0.222417,1034.2862,-273.5239,0.01153,1.99975,0.342039018250472,94.5,1.3879726066972542
COc1cc(C)cc(C)c1C=O,-537.695996400119,2.405051910745979,2255.653375275178,1556.7521360078774,0.21025998139804766,4.776326830182657,0.14742060167694104,0.09305011097026736,-0.2404707126472084,-0.05437049070667368,164.2036,1628.3175181570732,-0.5177902920688972,-0.09939127822894968,0.018869978190814506,-0.21694997498358132,1.9987499987171067,147.78554604762917,74.43031783892543,0.6686606242327924,0.9315390706874189,0.07998977348989444,0.03800013021366634,0.18048975432593986,1.9992700006414466,0.18179926015545433,155.6401138607209,8.433716384076957,0.03818006414466322,0.40583038743376587,1.99933,-0.7331013194739681,-0.08456436721289727,0.011810060937430063,1.9997599993585533,-0.23828251537176962,1076.564512978879,-297.9793561406446,0.011520026940758555,1.999749999358553,0.39207134744630356,45.0,1.3879726066972542
COc1cc(C)cc(C=O)c1,-498.467407,1.4093,2058.1701,1324.871,0.18082,4.528,0.151595,0.089965,-0.24156,-0.06163,150.1768,1125.233,-0.20621,-0.05065,0.0175,-0.15708,1.99881,169.1301,57.7815,0.6172120830711139,0.956212,0.076475,0.03816,0.18095,1.99925,0.193557,128.6061,7.5433,0.03878,0.42458,1.9993,-0.711487,-0.061691,0.01233,1.99975,-0.212535,1016.3164,-287.976,0.01149,1.99974,0.33967904342353683,95.5,1.2696356012770242
COc1cc(C)cnc1C=O,-514.483896054072,1.5632997318602957,1828.9790875778115,1304.8156803594766,0.1688128624731057,4.68738293435685,0.16555815833430879,0.09263155776553456,-0.25818971609984337,-0.07292660056877424,151.1646,1424.1466203456405,-0.2518234271387889,-0.11853032486466776,0.027032477470016882,0.014793852738959952,1.9988209174477556,150.23105884855934,49.93270629328699,0.6331444228329618,0.9218147908167431,0.11307932607739386,0.039946513156913624,0.19299340394467882,1.9993299999999998,0.21721616691302065,126.38956178980592,4.092040277627039,0.03990486211202944,0.4044704478915905,1.9993704587238779,-0.7050438298043668,-0.0857334184187166,0.012197890231237926,1.9997404587238776,-0.20739370872487617,1031.4145642121111,-303.57803167218503,0.011629633201435806,1.9997399999999999,0.39357305502924245,83.0,1.3879726066972542
COc1cc(C=O)c(Br)c(OC)c1OC,-3261.2545827273507,2.8929719799883697,4344.49609844741,1523.8011987480263,0.21285131421919706,4.423156071193588,0.15240659286020786,0.08503185248436274,-0.2374384453445706,-0.06737474037584511,275.0985,1624.1655415520265,-0.36013474680193486,-0.07491169048061798,0.01974182955452833,-0.17932017467666625,1.9986927262575351,161.95864198810995,65.56504042136511,0.6490667620115826,0.9321258186470711,0.08865308824668369,0.03882299583021129,0.18725309108364466,1.9992459931484643,0.19604329319507582,135.86951388637476,9.571974899287156,0.03894727585073908,0.4195496618873392,1.999294539914131,-0.7168889639552959,-0.07588899994983941,0.01235668768427747,1.9997485467656666,-0.21480404201316303,1024.5080468083206,-280.87916287314226,0.011539387254932785,1.9997485467656666,0.3506483188530247,96.0,0.8301519742044904
COc1cc(C=O)c(Br)cn1,-3048.664839722959,0.6224445243855175,2825.2571924328645,1364.8928252245232,0.13102472840927923,2.3780129432200936,0.17312600747307377,0.0812624655840928,-0.25438847305716655,-0.091863541888981,216.03390000000002,1706.863262415362,-0.12691900432698136,-0.04459110060591037,0.020374931168185582,-0.17510063409555376,1.9986813850648995,177.35117919044458,54.879975167136166,0.6458887144235371,0.8322845113228389,0.11854598651422274,0.03812193993371996,0.21600341265396297,1.9992627701297987,0.2101090061806132,140.37911781977382,8.191172475724926,0.038667868180060745,0.4248082519524994,1.9993113850648994,-0.642921070853356,-0.051660101084783076,0.012301468505937583,1.9997493074675505,-0.19204784497321212,1091.9379964173988,-318.5571450529686,0.011631856492681574,1.9997493074675505,0.3478851662275628,98.0,1.3635649667269656
COc1cc(C=O)c(Cl)c(OC)c1,-1033.0725248507783,1.6210704608106934,3009.963239163822,1665.4970023749056,0.17855972712495646,3.9912185323873555,0.15256631644321333,0.08204608682454362,-0.23461240326775692,-0.07052022961866969,200.62129999999996,1712.5604125843618,-0.19484645353612723,-0.10596925261034798,0.019320076284543613,-0.16664271055611155,1.998730001950921,164.45715462415583,61.15131832351223,0.6478904310085841,0.886831316730462,0.09271527132857907,0.03844027949010512,0.1893025856089957,1.9992600103912912,0.20054348435691188,146.10639058344123,9.487058131979154,0.03868055487976258,0.42240844185548654,1.9993000119041335,-0.6927996155882746,-0.06669286370696666,0.012150092446859656,1.999749996536236,-0.21466320912023942,1053.4315642252336,-288.8781853591534,0.011440120156970096,1.999749996536236,0.34582353195689225,97.0,0.9015725489977664
COc1cc(C=O)c(Cl)cn1,-934.7884842844257,0.6402293377777212,2246.404117601196,1215.1747345442973,0.13137608389299493,2.3260874715842608,0.17345870419839232,0.081795064533073,-0.2552537687314653,-0.09166363966531929,171.58289999999997,1281.5195966910094,-0.12234627383786391,-0.059820332157762786,0.019780361385209003,-0.17609121059545232,1.9987099999999998,174.3247501849674,56.36164468089985,0.643486266415755,0.8413310288298206,0.11889767630660543,0.03781997418677078,0.21347939338911345,1.99927,0.21035607151164448,146.733760613062,9.280078238097836,0.03859976768093707,0.42351073567703257,1.999319987093385,-0.6428326055603582,-0.047616676088971195,0.012139922560312355,1.9997499999999997,-0.19487686708436844,1102.1700897715405,-317.9171022256663,0.011559974186770784,1.9997499999999997,0.34487159722850563,44.0,1.3879726066972542
COc1cc(C=O)c(F)cc1Br,-3131.733028037432,2.7663134123485484,3131.046266828837,1420.4404722228921,0.1360645374891896,1.4046707712203113,0.1660740428609923,0.08474400060112129,-0.2508180434621136,-0.08133004225987099,233.03659999999996,1611.4154628453457,-0.3973812375008201,-0.1279540889147225,0.01809993426242289,-0.23390564873609027,1.9987799999999998,145.7082790635576,71.46075284360941,0.6348316770552915,0.9944918521845922,0.10751434701920944,0.03883044138087489,0.19288192047635985,1.9992800140866234,0.20444092036350578,150.12298495702356,13.215155191380019,0.03943077476430166,0.41379834247394853,1.9993200140866234,-0.7188336201681413,-0.057444575428932575,0.01209019251719011,1.9997499953044584,-0.21498306988813637,1060.9135637484353,-284.8897907914704,0.011440103301906887,1.9997499953044584,0.3428305892619773,97.0,0.6422932433046077
COc1cc(C=O)c(F)cc1F,-657.4317945417787,1.9758682219966166,2143.862223637032,1120.4036510224785,0.13748692965118564,1.5782664150201966,0.16159192674559303,0.08851126590955125,-0.25010319265514425,-0.07308066083604174,172.131,1286.2642045365444,-0.4055640491025711,-0.1367164217739665,0.01792898933169348,-0.23896169225429845,1.9987794360178548,141.46687570820455,74.88350066082735,0.6346239807947505,0.9472162372826065,0.0945400436281905,0.03928798329580312,0.17481883956520639,1.9992709268314695,0.20242537658408288,148.9257250210205,14.062285310995641,0.03953763249852725,0.4125524763835896,1.9993208361191384,-0.6995309003817555,-0.06354595137217606,0.012259194320473413,1.9997499092876687,-0.21873761582707774,1049.924981737329,-278.3254247338639,0.011443781409553981,1.9997499092876687,0.34343947090962873,96.0,0.7456793633926465
COc1cc(C=O)c(F)cn1,-574.3652385119561,1.10305713873621,1878.6530222897388,1179.3990508236843,0.132571562531727,2.479226491835161,0.17241854278992666,0.08263063362874498,-0.25504917641867164,-0.08978790916118168,155.1283,1247.9177350346483,-0.15713596306127628,-0.11376892991824716,0.018474456768782267,-0.22160546725018435,1.9987806366812544,160.84675008710323,63.667990217358025,0.6316636207900727,0.8897701781540222,0.11717653464766288,0.03877265764405883,0.20603561921225105,1.999291273362509,0.2099564506272351,151.12384979138764,11.495180186862497,0.039458948475571576,0.41850262881107103,1.9993406366812543,-0.6493764348205264,-0.04324347070745721,0.012191010481402111,1.999749363318745,-0.19509532902105386,1111.9426370693923,-319.81589530085375,0.01155018690007375,1.999749363318745,0.34275022607107103,99.0,1.3879726066972544
COc1cc(C=O)c(OC)cc1Br,-3146.950549481969,2.8453786764485107,3675.828792829316,1605.4204640778826,0.17840757549004227,2.261605496760233,0.15013314066740022,0.08034319826991251,-0.23047633893731273,-0.0697899423974877,245.0723,1661.726425515119,-0.4386086093446469,-0.09141321156110511,0.0184799740560748,-0.20748421586319046,1.998809995062505,145.4272615720151,71.21793651902667,0.6409678397304243,0.9910106347556222,0.1127913323489041,0.037830454600967386,0.19835104275124837,1.9992600153527047,0.20668375633604164,153.44456773637006,11.750693324340984,0.038540787724452796,0.4141481243828003,1.9993100117343923,-0.7479043755907822,-0.06854764460872093,0.011870167837072336,1.9997499963816874,-0.22583210684321023,1046.8655435766862,-275.31695475394025,0.011310098850393044,1.9997499959419598,0.3439335863952875,97.0,1.2845864866092154
COc1cc(C=O)c(OC)cc1Cl,-1033.0737168987741,2.7541392095455244,3040.7894736751,1632.8109976233784,0.17881760565746183,2.3367720454076335,0.14918081563461916,0.08068766468040761,-0.22986848031502674,-0.06849315095421155,200.6213,1698.8737442228712,-0.43694836566560746,-0.09407482030062359,0.018419871659267735,-0.20899840296139766,1.9988099866040863,144.52212511002895,71.89439203403559,0.6403504716900679,0.9796539304510042,0.11116952645519292,0.03785078776197592,0.19630574166683495,1.9992600129881544,0.20615233366349467,153.29452673092587,11.97741257940461,0.038550815399398794,0.4136813795986643,1.9993100069018366,-0.7432946418351066,-0.06962581272244264,0.011880513409775122,1.9997499939136825,-0.22690918063094032,1044.5732903469952,-273.82847396559646,0.011310343778327242,1.9997499935059229,0.3447490465267062,91.5,0.9240813396544318
COc1cc(C=O)c([N+](=O)[O-])cc1OCc1ccccc1,-1008.3584650392487,6.372320138284161,6057.706263722884,2057.5998575520134,0.27887579274200014,5.12020873549278,0.17422551240538342,0.07926275319941557,-0.253488265604799,-0.09496275920596785,287.2714,2084.2788942710426,-0.2734437314826548,-0.09557490256903078,0.019143674404888678,-0.19923881492152762,1.9987699885190608,157.46458059329214,69.42027922985649,0.6555910863885837,0.897670789061081,0.16892834586234706,0.0362179113885155,0.2886734498611859,1.999270011110658,0.21368898601135755,153.00790464100518,10.860756003505735,0.03806211777787929,0.420275703691946,1.999320010881051,-0.676798334697182,-0.06975673018012858,0.01116698744690146,1.9997499944446708,-0.21676746149975093,1049.1436354450186,-283.632939452222,0.011331576991051997,1.9997499944446708,0.35167335366608016,39.0,0.3211466216523038
COc1cc(C=O)cc(C(F)(F)F)c1,-795.7888266911641,3.1854127633439457,3074.7576696196775,1323.1554846481738,0.16039115120466482,4.414167456725937,0.17046860726994656,0.0911279099658029,-0.2615965172357495,-0.07934069730414367,204.1483,1362.7672375662576,-0.21507368637395144,-0.06621867849335568,0.017560152241190397,-0.16347008630462198,1.9988122798363617,170.32655768077416,57.60264869386979,0.618158692698809,0.9343633287788413,0.09380265372420704,0.037764551355175244,0.19609945344224305,1.9992599999999998,0.19857545314679748,128.20371691704767,8.563959456585945,0.038814888529822275,0.4247788095484347,1.9993031563321393,-0.689378590283389,-0.04864211777358959,0.012285427850952681,1.9997499999999997,-0.2017852192101669,1031.2178321893211,-297.1560232771841,0.011567716004863548,1.99974,0.3398958478825347,98.0,1.2055514423795428
COc1cc(C=O)cc(Cl)c1OC,-1033.0702561277278,2.8494382765798827,2939.2351392960945,1648.2508316268047,0.17826370412219986,2.160214934921161,0.16047443816700208,0.0906372883645977,-0.2511117265315998,-0.06983714980240438,200.6213,1688.0712876002567,-0.3213866774497393,-0.05402590373529455,0.017204910113822556,-0.16120386886814986,1.99881,163.5679485743855,63.264733596512436,0.6173523852006124,0.9984220131392266,0.08199882170897893,0.03795140449371703,0.18009676027590704,1.9992507602995813,0.19451149325705708,128.49778611029845,9.758423630823257,0.03879140449371703,0.4215391235949737,1.9992907602995813,-0.734801509047803,-0.06320331875222984,0.012323801497905674,1.99975,-0.2155326528420128,999.1628652978991,-276.30176613867417,0.011522280898743405,1.9997492397004188,0.3411318274302396,98.0,0.5756492979283971
COc1cc(C=O)cc(F)c1F,-657.426991179381,2.9636905243820513,2161.9930136145376,1208.2547659247186,0.1373001028071597,1.4487356521758201,0.16607005091942204,0.09205923101379089,-0.25812928193321294,-0.07401081990563112,172.13099999999997,1222.3320876293928,-0.25207698534098494,-0.05721147439791943,0.01668593779755378,-0.16357706876616304,1.9988374500955368,166.1622515477888,64.31470343102207,0.6179975891707248,0.9556678093018638,0.08284945285207392,0.03801366296674026,0.17902324599387717,1.999252549904463,0.19652107151950043,128.31674910336204,9.927654217811453,0.038935040316017897,0.4220805397948213,1.9992925499044631,-0.7002868390039704,-0.059239109921368244,0.012398852596746642,1.99975,-0.21060947961173238,1006.412049721044,-282.1885903095202,0.011564211516434693,1.99974,0.34176744733720277,97.0,0.6939863033486271
COc1cc(C=O)cc(F)c1OC,-672.6451831614794,1.076970334119493,2618.6445975151933,1310.0178180135656,0.1793670950381318,2.668459275903709,0.14828992593157958,0.08677206720166583,-0.2350619931332454,-0.06151785872991375,184.1667,1439.470393436847,-0.381274360906449,-0.04384338645126515,0.016960708281713036,-0.16906641585858298,1.9988290357181395,161.2749299803596,67.30018919323099,0.6172716797396806,1.034684174708998,0.07415294238676648,0.03811467180038211,0.1681968024785404,1.9992426920128383,0.19063300825581048,126.52748172676236,10.837912463255481,0.03894897261266128,0.4168063616717274,1.99929,-0.7533264337008028,-0.068530061251016,0.012434863428653688,1.99975,-0.22048124357444213,984.7117405943918,-268.0829300416266,0.011523093185376507,1.9997478710964838,0.3406405928470585,98.0,0.7456793633926465
COc1cc(C=O)cc(I)c1OC,-870.7336025825954,2.482559645006719,3564.4626356611207,1567.2594543330213,0.17764780451749734,2.456368823614236,0.15688658599233324,0.08870017342639694,-0.24558675941873018,-0.06818641256593631,292.0728,1784.3084184737918,-0.3661899108138102,-0.06062791879807696,0.01748159494869592,-0.16624830513951497,1.9988000000000001,159.19926141719128,63.45351878558538,0.6181482339619214,1.0179560001745136,0.08200110742114766,0.037997744289109174,0.17948939760925703,1.9992506621619175,0.19404570459200168,127.99436482921806,10.109347684860222,0.03882045153671565,0.42062349403404314,1.999292221225411,-0.7568415434782811,-0.06542057541212877,0.012320209225479255,1.99975,-0.21690488330823837,994.444133035263,-274.26277301260535,0.01151732583815067,1.999747778774589,0.3406575302911298,91.0,1.2227191706500702
COc1cc(C=O)cc(OC)c1,-573.5553837345786,0.8370669352072695,2435.8406277462495,1387.8865061745596,0.1866814186898418,3.736842415764858,0.1483767528671066,0.08695586327451528,-0.23533261614162188,-0.061420889592591336,166.1762,1386.4654452261004,-0.1465856972244337,-0.05456307812133067,0.017388798405139926,-0.14589577371293216,1.9988292632587439,170.0092321813267,56.82760653269247,0.6191985404511383,0.9540283452244489,0.07407153762970523,0.03823197132645557,0.1773691304407379,1.9992524748250695,0.19395182346952666,129.1033466398391,7.693012976072049,0.03875650589928104,0.4257014370507485,1.9992924748250693,-0.7089755044744308,-0.06268695656489177,0.012387487677062383,1.9997500000000001,-0.2133339984133997,1009.5032620618038,-283.78204040707544,0.011505950992695024,1.9997400000000003,0.34141770984620556,92.5,0.9907252850306424
COc1cc(C=O)cc(OC)c1Br,-3146.9509347745584,3.5975326374081975,3494.995784072945,1789.2138865598988,0.1781095731005647,1.768434129205542,0.15756719176653058,0.08616830719519115,-0.24373549896172172,-0.0713988845713394,245.0723,1287.0345951175968,-0.24711504746777735,-0.0297938835882485,0.017542015043014385,-0.14846298347373094,1.9988290350014835,168.7742474820807,59.539611769149325,0.6192704926697754,1.0145093996229722,0.080969225145052,0.03796228001186604,0.1842892542479899,1.99925,0.19251198662651647,126.8827199224232,8.851946942242577,0.03885228001186604,0.4226713150133493,1.9992909649985167,-0.7378614951863018,-0.0603032234289521,0.012333245010382783,1.9997500000000001,-0.212352149493622,1001.6444345344319,-279.8650885397486,0.011539035001483254,1.9997399999999999,0.34187409535465113,91.5,0.7879156687985684
COc1cc(C=O)cc(OC)c1F,-672.644201492903,1.249051490113509,2654.6000783935274,1341.8452355638515,0.17941142419454348,2.4171495752262877,0.15366018089664876,0.09063696305471536,-0.24429714395136412,-0.0630232178419334,184.1667,1305.1966133948504,-0.23407629407852226,-0.046751866592554314,0.017068929939205158,-0.15829147781138567,1.99883,166.26874494228997,63.80688277564599,0.6179200755191945,0.9707766903397899,0.07338327582690002,0.03829750574466166,0.1720143262004727,1.999251785987841,0.1930689341278796,128.2825712574297,9.148724776232898,0.03889179364738991,0.4230814165349946,1.999291785987841,-0.7191281087174392,-0.06562702558725639,0.012435003829774442,1.99975,-0.2155698138729621,999.887364517479,-278.18286278817425,0.011525357963523096,1.99974,0.34052183992932067,94.0,0.8301519742044904
COc1cc(C=O)cc(OC)c1OC,-687.8619665728785,1.8223547082550833,3040.8059692455754,1647.2468877684255,0.22119198324344713,2.5986722629364483,0.1485030758734282,0.08871388818430617,-0.23721696405773438,-0.059789187689122024,196.2024,1591.9551354450566,-0.28098983460934057,-0.03585381010613149,0.017275264715620266,-0.1532677306561285,1.9988294814683345,166.26999972446418,63.227572783861014,0.6177255857759321,1.003278581211547,0.07083257846202085,0.03826445963550123,0.17186173965754575,1.999243686000488,0.18977149605332896,126.58419303615001,9.130688173203355,0.03889922593837975,0.42107233222487905,1.9992911097867112,-0.7388038038867243,-0.06874169713383292,0.012414570632014834,1.9997500000000001,-0.21891341657048843,990.3348486398602,-272.63584992217324,0.01150603008253694,1.9997399999999999,0.3402903763865235,93.0,0.6422932433046077
COc1cc(C=O)cc([N+](=O)[O-])c1,-663.430723268534,5.079969543961605,2684.935963827604,1471.0977394089637,0.1571552866213064,4.053339102073406,0.18613453761963614,0.08443844145417223,-0.2705729790738084,-0.10169609616546389,181.1476,1113.6905784001674,-0.2269730871260316,-0.08904328249086188,0.01744634929656011,-0.1714394575683172,1.9988149903171624,167.94281276250712,57.099927898860074,0.6191330847138113,0.9230999415644618,0.1162878681097583,0.037089354609446096,0.22463347365874103,1.99926,0.2020686679248393,129.68152772753618,9.002386193654235,0.038734502441490695,0.4252391952195702,1.9993055921359721,-0.6821214617497356,-0.04130714697524685,0.012021725763904385,1.9997499999999997,-0.20030592323119192,1032.6538340697093,-296.74340060848334,0.011587475159197103,1.99974,0.34194280640869246,98.0,0.9015725489977664
COc1cc(C=O)ccc1-c1ccccc1,-689.859066153579,1.9446144599302935,4182.488449892015,1897.6787138328216,0.23792142438872607,2.335075796564348,0.15502533555748785,0.0838440306541595,-0.23886936621164734,-0.07118130490332833,212.2476,1566.5166096222836,-0.36341133367504724,-0.04983535688632906,0.01743588074289831,-0.16786211422390582,1.9988096641016808,168.3328265399809,58.75648836993291,0.6169464055246875,1.066568361107678,0.09011996187933038,0.03762929391924087,0.19471399970106407,1.9992409629817558,0.19400123834020178,129.4235320451974,8.32804771180014,0.038688050181448025,0.42044135906698266,1.999290962981756,-0.7637536071115654,-0.061945489705386464,0.012150671796638368,1.99975,-0.2171788329475548,1005.904117873706,-279.5451524357667,0.011519708814882363,1.9997490370182438,0.3403194789295017,95.0,0.8301519742044904
COc1cc(C=O)ccc1C,-498.4708537839514,1.0528677038082663,1927.910829138312,1361.918609730741,0.18103784821478308,2.801849092650129,0.15132708253231822,0.09015377735056972,-0.24148085988288795,-0.06117330518174851,150.1768,1297.6821205038477,-0.3090975607017893,-0.0513643138605651,0.01741715009612181,-0.1641152952027387,1.9988119055662357,168.55462052140166,59.25844020046313,0.6176766493262867,0.989372564002199,0.07507961504188036,0.03809192245718665,0.17577853282068368,1.9992419055662356,0.19206330993791224,128.36946630481268,8.474130557065042,0.03875763915589392,0.4205976053739921,1.9992899999999998,-0.7281892661212936,-0.06753910901337698,0.012339055662357568,1.9997499999999997,-0.21955934832041696,996.5165166630757,-274.24575818591006,0.0115,1.999748094433764,0.3400085641542232,90.0,1.1109847771625294
COc1cc(C=O)ccc1C(F)F,-696.6694642261995,3.686003985228743,2644.765536599908,1450.3435192877944,0.16829881718305917,1.333999247282591,0.16792845681884938,0.08990394781947321,-0.2578324046383226,-0.07802450899937617,186.1578,1375.999634986232,-0.22157711058230914,-0.053618704002466946,0.017430844049765734,-0.16092601687070873,1.998819997165504,171.86652756421114,56.47777922686029,0.6177469053664949,0.9521506069713614,0.0918744648430115,0.037621829824343686,0.19639815415418618,1.9992509925224244,0.19717239058088112,129.93344044224432,7.95005822915875,0.038676775429488074,0.4235425623305714,1.9993000000000003,-0.6993850644188919,-0.056227838714309655,0.01219090073969062,1.9997500000000001,-0.21015275748707105,1019.6810081407311,-288.45783832402986,0.011550989687928129,1.99974,0.34115149192284416,95.0,0.9634398649569116
COc1cc(C=O)ccc1Cl,-918.759449180952,3.0751133464660234,2212.0665088180176,1245.4177387259233,0.14354027231504934,1.090437037321082,0.16236545300475227,0.08847578134653791,-0.2508412343512902,-0.07388967165821435,170.5951,1133.7213591375767,-0.30467550160833995,-0.04451455650909722,0.017310233773107298,-0.16852678290575987,1.99881,168.4400708663041,59.99646797300167,0.6179581291986532,0.9955108629939999,0.08666954033472682,0.037790177842597535,0.18861312899446409,1.99925006705181,0.1946232819890506,128.85559649389504,9.019954910041717,0.03881008819962668,0.42099452688085925,1.999292022302492,-0.7249068900857735,-0.059807689657625854,0.012267798411566389,1.99975,-0.21343073226105636,1007.2163593736774,-281.4700721013952,0.01154,1.9997479776975082,0.34046042701304907,96.0,0.8301519742044904
COc1cc(C=O)ccc1F,-558.335010668575,2.1174295716834997,1844.6085994949176,1257.2764007521578,0.14456455654591208,1.1136217793187935,0.15858257747514465,0.09171494884578721,-0.25029752632093183,-0.06686762862935744,154.1405,1336.6655362205684,-0.31236652953856286,-0.054248513922369374,0.017136494735813627,-0.1727368067616078,1.9988186597894324,166.12317024129754,62.759556511908634,0.618081461355538,0.9617475080269666,0.077534845772284,0.038099484632484006,0.17461020759215298,1.9992513402105674,0.193812020716711,128.5632410721353,9.612102139677999,0.03887278357964673,0.4203449490583087,1.9992913402105672,-0.709966111986712,-0.06531163605491538,0.012383402105674549,1.9997499999999997,-0.21719829580184363,996.6290692470834,-275.45622019600586,0.01154268042113491,1.9997486597894323,0.3407479248724497,96.5,0.8301519742044904
COc1cc(C=O)ccc1I,-756.4211994402857,3.9054695379042705,2839.455657539765,1542.7144996372085,0.1427152328565366,3.23394287624487,0.16138042253721055,0.08591425352232633,-0.2472946760595369,-0.07546616901488422,262.0466,1493.7927348004164,-0.32425235804166297,-0.04432813620126706,0.017532271485444444,-0.16713300483949983,1.99881,169.9975460600275,58.54561546522805,0.6170820174977929,1.0284789786317177,0.08647099380411243,0.0379023107095463,0.19178425649829625,1.999251155354773,0.19265563959680782,126.21455987723705,8.898118435327868,0.038964223226134256,0.42104533935680555,1.9992999999999999,-0.7461143388982607,-0.05488230832877035,0.012305378580907406,1.99975,-0.2075814705819236,1015.8833670448739,-289.8424625526749,0.011539999999999998,1.99974,0.339261580621766,96.0,0.8301519742044904
COc1cc(C=O)ccc1OC(F)F,-771.7725535056436,3.5873594231244668,3107.696273297852,1204.4382642465796,0.17365649887694262,2.003900999819834,0.16436124203834024,0.09178394567023167,-0.2561451877085719,-0.07257729636810858,202.1572,1604.864551194292,-0.30015183178651683,-0.042369682712489136,0.01725723112789567,-0.16766793238921074,1.998819463954458,168.3594731131212,60.78040929171973,0.6180015534421932,0.9758571860262617,0.08288406218676922,0.03793370523938877,0.18368245022190688,1.9992503192171813,0.19446426160723887,128.3317055741945,9.09160413014989,0.03883129552303155,0.42152282053912865,1.9992932048179102,-0.7154526940762875,-0.06055430683601701,0.012313976128284498,1.99975,-0.21315303350547993,1006.6916359735562,-281.9933697216188,0.011540536045541947,1.9997467951820898,0.3408032502680343,91.5,0.8545596141747791
COc1cc(C=O)ccc1OCc1c(C)noc1C,-896.4476931749227,4.457345896149194,6440.67055711855,1877.8522615185661,0.2884976648868707,2.787365508222468,0.15522922214266865,0.09064377370400697,-0.24587299584667566,-0.06458544843866171,261.2768,2030.0455362708694,-0.4229399786628901,-0.04728531453203017,0.01727142991418136,-0.17595403399118453,1.998813242926329,164.17222084896093,63.349075404521386,0.6170054116881555,1.04451740324251,0.07532558801451397,0.03813200128278698,0.17350940931337427,1.9992459571862997,0.19044376547416836,126.73293063633099,10.033132178009335,0.038932694288250275,0.4177907152080698,1.9992900000000002,-0.7541786319045427,-0.06626005256101436,0.012383763369433358,1.99975,-0.21891082021182678,992.1046194313104,-273.25269793520863,0.011520107186594117,1.999746757073671,0.34022671902008983,69.0,0.6422932433046077
COc1cc(C=O)ccc1OCc1c(Cl)cccc1Cl,-1723.2098072728281,1.4611731265055423,7954.874001004208,2045.3898278319266,0.2565388493552005,3.721579278193497,0.14699213854633175,0.0885356318566265,-0.23552777040295825,-0.05845650668970525,311.164,2554.007429802192,-0.4356923576225775,-0.0429203736977269,0.01728600679986585,-0.17354404863167597,1.9988193438875335,163.4641553843325,63.861917950918375,0.6181687133264255,1.0673334507117678,0.07257321432437282,0.038127408909422525,0.16994960556406075,1.9992406561124665,0.18998902862849387,127.21657749408354,9.79253639963324,0.03884591620160516,0.4175181271370229,1.9992822501999,-0.7716344583746224,-0.07090158046240425,0.012358596486228786,1.99975,-0.2238559435086241,983.3841571904293,-266.9565401431133,0.011499625750033412,1.999748405912567,0.34116182664157013,54.0,0.9634398649569116
COc1cc(C=O)ccc1OCc1ccccc1,-804.1715325181448,1.5023678051454208,4466.941963407064,2296.837129994895,0.273183669396056,2.5821624581115494,0.14547606861124354,0.08907796612075744,-0.23455403473200098,-0.056398102490486095,242.27379999999997,1916.6550824896829,-0.41652439908427863,-0.04293951784105793,0.017253615096131165,-0.1746842161087078,1.9988099999999998,163.8477458523914,64.28072434804113,0.6191339688284965,1.0229354834420696,0.07145582815629288,0.03814544245566558,0.16806221576836147,1.999241259370386,0.18960604976303277,127.58704922846854,10.192993936711591,0.03881902979978384,0.41700909904736455,1.9992812593703861,-0.7400643842719012,-0.07250027487648901,0.012370301356561126,1.9997499999999997,-0.2255678586813518,979.2452485690818,-263.73916021435747,0.01149167546859065,1.9997496053287611,0.3410075482090353,64.5,1.0424183450746618
COc1cc(C=O)ccc1Oc1cnn(-c2ccccc2)c(=O)c1Cl,-1562.2277682310687,5.752096908977678,11356.118177953671,2679.6551189276374,0.30244702258394446,2.8365994867787836,0.16227584505884404,0.08084522939222755,-0.24312107445107162,-0.08143061566661652,356.7647,2616.87399591943,-0.3742933015572759,-0.04768004150872254,0.017247359978106138,-0.17084054297310555,1.9988199999999998,167.4678266771717,60.96969778793046,0.6198108519595864,1.0427755622230577,0.09005500965008707,0.037696498934134286,0.18996611512199782,1.9992499999999997,0.19576503041149826,129.05585148443384,9.378577610370233,0.03878042005170085,0.4207272798022856,1.9992899999999998,-0.734167158605504,-0.05823312086958752,0.012228844179423451,1.9997499999999997,-0.21339562517521843,1005.7883940583275,-280.5809599539952,0.011554215894171257,1.9997499831979317,0.34217799365821955,97.0,0.5090053525521866
COc1cc(C=O)ccc1SC,-896.5727521380456,2.660987963751336,2651.382184978087,1556.5570674189894,0.1838699929870688,1.5778923063403836,0.15053084459072796,0.07921459827842847,-0.22974544286915646,-0.07131624631229955,182.23679999999996,1481.4571484262256,-0.3483713378717464,-0.050953657546243314,0.0182764135437189,-0.15763704950035318,1.9988295632137727,169.6948513074995,58.6052740567301,0.6158902260700394,1.0384567723959424,0.09788058276687817,0.039577314231787175,0.23201273291590185,1.9992695632137725,0.19367320924273695,129.6303101629253,8.652402348440258,0.0387148046485017,0.4198464596269497,1.9992902183931136,-0.7454101095092123,-0.14369019053729182,0.0125921378479063,1.9997499999999997,-0.2173655783440514,1003.1698273439027,-277.58555980480133,0.011520436786227427,1.9997497816068859,0.34023391989668067,89.0,0.8301519742044904
COc1cc(C=O)ccc1[N+](=O)[O-],-663.4226496422853,7.028133307405778,2519.7324022282296,1328.3345936955307,0.15728325687053393,2.3639921090090246,0.1870932305087264,0.08384277513345338,-0.2709360056421798,-0.103250455375273,181.14760000000004,1366.3291106524741,-0.1773302695654384,-0.04294986861454223,0.017189038952142823,-0.17409405876058087,1.9988100000000002,171.62494500553254,56.35408336443567,0.6179118635201406,0.9481105322317849,0.12447424729868152,0.03659739022670068,0.23988686754649874,1.99925052195466,0.2014258633874181,131.03742965220766,8.310035098434103,0.03866991713853745,0.42447961898238074,1.99930052195466,-0.6880681075022387,-0.04087367713051289,0.011816868272040808,1.9997500000000001,-0.20210393074463168,1038.7482567787238,-301.0205699213233,0.01159,1.9997400000000003,0.34246174122153566,77.0,0.6939863033486271
COc1cc(C=O)ccn1,-475.271285,1.5281,1651.3287,1161.767,0.139689,2.1106,0.168995,0.087945,-0.25694,-0.08105,137.1378,1227.218,-0.073241,-0.042118,0.01777,-0.15369,1.99882,181.8038,51.4963,0.6153241032095658,0.897696,0.095078,0.03766,0.19732,1.99926,0.201998,131.63,6.6774,0.03856,0.4263,1.99931,-0.670379,-0.049311,0.01226,1.99975,-0.197094,1058.1603,-313.4929,0.01157,1.99974,0.3395217117684078,98.0,1.3879726066972542
COc1cc(Cl)c(C=O)c(Cl)c1,-1378.272418,2.9664,2906.5131,1214.199,0.134806,5.3764,0.16507,0.09336,-0.25843,-0.07171,205.0402,1164.64,-0.615684,-0.090478,0.02167,-0.23735,1.99859,160.5935,73.3393,0.6694461925739459,0.909574,0.101131,0.03932,0.19166,1.99928,0.194531,134.1528,13.1153,0.04021,0.40426,1.99933,-0.681064,-0.057937,0.01227,1.99975,-0.196781,1076.2627,-308.2559,0.01185,1.99974,0.37680931403398366,89.5,1.3879726066972542
COc1cc(Cl)c(C=O)cc1OC,-1033.0692807999403,2.5397709630470833,3045.5065737533687,1508.1605796843148,0.1783760808453238,4.282607514845614,0.1529524274898591,0.08655475653303603,-0.23950718402289511,-0.06639767095682306,200.6213,1485.8579663551757,-0.48414452940284647,-0.08037937284465374,0.01924712799950914,-0.19925621852004718,1.9986972327432342,155.0452542684339,68.55852839458251,0.6456964360845927,0.9605872146860414,0.09126427511294657,0.03824016349322611,0.17800353287934376,1.9992500511516418,0.19737987921259265,142.68782958957985,11.961092177827593,0.03870988731661326,0.41427041471235604,1.999292831196318,-0.728159281300519,-0.07211576076408281,0.012183629082235341,1.9997499872120894,-0.2228070107023287,1027.0369474939725,-272.81363755801755,0.011441554967661617,1.9997499872120894,0.34459286191419725,65.0,0.9015725489977664
COc1cc(Cl)c(Cl)cc1C=O,-1378.278192365044,4.879522507463228,2947.211780000226,1458.327865422084,0.13527091615096157,4.82929320230987,0.16590706613126824,0.08716602803700937,-0.25307309416827767,-0.07874103809425889,205.0402,1458.3051115784124,-0.47136719881790545,-0.11148779487834343,0.018289141703339725,-0.21804798400086772,1.998779960079225,144.00729556550476,71.4614879401767,0.6392736872780712,0.9579112464682574,0.12243144413032601,0.03782153694983352,0.2066114168792857,1.999270039920775,0.21078603333162355,152.05085217150227,12.802269867149944,0.03874191619719503,0.4151133533450913,1.9993200199603873,-0.7190538683539098,-0.05708972856955302,0.011911177662859446,1.99975,-0.2151057521521502,1064.797114979343,-287.1714641979859,0.011380938138210069,1.9997499800396126,0.34466498260001727,99.0,1.3879726066972542
COc1cc(Cl)cc(C=O)c1,-918.7594649531859,1.6117689607928474,2343.7416138847675,1454.1892314367228,0.14332275293085495,3.9839629954290494,0.16360199058937056,0.0896255738097051,-0.2532275643990757,-0.07397641677966546,170.5951,1383.3078641078519,-0.17926493428506157,-0.0746269800622128,0.017224391099768924,-0.15663597176811175,1.9988099999999998,167.79526557141767,57.13016721429115,0.6183209581824994,0.9451985284314786,0.08725531597420111,0.03798878219953784,0.19036832522536304,1.9992599999999998,0.19767341917218967,128.79588413750295,8.603335592950922,0.03882073769838248,0.42591708429699604,1.9992999999999999,-0.696765188930704,-0.05163059853254074,0.012343173299306776,1.9997499999999997,-0.20369245785150197,1027.0586838583836,-295.2332673339173,0.011549999999999998,1.9997399999999999,0.3405423411241125,99.0,1.08890538110374
COc1cc(Cl)cc(C=O)c1OC,-1033.0685534551249,3.753369212368442,2982.3272340769836,1422.246715076932,0.17831180083765835,5.338276048704815,0.1584888496811938,0.08820886480558121,-0.24669771448677502,-0.07027998487561263,200.62129999999996,1693.1636095497192,-0.27926027297671513,-0.1147793617679368,0.01855725002908536,-0.19268273833677052,1.99879,155.76204842811384,64.00552125189054,0.6487138141769251,0.9011356243618978,0.09461691485793484,0.03905350017451217,0.19173173961652637,1.99927,0.19953404865625635,152.1367308807047,10.73296842124664,0.03895549994182928,0.41836775404286514,1.9993200000000002,-0.695431196182868,-0.06646852560788404,0.01218274997091464,1.9997499999999997,-0.21259610475836496,1072.3848291475003,-293.9622955835656,0.011418249912743917,1.9997499999999997,0.3425464132958678,98.0,1.2227191706500702
COc1cc(Cl)cc(F)c1C=O,-1017.854514,4.0703,2544.6214,1365.777,0.136295,5.1857,0.16560999999999998,0.09330999999999999,-0.25892,-0.0723,188.5856,1298.608,-0.579213,-0.180648,0.01943,-0.29315,1.99878,133.454,82.7746,0.6527690371302706,0.961683,0.123169,0.04001,0.19768,1.99931,0.205448,145.6096,14.3368,0.04073,0.40034,1.99936,-0.701211,-0.044136,0.01218,1.99975,-0.201495,1111.4678,-317.4064,0.01144,1.99974,0.35777218376337316,92.0,1.3879726066972542
COc1cc(Cl)nc(C=O)c1,-934.7891227631931,3.3691958677719422,2284.1215604051263,1154.3483591840154,0.131294922419679,3.5469416079463567,0.1814041466164692,0.09601470076161907,-0.2774188473780883,-0.08538944585485012,171.5829,1287.4360376223788,0.07337661492741822,-0.09214408593096513,0.02753990856605027,0.08889873931978406,1.9988399999999997,150.74933726175362,40.98408348647453,0.5989606956381256,0.8608376241994342,0.12062606607850404,0.03866004156088624,0.20049931840146568,1.9993000055414516,0.2223725208898307,132.4217959320825,4.615109514587781,0.039060177326447953,0.4164071627768327,1.9993400055414514,-0.669226294566614,-0.06314214960597016,0.011920288155477929,1.999749997229274,-0.19983006473160808,1037.6227986324845,-298.3220585316092,0.011440185638625205,1.999749997229274,0.3412477391924256,98.0,1.3879726066972542
COc1cc(Cl)ncc1C=O,-934.7869139581545,5.413522486511708,2229.1547834817634,1210.8444997839986,0.1317105432712308,5.505628544067924,0.17404806195478972,0.09437559838748914,-0.2684236603422789,-0.07967246356730055,171.5829,1012.8049298834583,-0.5553959660489487,-0.1900515792575214,0.01805738418977639,-0.266393099403509,1.9988199723194688,148.2831995359911,76.11769929198636,0.6332919213194276,0.9547469514742691,0.12067924701274162,0.03862134250577614,0.20708676952197416,1.9992800000000002,0.21197707848470643,153.8805065078043,12.206484474741858,0.038921217943384545,0.4119044915742382,1.9993300000000003,-0.7135316299752958,-0.07457612773685271,0.012100429048237736,1.9997499861597343,-0.2146748896842821,1081.132834325137,-291.69846521933243,0.011430608971692268,1.9997499861597343,0.3419659563064636,99.0,1.3879726066972542
COc1cc(F)c(C=O)c(F)c1,-657.4340005726926,2.303567757893145,2204.802052278201,1209.3145386890274,0.1375235075561761,5.429012985520745,0.16211597967500446,0.09872472381617255,-0.260840703491177,-0.06339125585883193,172.13099999999997,1187.6733310731959,-0.6433372463768643,-0.209320435630325,0.018912537780880517,-0.32003251171766384,1.9987399999999997,126.4873204301111,85.99285950768225,0.6479427512910244,1.009180334048482,0.09343820581314245,0.041757889526469014,0.16062037518091618,1.9993199999999998,0.19650642259871667,140.7255048929832,17.27746618331649,0.0417039447632345,0.39638590411324337,1.9993599999999998,-0.7090034013519693,-0.04864788900089122,0.012633944763234506,1.9997499999999997,-0.2033538024882657,1086.9171474415245,-302.4213047547204,0.011524648254411502,1.99974,0.3564182624800898,99.0,1.3879726066972542
COc1cc(F)c(C=O)cc1F,-657.4310390327184,0.4932280242909834,2224.5596648088826,1354.9522216523653,0.1373199814745093,3.6181712321443356,0.16242356394752475,0.09255939890544547,-0.25498296285297023,-0.06986416504207926,172.131,1317.4729766301061,-0.5357315699677453,-0.1362577329408858,0.017657808662968604,-0.2528127131808786,1.9987804457358738,136.37751045007238,77.37068312963983,0.632924329230794,1.0130368377628616,0.09625665230776186,0.03928537807397613,0.17347010004923757,1.9992718944960715,0.20047581412596932,146.06297899761165,15.288107822481052,0.03978219880880047,0.4082995747143109,1.9993212629973809,-0.730261550957999,-0.06154813648007567,0.012316597155237433,1.99975,-0.21863890781133372,1043.4809190107676,-277.17727480254285,0.011461107003370625,1.9997493685013095,0.342300493242824,99.0,1.2505292983529446
COc1cc(F)c(C=O)cc1OC,-672.6478594507931,2.1719759103488094,2614.7041039581877,1605.286518454658,0.17953611082200138,4.529969767088905,0.15169480006944627,0.08931869400101791,-0.2410134940704642,-0.062376106068428375,184.1667,1393.5045888789793,-0.5191957332496111,-0.13159841698604272,0.017937204356187945,-0.24558179161589852,1.9987753366197991,139.0208207739869,76.54274447439845,0.6334441500083563,1.0109918611430428,0.08746259125993631,0.039477374597923005,0.1667178633187465,1.9992703728354562,0.19768040347896693,147.76919036771648,14.678088910903563,0.039595728529150664,0.4088748873660988,1.9993150687444365,-0.7366250184982189,-0.06937538282326128,0.012296026604953917,1.9997552014983873,-0.22480627462401712,1037.125021343239,-270.4477443246809,0.011406687562548107,1.9997498648785879,0.3416520863445884,80.5,0.8658622616011283
COc1cc(F)c(C=O)cc1[N+](=O)[O-],-762.5223445555438,5.3735567531570965,2850.3659599001267,1300.7111124121961,0.1502159548920641,6.0715292618653605,0.1818021648273279,0.09547975940750414,-0.27728192423483206,-0.08632240541982375,199.13809999999998,1380.798601492425,-0.5941873808342317,-0.1675040863001149,0.01830384846966407,-0.2572915995991314,1.9987503848469663,136.45208986511176,78.18172909679052,0.6321797349562481,0.9864548583600831,0.10316116522738661,0.03943616959371568,0.1768997415966918,1.9992907696939328,0.20531685719827303,145.96532781658243,15.801285985524194,0.039751569493498534,0.4106187972900881,1.9993307696939326,-0.7055443572508111,-0.05084920822590362,0.012379621174160176,1.99975,-0.20704089608302842,1063.9343975858803,-288.1246520160752,0.011515387857529697,1.9997496151530334,0.34101967411678646,84.0,0.8301519742044904
COc1cc(F)c(F)cc1C=O,-657.4305597231153,4.455855533533785,2155.6932172614565,1169.4585000369361,0.1375137950378807,4.808443586967265,0.16149412466368446,0.09072117379278481,-0.2522152984564693,-0.07077295087089965,172.13100000000003,1331.1603534277492,-0.45172551852156007,-0.1035280044869396,0.017861782968093917,-0.2211251949367854,1.9988199678281424,139.82607843545645,74.56918506812093,0.6406270947997289,0.9362676614324755,0.10991881181304888,0.038159936438407926,0.1890092931486985,1.9992702964385127,0.2080045125147047,151.59891785082652,13.292486535333026,0.03885819382094673,0.4128647200057386,1.999320201200326,-0.7194900533104505,-0.06386770412704272,0.012053881535500804,1.9997499047618132,-0.22050610738778112,1052.4427461997686,-280.50425968655003,0.01137215524680224,1.9997498940378606,0.3448865028888366,98.0,1.3879726066972542
COc1cc(F)cc(C=O)c1,-558.3386730955253,2.330698353590253,1926.0762989306122,1245.9860717172176,0.14439966937509485,2.2606644100148556,0.1632120390755404,0.09024386406163062,-0.25345590313717103,-0.07296817501390979,154.14049999999997,1262.9305867682522,-0.16374690431157743,-0.06528662997926177,0.01696596354298388,-0.1514545020594127,1.9988370385417193,170.81326209998636,56.57992130218081,0.6187563588243773,0.9352595979613636,0.0842003877154252,0.0379333062490516,0.18571634896017744,1.9992529614582806,0.19722487854778906,129.4372394503356,8.514502656732102,0.03878553749936774,0.4246458416637161,1.9992999999999999,-0.6904440944072519,-0.0569751713783244,0.012330730207964512,1.99975,-0.208575658148046,1016.9746800374137,-288.09732020362975,0.011545922916561289,1.99974,0.34121183069403566,97.5,1.2696356012770242
COc1cc(F)ccc1C=O,-558.339651,3.072,1830.8268,1036.712,0.144798,4.0169,0.15814999999999999,0.09622,-0.25437,-0.06193,154.1405,985.726,-0.509989,-0.107375,0.01822,-0.22801,1.99879,147.1858,74.0512,0.6393958464443046,0.937661,0.100682,0.0385,0.17926,1.99927,0.206261,151.8179,12.8356,0.03882,0.41257,1.99931,-0.724506,-0.070104,0.0121,1.99976,-0.226075,1047.5662,-274.2921,0.01131,1.99975,0.3431403398363751,94.0,1.3879726066972542
COc1cc(I)c(C=O)cn1,-772.4551776155832,1.0701706627288887,2805.4517954354214,1394.530086653282,0.13092897549516744,2.6363519138329257,0.16975963671411998,0.09559884364763385,-0.2653584803617538,-0.07416079306648612,263.0344,1328.295493413579,-0.6597204670070799,-0.14685944010554677,0.0202002327691692,-0.2571710217807133,1.9986699986483527,167.06096223394675,69.41818128176658,0.6482056415847096,0.9431005724346223,0.09556899630671122,0.03918002615554225,0.18673574446403432,1.9992500030771228,0.20109511151593357,132.43590820811653,9.97181069026089,0.03886005268491244,0.41381967621163446,1.9993000015385616,-0.7224616102831278,-0.08823889856761884,0.012610017484916294,1.9997499984614389,-0.214587805796067,1019.4797662998233,-277.3860900629118,0.01159009963265716,1.9997499984614389,0.3453494094777022,99.0,1.3126748825968737
COc1cc(I)ccc1C=O,-756.4216223576291,3.4425464254148155,2981.873115136822,1502.4975141079497,0.14306555267389084,3.934218722545414,0.16222550651739884,0.08997387300234048,-0.2521993795197393,-0.07225163351505835,262.0466,1751.1732503639528,-0.5073222690462798,-0.11102317237042501,0.01850225685205539,-0.223790046156492,1.99879,152.55216951592453,71.41273706638566,0.6382652834479923,0.9980681756967908,0.11721316038857986,0.03800221355229976,0.20189057718050502,1.9992702655120067,0.20858240719718693,152.82846236571586,11.687101674855498,0.038774161592593004,0.4135391082942601,1.9993202655120066,-0.7492430810490749,-0.06189225426454506,0.011894380948107523,1.9997498672439966,-0.22062315562187004,1064.32750979637,-285.05052273887117,0.011322522364061907,1.9997498672439966,0.34317098867673446,95.0,1.3879726066972542
COc1cc(OC)c(F)c(C=O)c1F,-771.7328365196154,2.199267460404934,2918.4721956650355,1322.0894811699745,0.17219122141998286,5.042412739305988,0.15167630726023446,0.08228407862009722,-0.23396038588033166,-0.06939222864013725,202.1572,1418.328294862107,-0.32963643794215663,-0.2155804597675357,0.01856962855997713,-0.2808789578814753,1.9988,134.14269241912513,79.02109208966445,0.6494738382635983,0.9485246163653004,0.09548540465273309,0.041724814279988566,0.17440780024048033,1.99933,0.1990144843160606,143.19927965508174,14.656652017520333,0.04156,0.40369071399942813,1.9993700000000003,-0.6658084748502743,-0.043988173607792565,0.012635557160034309,1.9997500000000001,-0.19331582856112606,1116.7308747430789,-323.87669446349514,0.01154555716003431,1.99974,0.35731187665270214,99.0,1.3879726066972542
COc1cc([N+](=O)[O-])c(C=O)cc1Cl,-1122.9440905786178,2.1048614285917,3291.109745713074,1594.4071430219324,0.14915028538530584,4.7784750129259566,0.19066988405762503,0.0814077936272354,-0.27207767768486046,-0.1092620904303896,215.59270000000006,1334.7643266571981,-0.3438270112615281,-0.12517732712304333,0.018760473548786478,-0.22420647116122952,1.9987399189880093,153.00511690446962,71.62453011937785,0.6549067004623338,0.9085653439880906,0.19674391365104865,0.03527898900596817,0.3189070738362768,1.999270144569269,0.21578918059411062,150.04305120535142,12.26380977790382,0.038284669382635236,0.41946155545414765,1.999320144569269,-0.682798581492097,-0.043471741983664665,0.01086691893365023,1.9997500000000006,-0.20686382021175279,1065.4170955518282,-294.9023109664615,0.01141252256486494,1.999749959494005,0.3511030444216349,18.0,0.8301519742044904
COc1cc2cccc(OC)c2cc1C=O,-726.9191429849957,8.729411076519785,4006.778691929016,1457.0922990788845,0.23716340702813962,4.549529426029355,0.14244187950308126,0.07624988222547169,-0.21869176172855298,-0.06619199727760959,216.236,1804.446709001873,-0.5273280295473406,-0.09915172237132572,0.02058403468696635,-0.21220846020855166,1.998839800045373,147.5545921973775,71.5007306151241,0.6389833617845208,0.9912815715212802,0.1208332774096867,0.04228576762706551,0.28984922740539687,1.9993399000226868,0.2049581965203725,152.26541124630614,10.886892468065529,0.03870373248636743,0.41359083314427847,1.99932,-0.7187939018453684,-0.2853814704489054,0.012391433008158923,1.9997499666742289,-0.22404528189222633,1055.9467833230817,-281.21962925469205,0.011301666288556887,1.9997499666742289,0.34395711081154406,97.0,1.3879726066972542
COc1cc2ccccc2cc1C=O,-612.6009058015794,3.297980566108669,2962.118666894739,1527.5762237252702,0.2019561607107066,4.497657121052507,0.15233582385576588,0.07880763587247736,-0.2311434597282432,-0.07352818798328851,186.2098,1328.2003189684483,-0.48737756900731627,-0.11472014522590263,0.01842243627466223,-0.22007962450762117,1.9987798430149537,149.45334199845763,70.16171287863816,0.63875239401496,0.9891977466623196,0.12915757325643487,0.03737429022835537,0.2225970022158074,1.9992604455558232,0.20895898255398127,153.10427731117488,10.505094501942494,0.03870760895189755,0.4153001194648887,1.9993202885707768,-0.7236215829557008,-0.058068575850395224,0.011695243648877153,1.999749851481392,-0.22122349126960897,1062.7950219435274,-285.5854301911287,0.011313389816792516,1.999749851481392,0.34382915569926725,95.0,1.3879726066972542
COc1ccc(-c2c(C=O)cnn2C)cc1,-723.0829721258874,4.119509908390152,4320.477187343879,1788.8221505924664,0.23785228103199568,6.001742713316272,0.14154167511502905,0.09535706301582866,-0.2368987381308577,-0.04618461209920039,216.239,2109.5008904512592,-0.47655570776595707,-0.1886698677725931,0.01763579582187983,-0.2455497834401299,1.9987727230344596,111.39860444518548,72.00231371101196,0.6322898675245272,0.9690752547481092,0.061792925534133646,0.038168104822868254,0.13761434629309785,1.9992327230344595,0.17924846867002153,141.27513837637966,15.897662507013063,0.03751915448310722,0.4036045953983463,1.9992727230344596,-0.7505183744443464,-0.08180838688847021,0.012679224510396249,1.9997572769655405,-0.232546925240098,1006.1971039145026,-265.9903136451879,0.011558122482433264,1.9997500000000001,0.34732170906460924,20.0,1.339157326756677
COc1ccc(-c2ccc(C=O)cc2)c(OC)c1,-804.1727515912105,1.3853937553553122,6108.481970334018,2029.0865518197434,0.27261106690672576,4.627184511584625,0.14916305809289804,0.08036815696412458,-0.22953121505702262,-0.06879490112877346,242.2738,2109.609218889168,-0.4809842195727283,-0.06524994752683527,0.01735538841353388,-0.18808536724063887,1.99879,173.20785487216946,61.044776007047275,0.6175469685932203,1.1098399943435555,0.09059587531055109,0.03770077682706776,0.1946737975484245,1.9992399999999997,0.1928264816519637,127.98167746169821,8.523897400601738,0.03890101517622421,0.4177154750004481,1.9992899999999998,-0.787957917096825,-0.05998466061545319,0.012155388413533879,1.9997499999999997,-0.21710253129046458,1009.9284756412653,-282.2467947235661,0.01149562676269034,1.9997499999999997,0.3396280854860414,96.0,1.3879726066972542
COc1ccc(-c2ccc(C=O)cc2)cc1OC,-804.1703775265856,14.684436971226022,6750.218634002391,2044.3792141364945,0.2728098594611846,3.7771166522577833,0.14530234062231953,0.07621611986945659,-0.22151846049177615,-0.06908622075286294,242.2738,1891.6672522414678,-0.5072909645729252,-0.06768993333929345,0.018999392890627537,-0.17312513443860186,1.998830176863412,172.09387171540834,61.134043086863734,0.6164465765395666,1.1265090243353024,0.10259038352705252,0.041282519042694074,0.27306045234343346,1.9992962476087768,0.19266410929252764,127.9029753644711,8.680143830627488,0.03888607074536486,0.4174377178849102,1.9992900000000002,-0.7978173466712337,-0.2411179812091096,0.012391774673963426,1.99975,-0.217192282892513,1009.1306228561177,-282.16487347930877,0.011501964627317571,1.99975,0.3397520885482334,93.0,1.3879726066972542
COc1ccc(-c2ccc(C=O)cn2)cc1,-705.8853613935611,1.209272242753273,5534.159144968463,1725.9330098578414,0.22601870137565636,3.76411047152878,0.15608323402239574,0.07566161454647011,-0.23174484856886585,-0.08042161947592565,213.23540000000003,1855.7503579886964,-0.6190040438092034,-0.14865554750394522,0.017202062893117206,-0.2458563618022757,1.9988319349147479,167.44845022082663,66.75947898696322,0.60972387719581,1.1586796957732841,0.1179477273230487,0.0382304534046311,0.23411831694895935,1.9992600000000003,0.1964118424621856,134.58867149853822,9.815463146349865,0.038795008270528654,0.4125747855244327,1.9993000000000003,-0.8073580178261193,-0.09449620525892552,0.012076292332753194,1.9997500000000001,-0.21632039550085647,1034.6866962890588,-288.403248569581,0.011545804744243058,1.9997500000000001,0.3379839575363319,92.0,1.3879726066972542
COc1ccc(Br)c(C)c1C=O,-3071.861093,4.0364,3278.9615,1811.923,0.172473,4.6262,0.15589,0.08701,-0.2429,-0.06888,229.0729,1496.806,-0.455292,-0.129353,0.01888,-0.20532,1.99876,147.3538,71.4565,0.67196349905601,0.878287,0.091542,0.03776,0.19602,1.99928,0.186546,155.4316,8.105,0.03829,0.40818,1.99934,-0.689529,-0.074484,0.01176,1.99975,-0.227372,1099.1671,-313.6377,0.0116,1.99975,0.3930931403398364,80.0,1.3879726066972542
COc1ccc(Br)c(C=O)c1,-3032.633978537727,1.3903026812637242,2859.527165190726,1515.5824482041673,0.14314655320768968,2.889543653947822,0.16138645215547703,0.08425427553538535,-0.2456407276908624,-0.0771321766200917,215.0461,1382.887318169682,-0.28103253091526464,-0.07956403575164012,0.019959283719598205,-0.18204381051149357,1.9986701968768557,167.70124518508263,60.443691896374986,0.649219175493439,0.8681537638082335,0.10264515634929602,0.03830816117040544,0.1972818716755715,1.9992518794377547,0.2042731561497536,139.4256740489808,8.62934545506136,0.03861061302347301,0.42215492530085097,1.9993001968768558,-0.6844615742277543,-0.06584727372962283,0.012269581884968461,1.999749901561572,-0.2111021887774923,1045.275510030605,-289.7544846802526,0.011526801359143487,1.999749901561572,0.34675255380995956,99.0,1.0644977411334513
COc1ccc(Br)c(C=O)c1F,-3131.7212672592923,2.1942695649651753,3119.55041129905,1377.843669367528,0.13579415667110004,4.8926251260030025,0.1616711586361232,0.08455749243830706,-0.24622865107443023,-0.07711366619781614,233.03659999999996,1661.3572569561056,-0.36929694226168486,-0.1273753150929001,0.020930176020549994,-0.24894687296805088,1.9986699226627418,152.29710718202475,71.47885297895758,0.660468718137576,0.8678398860469732,0.1040950438138145,0.04052970452370964,0.19759890664021504,1.9993081364325158,0.20192884475019024,143.01358565326234,13.471017856744123,0.04055032329510142,0.4085057931013297,1.9993499999999997,-0.6312601454170252,-0.06256102799168967,0.012514908539871604,1.9997481364325158,-0.18759268675173676,1113.0378292554801,-319.44786575690273,0.011913938300965524,1.99974,0.37781549424326194,99.0,1.3879726066972542
COc1ccc(Br)c(F)c1C=O,-3131.7274989636962,4.465042372327344,3198.468411556748,1337.2040963908917,0.1360161576687988,5.721109798755072,0.1619868506582418,0.0885084819573162,-0.250495332615558,-0.07347836870092563,233.0366,1225.6034155160653,-0.5040130860272026,-0.19283785057344713,0.019423226690812798,-0.27618658210491664,1.9987692743771368,131.95709582579195,80.23815570454069,0.6542623689003843,0.9134303539040012,0.11866931988118072,0.04011982818897231,0.197731520308461,1.9993197581257123,0.20416121085075686,143.6092143220972,14.284889427321607,0.04074296860991937,0.40234406925155347,1.9993695162514247,-0.6654415935075936,-0.04132702461435785,0.012182339433046797,1.99975,-0.19612321400969782,1116.7535678275794,-323.64523397581127,0.011454274427349169,1.9997400000000003,0.36044458394153456,95.0,1.3879726066972542
COc1ccc(Br)c2nc(Cl)c(C=O)cc12,-3661.545100903933,10.108247723019067,5569.3166611641545,1744.2932099574828,0.1728063388929777,5.031166069807183,0.16819936799935234,0.07222730602566094,-0.24042667402501328,-0.09597206197369139,300.5388,1909.5633222946876,-0.5850958730277224,-0.13922062913914168,0.020308547134334345,-0.22827394652916413,1.9987293263020198,149.57519706480002,69.2719557436062,0.641081447192945,0.9510948177579506,0.14950743103599626,0.04113340936965205,0.32754763469914727,1.99932932630202,0.21327955302111787,142.45732789647403,9.7121040961413,0.038903074155826396,0.4153931984302421,1.9993203368489902,-0.688730667811197,-0.257704083886362,0.01233410514267209,1.999749831575505,-0.2077363445345184,1072.55555756692,-301.2991552856518,0.011496400130813163,1.999749831575505,0.34542314741610136,99.0,0.7456793633926465
COc1ccc(Br)cc1C=O,-3032.6352021406697,4.5512299663477345,3025.0710874466213,1537.314343742474,0.14332347040346036,5.416966149720787,0.1596336067210361,0.08687883626188507,-0.2465124429829212,-0.07275477045915103,215.0461,1308.76120983407,-0.4198568239582024,-0.1294804507712963,0.01861254114720878,-0.21034316776280912,1.99879,146.35275985725542,69.53522952130763,0.6401352552867525,0.9103611497978984,0.11519824128831821,0.038061204149056886,0.2003297025620699,1.999270346520074,0.20995832217580213,152.07519449055363,11.989531913233476,0.038691253231200685,0.41629797290676757,1.9993202310133826,-0.6972289372079334,-0.060492238441650956,0.011943811720813166,1.9997498844933086,-0.21626872072308717,1065.5844090153248,-287.5474213729645,0.011361848107060929,1.9997498844933086,0.3453183132231827,99.0,1.3879726066972542
COc1ccc(Br)nc1C=O,-3048.6531863315026,3.607007098994466,2950.240740326114,1117.7663418661157,0.13084597172091178,4.290832383685757,0.172132442798818,0.08685282790882226,-0.25898527070764027,-0.08527961488999572,216.03389999999996,1623.1546322547383,-0.2028646195798638,-0.13139073424995568,0.026706534320709213,0.005924422645741362,1.9988138868836471,134.8220086346772,53.0725946641314,0.634973378111865,0.8768186625393184,0.12374183873115527,0.03933067386482055,0.19666421235431097,1.9993219434418237,0.21751203719391451,130.02641523122102,7.136126560782743,0.04005339349058672,0.4000600539861542,1.9993719434418238,-0.6851647718287128,-0.05951296607967072,0.012041341765707068,1.9997419434418235,-0.20430502703012443,1046.2670623940026,-312.9991842014348,0.011753038511000428,1.99974,0.3889468060834523,96.5,1.3879726066972542
COc1ccc(C(C)(C)C)cc1C=O,-616.1413066770768,2.522442426118912,3370.110719023249,1785.214097130138,0.27000937207671394,4.682066463863711,0.14839582403342302,0.0901185335383418,-0.23851435757176484,-0.05827729049508125,192.25720000000004,2011.2847356514017,-0.4390771817727892,-0.09412397223126072,0.018879435574574357,-0.20721945909230044,1.9987899764822743,149.130442844693,71.12631201080043,0.6394158268912477,0.9285889685068913,0.09855232379215619,0.038251046538810056,0.1877736737316876,1.9992600235177262,0.20221842718987737,153.02602648425633,10.919261455011311,0.038491375786975014,0.4149922224251136,1.9993100117588631,-0.7156683966900529,-0.07194596571669508,0.01195074080837116,1.9997500000000001,-0.2271592400925173,1051.1070311950346,-274.74867405543347,0.011270611460877782,1.999749988241137,0.3449351844788057,71.0,1.3879726066972542
COc1ccc(C(F)(F)F)c(C=O)c1,-795.787793703159,2.4100753376395105,2970.342250346077,1047.7485097402061,0.160760941026426,3.619441926761734,0.1719195325732731,0.08994122914707989,-0.261860761720353,-0.08197830342619322,204.14829999999998,1264.0058384236493,-0.1517962277857946,-0.07772609082558984,0.019231442498085644,-0.14567776924135312,1.9988098154028517,167.17902505142084,59.51495927339288,0.6747173570930117,0.8622130593716536,0.11457080982283238,0.03734612296102274,0.20173872239822155,1.9992702768957218,0.20921642336858215,147.88514331375907,9.524676427806208,0.038447385352767524,0.4196119706131908,1.9993201845971478,-0.6622570692056611,-0.053637365807698165,0.01194843638302976,1.9997499077014256,-0.20951117831425004,1060.2610486073568,-295.4592577147508,0.011526313515828782,1.9997499077014256,0.3503966068980829,96.0,1.1109847771625294
COc1ccc(C(F)(F)F)cc1C=O,-795.7897707460633,5.419315599218479,3138.878554066582,1520.8062249634859,0.1608043590437474,6.2364608738860445,0.17038295691694486,0.09470140272392873,-0.26508435964087357,-0.07568155419301613,204.14830000000003,1567.242786772091,-0.4431957176885604,-0.1207596131552995,0.018751523505992407,-0.21672160084636166,1.9987899903847468,150.55359366110144,70.81736467221623,0.6387544035971268,0.9047826059254799,0.11886080160124893,0.03801781657302669,0.20123286426870166,1.9992702497208217,0.21161458294588179,152.60111112699636,11.790002092076735,0.038695093548932295,0.41583727645907476,1.9993202449131948,-0.6956454750319976,-0.05793921036148859,0.01194257101707936,1.9997499199648108,-0.21479313152901683,1071.7002696650077,-290.244939547023,0.01137151613673785,1.999749915157184,0.3447576178334786,99.0,1.3879726066972542
COc1ccc(C)c(C=O)c1,-498.46590649716984,1.5620424992974538,1998.889283089557,1454.0804889584053,0.1810001406318662,3.2682429055635414,0.15038138728903486,0.08685160369171283,-0.23723299098074768,-0.06352978359732203,150.1768,1298.7289502331746,-0.26866761368486614,-0.04231473806772326,0.017892785796931685,-0.15664145934978627,1.99877215354282,167.12135741079533,60.527223540824394,0.6510651683512542,0.9271456945855987,0.058156658971758236,0.03797639774249874,0.17804800847123417,1.9992616507746455,0.17334780625973092,129.10714834910686,6.344216227582977,0.03844402666360942,0.41921532658436833,1.9993116507746453,-0.6994429465030758,-0.06958111837852327,0.012263187918691573,1.9997500000000001,-0.21867094176131385,1027.3022577417123,-298.8725152116049,0.011666025048321593,1.9997425685109573,0.37455506670146654,87.0,1.3879726066972542
COc1ccc(C)cc1C=O,-498.4668537726106,2.4799794696582103,1935.5107309547288,1168.5452127517992,0.18123684012374328,4.711585356933874,0.14887815631991427,0.08968603013052032,-0.23856418645043456,-0.059192126189393936,150.1768,1348.2910014895724,-0.42629705240041227,-0.10753252714164438,0.018659848364787412,-0.21181956157645057,1.998789993407165,149.92300160001244,70.92731684216854,0.6403452819989747,0.9283010635637725,0.1026083385294656,0.038280263713413205,0.18912807159566597,1.9992600065928354,0.2045089273393775,153.76884990781537,11.148386846030656,0.03865033953101949,0.41456075158322764,1.9993100032964175,-0.7211977420173021,-0.07098452103051328,0.011960207674312898,1.99975,-0.22661617668167255,1055.2985838165614,-278.94653400187786,0.011290168117300915,1.9997499967035823,0.3428441916473633,91.5,1.3879726066972542
COc1ccc(C=O)c(Br)c1,-3032.6358481854413,1.7841477515116657,2713.285774634526,1277.8629692920342,0.1432337698224533,4.603228840115483,0.1609593076911221,0.09430819763373802,-0.25526750532486014,-0.0666511100573841,215.0461,1553.2849664230675,-0.5641796840377499,-0.07971273145263517,0.01981878698247652,-0.21568341183285122,1.9986503514792993,161.61982293804886,67.73036158564214,0.6487140883483427,0.9540344635692753,0.09224891123435003,0.03859319763373801,0.17808042486116354,1.9992410544378971,0.19796509218224198,136.37828463231935,11.076323669555606,0.03886042011939198,0.4142674366847672,1.9992910544378972,-0.7371579269333102,-0.07119434319275829,0.012366326627383092,1.999749648520701,-0.21837093027566926,1026.0280743934584,-278.6102061507147,0.01150827692355116,1.999749648520701,0.34566783101181886,98.5,1.3879726066972542
COc1ccc(C=O)c(Br)c1OC,-3146.9449941001194,2.446977290009531,3330.941527375138,1709.619010910261,0.17774885016733494,4.594723577728845,0.15781891076619964,0.09246840921038157,-0.2502873199765812,-0.06535050155581805,245.0723,1633.966866110851,-0.5222208752767372,-0.08283389710146141,0.01972358574087969,-0.206045336309846,1.998670130073488,158.95668730982484,67.37365213459036,0.6472117216864167,0.9484655059871646,0.08984005156494443,0.03876292807187573,0.18005022935867931,1.999240260146976,0.19620506161688606,137.941508229467,10.478358195583667,0.03895695457163231,0.41549684382419144,1.9992901951102322,-0.7343749029297428,-0.07374101553746695,0.01236738109032279,1.999749934963256,-0.21990977703607562,1026.886809425091,-276.19368410734467,0.011455601879944644,1.999749934963256,0.34466118103207033,64.0,1.1109847771625294
COc1ccc(C=O)c(Br)n1,-3048.6743163929677,0.4720796036778494,2591.4882915439543,1302.6396791191216,0.1312372909213493,2.7152105519956833,0.16929939445398154,0.09428755461363991,-0.2635869490676214,-0.07501183984034164,216.0339,1352.294271498708,-0.6081235895330755,-0.14603006260750417,0.01928297048097662,-0.25545029519023377,1.998660237638478,152.9020458779789,68.9143048581886,0.6418776342740365,0.9294950135060805,0.1084080309969097,0.0386560597811923,0.18305396683418168,1.9992504752769562,0.20923627129692524,138.9251542812443,10.326263260189798,0.03885318893553619,0.41289542360143217,1.9993003564577172,-0.7226783466505549,-0.06843223088964025,0.012304039854128203,1.9997498811807608,-0.21652886761415244,1046.821878249037,-288.2547513747345,0.011526653877387627,1.9997498811807608,0.3446005867511082,97.5,1.0424183450746618
COc1ccc(C=O)c(C(F)(F)F)c1,-795.7880858314251,2.0329915091760196,2905.9092882582736,1339.2444127292647,0.16080576097885102,5.025533788044248,0.16622563813537627,0.09440195105744799,-0.26062758919282425,-0.07182368707792827,204.1483,1456.3920732522788,-0.4470733845410467,-0.07870125707017175,0.01896388151920983,-0.1856446477687561,1.99879,160.79220964238198,68.49994318899566,0.6733066838724049,0.9551761630606574,0.10638925501060313,0.03753701738455954,0.18619020352138776,1.99927,0.20349836598376098,145.3089743416923,11.885833690625297,0.03863925434613988,0.41167449451884686,1.99931,-0.7165015533833368,-0.06055047029111821,0.012033881519209828,1.9997499999999997,-0.21779424659496016,1043.375895225669,-284.3175919568309,0.011470745653860115,1.9997499999999997,0.34868455335886717,74.0,1.3879726066972542
COc1ccc(C=O)c(C)n1,-514.5075413573444,1.1829187084195958,1929.6759025218635,991.4832584283314,0.16897623390833175,2.4339485971521952,0.15727446653893426,0.09586743651168983,-0.25314190305062406,-0.061407030027244416,151.1646,1500.7706472320533,-0.598449970717186,-0.08432725339522162,0.017320973752856454,-0.23150662993144508,1.9987618141404464,157.4076026618751,71.20698179736341,0.6432567332638547,1.0005112606604074,0.05952250553743432,0.038135086780628914,0.16193370867287574,1.9992681858595536,0.1755105030350627,129.63115980992498,9.139690755043517,0.03840734547196351,0.40963513123571776,1.9993081858595534,-0.7329427841403531,-0.07976894628107047,0.012376327264018244,1.9997499999999997,-0.22643273521260432,1013.1293256756705,-285.6176189823635,0.011702832348391735,1.9997418141404464,0.3755952896080733,86.0,1.3879726066972542
COc1ccc(C=O)c(Cl)c1,-918.7595014678706,1.8669371284102916,2312.8397018445608,1070.1318839371947,0.1434946625020746,4.29186922572239,0.16069998581682238,0.09524566062773322,-0.2559456464445556,-0.06545432518908915,170.5951,1334.3532392300901,-0.5646361399651029,-0.08835588260827042,0.019244632737096416,-0.21562551918576617,1.9986805725503962,158.7269881782047,69.2457409641715,0.6465742415119504,0.961951158905217,0.09112545982894478,0.03846529688527668,0.17585541944446711,1.999251717651188,0.19830491778829834,141.19595940934417,12.111362279167828,0.03896022245942362,0.4129838386258582,1.999301145100792,-0.7239296430750954,-0.06951343168213497,0.012249130115036892,1.9997494274496042,-0.2210410928794636,1031.6509216427542,-275.481789931732,0.011449117044962098,1.9997494274496042,0.3461969575946076,98.0,1.3879726066972542
COc1ccc(C=O)c(Cl)c1Cl,-1378.269849219919,1.7599351778366101,2717.3140191450443,1348.2114727565074,0.13453349525145808,2.9081170784599237,0.1766284127401923,0.09584912873662896,-0.2724775414768213,-0.08077928400356336,205.0402,1591.885208735401,-0.4362261487834331,-0.11123487696198281,0.019153609574152183,-0.19756409022953947,1.998690144382966,160.7614190079024,65.31223934304762,0.6480228859395135,0.9209324444095008,0.1034725327799184,0.038300539956524375,0.1940705380508858,1.9992604331488983,0.20329378532039147,140.45662875596014,10.929998663962348,0.03901079114711658,0.4176477333662764,1.999310288765932,-0.7091428201601676,-0.05849373921672079,0.012162598893389573,1.999749855617034,-0.20983276725138927,1053.469345460999,-292.1682950228555,0.01147548655271132,1.999749855617034,0.34629677487265564,81.5,0.9634398649569116
COc1ccc(C=O)c(Cl)c1OC,-1033.068061608781,2.5437466397781696,2863.7877876689477,1432.0665503036034,0.17808046085189208,4.623079843587564,0.15660725825192645,0.09248350619778109,-0.24909076444970754,-0.06412375205414533,200.6213,1490.3017688833927,-0.5172858573826158,-0.09321623514228518,0.019155693426540554,-0.20655957197394864,1.99871,156.18619091329953,68.90943328819145,0.6441233463830132,0.962461867273234,0.08789948747962055,0.03859983918129564,0.17662905087720313,1.999250753756734,0.19584248833923837,141.9345999920004,11.6193910884499,0.03899720891755989,0.41387048422459727,1.9993007537567342,-0.7321591594626216,-0.07167228981499406,0.012245048630238724,1.9997497487477551,-0.22154731749179815,1034.4405709022387,-275.5173322425208,0.011418822286926868,1.9997497487477551,0.34465041122937673,78.5,1.3760900883317666
COc1ccc(C=O)c(Cl)n1,-934.798692,0.3676,2162.4637,1441.434,0.131628,2.7017,0.16912500000000003,0.09494500000000002,-0.26407,-0.07418,171.5829,1113.835,-0.595118,-0.164977,0.01892,-0.25561,1.99869,150.2778,71.2042,0.6406544996853367,0.943105,0.106851,0.03853,0.18011,1.99926,0.209391,142.6413,11.4246,0.03888,0.41177,1.99931,-0.722071,-0.06764,0.01219,1.99975,-0.21848,1051.2267,-286.9581,0.01147,1.99975,0.3448709880427942,99.0,1.0180107051043732
COc1ccc(C=O)c(F)c1,-558.3395165974363,1.4709810419833054,1984.821229322077,1095.9122696261213,0.1447449882741261,4.3739500764878025,0.15834857432435773,0.09647810868885996,-0.2548266830132177,-0.06187046563549776,154.1405,1163.642474577339,-0.575900466267148,-0.14063185003974274,0.01800846665533514,-0.25862555048442276,1.99876,143.05747351858733,76.36854247775364,0.6322737043240481,1.0101478341402923,0.08809020681640764,0.03959025029745257,0.1655169823503234,1.9992711500084988,0.1992854303361446,147.08827900830394,14.563908746975255,0.039746733752599815,0.4084861158989557,1.9993207666723323,-0.7335179223611707,-0.06760415347919069,0.012336100118981027,1.9997596166638338,-0.2242158020429197,1040.3312922177663,-271.5155667683207,0.011397666723324299,1.9997496166638336,0.3409240646417926,96.5,1.3879726066972542
COc1ccc(C=O)c(F)c1F,-657.424977114218,0.9710894442185993,2171.2810235238194,1052.7749553524498,0.13750517347607205,3.9128337945668346,0.16213359783980336,0.09482452626686173,-0.2569581241066651,-0.06730907157294162,172.13099999999997,1350.483982522716,-0.5323414467886305,-0.14065148003520228,0.017733193605468937,-0.2520000001694323,1.9987899999999998,139.30024176154222,76.37447215921257,0.6320018155806475,1.0154853399078339,0.08770000110813797,0.039712199859593275,0.16417555034871675,1.9992820593558664,0.19860925184049158,144.31341112631955,15.1647919568437,0.03988370158885093,0.40770560190406235,1.9993220593558665,-0.7355528283860457,-0.06217272981262963,0.012427295381528824,1.9997499999999997,-0.2166653435799995,1048.8872060751478,-279.87417156174274,0.011453508217393193,1.9997489703220666,0.3423281513082391,94.0,1.1870088832534322
COc1ccc(C=O)c(F)c1OC,-672.6428885002649,2.0659502913987255,2514.9031122387464,1340.8583853992377,0.17943649973509207,4.188049985382353,0.15423499735092067,0.09359999999999999,-0.24783499735092068,-0.06063499735092068,184.1667,1410.7985581055327,-0.5465950111261331,-0.1412744976158286,0.01795,-0.25033,1.99878,139.17479909931302,76.54470063577904,0.6334172435494021,1.021783503973619,0.08146749920527618,0.03989,0.15909,1.99927,0.19634449973509205,147.22375013245397,15.135899947018412,0.03971999999999999,0.40747999999999995,1.99931,-0.754096003708711,-0.06979550132453965,0.012409999999999997,1.9997499999999997,-0.2230090015894476,1045.3983493907117,-273.36074960263807,0.01141,1.9997499999999997,0.3408590308370044,81.0,1.3879726066972542
COc1ccc(C=O)c(I)c1,-756.421106407584,1.9341702770635427,2802.867729600277,925.8171469058485,0.14289493596730396,4.34909593555312,0.16027172116252575,0.09348124205258453,-0.2537529632151103,-0.06679047910994122,262.0466,1283.670662572145,-0.5844102861025208,-0.06649082447809512,0.02070311989101321,-0.2155807198001909,1.99864,168.17305322439586,65.56628787462822,0.6505827558790288,0.9478398181201628,0.08828668074474305,0.038801360127151255,0.1819462397820264,1.9992299999999998,0.19591097842858896,129.7198638509405,9.674629405095292,0.03876896003632893,0.4158120004541116,1.99928,-0.7443121968673692,-0.08059664350574171,0.01249896003632893,1.9997500000000001,-0.2182021469117637,1005.0321510901082,-275.40138601299236,0.01152103996367107,1.9997500000000001,0.34518565135305224,95.0,1.254684715944833
COc1ccc(C=O)c(I)c1OC,-870.7316505837174,2.403469550831642,3350.2396028335843,1835.3297499431312,0.17739606879312342,4.642058655545899,0.15779888139572734,0.09190306114655597,-0.24970194254228328,-0.06589582024917137,292.0728,1386.59364200338,-0.5247587693652335,-0.08154496974363858,0.020721621924228002,-0.20586552202398847,1.9986700000000002,165.1629416265694,65.03932824021496,0.6502517306482065,0.9380882036971878,0.08633916197550123,0.039043243848456005,0.18658012671971905,1.99924,0.19424605657251257,131.06260163173096,9.10947974569053,0.038878603654037995,0.41713530573277985,1.99929,-0.7414131613156845,-0.08555343822413697,0.012493018270190006,1.9997500000000001,-0.21849032674558547,1009.2055487333727,-275.44394762237073,0.011474189037885996,1.9997500000000001,0.34427284030538063,82.0,1.1883837141090154
COc1ccc(C=O)c(OC(F)(F)F)c1,-870.8948984440121,1.7471664154168358,3455.5816678527926,1594.2586906128506,0.1662383039657701,4.447370334190667,0.16040003246493348,0.0959473104587568,-0.25634734292369027,-0.06445272200617667,220.14769999999996,1589.3414271530828,-0.5698890187094574,-0.0955462647780318,0.018625949455668485,-0.22338657776090715,1.9987670252721657,145.53717733200108,76.16276271806821,0.6412011843666209,0.9904763023712506,0.0981742101499231,0.038378671461845155,0.17025986314245556,1.9992699999999999,0.20623573557702202,148.60134950266476,13.89247827373574,0.03866297472783424,0.41079025272165753,1.9993099999999997,-0.7376793922982778,-0.06727501018684923,0.012221898911336973,1.9997570252721655,-0.2232708075046994,1045.9737749666897,-275.21072709404984,0.011385949455668485,1.9997499999999997,0.3441415827078612,97.0,1.3879726066972542
COc1ccc(C=O)c(OC)n1,-589.6060001305999,2.688168115100472,2229.473331741836,1410.430565907281,0.17538289148342256,4.393191279836761,0.14876567009109903,0.09242565242446225,-0.2411913225155613,-0.05634001766663676,167.16400000000002,1113.7368305471123,-0.6597916180137534,-0.18266542724787452,0.017961537782052436,-0.272964288238091,1.9988000000000001,133.95354193006054,81.76527940659837,0.6319805207850523,1.0028386185704001,0.10336518144894451,0.038579226692314596,0.17261815035985884,1.9992702196831507,0.20689476714262028,148.9530714952248,13.513002577083695,0.03874823370147885,0.4072162874697401,1.9993103295247256,-0.7664906336025819,-0.07743583057004123,0.012104283821431777,1.9997597803168499,-0.2336803843095572,1031.680399010001,-267.392527304159,0.011292526356228997,1.999749890158425,0.34169663496126546,87.5,1.254684715944833
COc1ccc(C=O)c([N+](=O)[O-])c1,-663.4254625185933,3.596402223310575,2525.3778367122295,1134.2693553490278,0.15747746985372743,5.357401197053736,0.18619350847493646,0.08343514570257812,-0.2696286541775146,-0.10275836277235834,181.1476,1419.9895392622893,-0.4023037704209253,-0.12243470827583972,0.018819820557001946,-0.23667785746268866,1.998739910278501,158.84492292981898,71.88233274455284,0.6555117540710712,0.9266719978140533,0.19384801568966803,0.0351494695652892,0.31650606379157054,1.9992601794429983,0.21260143993133684,149.99814062660985,11.859601578101335,0.03830861326390674,0.41700416020827985,1.999320089721499,-0.7015661772264856,-0.04735218081685618,0.010804983490337771,1.9997500000000001,-0.2134449041148468,1061.608776091634,-290.57381479953295,0.011385203846943658,1.999749910278501,0.3496069734851839,24.5,1.0424183450746618
COc1ccc(C=O)c([N+](=O)[O-])c1OC,-777.7322868252811,4.941632993653147,3122.139651603786,1646.499674031147,0.19234801241640148,6.864879802677865,0.17412761854375378,0.08725063825129206,-0.26137825679504584,-0.08687698029246174,211.1738,1448.285004697584,-0.42606651966265596,-0.049914889088194844,0.018533290335008612,-0.20477603081383128,1.9987593798247016,154.3869151114468,73.46651527969364,0.6556351334363448,0.9529598071184319,0.12940150834042796,0.036904242152191534,0.22586805411878244,1.9992714761820145,0.20247436724762446,144.8277063285317,12.816572918630627,0.0386106914925443,0.4150905201465725,1.9993206201752989,-0.7093310586242666,-0.06062872258911446,0.011802950731812431,1.99975,-0.21269702290620643,1054.999721085073,-288.5684071869131,0.011512572265904582,1.9997493798247012,0.3495080200816179,81.0,1.3879726066972542
COc1ccc(C=O)c2ccccc12,-612.6045611630781,2.5945766702133573,2770.033033119832,1747.5677660946649,0.20186168031840862,4.822967671172853,0.14836646752219476,0.08077195669625965,-0.2291384242184544,-0.06759451082593508,186.2098,1563.8415866025068,-0.5031947280316235,-0.044323049195136244,0.017979355596294988,-0.19101014434580116,1.998770214801235,163.804289530318,70.3612874322577,0.6442900252702174,1.0153726183462903,0.09144150016978175,0.036193651620995075,0.21397613357776993,1.999249785198765,0.17713747364913596,116.2708611345817,7.105961397310529,0.038398496391354967,0.41180207755691617,1.999309785198765,-0.7531220484561405,-0.07485401672715564,0.011653436819760065,1.99975,-0.2272636355248872,950.8153817745097,-267.73435761966977,0.01153677798147494,1.999740214801235,0.3694627782816126,55.0,1.3879726066972542
COc1ccc(C=O)cc1Br,-3032.636866688046,2.6538284802315046,2739.243567007379,1396.670174949159,0.14318166306516222,4.224978435203246,0.15776516206769972,0.09291398045657545,-0.25067914252427514,-0.06485118161112426,215.04610000000002,1312.68433589065,-0.4716114796529076,-0.06338309517501775,0.017325698850695265,-0.18639745440741617,1.9987900000000003,159.1933521158744,65.35618534858747,0.6177517487304081,1.0246704837134348,0.07757313770453697,0.038220000000000004,0.17177666437155326,1.99925,0.1928706528785059,126.6180007696992,10.865933921247102,0.038974767049768246,0.4178949088148324,1.9992900000000002,-0.7482854062100343,-0.06395902491034267,0.012434301149304735,1.99975,-0.21648355288374996,994.7607163091384,-273.79224577794093,0.011529068199072979,1.99975,0.34015103838892385,96.0,1.351682448361478
COc1ccc(C=O)cc1C(F)(F)F,-795.7906790462397,3.3123555984969526,2884.100844768482,1275.2118970179604,0.16068479664827737,4.4719615199555065,0.1662997590949366,0.09682426604298308,-0.26312402513791966,-0.06947549305195351,204.1483,1510.7267278562142,-0.5016244676616716,-0.061086134836598346,0.017459979051733614,-0.19474360617259195,1.9987899999999998,164.3238355813451,66.80069235661853,0.6171174204120027,1.0161685433277927,0.0840446904262736,0.03800402513791966,0.17710046239724742,1.9992499999999997,0.1942002958311721,127.17112146482644,10.715437405273608,0.03894400418965328,0.41732176118976316,1.99929,-0.7389375856849416,-0.06089648063653237,0.012380020948266384,1.99975,-0.2155770137972694,999.7872848295358,-275.01123939156247,0.011532012568959828,1.99975,0.3398047109981147,95.5,1.1870088832534322
COc1ccc(C=O)cc1Cl,-918.7544546917138,2.6086340531336183,2212.6283813845334,1482.1082081931452,0.1429358613826977,3.372559117291306,0.1708959195398284,0.09728335477744546,-0.26817927431727384,-0.07361256476238294,170.5951,1299.0886770905254,-0.36953998438822067,-0.061275451705996575,0.017092305712851186,-0.17864270715361608,1.9988,165.28307380366306,62.143677697657665,0.616156106687602,0.9839147720055013,0.08581662926673794,0.0379911528564256,0.1846515542971905,1.99925,0.1956144908214543,127.74433933768472,10.064586481259132,0.0389211528564256,0.4207985880940426,1.9992999999999999,-0.7177670921364804,-0.05648405455521843,0.012356282381191467,1.9997499999999997,-0.20947368022004412,1012.3680120790239,-285.60335920487245,0.011558847143574406,1.99974,0.3395933463900736,93.5,1.3879726066972542
COc1ccc(C=O)cc1F,-558.333567674496,1.2592387298585732,1956.2874621844767,1132.646568561644,0.1443557811234592,3.376855729295368,0.15664835056432902,0.09275034494270062,-0.24939869550702964,-0.06389800562162837,154.1405,1105.5872827530668,-0.45689108856740335,-0.05378492843764139,0.01690095955026973,-0.1885236876454146,1.9988099999999998,159.14105606745954,65.93868451580346,0.6152319934685883,1.0310200536959782,0.07816854271137867,0.038100959550269736,0.17143538091245758,1.99925,0.19205725146465602,127.29614074916,11.154661841987876,0.039000479775134864,0.41563506741621714,1.9992899999999998,-0.7470923501871738,-0.06501496269491575,0.012433493258378288,1.9997499999999997,-0.2184751928147133,992.3389671027714,-272.98914207047136,0.011533013483243423,1.9997499999999997,0.3391273219600831,95.5,1.2696356012770242
COc1ccc(C=O)cc1I,-756.423538,3.8963,2726.1909,1620.598,0.14292,5.3652,0.155385,0.091145,-0.24653,-0.06424,262.0466,1223.717,-0.472335,-0.066951,0.01746,-0.18677,1.99878,158.2493,65.1108,0.6156387665198237,1.018882,0.07727,0.03826,0.17154,1.99925,0.192568,125.8859,11.1696,0.03898,0.41771,1.99929,-0.733739,-0.064222,0.01245,1.99975,-0.215155,993.3735,-273.2895,0.01155,1.99975,0.3406230333543109,94.5,1.3879726066972542
COc1ccc(C=O)cc1OC1CCCC1,-729.275125554708,1.3696494778861186,4195.152102090173,1928.3797204096875,0.2838559291014716,3.4328371436902754,0.14823842680381333,0.09059971266203172,-0.23883813946584503,-0.05763871414178161,220.26759999999996,2022.843579695041,-0.3981557471488722,-0.04083320558522708,0.017246290996318952,-0.17694913848716615,1.998805906434423,163.22036880252287,64.11020718083874,0.6170421171515696,1.0151342160882346,0.07044001376118295,0.03827844998836508,0.1693213187617468,1.9992445623882378,0.18907440650435445,126.61264692313043,9.823174302350981,0.03892049316372971,0.41780094949318963,1.9992874345889053,-0.741149612289827,-0.06970931011455345,0.012419090601795073,1.9997499999999997,-0.22151138862556777,987.572223690243,-270.58534439918145,0.01149597060134877,1.9997466589766715,0.3395958897045678,56.0,1.3635649667269656
COc1ccc(C=O)cc1OCc1c(C)cccc1C,-882.6260948277325,2.0129491126345274,6812.615358564588,2289.1389900390295,0.3319269589924488,4.184942921864778,0.14689810421076235,0.09007529036537011,-0.23697339457613248,-0.05682281384539225,270.3274,2386.0631923013934,-0.4220387264981297,-0.03737611710754699,0.01725775064714106,-0.17918795695410783,1.99881,162.4404795125141,64.77047886256862,0.6163903918248046,1.0372183601495149,0.06947610825898493,0.03830228933204828,0.16622083243299632,1.999244520477787,0.18865018270406098,126.7309508610472,10.0046032495706,0.03891237422843705,0.41673021519359327,1.999284520477787,-0.757497989167084,-0.07152993324265706,0.012422990911614034,1.99975,-0.223094439604749,984.6234712772241,-267.63535226122394,0.011507651852691987,1.9997485964435808,0.34058958218239743,55.0,1.3879726066972542
COc1ccc(C=O)cc1[N+](=O)[O-],-663.4242621242082,4.530993925009962,2563.4632316769043,1318.6967774632692,0.15736155753717265,4.341461006190058,0.1800004933779948,0.09177695995802879,-0.2717774533360236,-0.08822353341996601,181.1476,1302.4813913702478,-0.515039504807452,-0.08547131310618741,0.017466292682328386,-0.197816988802514,1.9987901444743799,160.7349033616297,67.07281111112013,0.6160432626172536,1.0045790642823635,0.09638623444715531,0.03779279026453585,0.1900881393456616,1.9992518291507335,0.19850204092587126,128.4662881383917,10.992708780902129,0.03889559551032239,0.4184672249879381,1.9993,-0.7301014123280019,-0.055477518781977285,0.012295703568444276,1.99975,-0.21162188944130783,1009.1964823302616,-280.4006534243272,0.011551119378780868,1.9997481708492666,0.3403671514606557,89.5,0.9907252850306424
COc1ccc(C=O)cn1,-475.2753688713282,1.2294756491453729,1688.8785099829352,1213.0478758356337,0.13992462895582744,2.683918609117276,0.16240394447589268,0.09791863464065616,-0.2603225791165489,-0.06448530983523654,137.1378,1048.3860947779963,-0.5356145112796721,-0.14282455296573318,0.016475745688870766,-0.23829298275548305,1.9988226909228748,165.58695406479336,68.83375412190321,0.6116453987178254,1.0184984909996917,0.08133158555948883,0.03870458214899402,0.17073865643384087,1.9992526909228747,0.19591020541999277,133.2228385437221,11.007606878803694,0.03897498199737176,0.41278443812796806,1.9993000000000003,-0.7410904205013774,-0.07667477487313762,0.012463054765996014,1.9997499999999997,-0.2199280909602773,1013.6297289531112,-276.4219106302474,0.011545381845749502,1.9997499999999997,0.3388866607438442,97.5,1.2387019432974515
COc1ccc(C=O)nc1Br,-3048.6618108414436,3.0829167086947935,2696.7028665742446,1522.9016583372813,0.13099499080056629,4.954513371032201,0.1669551427058969,0.09185502701218762,-0.2588101697180845,-0.07510011569370928,216.0339,951.8248208692639,-0.24963196237638585,-0.10209972617668614,0.02711999490336082,0.0469500407731134,1.99881,142.74756265999426,49.9104579673793,0.5951856443367538,0.9620854253602937,0.11295104644949866,0.03869999783392835,0.18416022004739635,1.999290000254832,0.21690481599221673,130.51948469745912,7.1411648521845095,0.039180005478887114,0.4078799218940047,1.999340000254832,-0.7313350920273568,-0.06766544130641362,0.012000011340022165,1.999749999872584,-0.2090745087476915,1018.2393270149687,-286.4587390293688,0.011400008919118557,1.999749999872584,0.3379482117910303,64.0,1.3879726066972542
COc1ccc(C=O)nc1OC,-589.5876339202064,1.4169439198907852,2294.2506134469163,1306.7120011636525,0.17477934112068494,3.86013503127968,0.15000723577106326,0.0865235191589358,-0.23653075492999906,-0.06348371661212746,167.164,1313.3500757108416,-0.23942671472136012,-0.08108868948193418,0.02667987564778851,0.05522252272649718,1.9988333767671282,143.64965354888776,52.542384703205904,0.5971779400570582,0.9775521839701572,0.09774899858990084,0.038792430783679624,0.17331938490469978,1.9992834033157474,0.20989313760188727,128.5862433730789,7.189723095193007,0.03904349867762755,0.40622050481462446,1.9993300132743095,-0.7410426997325148,-0.07490560557302561,0.012114388056376386,1.9997499867256903,-0.21416917893878892,1006.731461549609,-279.7801601585898,0.011374383172952056,1.9997499867256903,0.33755624641383036,73.0,1.3879726066972542
COc1ccc(C=O)s1,-780.0742151960533,1.2017390899172082,1493.8374184133227,970.152468494197,0.11793831100655411,4.4748669263227265,0.14854832289940886,0.0886110050452077,-0.23715932794461658,-0.05993731785420114,142.17219999999998,1130.5751350003559,-0.44976037633273824,-0.02664673540239626,0.01866006667994382,-0.35006385762711956,1.9988224644534653,90.07820009169303,64.00033990792775,0.6125855078795351,1.0275029445772108,0.09981181468832742,0.03613674863900092,0.16122679912652377,1.999143668657964,0.18607876237455606,129.794951832909,19.899300984769383,0.039366352177788375,0.3855276304663122,1.999193668657964,-0.7510601673279309,-0.07682129446678918,0.012388458617733494,1.9997598017693936,-0.23476971977188293,906.6848750400247,-231.24551440544406,0.011732198141026516,1.9997499999999997,0.3377999973818856,11.0,0.6422932433046077
COc1ccc(Cl)c(C=O)c1,-918.7577753463876,1.4475130858239698,2250.092005371374,1386.3192509113735,0.1434558078493209,2.8655281983565066,0.1610932880331456,0.08474948785014885,-0.24584277588329448,-0.07634380018299679,170.5951,1270.193515751867,-0.2776709421685632,-0.09307933085480748,0.01938537797577392,-0.18273192908340646,1.9987084859379423,165.00722395296106,62.05113767741377,0.6471774992235446,0.8790394200052286,0.10135942872519793,0.038089159368892817,0.19463103629980688,1.9992601510523256,0.2035428989025003,144.52126524391443,9.821983566782116,0.038623342022036204,0.4205160931824243,1.9993016651143833,-0.6817873278737738,-0.06310057211459694,0.01212644974073215,1.9997499496492246,-0.21318057949258526,1054.2572600864376,-289.178337317993,0.011474588998146634,1.9997499496492246,0.3452027100086164,98.5,0.9325062069773388
COc1ccc(Cl)c(C=O)c1F,-1017.8445626608632,1.9140146779534382,2479.3198944588667,1355.4946330709217,0.1360449029243636,4.512418624692636,0.16230145181965722,0.08553446434370825,-0.24783591616336548,-0.07676698747594898,188.5856,1340.9960150070508,-0.36738518899413763,-0.14613616381781075,0.020310222201334674,-0.2508772125445413,1.9986964055305312,149.98589885730988,72.88671365013386,0.6594254790435979,0.8839767172842012,0.10338942748817033,0.04032129442986391,0.19359557355355578,1.99931,0.19843315471541087,141.02215728964632,13.18623269790865,0.04078566545014277,0.40624610485696255,1.99936,-0.6404916944119186,-0.04697474173065341,0.012321105980968729,1.9997499999999997,-0.19024233992019524,1118.3206174769834,-325.2345146534958,0.011674813620911807,1.99974,0.3695452325762585,99.0,1.3879726066972542
COc1ccc(Cl)c(F)c1C=O,-1017.8503807817915,4.448788769565609,2491.7782530000854,1116.2783523981493,0.13638605918248198,5.7520236672251235,0.16220757697238725,0.08906742105935539,-0.2512749980317426,-0.07314015591303183,188.58559999999997,1211.5874875837083,-0.4942479441857669,-0.19359067911967515,0.019301835121095456,-0.27676777368470573,1.998779204704911,132.80025005042438,80.25526351029171,0.6543645140803325,0.912899264064703,0.11778697477287503,0.04012270462469669,0.19704204644923534,1.999319734901637,0.20366850998361405,144.0201205507489,14.172945681542018,0.04074976844598602,0.40213327441401037,1.9993694698032742,-0.6654102823550827,-0.04189965772355439,0.012190208989813094,1.9997499999999997,-0.1966553009866831,1117.5248069006261,-323.61400008327007,0.011451599404796047,1.9997399999999999,0.36087911183072663,97.0,1.3879726066972542
COc1ccc(Cl)cc1C=O,-918.7589911393525,4.450891716305092,2301.461973409789,1327.2483931556012,0.14369019606727265,5.386784717555054,0.15960248682239295,0.08748090645864501,-0.24708339328103796,-0.07212158036374793,170.5951,1326.9893694132584,-0.4098947058874653,-0.1272084864923002,0.018472049597335168,-0.21054036011915822,1.9987899744106974,147.68503575546328,69.65323286582834,0.6398475721274973,0.9127949850877534,0.11465939972101656,0.038052431984696954,0.19960891305806805,1.9992703801030318,0.20970848711222898,152.40478674541413,11.914836932186784,0.03869306135780551,0.41603958041365885,1.9993202491371374,-0.7011335517669369,-0.060863439935269714,0.01195460033746594,1.9997498690341056,-0.2169247278965495,1065.7478819630674,-287.79774415817224,0.011362517677806942,1.9997498690341056,0.3452400746139206,98.5,1.3879726066972542
COc1ccc(F)c(C=O)c1Br,-3131.721587,1.7117,2608.23585,1279.9325,0.135291,4.33205,0.17167500000000002,0.089785,-0.26146,-0.08189,233.0366,1450.5905,-0.423925,-0.15125,0.02091,-0.25643,1.99867,153.7166,71.14365000000001,0.6596129641283827,0.860083,0.111437,0.04013,0.21176,1.99931,0.200852,143.90695,13.9288,0.04061,0.40698,1.99935,-0.618398,-0.065734,0.01236,1.99975,-0.187337,1111.17285,-317.46925,0.01197,1.99974,0.3805852737570799,99.0,1.3879726066972542
COc1ccc(F)c(C=O)c1Cl,-1017.8459928388895,2.2034289118583628,2357.0509063335217,1288.1612051826073,0.1359921845402115,5.275269269850401,0.16533432849469235,0.08700064066323869,-0.252334969157931,-0.07833368783145364,188.58560000000003,1149.0636455272968,-0.3786361201331464,-0.17150133285928637,0.0201461499158643,-0.25638506175040776,1.9986919755320398,151.2808709655351,73.10909756068236,0.6604105234187851,0.8847325734017848,0.10882508615540322,0.040085594506282705,0.20197149719458618,1.9993019755320398,0.19507655372357213,137.21763335361547,11.912282567253001,0.040895173373884965,0.4058845195390509,1.9993600000000002,-0.6528096423219147,-0.04268607405767505,0.012309457616020782,1.9997500000000001,-0.18988285798647203,1117.6444745580666,-330.9967388671739,0.011616503365559486,1.9997400000000005,0.3633827872751212,99.0,1.3879726066972542
COc1ccc(F)c(C=O)c1F,-657.4227094989405,2.2884494701848785,2065.3820133513414,1226.3441483482338,0.13717050105963025,4.280349894036977,0.16319751589445364,0.0880825052981512,-0.25128002119260484,-0.07511501059630243,172.13100000000003,1147.5648297982216,-0.4116360317889073,-0.20388101907334438,0.01881,-0.29533,1.99878,133.19169851651765,79.64050063577815,0.6496616535847827,0.9305684480781182,0.10086001695408389,0.04145,0.18019000000000002,1.99932,0.1978950148348234,142.8771626095999,15.331592158736205,0.041580000000000006,0.4013649894036976,1.9993700000000003,-0.6638504756285044,-0.041045522252235095,0.012560000000000002,1.9997500000000001,-0.19224402119260486,1121.243719617707,-325.17144577602653,0.01156,1.99974,0.35737885462555063,98.5,1.3879726066972542
COc1ccc(F)c(C=O)c1OC,-672.6411458536736,1.4929886143896824,2350.296387721211,1512.7378307988722,0.1789307966328818,3.7889603705989705,0.1600169135555467,0.09078622010109198,-0.2508031336566387,-0.06923069345445475,184.1667,1429.9870299133636,-0.41115152936518573,-0.1473789745140086,0.01925419401604381,-0.2677219656049352,1.998768577002696,140.84024942905643,73.95058230465051,0.6675681850258361,0.9106909763696911,0.0904863879156434,0.04091273812362034,0.1857028633365223,1.9993099999999997,0.19292944498399192,146.72396668637185,11.938006725281298,0.04064712289863373,0.4082293131594542,1.999353321347668,-0.6690535715154439,-0.0639756132381914,0.012586966308298853,1.99975,-0.20413498426568571,1102.8954863489198,-318.51561302933635,0.011663169607570698,1.99974,0.38631276041075285,99.0,1.1109847771625294
COc1ccc(F)c(F)c1C=O,-657.4237808268153,4.658256529542648,2054.2019273491646,940.2607433542944,0.13739606855438877,6.156620454706238,0.16254420897812313,0.08996012850100783,-0.252504337479131,-0.07258408047711529,172.13100000000003,920.2145242024467,-0.4530767147941425,-0.18203311230666397,0.018974495143622355,-0.27788614877417095,1.9988072139883855,134.35008427997394,79.3656142636687,0.6555140880358862,0.9136659654346958,0.11738243667131124,0.040086716069689755,0.19411547489567701,1.999319071329462,0.20578489870983768,146.06188276124917,13.208561166034992,0.040631211213312105,0.4026779156176084,1.9993681426589236,-0.6740089181969021,-0.04582924016691683,0.012260646127764539,1.9997500000000001,-0.19955874098379253,1114.9814028702235,-322.17781702643094,0.011505289480456135,1.9997400000000003,0.3638315833651694,91.5,1.3879726066972542
COc1ccc(F)cc1C=O,-558.3361660312464,4.0287316926762,1843.6942620257971,1018.3622010712824,0.1446685180765164,5.2730185452607445,0.1583043356657703,0.08781342487649164,-0.24611776054226192,-0.07049091078927862,154.1405,1238.9508528979673,-0.36921568968941915,-0.11819656411021641,0.01812160124095714,-0.21059934057225,1.9988100889578309,148.55905034478747,69.62208003675882,0.6396923151069481,0.918571989455047,0.11357298844707336,0.037998539951771416,0.19860893250602857,1.999270266873493,0.2087607950194472,153.2246114454051,11.62395192163174,0.03873610136740235,0.41493347505441197,1.9993201779156617,-0.7113206708934674,-0.06246225563757627,0.011963024566252376,1.9997499110421688,-0.21906244504563327,1064.5083239233552,-287.7052119473951,0.011351601240957139,1.9997499110421688,0.34419349765283624,98.0,1.3879726066972542
COc1ccc(I)cc1C=O,-756.4207449532889,4.450453817510758,3023.9249293240987,1275.7493199816438,0.14309341671103376,5.330693686078399,0.15707419544460183,0.08471743687646513,-0.24179163232106693,-0.07235675856813667,262.04660000000007,1561.89699078185,-0.4332297949493952,-0.1325195277252588,0.01878944236236496,-0.2107884386146219,1.9987799776944948,145.46570423022433,69.33107964561336,0.6387867863898198,0.9086088652030883,0.11532483911847749,0.038100947983979574,0.2001428733910242,1.9992700223055055,0.21047454544962949,152.2398118525204,12.009916245782929,0.03868112642802278,0.41646220824503477,1.999320011152753,-0.6937160832541821,-0.06172956178729538,0.011950702623420151,1.9997499888472474,-0.21664654866496758,1064.45297801026,-286.5757500059303,0.01136054648488234,1.9997499888472474,0.34509025993869386,99.0,1.3879726066972542
COc1ccc(OC)c(C=O)c1,-573.5528132197328,1.9352579085141641,2374.118796866867,1180.0873998630261,0.18692559331115968,3.79538084258031,0.14188111878292325,0.08116032287605576,-0.22304144165897902,-0.06072079590686748,166.1762,1357.24125086698,-0.36575549183596395,-0.11066915237465308,0.018546936924216877,-0.20224651411528066,1.998808679928209,149.2309219756292,70.14309827592601,0.6414877935614909,0.930795478671773,0.10366607869694044,0.03813381498317424,0.18933642073862006,1.9992614426338156,0.20572328834617948,153.93584862725356,11.055170334264831,0.038535191275928755,0.41510995990556754,1.9993114426338154,-0.7230241895161105,-0.07259746567168662,0.011944824664736732,1.9997499693594936,-0.2279899199253144,1047.930812805851,-275.46079929087193,0.011303314234717992,1.9997499693594936,0.34496486671453236,90.0,1.3879726066972542
COc1ccc(Oc2ccccc2C=O)cc1,-764.9488052123804,4.05966368522258,5471.7306516569715,1989.0275615404566,0.24283383652417936,4.838434629271259,0.15002060122339222,0.088916738477886,-0.23893733970127823,-0.06110386274550622,228.247,1583.0583374417693,-0.4429791117964614,-0.11038674319198245,0.01859212184353824,-0.2187172640906066,1.9987800964474336,152.47840127805352,70.91599005508421,0.639682437421007,0.9483232126588271,0.10121518577737487,0.03868099500742543,0.18888906121059032,1.9992702893423007,0.2049954225841958,153.33631224217044,10.854842533834045,0.03871716764317303,0.4140333194421587,1.9993201928948672,-0.7477299062552575,-0.07626870659351609,0.012104147239642924,1.9997499035525665,-0.22416820342676036,1060.873957035029,-284.05917554976514,0.01132192894867113,1.9997499035525665,0.34209767924381457,95.0,1.3879726066972542
COc1ccc([N+](=O)[O-])c(C=O)c1,-663.4188599077829,6.438656200654764,2578.990215751226,1312.6794174863019,0.15702339990328806,7.589613155578303,0.17837344484256898,0.08690225988521083,-0.26527570472777984,-0.09147118495735815,181.1476,1306.3059175848448,-0.1320663398865039,-0.04677717576972443,0.019297639756477095,-0.1750896989250638,1.9987545246060185,161.1265211600653,60.9102048847399,0.6557885195454995,0.8933176491501862,0.12446076345244744,0.038052623030091756,0.24807154326664238,1.9993000000000003,0.20041619725242527,125.2860851483924,11.052292837778378,0.03969072145416515,0.42380465358150443,1.9993400000000001,-0.6278110280543331,-0.019379778807434994,0.01253357381805505,1.99974,-0.18082154177632276,1065.3448041039035,-336.7816920803328,0.01198357381805505,1.99974,0.3884632072713208,66.0,0.6939863033486271
COc1ccc([N+](=O)[O-])cc1C=O,-663.4318677840231,7.4648607292351,2666.3683883126578,1617.2348818935532,0.15753666432615002,7.631210070335739,0.18300679395941877,0.0928721703526694,-0.27587896431208814,-0.09013462360674938,181.14760000000004,1371.585574634725,-0.47561763724196743,-0.13369998108371733,0.018788298512716232,-0.22011388931467513,1.9987899907527866,146.53150698709405,70.56856491860488,0.6397292049549181,0.8913134509017716,0.12484932835708924,0.03799105418233886,0.20681656756099417,1.99928,0.21333781648331707,151.9403770842267,12.426841296024895,0.03876107267676586,0.416086754228062,1.9993300000000003,-0.6757020823774963,-0.050153263513923484,0.01198037913575345,1.9997499907527867,-0.20755766761715339,1081.3541873895986,-297.1829513265984,0.011430416124607443,1.9997499907527867,0.34461357423712646,97.0,1.3635649667269656
COc1ccc2c(OC)ccc(C=O)c2c1,-726.9245299575189,2.1178559686603315,3925.8071317287254,1811.6389659100705,0.23695827458921176,2.4795753704922463,0.14243693863282833,0.08011147977741481,-0.22254841841024314,-0.06232545885541348,216.23599999999996,1788.4560392869569,-0.528439607168922,-0.04222311215579409,0.01786244675099466,-0.18948782450891827,1.9987700475424288,162.877514357648,71.60657735840606,0.6449663603429086,0.9955120000503399,0.08268838118058255,0.03641494266294231,0.1982454594628724,1.9992499524575704,0.1770200581609579,117.63004931999036,7.036630569317951,0.038157032686731714,0.41072914070039357,1.9992999524575708,-0.7415919502687759,-0.0863841086466136,0.011660816967311936,1.9997499999999997,-0.23517740207236906,932.9690724098841,-255.3090642027952,0.011549355295101251,1.9997400475424292,0.3731362795769771,21.0,1.3879726066972542
COc1ccc2c(c1)c(C=O)cn2C(=O)OC(C)(C)C,-935.7733472210904,3.375158861943402,7131.187497890972,2332.262547456154,0.31930759133496966,4.157800720526335,0.14139308413540955,0.08318614011025247,-0.22457922424566196,-0.05820694402515706,275.3036,2311.2121063761424,-0.4776871457647052,-0.030466976472846186,0.019642967559420965,-0.21937949583323865,1.9988067579238693,121.72932267616228,72.39442001277612,0.6182019003659398,0.9882323867501914,0.07718298157977066,0.038827570294219356,0.2168052340901484,1.9992621922219267,0.1782883799110748,136.0840781030912,13.926837877182395,0.03713674642951809,0.40908129697015544,1.9992701831660757,-0.7345323370142778,-0.20699532847720184,0.012082462082878732,1.9997547488680185,-0.2292506106509177,997.894000215339,-269.026376541275,0.011528374446955543,1.9997500000000001,0.36216297541632475,67.0,1.3879726066972542
COc1ccc2cc(C=O)sc2c1,-933.4441600576843,0.6453975909150595,3207.1824785967797,1550.479826579914,0.16796476290406157,4.1356206314238,0.15296315765379606,0.07952689373814101,-0.23249005139193704,-0.07343626391565507,192.23199999999997,1429.1786398098518,-0.4613652801772781,-0.008025039996168905,0.02006476132118418,-0.3297094575764337,1.998797824656068,102.22398075380116,51.67086001578726,0.6138473529316186,1.1136432357232744,0.10901799490697092,0.035986655282948816,0.18153715880915283,1.9991607251146437,0.18984813002687342,132.7364800109922,17.091599574558792,0.03890157202915514,0.3944263013608178,1.9992107251146434,-0.7854250919386924,-0.061031217954703815,0.012300096340727706,1.9997499999999997,-0.21877986142497552,963.8518734992052,-267.6190276642725,0.011769378677370504,1.9997499999999997,0.33725445937492915,98.0,1.3879726066972542
COc1ccc2cccc(C=O)c2c1,-612.6042184115635,1.9291713654170712,2779.2875599148138,1582.111788572748,0.20168102324013362,1.8635929230067996,0.15217458882840537,0.07750431471400894,-0.2296789035424143,-0.07467027411439643,186.20980000000003,1658.4652163408873,-0.3690716891273884,-0.058706782764233426,0.01796003575405171,-0.17806513666542867,1.9987800059590088,170.98887546909205,65.87823480535269,0.6433318566905274,0.9188714745412174,0.09475930006804223,0.03629988081982764,0.21741943311064224,1.9992599940409914,0.18340232087714892,120.37986328549388,4.635454739988615,0.03807008938512928,0.4168512096787495,1.9993099940409913,-0.6763002874304026,-0.07799101150975458,0.011580047672068943,1.9997500000000001,-0.2255426074580399,963.3483732058977,-276.28237650274224,0.011599880819827641,1.999740005959009,0.37175810659966374,40.0,1.3879726066972542
COc1ccc2oc(C=O)cc2c1,-610.4197891250292,1.222871490989263,2938.9253337121027,1435.4767691315326,0.17068426726465288,4.184102101587984,0.15754528640094453,0.08023428575351384,-0.23777957215445839,-0.0773110006474307,176.1714,1443.6907912992401,-0.2513916927659117,0.07926698006681196,0.028666753523701127,0.18793270743948473,1.9986812791128787,91.6883755637019,41.425791264803124,0.5765192294896528,1.1302203716040053,0.08522374241445135,0.035770386974304735,0.1409040227832446,1.999244741939017,0.17595229442316862,131.2207435056991,18.459668287606167,0.03675662311607612,0.36902067992186305,1.9992916236141771,-0.7847134147648717,-0.053319687619848705,0.012458222050785596,1.9997583763858229,-0.21098097967623564,1046.0614741923514,-290.15678809708214,0.011605406017999798,1.99975,0.3256342730405087,99.0,1.1512985958567945
COc1cccc(-c2ccc(C=O)cc2)c1,-689.8593002489916,1.8802647301095199,5124.41063043879,1967.8645778705936,0.23778562157232838,3.998222366718225,0.15546401566958523,0.0826956631480357,-0.23815967881762093,-0.07276835252154956,212.2476,1845.5125758923214,-0.45148443645328507,-0.06907238240167539,0.01732795658121198,-0.18837780003623827,1.99879,173.20377095379808,60.509093335639555,0.61749831960506,1.0818203077736404,0.09470084900342454,0.03757264861474448,0.20025737999962392,1.99925,0.19406398453712603,128.30296421171562,8.423819285964115,0.03886250266568553,0.4186527554516759,1.9992899999999998,-0.7716120506743089,-0.05771781563498285,0.012127575640215002,1.99975,-0.2147447555441324,1014.9376556313491,-285.7390092611812,0.011512502665685528,1.9997427269577632,0.3394621443303279,63.0,1.3879726066972542
COc1cccc(Br)c1C=O,-3032.624994,0.973,2518.2529,1627.787,0.142685,3.1919,0.17034,0.09453,-0.26487,-0.07581,215.0461,1343.57,-0.450719,-0.073491,0.02113,-0.23486,1.99863,157.9563,64.3574,0.6834487098804279,0.849177,0.09557,0.04041,0.19626,1.99928,0.193623,135.9835,8.2603,0.03997,0.41707,1.99933,-0.663045,-0.065365,0.01283,1.99974,-0.203632,1067.3609,-319.4855,0.01214,1.99974,0.40827564505978603,67.0,1.3879726066972542
COc1cccc(C)c1C=O,-498.46600592287865,2.3168180625763135,1799.6055906084846,1495.019102682107,0.1811449613264541,4.334964608161813,0.15094112577888846,0.09282022377867814,-0.24376134955756662,-0.058120902000210334,150.1768,1085.6994882766814,-0.46268782634792427,-0.09028182693310233,0.018999974753174775,-0.21428972113733957,1.9987499977048342,149.44970625660446,72.65532736681727,0.6700774691466362,0.890036581591251,0.08170180582137129,0.0380102478779204,0.1841396545775276,1.9992800011475829,0.1832706667381115,156.600625401414,7.727885552689578,0.03818011934862833,0.4075108205218198,1.999330001147583,-0.7088925030851897,-0.08266579125086318,0.011820111315547586,1.99975,-0.2349002195212346,1087.2291848561692,-305.23809658437784,0.011550049346067487,1.999749998852417,0.39222947730699753,68.5,1.3879726066972542
COc1cccc(C=O)c1Br,-3032.6319561623754,1.9096658026690712,2414.4727719526827,1281.6157987146535,0.14322192681454227,4.77141718449155,0.16098027650713168,0.0874203449746885,-0.24840062148182016,-0.0735599315324432,215.04609999999997,1121.8501845581723,-0.2861684744583409,-0.100216494865168,0.019851299061205648,-0.18517614884491376,1.9986800419052,169.42464661159627,60.17046452922244,0.6491260149086414,0.8699701704878009,0.0980112457735862,0.03867243050161057,0.197331962448226,1.9992501676208003,0.20075175843626492,140.37399911799778,8.334975917441039,0.038835154339622424,0.4217135312563283,1.9993001257156005,-0.6937914056659107,-0.0661467013511274,0.012271257156005466,1.9997499580947995,-0.209588330725269,1058.1726993462541,-297.8141569248024,0.01148238859641039,1.9997499580947995,0.3461041699187611,93.0,1.2055514423795428
COc1cccc(C=O)c1C,-498.464199,1.7407,1913.6293,1597.893,0.181245,4.4609,0.15134,0.08781,-0.23915,-0.06353,150.1768,1470.788,-0.256328,-0.093464,0.01744,-0.1615,1.99878,166.5378,60.9395,0.6510383889238515,0.90561,0.067031,0.03866,0.17889,1.99926,0.182334,145.9282,8.8548,0.03818,0.41995,1.99931,-0.705787,-0.066192,0.01233,1.99975,-0.216275,1057.4288,-294.6699,0.01144,1.99975,0.34502831969792325,86.5,1.3879726066972542
COc1cccc(C=O)c1C(F)(F)F,-795.7780202013063,2.2618577425934276,2586.8419283155,1401.338933891399,0.16057292552663757,5.582045709375341,0.16918754585570453,0.08993664462008684,-0.2591241904757914,-0.07925090123561772,204.1483,1585.6302005426533,-0.17159642086166316,-0.1095345572882517,0.01877010253578884,-0.15150228816707734,1.998819991905069,169.50305591147912,58.73943181743707,0.6810858482521109,0.8668431259301269,0.12067501759506634,0.0374302806242642,0.20833024554623117,1.9992800053966202,0.21264359313841122,149.05153258957515,8.79861073865195,0.038690213166508385,0.4185294954159865,1.9993200053966202,-0.6732632917309304,-0.05147549975819389,0.011810286020884665,1.9997499973016895,-0.2079070801709527,1070.9349710336453,-304.07673721820163,0.011430196976646986,1.9997499973016895,0.3536206190138791,43.333333333333336,1.3879726066972544
COc1cccc(C=O)c1F,-558.3309903894245,1.5342151189117772,1815.5475217459586,1213.0132903287808,0.14472103031081818,4.155573178092502,0.1589776921239168,0.08976642909225463,-0.24874412121617145,-0.06921126303166217,154.1405,1253.8895635172826,-0.3158387831029358,-0.1470230103468093,0.018057901808414895,-0.22977145133458848,1.99879,149.23349914405526,69.39514900037321,0.6352532256455771,0.9333138682545777,0.08959322267466563,0.03970008649682167,0.17637325716417387,1.9992803298777462,0.20135296749573528,150.44201776047638,12.367452520986697,0.03961781616364252,0.41488826527179545,1.9993263596135797,-0.6977649292737491,-0.05993827503109729,0.012311459224291495,1.9997498900407515,-0.21267849700448918,1074.7573048193087,-294.3964960356869,0.011420139713307133,1.9997498900407515,0.3428169131692185,98.0,1.3635649667269656
COc1cccc(C=O)c1OC,-573.5472625781354,2.490099758904649,2118.220255794441,1323.161611663462,0.1866145407619861,5.109416162010561,0.1517316650520433,0.09119296472439484,-0.24292462977643814,-0.06053870032764846,166.1762,1577.391988348006,-0.31411311090837496,-0.10014239069607031,0.018624648663029257,-0.20088437909311896,1.998790368943351,158.93006650159498,64.37160895203834,0.6484473968595175,0.9108230546060319,0.08428366490913516,0.03929504834494361,0.18295668186784173,1.9992707378867025,0.19541341067124385,151.98198038305753,9.686984845011253,0.03900627459789563,0.41653655508392273,1.9993107378867023,-0.7103023189340278,-0.07406738323674757,0.012229172630865422,1.9997496310566487,-0.2194330787132188,1065.6610908697155,-290.4710904572755,0.011381201175543424,1.9997496310566487,0.34460614664664607,83.0,1.3879726066972542
COc1cccc(C=O)c1OCC1CC1,-690.0155692252924,2.622345078853293,3230.330024207014,1704.7742394939687,0.2527791220302612,5.1553502148735255,0.1474083634693114,0.08943064190911298,-0.2368390053784244,-0.05797772156019845,206.24080000000004,1704.035880904254,-0.30775391736517665,-0.09358152142385973,0.01890804004881215,-0.19736251285025702,1.9987839277441841,162.66220887471482,62.96100467914721,0.6825591181251457,0.8922817281920101,0.08599121717110714,0.03971949788618858,0.18339732492954325,1.999260212558774,0.1960299860974495,154.20043539241402,8.66728673561355,0.03928006808598173,0.41854047527358185,1.9993101417058492,-0.7048778197566568,-0.07640616519730525,0.012176216683433095,1.9997499291470757,-0.22230967107099053,1061.9803165172539,-287.63417514815774,0.011292308063907668,1.9997498582941509,0.3458079698320045,71.0,1.3879726066972542
COc1cccc(C=O)c1OCc1ccccc1,-804.1686591642544,2.4597500196282565,3985.560971067269,2026.7395791389324,0.27337608634606747,4.2501813193847955,0.14845157329848127,0.09011702577235856,-0.23856859907083983,-0.0583345475261227,242.2738,1910.0986210712074,-0.31071664758875217,-0.10684975705184471,0.018781826382618515,-0.19370784531123666,1.9987774911660783,161.82399978284104,64.40525627886339,0.6786730963152159,0.8760278551266703,0.08931918384756253,0.03981578639157743,0.18408647688331184,1.99926,0.19729876395959042,154.58468669138767,9.197741976847892,0.0391527042382411,0.41798210729399415,1.999302827962444,-0.6916741534231481,-0.07555822132319677,0.012174573806374774,1.99975,-0.2225775384411922,1061.0908074646609,-286.09525025560436,0.01129099272125412,1.99975,0.34592907602064543,84.0,1.3879726066972542
COc1cccc(C=O)c1[N+](=O)[O-],-663.4173378872487,3.5089389480539186,2282.5290359920727,1351.2883840676718,0.15751653429378587,6.07618400899912,0.1784581109323479,0.08741492146924007,-0.26587303240158794,-0.0910431894631078,181.14759999999998,1308.3951157637755,-0.18100334578917063,-0.06896111246769532,0.01868897841946617,-0.17894323388480937,1.9987598864910519,164.64996905217453,66.12743289157623,0.6594776041919836,0.8712999106269641,0.1308552735721867,0.036866242992151174,0.22854170167938692,1.999280113508948,0.20830608658232908,147.3696401893796,10.7439588809865,0.03853170263422304,0.4211942928125195,1.999330113508948,-0.6666469059875911,-0.048351138094282424,0.011827264572685004,1.9997499999999997,-0.20257516493585695,1085.7584400567866,-309.56228197702865,0.011545107902669143,1.9997498864910517,0.34775413020051094,99.0,1.3879726066972542
COc1cccc(COc2cccc(C=O)c2)c1,-804.169993131708,1.9375778970254691,7524.500899130613,2139.084522775343,0.2729229506853711,4.45117928855835,0.151107964511009,0.08524878140340798,-0.23635674591441697,-0.06585918310760101,242.2738,2098.558504414526,-0.22351552076691333,-0.06343650682827498,0.017400329838582928,-0.16350992676142295,1.9988127336270978,171.67211475660935,57.660216411014716,0.6179794054216058,0.9608390547831671,0.07775664154180369,0.03817179911870707,0.18192051442421175,1.9992572663729025,0.19390845536814985,127.18487829514464,7.725599814887094,0.03886025994050885,0.42358106873039975,1.9993000000000003,-0.7279108409252802,-0.0591851949262998,0.012370190042434778,1.9997500000000001,-0.21010236165406987,1017.9407564211015,-290.2947596265085,0.011517456415337135,1.99974,0.3394177857960685,96.5,1.3879726066972542
COc1cccc(Cl)c1C=O,-918.752366189967,3.7900294809850723,2054.329989117106,1182.294040203429,0.1433732411698736,5.721472245658022,0.1601605931288139,0.09131247722758795,-0.2514730703564019,-0.06884811590122593,170.59510000000006,1557.9940242470338,-0.49936991570401545,-0.11940572672491905,0.020874930578952403,-0.24123660446848594,1.9986974930578956,152.47369817720627,73.47590971833303,0.6643509812213988,0.8636924894503094,0.11646408226529285,0.03896079334604045,0.2072621934435791,1.9992993732644746,0.2037877781372572,148.43019797252265,12.189803420208383,0.03976752082631428,0.40527801676566155,1.9993493732644743,-0.6554494903595111,-0.05796168829372521,0.011917005164464258,1.9997500000000001,-0.20204976918520748,1110.4393960085856,-316.7625996706246,0.011656322892099986,1.9997400000000003,0.3781866060349227,62.0,1.3879726066972542
COc1cccc(F)c1C=O,-558.332991726643,3.7151502664318743,1719.3611596606709,1069.6622331544804,0.14468890638092724,5.926633979860959,0.15844083431990885,0.09447542966045454,-0.2529162639803634,-0.06396540465945436,154.1405,1374.7866646532411,-0.5135494883560826,-0.17996705775750074,0.019400658084090923,-0.28540725017309093,1.9987788263233635,134.6294596441762,80.81228882752558,0.6541708433913549,0.9163834729726819,0.11116971239864583,0.04032765264672727,0.18859944378672738,1.9993096087744542,0.202546852198691,146.94181602970903,13.297798856522741,0.04064591588036364,0.4015818248842726,1.9993596087744543,-0.6835292492987637,-0.05080092493791788,0.012248998187545448,1.9997499999999997,-0.204718828008218,1109.4322787080187,-317.33988937764195,0.011425257796272719,1.9997399999999999,0.35958181734366856,92.5,1.3879726066972542
COc1ccccc1-c1cccc(C=O)c1,-689.8578988553105,1.7917750734837932,4011.379689556935,1918.700228033932,0.23787718602058405,3.583103026966464,0.14879835392454527,0.08578366872314076,-0.23458202264768604,-0.06301468520140453,212.24760000000003,1864.1113855639553,-0.31546623739302165,-0.06553755601994847,0.017643926757542255,-0.17386929269852128,1.9987900000000003,173.1091674630889,59.37825086293449,0.6193714002851296,0.963943842825145,0.07834671531130805,0.038451997299808374,0.18340606911524993,1.9992549808259308,0.19392351274479322,127.98397667102752,7.701975213568987,0.03883604741812928,0.4226465937148489,1.9993000000000003,-0.7148352723775209,-0.0698268592096422,0.012406150874017781,1.9997500000000001,-0.21443140922684706,1012.6253481420678,-283.8648574334956,0.011493594224384292,1.99974,0.34015499497741813,97.0,1.3879726066972542
COc1ccccc1C=O,-459.23824951741807,2.759993090777391,1476.5961125586643,1382.6480555690446,0.1520823139852818,4.812711923880428,0.154547620211001,0.09332839590951135,-0.24787601612051235,-0.06121922430148962,136.15,1013.2389304859684,-0.4341766535190045,-0.11738529869950699,0.0185092893871445,-0.2185389887432441,1.9987899726687364,152.48730281391167,70.51890362733711,0.64051952840955,0.9214427972617186,0.10373440519831698,0.03834095659422855,0.18862167763021156,1.9992700136656318,0.20638285523742086,153.7501139675455,11.093656339539585,0.03870138022881548,0.4142326921294717,1.9993200136656317,-0.7186714832775458,-0.06962724774174812,0.011990833603542025,1.9997499999999997,-0.2252004704455425,1059.216252094991,-281.7102338392745,0.011300724278487332,1.999749986334368,0.34384685276635135,93.5,1.3879726066972542
COc1ccccc1Oc1cccc(C=O)c1,-764.9468687439964,1.0883532339732975,4231.447287847792,1701.4166781988413,0.24269850381702393,3.0858919591392984,0.15556634462635105,0.0883953325509378,-0.24396167717728887,-0.06717101207541325,228.247,1932.51779537278,-0.23903740922657543,-0.06942679392027365,0.017411002622351922,-0.1645284992806191,1.99881,171.2436877188202,57.74201352944986,0.6191666732254916,0.948211876887629,0.08263944088044176,0.03802522659686095,0.18637359188495317,1.9992506261121314,0.19472960737852332,128.6869247955146,8.282007181245431,0.0387883571575194,0.42312966083529324,1.9992999999999999,-0.6894417384424484,-0.05776597000517661,0.012339170296057857,1.99975,-0.21010906957228437,1017.0576801295431,-287.53204582714943,0.01153957747967876,1.9997399999999999,0.3404361495217893,98.0,1.3879726066972542
COc1cccnc1C=O,-475.2531559195912,1.6928443088644745,1357.2425667953428,1032.3158078810693,0.13960917494364283,4.3121311395111235,0.16895755292319242,0.0918894365075991,-0.26084698943079154,-0.07706811641559333,137.1378,944.3212604455522,-0.18248980426905315,-0.11659445946912676,0.02730881009866983,0.018373199318793627,1.9988238534288423,152.16824153416675,48.24025258008585,0.632440646095817,0.8728049845219017,0.11719620071072827,0.03993595742125642,0.20020546911760828,1.99933,0.21720419278695116,128.1643486803271,4.3905764030485805,0.03996990542504939,0.4048366898767286,1.9993712844762808,-0.6735129211741973,-0.08135717342244181,0.012272387717265902,1.9997412844762807,-0.20111806397903864,1053.401657701801,-313.8301891809229,0.011684405049334913,1.99974,0.3886685727335561,84.0,1.3879726066972542
COc1ccnc(C=O)c1,-475.26477763780684,1.5418612457777576,1524.3940225142462,1118.6158197368504,0.13981591859591433,3.2339090122902148,0.17066849579406876,0.09623993511268533,-0.2669084309067541,-0.07442856068138344,137.1378,1167.9357749950298,0.0252039046081745,-0.09378066640419858,0.02745984662998348,0.08479600353130035,1.9988599941011536,158.72899464619596,40.139201725612885,0.5959718919947994,0.8633792300670365,0.1076941251970173,0.03930000000000001,0.19093846040098805,1.999300005898847,0.22006947425527024,132.49644792132358,3.303211948367849,0.03913013567347615,0.4151774664453041,1.999340005898847,-0.6671549828933444,-0.0791505450254162,0.012040286094069277,1.999749997050577,-0.20588437603146345,1029.576446960961,-292.5192698982658,0.011400188763097256,1.999749997050577,0.3404605972848741,92.5,0.6422932433046077
COc1ccnc(Cl)c1C=O,-934.7792155489992,5.671369284978984,2016.9977141114543,1449.505733808491,0.1314051264668453,6.718003003928791,0.16790633725131532,0.09005954138502162,-0.2579658786363369,-0.0778467958662937,171.5829,1064.9417400595587,-0.5735419988936726,-0.16306918912578747,0.02101134007575906,-0.2809022935971469,1.9987093414144386,141.98011927005717,76.97603984596687,0.6599833025119982,0.8453800256555375,0.12827528602550775,0.03900514746791323,0.21537774551872788,1.999309560942959,0.2087318695171162,150.12368331564093,13.182390833136322,0.03984824377183614,0.4025888928395564,1.9993595609429589,-0.6377308348350837,-0.053367900976084334,0.011970098311942155,1.99975,-0.1940950227575514,1135.6150419802882,-327.21703281747284,0.011727244441175894,1.99974,0.3753095351466018,34.0,1.3879726066972542
COc1ccncc1C=O,-475.26124278034797,4.596795550258449,1446.6580553730234,1171.4789768253434,0.14014270162870102,5.788573852027208,0.1644090006914404,0.09362948177314032,-0.2580384824645807,-0.07077951891830009,137.1378,1092.5265810013802,-0.4954204235509054,-0.18563225506854888,0.018542067568083253,-0.2610270462874375,1.998829918641724,148.22047472707638,75.27845547112896,0.6341419319000495,0.9095135231130083,0.11129788989738332,0.03933398655552738,0.20608925897895786,1.9992899999999998,0.21027713287362992,154.75513483344096,11.27336962086169,0.03885337636845687,0.4124942571735806,1.99933,-0.6987184066185201,-0.10005615863328308,0.012271098336726934,1.9997499593208616,-0.21734623521684968,1080.043098732633,-291.5388173652804,0.011411749202935487,1.9997499593208616,0.3429134693182386,73.0,1.3879726066972542
COc1ccoc1C=O,-457.0481158329368,2.753888742867841,1194.1659079660903,999.7995432904415,0.12098977514981182,5.932027542340773,0.14626857587247666,0.09554414337333202,-0.2418127192458087,-0.05072443249914463,126.1116,985.3556875535621,-0.35364790955329384,0.02086389137262333,0.02822064237458657,0.13172218437892047,1.9987168522500283,91.53225018765579,56.78965731498362,0.5921424461136838,1.0244455435820015,0.0724738176567362,0.03738640262598368,0.10770074911896962,1.9992699999999999,0.16662768752781987,128.01357379741185,25.640309657897085,0.037499186376411364,0.350323704500057,1.99932,-0.7525644104890264,-0.0671745394343565,0.012926102749401239,1.99976,-0.22508556040157546,1020.2096384725792,-246.76986183407874,0.011762954999429752,1.9997499999999997,0.32649418072434,59.0,1.3879726066972542
COc1ccsc1C=O,-780.0748838976463,3.149726069774614,1402.2904275221597,1225.7255968622385,0.11824626171016282,5.788985246942877,0.15214980371559833,0.09016030463415611,-0.24231010834975442,-0.06198949908144222,142.1722,1000.807575891096,-0.462221650112763,-0.05680013975908239,0.019698602266813123,-0.39237336972719045,1.9988300358393125,90.52263517670613,70.53647693117293,0.6337211934087917,0.9723867169668493,0.11632360783998702,0.036343046341561124,0.18263473245288186,1.9991800716786248,0.18854400173969754,143.85847873599218,20.29419037471828,0.03938605684380977,0.3881215794252002,1.9992300716786249,-0.7492912100925637,-0.07320899557001545,0.012159999999999999,1.9997599641606871,-0.23680656316205986,955.7260274367607,-238.10417517007988,0.011549856642750062,1.9997499641606873,0.33799068515475594,22.0,1.2227191706500702
COc1cnc(C=O)cc1Br,-3048.658165,2.4882,2655.8174,1260.457,0.131032,4.6944,0.16964,0.09552,-0.26516,-0.07412,216.0339,1045.911,-0.21229,-0.104994,0.02733,0.05653,1.99883,146.2703,48.4419,0.5956576463184393,0.948944,0.109001,0.03909,0.18404,1.9993,0.216395,129.4478,6.6954,0.03924,0.4088,1.99934,-0.709645,-0.071087,0.01206,1.99975,-0.205359,1018.246,-287.5768,0.01143,1.99975,0.33999370673379486,99.0,0.5090053525521866
COc1cncc(C=O)c1,-475.25886747904764,1.649357924551056,1543.5429494814716,1175.752467107708,0.13977207570130004,1.995973867066545,0.16868177044643773,0.09068381590025795,-0.25936558634669565,-0.07799795454617978,137.1378,1169.557071926473,-0.2771413634653608,-0.14123105660598748,0.017506103413326098,-0.20982538357421665,1.9988600000000003,166.28417077591905,63.545582003703174,0.6121120969164705,0.9243842036112484,0.10263522043167264,0.03921143122670649,0.21731276951868594,1.9992709741466685,0.2004361501348732,138.3692683192732,8.034488636544944,0.03869240537337497,0.4199425439335053,1.9993009741466687,-0.6837847828631408,-0.10717607603808414,0.012345327813380394,1.9997500000000001,-0.21211488290224395,1045.336540714947,-294.1221780893127,0.011563896586673908,1.9997490258533315,0.34089578497970113,96.0,0.9015725489977664
COc1cncc(OC)c1C=O,-589.5669752699763,1.6065743230496483,2155.1662126160186,1334.914117743356,0.1748613624605492,2.71223244408088,0.15850354570090508,0.08850061591006354,-0.24700416161096864,-0.07000292979084154,167.164,1359.43881361355,-0.4602458963011868,-0.09492433691110948,0.020592478557072982,-0.24942836542576544,1.9988262486015482,140.45493259231182,78.67350199743777,0.6559460610021454,0.8642137956395826,0.12752603205301288,0.0394187719090776,0.2193400559380705,1.99931,0.20572978621646065,150.7506306767769,11.562996451811276,0.039746218767910645,0.40266429586233776,1.9993587495338494,-0.6475481904803975,-0.06772007106388457,0.011992523307529366,1.99975,-0.1990539714396765,1143.6731393478556,-340.02948870876577,0.011395020510625842,1.9997399999999999,0.3654539777051381,69.0,1.3879726066972542
COc1cnccc1C=O,-475.256516799357,3.3363200610316315,1445.5428544100573,1099.0512886097758,0.13994626216621794,3.4607734247117077,0.17054342713632067,0.09013993915496657,-0.26068336629128724,-0.0804034879813541,137.13779999999997,1022.072835469642,-0.30186163843666175,-0.09278438606480718,0.019072112239737826,-0.20684499032170958,1.9988099822498642,160.17015662281358,67.52306831867705,0.6362332874645594,0.8738509542831263,0.12291063153446617,0.038335217995811285,0.21312168385895713,1.9992804708959961,0.2136233997745191,156.65391864223278,9.799336480902621,0.03852594730337787,0.4169967429043758,1.9993204531458606,-0.6795318170180775,-0.07373985724964754,0.012015883599725552,1.9997498371179556,-0.2095395285106124,1100.8675616641324,-308.53343063746644,0.01139330149880871,1.9997498371179556,0.34310166317370566,97.5,1.3879726066972542
COc1nc(Br)ccc1C=O,-3048.67513,3.1092,2860.5925,1530.243,0.131349,1.8368,0.172895,0.090305,-0.2632,-0.08259,216.0339,1108.107,-0.567419,-0.185252,0.01828,-0.26883,1.9988,139.6649,77.9067,0.6323159219634991,0.976877,0.135281,0.0378,0.21528,1.99928,0.215319,151.7772,11.5749,0.03873,0.41219,1.99933,-0.734214,-0.062951,0.01181,1.99975,-0.218597,1072.9182,-293.7732,0.01136,1.99975,0.34188168659534296,98.0,1.0424183450746618
COc1nc(Cl)ccc1C=O,-934.7997167870832,2.9660418437948475,2191.7922161630772,1324.1278614902278,0.13175765789210683,1.8519283642098372,0.17251570832122384,0.0913120123686256,-0.2638277206898494,-0.08120369595259821,171.5829,1262.3925101934137,-0.5624302085756705,-0.18516399937737832,0.018231281319320062,-0.27006395073457024,1.9988000000000001,139.86411624739054,78.06771110086176,0.6319760596420694,0.9637133130249063,0.13338893890241407,0.03777736758609036,0.21304711280411837,1.99928021355322,0.2145651950617418,151.14369274218072,11.831380621107769,0.03873751136404087,0.41193369172518673,1.99933021355322,-0.7277541335460107,-0.06288420838498197,0.011824057511180201,1.9997498932233901,-0.21930610340846887,1069.6701122187153,-292.0223893626576,0.011352562638640129,1.9997498932233901,0.3423357844340849,95.5,1.3879726066972542
COc1ncc(Br)cc1C=O,-3048.669867904179,3.3328691991768133,2951.878153362059,1138.82562679535,0.1313588773773091,3.0514762774804325,0.17122780474968885,0.086370751545369,-0.25759855629505785,-0.08485705320431984,216.03389999999996,1319.6171533047964,-0.48286311749376604,-0.18460984173408357,0.018731107455316975,-0.25576110745531694,1.9987999999999997,133.96338913595707,75.99248195932007,0.634480813616738,0.9032920129355844,0.13758643543011156,0.037866460156015705,0.22279400770219815,1.9992801845758859,0.21608196797085105,151.0096990375585,11.340719485135772,0.03861559666238079,0.41497945910933837,1.999330184575886,-0.6876053536546624,-0.06562659327945256,0.0118135069418371,1.9997499077120566,-0.2132073180982764,1078.8473223022263,-298.5263036165532,0.011391938046804714,1.9997499077120566,0.3438698531792421,99.0,1.3879726066972542
COc1ncc(C2CC2)cc1C=O,-591.7382228468588,1.0841932264199894,2816.5711698901023,1469.4448199597653,0.2056873295960588,3.0961983961938313,0.1601631255979835,0.0893222827699793,-0.2494854083679628,-0.07084084282800421,177.2024,1584.6912273871926,-0.5033052796666082,-0.17042938100994648,0.018812173128699008,-0.2563730003152001,1.9988,139.52090974182238,77.31397023329853,0.6335835986049299,0.9197439410953968,0.12507963533183633,0.03826768946918538,0.20985884676249436,1.9992800508731778,0.21228689300244583,152.37238732559342,10.491425895973064,0.03859459621157476,0.4139024447465691,1.9993200763097667,-0.704769538438482,-0.07671270359162245,0.011874557561121053,1.999749974563411,-0.22236636863827575,1069.462140112022,-290.6358893240404,0.011318989143377325,1.999749974563411,0.3425496418009197,97.0,1.1870088832534322
COc1ncc(C=O)cc1Br,-3048.670985008722,2.1198469692215074,2672.4811808158784,1307.7566279594373,0.13131954300287105,2.668070154298457,0.16665950825220166,0.09341814504306586,-0.2600776532952675,-0.07324136320913578,216.03389999999996,1307.69425659603,-0.5044431713217855,-0.14861814524355624,0.016729128538662544,-0.22980475982805895,1.998822815644698,153.15538958105424,67.67334390764543,0.6117054751415985,1.0120450861933938,0.08941603965066602,0.03855757547275719,0.17921097209168035,1.9992599999999996,0.19886816026913778,133.24564110189982,11.668646143359418,0.038899419025775026,0.4148416651001645,1.9993028156446981,-0.7298950649269337,-0.07180908284760823,0.012446603381076813,1.9997499999999997,-0.2128579371405206,1021.5139837227193,-282.6438179343042,0.011587184355301781,1.9997471843553014,0.33936438011327874,88.0,1.3879726066972542
COc1ncc(C=O)cc1C,-514.5071231867518,1.0550307084670183,1974.6842936782487,1321.5056654167229,0.16938778719756473,2.923645793538502,0.15721291625214528,0.0960288373094317,-0.25324175356157697,-0.061184078942713604,151.1646,1299.9132937270836,-0.5151535546870599,-0.13060794635308853,0.016722494937301907,-0.22922952428326251,1.998822386133514,161.5778720165458,68.33202992242218,0.6105809439643879,1.0212417349898653,0.0786960116707381,0.03871919787189797,0.17025282134866646,1.9992523861335136,0.19390736385764212,133.3592202381953,10.722604585721648,0.03891579200270585,0.4135569002913801,1.9993,-0.7444871356449323,-0.07924290835632036,0.012450564269733292,1.9997500000000001,-0.22126378266766894,1011.519238802055,-275.20392216655034,0.01153,1.9997500000000001,0.33886200963548435,97.0,1.1109847771625294
COc1ncc(C=O)cc1Cl,-934.7940061348683,2.11949558374841,2204.988293823978,1349.073194325635,0.13166537505470755,2.6650227895248078,0.16694525420990686,0.09406887765202877,-0.26101413186193567,-0.0728763765578781,171.5829,1312.5609182192868,-0.5013407655398479,-0.1468189407668452,0.016599383883541197,-0.22987668461610752,1.9988226992674338,154.4565281324258,67.84105849486039,0.6098001081188772,1.0118564798206395,0.0890356055942648,0.03856748168584227,0.17873411245362725,1.99926,0.1986473498239066,133.5899788870989,11.608176443764243,0.03891509047663798,0.41455440110354824,1.9993026992674339,-0.7306145173815565,-0.07220102987322166,0.01244778974407167,1.9997500000000001,-0.21334178028738798,1021.9084524427531,-282.78765326240375,0.01158460146513262,1.9997473007325663,0.3389647807604251,99.0,1.1883837141090154
COc1ncc(F)cc1C=O,-574.3694423957071,2.896782859772423,1792.556246443519,1093.5241897371263,0.13273018799408542,3.000239276086908,0.1711806895720053,0.08754529052821775,-0.2587259801002231,-0.08363539904378751,155.1283,960.9125799385523,-0.42776750750183556,-0.17962899356495388,0.01826046292121905,-0.2567624468693007,1.9988300000000003,135.17421533976673,76.66499564731798,0.6335620896911163,0.9070541418540913,0.13705264189584532,0.03782436468577964,0.22300202633204874,1.9992801322632057,0.21523326680934293,152.2778014941617,10.846275188728464,0.03866097784605181,0.4135065515370118,1.9993301322632058,-0.7000647425032739,-0.06896656280786771,0.01182257913250615,1.9997499338683973,-0.21564344121533066,1078.7545749828892,-299.07800886695236,0.011381587158465323,1.9997499338683973,0.343842498618479,99.0,1.0846546504805836
COc1nccc(C=O)c1Cl,-934.7883259037039,0.46533601222649235,2026.988627769037,1144.4830874203617,0.13156397091125271,2.2321520854284476,0.17358856848591922,0.0839756554267006,-0.25756422391261985,-0.0896129130592186,171.5829,1616.656902480438,-0.1433897157063676,-0.0730371844639901,0.01985558247236068,-0.17492101903604151,1.998720485432379,174.27637975975492,56.58527766918067,0.6432642200248093,0.8393694874415628,0.11384123475572945,0.038069902727546776,0.2106539297705428,1.9992707281485687,0.2077869291844,146.9208127371009,9.037179563485953,0.03865252396940571,0.42224674834696896,1.9993107281485685,-0.6554635312408075,-0.05351372028109733,0.01207655333711906,1.99974975728381,-0.19751234487054922,1101.0191281882712,-320.37209235053024,0.011507766918067033,1.99974975728381,0.34517113446388864,99.0,1.1883837141090154
COc1nccc(C=O)c1OC,-589.5819671542664,2.3522980622663474,2111.9002079747534,1509.8305144914657,0.17490787533126956,3.7430275346063406,0.1571611414968528,0.08416154146117541,-0.24132268295802825,-0.07299960003567742,167.16399999999996,1131.0430468652453,-0.21778186581925071,-0.08650846695702254,0.019251538861490055,-0.19170711705981042,1.9988199999999998,162.33969121845814,62.34645546984718,0.6401829286899651,0.8851053145702021,0.10638593268751027,0.03873241348268645,0.19935027467471253,1.9992802051815317,0.20839343393688167,155.7021591958614,9.400434149076307,0.03859200311962244,0.4187484228415537,1.9993202051815318,-0.6930920427205579,-0.07086901469790288,0.012098720215110314,1.9997498974092338,-0.21014039070639776,1093.9389789645654,-308.12342797565935,0.01136471917523617,1.9997498974092338,0.3429448169950626,98.0,1.3879726066972542
COc1nccc(I)c1C=O,-772.45203,0.6508,2562.9458,1171.393,0.130956,3.381,0.165045,0.08294499999999999,-0.24799,-0.0821,263.0344,1298.03,-0.603544,-0.144396,0.02279,-0.28305,1.99867,149.5053,75.1911,0.6614222781623663,0.815572,0.140019,0.03886,0.24537,1.9993,0.218155,151.5117,12.0741,0.03879,0.40946,1.99933,-0.629713,-0.125106,0.01243,1.99975,-0.200954,1088.3519,-299.4372,0.01214,1.99975,0.3936438011327879,79.0,1.3879726066972542
COc1ncccc1C=O,-475.27412664335674,1.438235216809903,1432.997073278346,1319.6545419839147,0.1401448788409988,2.9555584299918634,0.16667964623253934,0.09322269261526184,-0.2599023388478012,-0.0734569536172775,137.13779999999997,1021.044405407829,-0.4897891416118181,-0.17877903036472378,0.018540819331803036,-0.26349945377879797,1.9987999999999997,141.81489511450874,76.5401132750721,0.6326091008023117,0.9103205865453621,0.12575043406105363,0.03815682776502531,0.20972595221174042,1.9992801820737338,0.21315362517386613,152.18671715194517,10.568122590381517,0.03863565834112471,0.4132317364051173,1.9993301820737337,-0.7063087857366696,-0.0731998917334218,0.011873732511547169,1.9997499089631328,-0.2214975875071812,1071.616530182113,-292.1307889775626,0.011332275921675102,1.9997499089631328,0.343552399417185,92.0,1.3879726066972542
CS(=O)(=O)c1cc(C=O)ccc1F,-1031.55680150924,4.870453738437907,2756.8702997457617,1427.5608400654073,0.15290902208212478,4.681791517098233,0.18537314631353918,0.09885344524500107,-0.28422659155854024,-0.08651970106853812,202.1999,1337.4812595232468,-0.3808676955785402,-0.07370047416806308,0.017794296229583242,-0.19410511041062406,1.99879,168.69461183773439,63.257805595863104,0.6165157421956908,0.9447328977117945,0.10043245163562517,0.037580666966875405,0.19832910320561437,1.9992599999999998,0.20002357368493198,128.46126190085295,10.364118258052683,0.03890318536864608,0.4215774057395811,1.9992999999999999,-0.6970341917233774,-0.04795281366126974,0.012251037253854458,1.99975,-0.20261409780185713,1027.3020985158778,-293.2193317188253,0.011587481598229324,1.9997460740573958,0.34040393419439596,63.0,0.6422932433046077
CS(=O)(=O)c1cc(C=O)ccn1,-948.4768124317343,5.047278608955635,2501.2962966688897,1276.0469132487408,0.14790336465880038,4.2631787928334965,0.19826674096976424,0.09185390428425108,-0.2901206452540153,-0.10641283668551316,185.1972,1254.5894491896067,-0.12219716986651871,-0.06237420082104293,0.018679926372500832,-0.17120014725499832,1.9988059852745002,184.80126552847426,53.015439051319305,0.6144415400291234,0.8722344016420859,0.12750031033366205,0.037024088352999,0.23416937619305225,1.99927,0.20875764861479917,132.33544296265222,7.607385026122314,0.038528176705998,0.42503202678302227,1.99931,-0.6485961751731475,-0.045788897496396086,0.012078176705998003,1.9997499999999997,-0.18579653445903183,1082.8279043358148,-325.60233310286634,0.01165211780399867,1.99974,0.34030837004405284,62.0,0.7456793633926465
CS(=O)(=O)c1cc(N2CCOCC2)ccc1C=O,-1218.5122686281647,4.369850118468468,6098.6930625926525,2198.581524700521,0.2819736836050801,5.014847801438641,0.15276269207837734,0.08089496552065445,-0.2336576575990318,-0.07186772655772289,269.3148,2213.785763350175,-0.6099065440142686,-0.07437474575282403,0.020737854087172342,-0.20545278172114967,1.9987261134352217,151.76181095313225,71.26882840316895,0.6725844407605879,1.0505292409017941,0.0917688043390813,0.03772482601460311,0.1868533950886196,1.999243937059647,0.1845580234032653,139.7203291561915,10.982031974343794,0.03854857035915133,0.40766313819175504,1.9992939867582713,-0.7781624384045763,-0.0683651667688093,0.012247260935224947,1.999746013241729,-0.2230975336094995,1012.1719152053022,-282.1099218735533,0.011752993628598381,1.999742026483458,0.384465999204895,13.0,1.1109847771625294
CS(=O)(=O)c1ccc(C=O)c(F)c1,-1031.5557715398593,5.49444370188341,3058.797968318588,1129.074937947016,0.15291010702505298,3.5549502840433096,0.19368237324381607,0.09373909575446106,-0.2874214689982771,-0.09994327748935503,202.19989999999996,1393.8128970457205,-0.3587340055129816,-0.15819670423050752,0.018142282834452298,-0.2492977631337015,1.9987605707086127,154.23598553290338,68.47673544136613,0.63372312603301,0.9453105695014542,0.13126915902582564,0.03830880818568907,0.22334463683560082,1.9992911414172259,0.20943183155189876,148.63259752059224,12.51518912801186,0.039691040623056596,0.4146076711973938,1.9993311414172257,-0.6851101029478746,-0.03813703416352836,0.011891116218683759,1.9997494292913864,-0.20026854259368712,1099.7011140934317,-312.26659658157257,0.011501414172261491,1.9997494292913864,0.3430181314878465,68.0,1.3879726066972542
CS(=O)(=O)c1ccc(C=O)cc1Br,-3505.850840736889,5.965425335764784,3628.7761856732573,1536.5549185868379,0.151202708984573,3.6987009360595375,0.19289850718435544,0.09223550003173704,-0.2851340072160925,-0.10066300715261838,263.10549999999995,1522.3274021482616,-0.22916773559147724,-0.06319994187088618,0.017565712742646133,-0.1748206381931298,1.9987799999999998,168.13894007199227,56.75774677935725,0.6171266164895629,0.9523481601488811,0.11834810034125796,0.03700453373172177,0.2274379006580687,1.99926,0.20256715187069363,129.57535964231144,8.733696442881765,0.03879122253523124,0.42434934488726067,1.9993099999999997,-0.6902835268403975,-0.036916851904224134,0.011988945595384283,1.99975,-0.19435020035905123,1054.4398665221931,-311.7081376098488,0.01161552284987717,1.9997399999999999,0.340953202844798,99.0,1.1883837141090154
CS(=O)(=O)c1ccc(C=O)cc1F,-1031.555529,6.0109,2909.5257,1567.3125,0.152824,2.998,0.19538,0.09556999999999999,-0.29095,-0.09981,202.1999,1400.1325,-0.224149,-0.059326,0.01699,-0.17313,1.99882,171.466,54.4625,0.6174480805538074,0.954249,0.116264,0.037,0.22343,1.99926,0.201945,130.4588,8.8087,0.03883,0.42313,1.99931,-0.68961,-0.037586,0.01203,1.99975,-0.196034,1049.6325,-309.4527,0.01162,1.99974,0.34133102580239144,99.0,1.3126748825968737
CS(=O)(=O)c1ccc(F)cc1C=O,-1031.5536670748886,3.4870380494136968,2652.837171234197,1381.892844042291,0.15285361462790195,3.243448750594087,0.19143640276011228,0.09433346881589282,-0.2857698715760051,-0.09710293394421951,202.1999,1227.926648102769,-0.16425947412092798,-0.08074534274948889,0.020498848804319642,-0.1675724939391037,1.9987578951987373,165.23601044411657,58.60129391444435,0.6741818190738521,0.8186257795244543,0.11247101206521097,0.03767531355836887,0.21428252741734913,1.9992643087408184,0.19625645615117923,148.4023141496706,8.447055368112759,0.038509249402249375,0.41719972617586604,1.9993121708934578,-0.6464004746367723,-0.047530401684489416,0.012140205681153418,1.9997478621526394,-0.1989641282370432,1084.0108971111893,-320.4744891269013,0.011734482062361716,1.999745724305279,0.3683592369920782,38.0,1.1109847771625294
CS(=O)(=O)c1cccc(C=O)c1,-932.4588568494723,4.9638492169052455,2531.7912470581127,1456.1667202908143,0.1600436582172412,4.318022715524755,0.18518469425861656,0.09781530574138339,-0.2829999999999999,-0.08736938851723317,184.20939999999996,1323.9157813733607,-0.31132996671382795,-0.08312308013446426,0.01816549255172388,-0.18329752282757827,1.99879,173.3993729462049,58.60008157172271,0.6170563958030313,0.9244901209895999,0.10222146997239018,0.037507149206897385,0.20437765858617335,1.9992599999999998,0.2004483793862018,128.92649702206344,8.747240856899921,0.03879088058620708,0.4227648209999981,1.9992999999999999,-0.6884315984446144,-0.047780540848265995,0.01218264175862127,1.9997499999999997,-0.20182187158273285,1036.3835905893266,-297.9737713558779,0.01157813431034515,1.99974,0.3397006472298768,57.0,0.9597916270510698
CS(=O)(=O)c1cccc(C=O)n1,-948.4803946934476,4.660647796603923,2473.7063959988786,1688.626516501994,0.14784972695473933,1.8621952950496916,0.19226664198368892,0.09462787509131788,-0.2868945170750068,-0.09763876689237103,185.19720000000004,1435.2598666835568,-0.06630049435304797,-0.09799593643432142,0.02843892103082463,0.0650787699126645,1.998839977980221,158.1448061051323,43.23074099576929,0.5969162995594713,0.8472147160326222,0.12982862769018846,0.03811953758463913,0.2091608587713845,1.9993000440395585,0.2223717532416412,130.01366691559818,5.296164278398969,0.03894055049447724,0.4123925162954032,1.9993500220197793,-0.6656276600563893,-0.052458633204140626,0.011881981780118032,1.999749977980221,-0.1925460575431064,1058.4927810039253,-311.75122769900383,0.011491365226303533,1.999749977980221,0.33988420767245214,44.0,1.3879726066972542
CS(=O)(=O)c1ncccc1C=O,-948.4757798307239,2.535311833539872,2110.384493328506,1351.1940045851384,0.14799878414723824,5.546493195297397,0.18715469598135387,0.09319435114204519,-0.28034904712339903,-0.0939603448393087,185.19720000000004,1208.1134267517823,-0.32231407044647614,-0.16628189098426663,0.020450127464071724,-0.22934982803684714,1.9987499980559513,160.61751439557452,66.5778374016,0.6651958538238253,0.8132688479144118,0.15997093454052572,0.0368004619234707,0.23986881037319646,1.999280007767458,0.2264469253763805,154.51434918198305,9.474668168820171,0.038450167048399014,0.4212797113284407,1.999320006474338,-0.6483153903660491,-0.051243214034757956,0.011630629736382023,1.999749994176591,-0.20529461064877785,1101.9442124617806,-314.8735156446879,0.011510456951945934,1.999749994176591,0.3477394289059483,36.0,1.3126748825968737
CSc1ccc(C=O)c(C(F)(F)F)c1,-1118.8047419740133,1.4399925362534804,3439.4591652611343,1504.8420676353433,0.15782471425688205,3.7384829632598553,0.1623920153522145,0.08225708989077687,-0.24464910524299138,-0.0801349254614376,220.2089,1595.2440159628713,-0.462906797888448,-0.08627831537668415,0.019126415868940663,-0.18516035766133665,1.998789809846977,163.1989638618674,66.21459819234693,0.674214676744891,1.003463630744764,0.1185237184779753,0.03712627967749794,0.20275183311795694,1.9992701901530232,0.20415076023571788,145.5856186781619,11.388433841629864,0.03862482834462415,0.4110741998309212,1.9993102852295346,-0.7356521569370127,-0.05461681737883579,0.01189193030661134,1.9997499049234884,-0.21442845373811975,1052.9299310821477,-290.226040804188,0.011491950864076922,1.9997499049234884,0.34963566739330854,81.5,1.3879726066972542
CSc1ccc(C=O)s1,-1103.0948599114197,0.8509775950112886,1810.4476482109308,1470.7415420347104,0.11516568761846648,3.2398613325123655,0.14878482176704708,0.08010327329052777,-0.22888809505757488,-0.06868154847651933,158.2328,1212.5296409486402,-0.5037404787529983,-0.029755279604783132,0.019111399001326693,-0.3533851782329529,1.9988284821767048,103.43492395631444,53.34015821743571,0.6111716691815791,1.0674675090301642,0.11086956095399987,0.03574339211249637,0.17571027208808876,1.9991505059410986,0.18975208345672967,129.40787494017485,21.179925430330968,0.0392554158768901,0.38710146030777476,1.9992005059410987,-0.7488515361531036,-0.07062566530528304,0.01226747029450785,1.9997594940589016,-0.2304065338429321,917.7483372737615,-238.09494799377634,0.011719881178031404,1.99975,0.33744573589053806,96.0,1.1109847771625294
CSc1cccc(C=O)c1,-782.2558683402281,6.356185066525324,1955.7290874225941,1427.2700791246425,0.14878767122625008,2.8173123001172384,0.14983043840161608,0.08053894731332428,-0.2303693857149404,-0.0692914910882918,152.2106,1159.8965332198231,-0.24394397395618245,-0.07120314746572157,0.01953673127102425,-0.16734927107851477,1.9988330021493472,172.9608342735294,58.74416607223197,0.6182622030700489,0.9434290126058136,0.08100911457020213,0.04151632532253667,0.22854412485517242,1.9993094038688248,0.1941056887423437,128.27763386364097,7.856444390864831,0.03873661352270295,0.42383556816859475,1.9992948836458178,-0.6994076508662609,-0.2193797736609687,0.012517497853688811,1.9997500000000001,-0.2115369589331288,1016.7655815820791,-285.9080477176915,0.011527717078024838,1.99974,0.3414197745529568,98.0,1.3126748825968737
CSc1ccccc1C=O,-782.251357,3.8686,1684.8665,1344.2245,0.148843,3.7649,0.15828,0.08312,-0.2414,-0.07516,152.2106,1376.23,-0.312155,-0.082592,0.02148,-0.1863,1.99875,177.6673,58.558,0.6683448709880428,0.835596,0.076326,0.04124,0.22057,1.99927,0.18557,145.6692,6.5855,0.03945,0.4123,1.99929,-0.67691,-0.161073,0.0128,1.99974,-0.213478,1064.4493,-297.04314999999997,0.01156,1.99975,0.34786028949024544,98.5,1.3879726066972542
C[Si](C)(C)C#Cc1ccc2cc(C=O)ccc2c1,-982.6333096757301,2.8104561913764066,9455.723642603505,2528.1888299360144,0.28809665827067127,3.8037915586267195,0.1629992631821296,0.07769073681787037,-0.24069,-0.08530852636425926,252.3873,2168.5789093548665,-0.45773538114312406,-0.07370726318212963,0.0173,-0.19278,1.99879,170.15906602729143,60.63132064491248,0.6175618278015061,1.1403055597010407,0.112615292724905,0.03679,0.2277840668141318,1.99924,0.19227618663717366,126.51740805494421,8.224362872789586,0.03884,0.41829,1.99929,-0.8245256378269061,-0.04857944209072222,0.011790000000000002,1.99975,-0.2120806325921864,1021.2749497031591,-291.04853555345505,0.01152,1.99974,0.34078036500943987,98.0,1.3879726066972542
C[Si](C)(C)CCOCn1c(C=O)cc(Br)c1-c1ccccc1,-3728.0144931704413,2.1931655840923074,9621.720839113606,3092.5851929341297,0.38035719617144725,1.393192631492875,0.15143635672452116,0.08529910190329945,-0.2367354586278206,-0.06613725482122168,380.3558,2670.267659082712,-0.49126208130220345,0.02733916516858858,0.022424559251417474,0.048332233266733686,1.9988312226464005,115.86733558758327,63.09830996170524,0.6737866077560656,1.1047261831842214,0.07659742045161583,0.03577703801724064,0.12197715267337975,1.9992253781113511,0.1942187004544635,128.2744597717446,18.980533601507275,0.03607690118545425,0.37696938269202007,1.999265378111351,-0.8186061599629277,-0.1028569953187893,0.012490585855698816,1.99976,-0.24220290664821478,930.8484588003549,-222.6304408884174,0.011615876265073245,1.9997500000000001,0.4242665100714892,72.0,1.3879726066972542
Cc1c(Br)cccc1C=O,-2957.546432,2.7643,2217.2546,1328.892,0.137443,2.8043,0.17057,0.09466000000000001,-0.26523,-0.07591,199.0467,1203.524,-0.32697,-0.076179,0.01785,-0.16329,1.99875,168.5418,59.7931,0.6526117054751416,0.920421,0.066014,0.03759,0.19009,1.99927,0.173516,122.9569,5.9462,0.03868,0.41849,1.99932,-0.675658,-0.062112,0.01216,1.99975,-0.212843,1029.675,-310.8304,0.0118,1.99974,0.38719320327249845,98.0,1.3879726066972542
Cc1c(C)c(C)c(C=O)c(C)c1C,-541.0486372369346,1.2506057923305116,2595.5852564002357,1691.7010571486092,0.26349622078962354,3.4786123919149716,0.1466326851709602,0.09297552471506634,-0.23960820988602655,-0.05365716045589386,176.25780000000003,1593.881936256827,-0.39713806564832826,-0.036258600465982255,0.017998452062211,-0.15512620590644344,1.99873,163.10515799461507,64.19505237530305,0.6812793111320445,0.9245605246748096,0.019335896238372355,0.03884503328505371,0.1618588882060895,1.9992660161450793,0.13984362464334407,145.3402417522655,5.79568992230597,0.038093903129526215,0.41144958221773853,1.9993200000000002,-0.7209655265109715,-0.08639826325548572,0.012410322901579285,1.9997500000000001,-0.23237351266294376,1060.6943098341053,-307.9430987864091,0.011828048435236892,1.9997439838549211,0.3947297705729775,25.0,1.3879726066972542
Cc1c(C=O)ccc(F)c1F,-582.3452793799563,3.0209722906139675,1716.8321380498476,1095.4627628905982,0.13168499996814872,2.1119195752558233,0.17336865722529482,0.09951004651674833,-0.27287870374204315,-0.07385861070854649,156.13159999999996,1155.0976927852075,-0.36657337141733326,-0.0437072814602638,0.017130740764334268,-0.17571194398879436,1.9987799999999998,163.846952434789,64.73813036183792,0.647817459830259,0.9351218933126757,0.06233918318445382,0.03780787026272488,0.17769361094743097,1.9992687962977709,0.1735029518588371,125.64874143910056,7.667978960900507,0.03867907412421032,0.4160645369824769,1.9993187962977705,-0.6942426853583027,-0.06463067654864765,0.012284444426749296,1.9997499999999997,-0.2160621116879729,1024.191214679716,-300.0487285324632,0.011763888933126757,1.9997412037022289,0.38136902465477107,69.5,1.3879726066972542
Cc1c(C=O)cccc1-c1ccccc1,-614.7676998997506,0.9445708283204542,3508.3339980368755,1584.3229162183877,0.23223547239342143,2.8864094947574275,0.1591717683863153,0.09383257452989152,-0.25300434291620677,-0.06533919385642377,196.2482,1685.546342996095,-0.36017060819818225,-0.06024656599348586,0.018078594696598567,-0.16672523195822453,1.9987599999999999,172.28643034134927,60.618522101004,0.6506254476730919,0.9458572334780042,0.05861033730745689,0.03792897571460615,0.18155111542120894,1.9992693290997998,0.1716962878604613,124.94883673469522,5.220384405128599,0.03867048039119629,0.4174809884152064,1.9993193290997997,-0.6959625342419853,-0.0689855049161889,0.012188721702601095,1.9997499999999997,-0.21882721144697764,1023.9574019669419,-304.3923085846985,0.011721214794397639,1.9997406709002,0.3822677706085413,70.5,1.3879726066972542
Cc1c(C=O)cccc1C(F)(F)F,-720.6985550308018,3.0083056985253176,2387.418607361691,1299.4084056998804,0.15509830356936594,2.3019588864889995,0.177431465195385,0.09753202169177672,-0.2749634868871617,-0.07989944350360827,188.1489,1298.2406254207642,-0.3561339876070392,-0.07920302683731795,0.017977190692090472,-0.17154483573367757,1.9987640449615507,171.81654570093576,60.408588089531946,0.6541956328391747,0.898168028854613,0.07450846591116722,0.037906967462334934,0.19008078761613284,1.9992759550384496,0.18086675579425,132.76659861850047,7.400239031691525,0.038503706960923006,0.4181171922700876,1.9993219100768989,-0.6769802893364674,-0.05938601490638913,0.012194494577055823,1.9997499999999997,-0.21028365884337824,1050.8698048307608,-308.60836729771495,0.011674606191933591,1.9997440449615507,0.370998579126284,32.0,1.3879726066972542
Cc1c(C=O)cccc1[N+](=O)[O-],-588.3367633305534,4.960514651002631,2018.835491012066,1280.149335218824,0.15136167718902768,3.8032770680895656,0.18733274866142502,0.09383844550278098,-0.281171194164206,-0.09349430315864406,165.1482,1427.4641862201531,-0.36354198034121926,-0.10563192735532333,0.01790957415116043,-0.17333825789257734,1.9987616170339537,172.44849228624886,59.637121680207876,0.6497784003798188,0.9057693341121644,0.08130587910209902,0.03743234067907166,0.20165651876424662,1.9992783829660465,0.1821273409818202,126.37714518717925,6.904359085181978,0.03863238237022802,0.41958532162094864,1.999326765932093,-0.6703388546832236,-0.05579772840843899,0.012128085169767915,1.99975,-0.20553756879202112,1041.4320674939645,-312.3438552612977,0.011761191185114013,1.9997416170339537,0.3764654848482769,98.0,1.339157326756677
Cc1c(C=O)ccnc1Cl,-859.6929473087966,4.129282128290898,1703.6980862443745,1159.0373613070553,0.12562390314676045,2.149157033921056,0.18592087561841047,0.09135815584919398,-0.27727903146760446,-0.09456271976921649,155.5835,1166.2853583029173,-0.16660949620199064,-0.04774811787387938,0.01837835791498101,-0.15299814306983262,1.9987630821042508,177.7395979249267,55.41124324570612,0.6497678777966149,0.8584705621738707,0.09124809309536983,0.037571776795543674,0.2100790024504262,1.9992838357914982,0.18846297603555157,133.81218012243053,6.041299919027944,0.038283633725711065,0.42234623156376416,1.999326917895749,-0.6384639671659373,-0.05683005484580783,0.012174656834007595,1.9997499999999997,-0.19682252782147247,1084.9220209312057,-333.275349320307,0.011763701080973413,1.9997430821042508,0.37361777092918214,99.0,1.254684715944833
Cc1c(C=O)oc2ccccc12,-535.335329,2.5874,2055.9561,1406.539,0.165235,4.5281,0.161335,0.087035,-0.24837,-0.0743,160.172,1248.303,-0.20177,0.034171,0.02882,0.19357,1.99857,91.4457,46.3833,0.6073001887979862,1.067427,0.072887,0.03565,0.14178,1.99925,0.154641,131.4995,22.8144,0.0365,0.36471,1.9993,-0.761321,-0.046856,0.01302,1.99975,-0.205939,1076.8156,-286.9243,0.01213,1.99975,0.3235525487728131,99.0,1.3879726066972542
Cc1c(C=O)sc2ccccc12,-858.3569610071345,1.7373873691725563,2289.4096474360713,1492.3870543538305,0.16234191496299744,3.8063995589488493,0.15787063442143504,0.080012584097299,-0.23788321851873404,-0.07785805032413604,176.2326,1255.6677908332786,-0.3770774882805914,-0.013330104293559242,0.02031495761574209,-0.3158112331707804,1.9987048728472263,99.85655785347623,56.192735372371615,0.6479697548102908,1.0340140159932834,0.08983376633128523,0.03599084768515824,0.18651495224600748,1.999165042384258,0.17061142004592256,138.25433899375662,16.202525100802198,0.03861767020824848,0.3952573668062748,1.999220084768516,-0.7514028422006997,-0.06216813724054571,0.012068304629683507,1.999754957615742,-0.22074448855027484,1010.1257804400607,-280.154529388064,0.011749406620389227,1.99975,0.36071986060359684,96.5,1.3879726066972542
Cc1c(Cl)cccc1C=O,-843.6700755641256,2.430179055230125,1738.8440969087865,1243.7033780146444,0.13788998628033472,2.5203515629707107,0.17158482321129706,0.09572991557531381,-0.2673147387866109,-0.07585490763598327,154.5957,1176.262831497908,-0.31644009454393307,-0.07905987841004186,0.01770930343096234,-0.16443062267782427,1.998752543535565,168.60378894142258,60.13363851778243,0.6530091443264494,0.9126005679665272,0.06888373500836821,0.03779804748953975,0.1892041108158996,1.9992674564644353,0.1767713740627615,128.73157967384938,6.779531114016738,0.03857045382845188,0.4186133087029289,1.9993174564644351,-0.6822927587322176,-0.06151605648744769,0.012190522426778243,1.99975,-0.21258010714225942,1038.3065714447698,-307.62386798242676,0.01171115039748954,1.999742543535565,0.3761219534271969,90.5,1.3879726066972542
Cc1c(F)cc(C=O)cc1Br,-3056.650035539433,2.062432248062956,2689.2906168901713,1359.974279274284,0.13006842509213118,2.524097093429262,0.17681939384710443,0.09593553997759517,-0.2727549338246996,-0.08088385386950925,217.03720000000004,1393.3134454411513,-0.28290397045374377,-0.06901605185058066,0.016962466912349795,-0.16540330331672223,1.9988000000000001,164.36690992782417,59.95930896978465,0.6173004519837547,0.9731447671835178,0.09378719477637334,0.03778438327191255,0.19274048165333746,1.99926,0.19889811809016206,128.19604766855878,9.894498205431432,0.038858083640437246,0.4229908152539887,1.9993000000000003,-0.710221597144795,-0.05026020118576945,0.012320000000000001,1.9997500000000001,-0.20319976279429722,1023.3445067359823,-292.2911656240425,0.011575616728087448,1.9997400000000003,0.34011222604861874,98.0,1.3879726066972542
Cc1c(F)cc(C=O)cc1F,-582.352798,1.9346,1820.8577,1069.258,0.131558,2.5926,0.177435,0.09923500000000002,-0.27667,-0.0782,156.1316,1276.726,-0.262273,-0.061805,0.01638,-0.16411,1.99884,169.8101,59.6626,0.6167400881057269,0.970728,0.090036,0.03783,0.18815,1.99926,0.197706,128.2701,9.8386,0.03894,0.42177,1.9993,-0.704096,-0.051714,0.01236,1.99975,-0.204788,1019.9793,-290.9417,0.01158,1.99974,0.34125235997482695,98.0,1.3879726066972542
Cc1c(F)ccc(F)c1C=O,-582.3483088074283,1.218911757755791,1651.3547259526438,1126.8851023158297,0.13165303844334064,2.577568393669801,0.17268362491127684,0.09357297433166585,-0.26625659924294265,-0.07911065057961096,156.13159999999996,1254.0055896596389,-0.36243325609173577,-0.13135522864943275,0.018099704281995015,-0.23156653063647856,1.9987500295718004,149.7504905724919,71.78843638516085,0.6675512338419214,0.8906769118760627,0.08377126673766876,0.03873437662647375,0.18865975869416446,1.999290059143601,0.18219128365264256,150.789921397931,9.703285722781631,0.039173371185256815,0.40850242961907235,1.9993400591436008,-0.6675657388215867,-0.06290651466722588,0.012021449018224419,1.99975,-0.21723971256164698,1106.5435000237774,-318.2288996335437,0.011689733853795514,1.9997499704281994,0.3891510462792056,99.0,1.3879726066972542
Cc1c(F)ccc2cc(C=O)n(C)c12,-653.8228989204516,2.5809596728558004,2870.4075406268475,1628.3043534979806,0.20059285750752157,1.2101990124965587,0.14781916692389588,0.07991939132149965,-0.22773855824539552,-0.0678997756023962,191.2045,1429.4682823951455,-0.3527002631061905,0.050762426886980024,0.023070213177723623,0.059198636784556856,1.9988300056099402,117.80172179794836,59.979780370845276,0.6255526025595043,1.1400689611812678,0.08135432277008484,0.03517097612957658,0.12842063953317087,1.9992399943900598,0.19668089627503071,127.19345373707723,16.125210905312922,0.03552084149101429,0.38299757650587885,1.9992799943900599,-0.839496674795109,-0.08774544688936785,0.01212040391568686,1.99975000560994,-0.23305802434816658,956.3673693111843,-236.6231691569804,0.011540056099400953,1.99975,0.3624769082022274,93.0,1.3879726066972542
Cc1c(F)cccc1C=O,-483.2509585271982,2.180019206216233,1399.4268359509197,1160.7154581114862,0.13887421375078962,2.735971398763354,0.1706429896857807,0.0974265045847236,-0.2680694942705043,-0.07321648510105712,138.1411,1120.6216051497045,-0.2897665733499424,-0.055364577737322486,0.017347675324821697,-0.16457203972300058,1.998781313216187,169.59108547324493,59.52676448333102,0.6486609621792495,0.9148218725243434,0.065457341700134,0.037729298700713204,0.186531517188487,1.9992686867838132,0.17458835621560775,127.65459504760742,6.242872204053836,0.03855403743345644,0.4182859625665436,1.999318686783813,-0.681558023527025,-0.06344852017165681,0.012197071810430466,1.99975,-0.21438166463276861,1036.7312046879406,-308.08522095776584,0.011733229946765148,1.999741313216187,0.381395405616114,91.5,1.3879726066972542
Cc1c(I)cc(C=O)cc1I,-978.515327,1.8901,3569.5631,2016.226,0.127907,2.6039,0.171635,0.08926500000000001,-0.2609,-0.08237,371.9438,1826.016,-0.302795,-0.08125,0.01796,-0.16841,1.99876,155.2123,60.6922,0.6167400881057269,0.969211,0.097557,0.03783,0.19746,1.99926,0.200605,127.7807,9.9023,0.03881,0.42443,1.9993,-0.713473,-0.051762,0.01227,1.99975,-0.202135,1024.1564,-292.8893,0.01157,1.99974,0.3398363750786658,96.0,1.3879726066972542
Cc1c2ccccc2c(C=O)c2ccccc12,-690.856893,4.1332,3811.8163,1973.132,0.246451,3.4521,0.155925,0.061435,-0.21736,-0.09449,220.2702,1930.238,-0.433963,-0.064639,0.01913,-0.11586,1.99881,162.8286,74.3319,0.6714915040906231,0.95578,0.147313,0.03823,0.37266,1.99933,0.165955,141.9727,7.1079,0.03749,0.41058,1.99932,-0.740784,-0.242024,0.01208,1.99974,-0.22651,1028.1069,-292.7528,0.01163,1.99974,0.3764159848961611,83.0,1.3879726066972542
Cc1cc(Br)c(C=O)c(Br)c1,-5530.936393,1.7332,3689.6584,1816.605,0.128565,4.0499,0.170355,0.08854500000000001,-0.2589,-0.08181,277.9428,1332.177,-0.521333,-0.074613,0.0226,-0.22673,1.99853,172.1635,66.6163,0.6701541850220264,0.83822,0.117682,0.03944,0.2172,1.99927,0.205465,132.1137,10.6276,0.03979,0.41221,1.99932,-0.640597,-0.073252,0.01257,1.99974,-0.186401,1071.1358,-315.2077,0.0122,1.99974,0.38632787916928885,94.0,1.3879726066972542
Cc1cc(Br)c(C=O)cc1[N+](=O)[O-],-3161.7350062007645,4.081903893909958,3623.737804468408,1279.9213536711352,0.1428192442696951,4.341004841583934,0.194482992534784,0.09067833182346115,-0.28516132435824515,-0.10380466071132281,244.04429999999996,1527.043360431805,-0.466956513217999,-0.09910215608229271,0.02020573701280744,-0.2076295694794061,1.9986425737012805,162.99148859004708,62.46517959919844,0.6472204643050975,0.8785885056257157,0.12672036028913536,0.037989597564728556,0.22145226458120953,1.9992638605519208,0.20784503002423627,134.9013505574658,10.944569298221488,0.038933832466598706,0.41978222743665405,1.9993125737012805,-0.6642055023106144,-0.04672855636082071,0.012165147402561489,1.9997487131493594,-0.1939150174493748,1061.4946578759868,-304.0907344668909,0.01166919512945712,1.9997487131493594,0.3495495614863819,98.5,1.0668259850449504
Cc1cc(Br)c(C=O)s1,-3278.383241,2.1257,2090.8593,1150.161,0.1036,5.0669,0.166185,0.09045499999999998,-0.25664,-0.07573,205.0689,1329.075,-0.42144,-0.000695,0.02132,-0.35637,1.99864,111.6079,58.5277,0.6417558212712398,0.964041,0.101524,0.03674,0.19281,1.99919,0.1784,128.3354,21.8343,0.04027,0.38796,1.99924,-0.684161,-0.058227,0.01217,1.99975,-0.19989,1013.0264,-271.1698,0.01195,1.99974,0.36768407803650094,99.0,1.3384412262815764
Cc1cc(Br)c(F)cc1C=O,-3056.6457735629983,3.3115775260369356,2828.7370245878874,1620.3759368274868,0.13003722326134562,0.8542603890975511,0.17514781899987797,0.09278070979559597,-0.26792852879547396,-0.08236710920428197,217.03719999999998,1079.1975961000462,-0.3637596014225615,-0.025937414325089406,0.017424032909113096,-0.1710325584693993,1.99877,163.91970823476177,61.73132193791203,0.6488747550630005,0.9806567074365569,0.07605386365007481,0.037388909499938984,0.19408160509064282,1.999268501371213,0.17663841116473675,127.5160093087061,7.584191746817221,0.03855354250760441,0.4170764849166565,1.9993185013712131,-0.7117784165102801,-0.058588719809711046,0.012142479431804314,1.9997499999999997,-0.21109847541027013,1037.8948003592095,-308.2541019342047,0.011754032909113095,1.999741498628787,0.37943468936924624,98.0,1.3879726066972542
Cc1cc(Br)cc(C)c1C=O,-2996.77449,2.8762,2990.3873,1580.779,0.166629,1.833,0.169795,0.09445499999999998,-0.26425,-0.07534,213.0735,1500.401,-0.442374,-0.030907,0.018,-0.17941,1.99872,163.7522,66.0021,0.6782567652611705,0.941545,0.056822,0.0379,0.18719,1.99927,0.15787,144.9069,7.5951,0.03793,0.41108,1.99932,-0.715512,-0.071707,0.01213,1.99975,-0.222327,1079.8398,-316.1389,0.01179,1.99975,0.3920704845814978,94.0,1.3879726066972542
Cc1cc(Br)cc(C=O)c1,-2957.548795,3.4342,2467.2821,1198.654,0.137171,4.1391,0.17144,0.09494,-0.26638,-0.0765,199.0467,1224.4315000000001,-0.25886,-0.072419,0.01765,-0.16297,1.99879,165.7237,58.0404,0.6194933920704846,0.936281,0.089415,0.03789,0.19334,1.99926,0.196427,127.8649,8.7697,0.03882,0.42404,1.9993,-0.690514,-0.05292,0.01229,1.99975,-0.204802,1024.9585,-292.6418,0.01156,1.99974,0.3409376966645689,99.0,1.3879726066972542
Cc1cc(Br)cc(C=O)n1,-2973.5743038521305,1.7135751242705721,2424.750904099156,1382.2083369312272,0.1250447225592698,3.450033148762569,0.179267657967862,0.0946183065306079,-0.27388596449846986,-0.08464935143725409,200.0345,1330.7712905059275,-0.0002541171175446746,-0.09587556005550418,0.027409459531045073,0.08034446319581733,1.9988299879895788,150.8527785419902,42.09277641893023,0.5978582109088509,0.8578772517073953,0.1191819241927713,0.03885009608336976,0.20461062454190346,1.999310012010421,0.220980125419831,130.2616476765669,4.440985413737352,0.03900050443769126,0.41511952691269566,1.999350012010421,-0.6615662903873267,-0.06893698013709687,0.01199110495875229,1.9997499879895786,-0.19582090888745313,1046.4182215768028,-305.26386338127213,0.011450756656536895,1.9997499879895786,0.3402902296973383,99.0,1.3879726066972542
Cc1cc(Br)ccc1C=O,-2957.549118437439,2.7798492640994628,2616.6125726371865,1236.137923295566,0.13725287937176212,1.543583747045676,0.17204694833202028,0.09612067986407864,-0.2681676281960989,-0.07592626846794165,199.0467,1302.1692852463382,-0.42107059025819404,-0.03602141240058756,0.01775678904313987,-0.18081258548754203,1.99875,170.98558207037172,62.926827161243395,0.6499370673379484,0.986407305401396,0.07070017645681707,0.037557369856200444,0.18948916084704093,1.99926889471634,0.17435834195016817,127.08856883358499,6.829194564992536,0.0385657362065398,0.41603763209150013,1.9993188947163398,-0.7218822472802618,-0.06377628804111828,0.012126579254900094,1.99975,-0.2168610531979689,1031.1966599084535,-304.16283062436173,0.011731262624839834,1.99974110528366,0.3812393551258382,92.5,1.3879726066972542
Cc1cc(Br)sc1C=O,-3278.383888323574,2.986736818081782,2345.7691143232605,1334.5078900210428,0.10372037368456444,3.4217432968120645,0.16691548464484637,0.08974352960150286,-0.25665901424634924,-0.07717195504334352,205.0689,1049.8437006596168,-0.4291098636986714,-0.01820987996090023,0.019319688596196302,-0.3381792204153079,1.9987322664471472,101.47194214706707,54.24718870844277,0.6467596752148594,0.9971592954172007,0.09690174537321042,0.035740311403803696,0.18249455150861815,1.999162577850951,0.17492431842611375,136.79202340431624,20.6132950540883,0.03882920395134992,0.39185626530472134,1.9992125778509509,-0.7351393345072804,-0.0658733926550645,0.012226574558159328,1.999757422149049,-0.22454530560447003,967.1526510129149,-252.53763144623036,0.01178679934144168,1.99975,0.3510931965019436,52.0,1.3879726066972542
Cc1cc(C(F)(F)F)ccc1C=O,-720.7010547339926,3.867821180581748,2737.2488621929183,1403.8770305877283,0.15473935666731942,1.4837130145653945,0.18061488009167936,0.09582853410100761,-0.276443414192687,-0.08478634599067172,188.14890000000003,1158.0597215323166,-0.32126061230437647,-0.05324828744358415,0.017828692819809887,-0.175471917102218,1.9987519670085805,172.26048097307313,59.70778486140202,0.6496662296377145,0.9209023644695781,0.08179572052437004,0.0373278555577313,0.2034683504290241,1.9992680329914196,0.17909834708519895,129.22896562950558,6.2980871021680445,0.03845508871684411,0.4185273731630291,1.9993180329914195,-0.6827785457391318,-0.05663470987784412,0.012047538120126742,1.99975,-0.21007303008690878,1051.2772707523145,-314.99210288668485,0.011746890768326997,1.9997419670085805,0.37893287706275974,53.5,1.3879726066972542
Cc1cc(C)c(C=O)cc1C,-462.61021217689284,1.1612283416855627,1974.8464778817,1374.2858286412556,0.2043430683191102,3.740149134498426,0.15517065745630898,0.0965682335094193,-0.25173889096572827,-0.058602423946889685,148.2042,1147.80284795727,-0.4034791363854636,-0.03213147090140976,0.017951416316765095,-0.16925788487062982,1.9987411433473292,165.89461024607837,62.903872247049186,0.6494921900449736,0.9741389414692933,0.05346270528683885,0.037960034313057715,0.17348754327507868,1.9992588566526703,0.16837785160496618,126.58361418924692,6.396533190640179,0.038504556232788714,0.4159374574924344,1.9993088566526702,-0.7299208219062291,-0.0743602152783722,0.012207150209940938,1.9997499999999997,-0.2250596301864896,1015.0793165152735,-294.0181693287114,0.011671416316765097,1.999741143347329,0.3807495751997833,79.5,1.3879726066972542
Cc1cc(C)c(C=O)cn1,-439.4069710093185,0.5892187711134741,1558.3889003399017,1022.0335815893676,0.16313265058807883,2.175066986382481,0.16581543771422647,0.09466009400830906,-0.2604755317225355,-0.07115534370591745,135.1652,1208.788296534341,-0.4772963836077286,-0.11514372072753708,0.017634120774247045,-0.2249979851804763,1.9987705886820353,166.8481687018181,67.90734537874019,0.6439908808546809,0.9560627731465141,0.07728425558845026,0.03869267185295872,0.2015370186168237,1.9992700000000003,0.17722967618466554,134.02563457066623,6.530452870867336,0.038408822635929415,0.4128317736407059,1.9993200000000002,-0.7088988989918205,-0.10283568453872548,0.012232951004776432,1.99975,-0.2226693458396744,1046.9544885377236,-304.3748601645437,0.011724996202700016,1.9997402943410176,0.3840409833571838,83.0,1.3879726066972542
Cc1cc(C)c2cc(C=O)c(Cl)nc2c1,-1052.2913302404654,1.883688460985952,3981.938553620897,1940.2669418063313,0.20483909503769285,4.075119631941488,0.17296920812637936,0.081858831164091,-0.2548280392904704,-0.09111037696228835,219.67009999999996,1986.607430243308,-0.5992041207514934,-0.15318371336567801,0.019532534124170015,-0.25689929008867946,1.998690087383592,149.25077951089833,69.67506720265686,0.6437571385313682,0.9658495693217156,0.14291888551430112,0.03744480609756383,0.24130559254989242,1.999260262150776,0.21074990082250272,143.2525646147015,9.265170059433297,0.03877336968958666,0.4153158712860047,1.999310262150776,-0.6974515758959111,-0.060898598614104786,0.01174253412417002,1.9997499126164076,-0.21347415232357106,1062.130960987291,-291.81088953272075,0.011473495343682786,1.9997499126164076,0.345855620472908,98.0,0.5090053525521866
Cc1cc(C=O)c(C)cc1Br,-2996.779826,2.53,2907.2165,1430.758,0.166491,2.0421,0.167185,0.09478499999999998,-0.26197,-0.0724,213.0735,1560.827,-0.404001,-0.018334,0.01804,-0.172,1.99874,166.9757,62.5315,0.6483637507866583,0.991445,0.065233,0.03755,0.18808,1.99927,0.170205,124.7358,6.1575,0.03858,0.41691,1.99932,-0.72985,-0.06608,0.01211,1.99975,-0.218437,1026.093,-304.4953,0.01174,1.99974,0.38609188168659536,96.5,1.3879726066972542
Cc1cc(C=O)c(C)s1,-744.2192531536099,1.4795715917180376,1479.6219722231106,1091.0237108621166,0.1414501123413782,3.297356212358429,0.14887608824199267,0.09395861436040101,-0.2428347026023937,-0.05491747388159164,140.19960000000003,1505.9827848023315,-0.448709716051381,-0.07559480194150524,0.01938,-0.20583199958330659,1.99868,123.91306291336149,58.27963239477218,0.6368857172989892,0.9763158132522828,0.05336407696124242,0.038173193340666295,0.15453536774118437,1.99922,0.17330699223642865,134.52093369393648,15.012479401901794,0.03797656149854412,0.41224684183112276,1.9992700000000003,-0.7197938365129696,-0.07923283302581778,0.012375684287285636,1.9997500000000001,-0.23228790149427533,1006.625562736798,-274.1908491651118,0.011586070135231335,1.9997500000000001,0.3694765390660015,87.0,1.3879726066972542
Cc1cc(C=O)c(Cl)cn1,-859.6920293383448,1.577612699509089,1776.4414410755903,1093.8500666567247,0.12551719855627935,0.9977172867836784,0.1846232205907324,0.09051040401102126,-0.27513362460175367,-0.09411281657971116,155.5835,1113.5310949802322,-0.19650612377824683,-0.06792422884369695,0.02017219411737465,-0.1803577368979995,1.9987003695187082,173.8827073334155,58.883108871959145,0.6430904143814268,0.8314901585321982,0.1205137838051066,0.03810919197795749,0.21889538341720152,1.9992711085561252,0.20981618551664033,146.3694373213304,8.921636016068785,0.038566928875956974,0.4218858647088789,1.9993111085561248,-0.6425786644657645,-0.06332755845532878,0.0121281294115831,1.9997496304812918,-0.19632593910826832,1102.2064085817185,-317.7852595499035,0.01154108556124968,1.9997496304812918,0.3459410704406334,99.0,1.0668259850449504
Cc1cc(C=O)c(Cl)nc1-c1ccccc1,-1090.317117942989,1.8794794682699745,4628.677209875719,1565.1375976226727,0.21190282630979407,3.481623489620979,0.17385928609372772,0.08429546310305333,-0.258154749196781,-0.08956382299067435,231.6811,1865.4322660727655,-0.5486138645731329,-0.15731149733311955,0.019594633155408304,-0.24641278021197624,1.9986801930481422,150.5119939002494,68.44366989298935,0.6402927588703399,0.9858516306311216,0.1366850079938448,0.03799907326267459,0.22847922780743193,1.9992703860962844,0.21302723564191112,144.51964636482373,9.302624387181172,0.03874606149917169,0.4154323561435263,1.9993105791444261,-0.7302165390493802,-0.06780559104173114,0.011865791444260377,1.9997498069518582,-0.21062566958903486,1076.791254449936,-302.99426341547485,0.011487142781254463,1.9997498069518582,0.34477287874700857,99.0,0.6422932433046077
Cc1cc(C=O)c(F)cc1Br,-3056.6483287452575,1.7585979779064673,2803.621623634005,1136.6102741722186,0.13022107962131738,2.2060113122868015,0.1759356853038998,0.09467521544310512,-0.27061090074700495,-0.08126046986079469,217.03719999999998,1270.992639068872,-0.4448205197219185,-0.13280790034994494,0.01818272846471358,-0.24396878601246522,1.9987502480422465,146.97792663510234,72.18045702444928,0.6329140286662444,0.9890720823402603,0.10873153742877309,0.03896033946422848,0.19428926898510923,1.9992804960844932,0.20442295764502205,149.01024057777033,13.27738688093138,0.03959671025250994,0.4134836029880198,1.9993304960844933,-0.7135639318905761,-0.05292629682047967,0.01211967364762086,1.999749751957753,-0.21095415823193656,1072.615451122661,-292.2144928681795,0.011444960844933776,1.999749751957753,0.3418558075244646,99.0,1.2696356012770242
Cc1cc(C=O)cc(C(F)(F)F)c1,-720.7020651584802,3.8887093773111836,2615.0694335859307,1262.9056150313806,0.15464438750091886,4.294649304742569,0.1793464173554566,0.099308554413698,-0.2786549717691546,-0.0800378629417586,188.1489,1355.627633085519,-0.29052595291292,-0.06294190733601934,0.017726483873338993,-0.16985168148925647,1.9987999999999997,171.41595860389452,58.99174076133021,0.6187387075727189,0.9291439073360194,0.09408557792048361,0.03775291128498726,0.1951873307986997,1.99926,0.19791425848763078,128.08310429910944,8.463422499816229,0.03880381854749787,0.4230541774300255,1.9992999999999999,-0.69040861535892,-0.050667706472717025,0.012247637094995755,1.9997499999999997,-0.2038579924161013,1030.8959696917584,-295.42775502106997,0.011565879031665251,1.9997399999999999,0.34049811963762383,92.5,1.3879726066972542
Cc1cc(C=O)cc(C)c1Cl,-882.904744,2.0977,2235.0726,1324.112,0.166936,2.5029,0.167645,0.096835,-0.26448,-0.07081,168.6225,1324.112,-0.341408,-0.032938,0.01765,-0.17157,1.99878,168.6257,61.6873,0.6161107614852108,0.996958,0.085359,0.03788,0.18928,1.99925,0.192897,128.4561,8.778,0.03886,0.42158,1.9993,-0.730188,-0.058477,0.01226,1.99975,-0.21239,1015.4231,-285.6538,0.01151,1.99974,0.3398363750786658,98.0,1.1883837141090154
Cc1cc(C=O)cc(C)c1F,-522.484926,1.5664,1898.1385,1056.079,0.168047,2.7053,0.16363499999999997,0.10038499999999999,-0.26402,-0.06325,152.1679,1298.458,-0.364748,-0.038608,0.01738,-0.17524,1.9988,166.6228,63.8112,0.617526746381372,0.972849,0.074492,0.03821,0.17438,1.99925,0.190813,127.5607,9.6014,0.03895,0.42045,1.99929,-0.722587,-0.064406,0.0124,1.99975,-0.216371,1001.4943,-277.842,0.01151,1.99974,0.3392070484581498,91.0,1.3879726066972542
Cc1cc(C=O)cc(C)n1,-439.406043,2.0033,1608.931,1393.758,0.162867,1.9379,0.17474,0.09387000000000001,-0.26861,-0.08087,135.1652,1032.413,-0.108462,-0.036927,0.01846,-0.15049,1.99881,179.9599,53.4312,0.6148521082441787,0.897702,0.096509,0.03803,0.20578,1.99927,0.199333,132.2529,6.184,0.03857,0.42601,1.9993,-0.6709,-0.065561,0.0123,1.99975,-0.199496,1056.5719,-309.0137,0.01157,1.99974,0.34015103838892385,98.0,1.3879726066972542
Cc1cc(C=O)cc(F)c1F,-582.3466464728599,2.848214718330566,1821.096873339675,1151.8010377624514,0.13159673969894875,2.3640363166598792,0.17430786300771733,0.10011614946041215,-0.27442401246812953,-0.0741917135473052,156.1316,1194.8343386808901,-0.31368245073691386,-0.04996244640449693,0.01684130150525613,-0.17381810171829637,1.9988200000000003,164.18987273844817,63.741197992875854,0.618186788198304,0.9582060684210496,0.08383463311563491,0.038005325376314035,0.18150389311284001,1.99926,0.19498408613313448,127.86878509970967,10.159506705200233,0.038996626881570164,0.42083503268955447,1.9993,-0.705849849098928,-0.05701319781022024,0.012400650752628067,1.9997500000000001,-0.2091920954842316,1011.4718411738204,-285.6522613426811,0.011565976128942099,1.99974,0.3404657016991819,96.5,1.3879726066972542
Cc1cc(C=O)cc([N+](=O)[O-])c1,-588.3436997899702,4.931342976968662,2262.3826817955082,1159.6657162545207,0.15139426662042857,3.732891399490846,0.19348722420918468,0.09195664425075496,-0.28544386845993963,-0.10153057995842968,165.1482,1371.0563866926857,-0.2989221958323857,-0.08547009128198083,0.017652779349235415,-0.17872456156331917,1.9988000000000001,167.595344062607,58.19434583276086,0.6177187933864986,0.9202956351256489,0.11393141529524212,0.0371578500648291,0.2205516975364943,1.99926,0.20123000498178809,129.11645256115682,8.96529518409471,0.03876779349235415,0.4236798868550501,1.9993100000000001,-0.6824356854378661,-0.04215945261602416,0.012038366333943718,1.9997500000000001,-0.20052631760810521,1036.287357213521,-298.33524307402473,0.011576676095412493,1.9997400000000003,0.34051799724020626,98.0,1.0424183450746618
Cc1cc(C=O)ccc1Cl,-843.6746890776966,2.421663178066151,1931.6233482543998,1312.453665881539,0.13767267386770218,2.2856050311189477,0.17148712368371755,0.097382883268613,-0.26887000695233054,-0.07410424041510455,154.5957,1185.3688030468982,-0.3587107345056236,-0.04798112229325144,0.017385651569362563,-0.18006902090787352,1.99879,170.7259310464113,61.17871940549017,0.6166528704557949,0.9936749313923394,0.08852583829887624,0.0378222822308516,0.19100282926084655,1.99925,0.19457106721719447,128.5466289454476,9.049814250589192,0.03889782578468128,0.4206308710765936,1.9992999999999999,-0.7250618242246853,-0.056673643548741486,0.01226445644617032,1.9997499999999997,-0.21109189337493323,1016.9590999338766,-286.93447076459444,0.01153,1.99974,0.340517012633387,98.0,1.2986306846030446
Cc1cc(C=O)ccc1F,-483.25403011215604,1.8178965857855987,1564.4790294011104,1268.2380895643128,0.13878411289724807,2.432880188597152,0.16775951403682351,0.10138838506434283,-0.2691478991011663,-0.06637112897248067,138.1411,1204.8548946569508,-0.3759621834987157,-0.05279266897525226,0.017189919623836977,-0.1830808074678286,1.9988000000000001,168.80060336329444,63.46212031641266,0.6172285808105358,0.965572033007725,0.0770933035763203,0.03819217756879832,0.17513225794496134,1.99925,0.1928534409570371,127.65880133648736,9.764662037893462,0.03897330654127899,0.41988225794496137,1.9992944355137596,-0.7146561301778007,-0.0626490792643035,0.012408871027519329,1.9997500000000001,-0.21487594225420653,1004.1543845248493,-279.65870202455113,0.011525564486240336,1.99974,0.33938087785270066,95.0,1.3879726066972542
Cc1cc(C=O)ccc1[N+](=O)[O-],-588.3403108833099,7.023885709290429,2249.40307080986,1202.2445079996287,0.15153310581126733,2.417462307300458,0.1984425885633816,0.08872000000000002,-0.2871625885633816,-0.1097225885633816,165.14820000000003,1270.8443487660743,-0.22284476038876194,-0.0587867911662088,0.01720235239436403,-0.19190952766196492,1.9987800000000002,173.76155033041687,57.287741589583774,0.6167382302626059,0.94434246815492,0.13844006926764704,0.0360737647605636,0.26036941422536186,1.9992500000000004,0.20047279004794114,130.060097674662,8.377106759717126,0.03877494095774561,0.42319188470423474,1.9993100000000004,-0.6895460546843043,-0.03081798149579456,0.011610000000000002,1.9997500000000001,-0.19785878930704653,1055.1662693385354,-311.62375446108155,0.01159,1.9997400000000003,0.3402297042164884,33.5,1.3879726066972542
Cc1cc(C=O)ccn1,-400.173534,2.1754,1233.2196,879.366,0.133783,1.362,0.17851499999999998,0.09400499999999999,-0.27252,-0.08451,121.1384,973.584,-0.133509,-0.050303,0.01811,-0.159,1.99881,183.1809,54.3703,0.6140654499685336,0.887952,0.100812,0.038,0.20745,1.99927,0.202542,132.7744,6.4365,0.03855,0.42526,1.9993,-0.658761,-0.065673,0.01231,1.99975,-0.198182,1060.3097,-310.7207,0.01159,1.99974,0.3398363750786658,99.0,1.3879726066972542
Cc1cc(C=O)cnc1F,-499.2837417608307,2.700980872523142,1515.8886303974996,1226.0065716356628,0.1271170751188558,1.6184055068258751,0.17695676428389728,0.09960200618898221,-0.27655877047287947,-0.07735475809491507,139.1289,1254.4877119892153,-0.41431814178704807,-0.13923596580864359,0.01671286285762739,-0.22612339214279656,1.9988222026190678,166.20935609109355,65.25399071652669,0.6112147652025053,0.9470074690003102,0.09198225394262163,0.038468281191102044,0.18588978356821853,1.9992622026190678,0.19981209621487322,134.87366144478963,10.454029504033489,0.03889184976228835,0.4176767388105938,1.9993022026190679,-0.6929695115692919,-0.06838810110280086,0.012371849762288353,1.9997500000000001,-0.21030966772859636,1035.837294769231,-290.65766013277937,0.011578810476271233,1.9997477973809321,0.3384522685758037,97.0,1.0668259850449504
Cc1cc(C=O)cs1,-704.9886047510845,0.8778760992763256,1216.1913712193798,942.1896679996389,0.11212029281225758,3.4591236015827453,0.1571291913893058,0.09882135371137915,-0.25595054510068493,-0.05830783767792667,126.1728,957.7819385753126,-0.3784806507727573,-0.08179912555254239,0.01855,-0.2062709865003198,1.9987600000000003,124.23502277939183,52.1642649078067,0.6056135031393521,0.9906952926988812,0.0752974442941941,0.038104411480925554,0.160408383995007,1.9992227942595373,0.1933340926258975,131.8190753882136,16.152491992545595,0.03847558851907444,0.41486046912883245,1.9992655885190747,-0.727320215259091,-0.0691361392872385,0.012480736854909424,1.99975,-0.219525900628394,989.2756130216162,-276.3957005042755,0.011514411480925558,1.99975,0.33352925792198057,90.0,1.3879726066972542
Cc1cc(C=O)sc1Br,-3278.383339,1.2792,2277.053,1170.843,0.103677,2.5582,0.1668,0.08833000000000002,-0.25513,-0.07847,205.0689,1196.862,-0.400889,-0.010398,0.01933,-0.34751,1.99879,117.739,54.1594,0.6123348017621145,1.073626,0.105253,0.03612,0.18577,1.99918,0.186536,131.8333,21.1765,0.03979,0.39269,1.99922,-0.777508,-0.054612,0.01215,1.99975,-0.213907,984.4415,-261.5716,0.01157,1.99975,0.3329137822529893,95.0,1.324397028287747
Cc1cc(Cl)c(C=O)c(Cl)c1,-1303.184525,1.6540020132324722,2402.3749444636105,1396.5343598204122,0.1289205050330812,4.511843946121761,0.17117252516540593,0.09111747483459409,-0.26229,-0.08005505033081181,189.0408,1237.5513709546362,-0.5049020402646494,-0.1067110503308118,0.02156,-0.22802,1.99859,167.09275150992437,69.4085525165406,0.6696035242290749,0.8659769899338376,0.11266802013232473,0.03904,0.20916,1.9992800000000002,0.19875551509924355,136.02794647684317,11.750602013232474,0.04006,0.40757,1.9993399999999997,-0.6470799899338376,-0.05274597986767528,0.01216,1.99974,-0.19090698993383765,1095.6430335633286,-321.1443597353506,0.01186,1.99974,0.3773599748269352,62.5,1.3635649667269656
Cc1cc(Cl)c(C=O)c(Cl)n1,-1319.212057,2.4715,2344.4296,1208.078,0.116561,4.491,0.179385,0.08957499999999999,-0.26896,-0.08981,190.0286,1722.63,-0.587131,-0.157806,0.02186,-0.26926,1.9986,157.4919,72.7553,0.6653555695405916,0.854331,0.127255,0.03892,0.21955,1.9993,0.204212,138.5528,12.8943,0.04011,0.40476,1.99935,-0.632594,-0.048955,0.01218,1.99974,-0.183999,1121.37,-331.8243,0.01194,1.99974,0.37531466331025803,87.0,1.3879726066972542
Cc1cc(Cl)c(Cl)cc1C=O,-1303.189333,4.2772,2519.3265,1304.363,0.129394,3.6087,0.17629,0.09161000000000001,-0.2679,-0.08468,189.0408,1414.902,-0.372649,-0.074604,0.01749,-0.17624,1.99875,159.5819,63.4828,0.6516677155443675,0.939071,0.089022,0.03802,0.19655,1.99926,0.187915,143.7559,11.4361,0.03827,0.41803,1.99931,-0.700632,-0.053117,0.01227,1.99975,-0.206479,1058.1959,-296.1577,0.01155,1.99975,0.34518565135305224,98.0,1.3879726066972542
Cc1cc(Cl)cc(C)c1C=O,-882.898642,2.7342,2266.9396,1355.533,0.16703,1.8645,0.16872,0.09472,-0.26344,-0.074,168.6225,1219.979,-0.440157,-0.033689,0.01796,-0.1809,1.99872,162.8571,66.402,0.6798300818124606,0.929975,0.05504,0.03792,0.18523,1.99927,0.157143,144.6528,7.8439,0.03794,0.41065,1.99932,-0.711116,-0.072771,0.01214,1.99975,-0.223401,1076.4975,-313.9075,0.01179,1.99975,0.3925424795468848,95.0,1.3879726066972542
Cc1cc(Cl)cc(C=O)c1,-843.672793,3.3548,1926.9936,1197.9650000000001,0.137561,4.12365,0.172435,0.096615,-0.26905,-0.07582,154.5957,1175.573,-0.253413,-0.070127,0.01752,-0.16314,1.9988,167.204,57.8715,0.618313404657017,0.937076,0.088821,0.03789,0.19255,1.99926,0.196195,128.28,8.7382,0.03883,0.42383,1.9993,-0.693723,-0.053126,0.0123,1.99975,-0.20546,1024.98055,-292.6123,0.01156,1.99974,0.33999370673379486,99.0,1.3879726066972542
Cc1cc(Cl)cc(C=O)n1,-859.6984655065188,1.6872135434047388,1877.04927377157,1345.9743528096478,0.12544670367215727,3.4581293827185826,0.1789024743365303,0.09490324954016952,-0.2738057238766998,-0.0839992247963608,155.5835,927.220647194528,0.00018953926353073886,-0.09459529792214175,0.027219449855481852,0.08065436101868897,1.9988399874967153,152.5420988810517,41.56243112683112,0.5980146704017062,0.8569344135870881,0.11848270255764329,0.038850087522991524,0.20295033758868156,1.9993100125032843,0.22097468137440124,130.58490659943868,4.420990356228872,0.039020512634664634,0.4149791096391976,1.9993500125032844,-0.6636480848953888,-0.06796149278296133,0.012001137798889805,1.9997499874967153,-0.1964143233907584,1046.3869740608845,-305.11466791686786,0.011450775203639208,1.9997499874967153,0.34044603007472723,99.0,1.3879726066972542
Cc1cc(Cl)nc(Cl)c1C=O,-1319.219247,3.6648,2460.1963,1216.771,0.117142,1.9186,0.186245,0.092335,-0.27858,-0.09391,190.0286,1359.921,-0.54036,-0.122724,0.01982,-0.24697,1.99865,154.0684,69.8716,0.670075519194462,0.879079,0.111046,0.03778,0.21221,1.99928,0.193802,144.4887,6.203,0.03857,0.4104,1.99933,-0.682999,-0.068024,0.01192,1.99975,-0.215536,1107.2196,-330.369,0.01188,1.99975,0.39269981120201386,99.0,1.3879726066972542
Cc1cc(Cl)ncc1C=O,-859.6991853119792,3.327979684711413,1897.779284502034,1191.6063842318583,0.12556577191504795,1.050139427767626,0.18032058772246395,0.0952552957293989,-0.27557588345186285,-0.08506529199306506,155.5835,1283.7240095227085,-0.47564266299366664,-0.11744615417736853,0.017360735275802286,-0.22676896837207647,1.9987607352758021,167.01596688536264,67.0747505008137,0.6441389325299648,0.9599841287239508,0.08638597939107645,0.037937499065916536,0.2042522070728515,1.99928,0.18072337230513352,134.54418503989268,7.110359574602692,0.03849779417259314,0.4135995585854297,1.9993199999999998,-0.7034971968011182,-0.07705807141032436,0.012103602602342271,1.99975,-0.21553396445211084,1061.409018568481,-312.92085700330864,0.011783014879878293,1.999740367637901,0.3834404191707649,96.5,1.3879726066972542
Cc1cc(F)c(C=O)c(Br)c1,-3056.641601454093,1.5324723094264447,2520.8432695359033,1208.6330230567123,0.13001058265078774,4.728711217707303,0.17005093103814325,0.09219101580818193,-0.2622419468463252,-0.07785991522996133,217.03720000000004,1258.4481771419082,-0.5229008299161821,-0.15118325193094714,0.02085025431011605,-0.2694297004403001,1.9986300423850194,152.34024628560803,74.320606466501,0.6604002892545523,0.9041694302344849,0.11347934048326458,0.04015944899474856,0.20162659230278984,1.99929502119251,0.20121342728767086,137.0830526343259,13.281306530153559,0.04067902514455515,0.40534055100525146,1.9993500000000002,-0.6609042822847955,-0.055125510198376526,0.01241961853482593,1.9997500000000001,-0.1914709265423573,1096.57247711367,-317.1202115559039,0.01180067816030946,1.99974,0.3698882328891544,99.0,1.3879726066972542
Cc1cc(F)c(C=O)c(F)c1,-582.345837,1.483,1749.5102,1236.629,0.131612,4.9095,0.168675,0.096415,-0.26509,-0.07226,156.1316,883.306,-0.534532,-0.225431,0.01883,-0.31267,1.99874,132.741,82.6472,0.6468691000629326,0.969469,0.105539,0.04132,0.1793,1.99932,0.200091,142.2157,15.9088,0.04158,0.39972,1.99937,-0.682407,-0.04186,0.0125,1.99975,-0.196975,1108.0998,-317.1353,0.01154,1.99974,0.35549087476400254,99.0,1.3879726066972542
Cc1cc(F)c(C=O)cc1Br,-3056.648745,1.7085,2696.5645,1162.284,0.130228,3.7158,0.17236,0.09293000000000001,-0.26529,-0.07943,217.0372,1263.352,-0.435178,-0.160469,0.01807,-0.23994,1.99875,143.5667,71.7792,0.6343612334801763,0.956157,0.105604,0.03914,0.18781,1.99928,0.206183,148.4712,13.9787,0.03953,0.41431,1.99932,-0.691513,-0.053561,0.0122,1.99975,-0.20939,1068.7895,-290.4566,0.01147,1.99975,0.34251101321585903,99.0,1.3760900883317666
Cc1cc(F)cc(C)c1C=O,-522.477375,2.0714,1808.9191,1341.813,0.168096,1.9612,0.16346,0.09716000000000001,-0.26062,-0.0663,152.1679,1359.016,-0.448736,-0.028533,0.01786,-0.18401,1.99872,160.2914,68.0664,0.6792007551919447,0.899015,0.042658,0.03829,0.16894,1.99927,0.154583,143.6067,8.6877,0.03798,0.40989,1.99932,-0.700785,-0.07808,0.01227,1.99975,-0.227305,1062.5864,-304.5022,0.01178,1.99975,0.3919131529263688,79.5,1.3879726066972542
Cc1cc(F)cc(C=O)c1,-483.2511691789224,2.448654657839639,1571.6954070450768,990.9683794427069,0.1386020223653058,3.5127562504940766,0.1723979825233618,0.09835110446794454,-0.27074908699130634,-0.07404687805541726,138.1411,1159.242730386009,-0.2273040474900808,-0.06204825211640691,0.01717555453352993,-0.1630506433644824,1.9988199999999998,168.9849367571062,57.2739049380893,0.6184217629585884,0.9387229104876106,0.08714824814756233,0.03787133272011795,0.1912483976356708,1.99926,0.195339832745701,128.8947243786833,8.631914672863928,0.03887555453352993,0.4229753400787024,1.9992999999999999,-0.6976019985859601,-0.05457534530808851,0.012311332720117958,1.9997499999999997,-0.20740784988162075,1022.7623024630558,-291.61571957688136,0.01155133272011796,1.99974,0.339902797567841,97.0,1.3879726066972542
Cc1cc(F)ccc1C=O,-483.2521197743392,1.9361375943480827,1509.2255729409878,1194.1753872661025,0.13871608546092484,1.7081319432861082,0.16691188316831793,0.10032817265211905,-0.267240055820437,-0.06658371051619888,138.1411,1081.5909807411283,-0.42919147572045974,-0.03719727366338633,0.01758942881860991,-0.18472479489570537,1.9987510285590697,166.96839747582243,65.21858508910942,0.6487638197929919,0.9429929590108479,0.0563557756877904,0.037938170489282344,0.1704495962799209,1.9992689714409309,0.17170857278766422,125.75420594502636,7.653411663464826,0.038629143227914865,0.41504394244929366,1.9993089714409304,-0.7048315363914258,-0.07076537303950467,0.012285428386042569,1.9997500000000001,-0.22171088602133743,1014.8000616653047,-294.22921236219713,0.01173222890512338,1.9997410285590698,0.38242835519015517,86.5,1.3879726066972542
Cc1cc(F)ncc1C=O,-499.2835844991457,2.9436576987952767,1465.2879138234107,1311.5115532053767,0.12693414960915736,1.0692741774356125,0.17583641261586003,0.09870959996370124,-0.27454601257956124,-0.0771268126521588,139.1289,987.5892820887898,-0.4728771741816505,-0.11054888503323494,0.017179656692722842,-0.22704324731250006,1.9987606866145544,166.7457915504996,66.94189981282905,0.6441860131309481,0.9249168840652681,0.07157857339850286,0.038126733878656,0.18137364411316156,1.99927,0.1793223702959611,133.26141654885805,7.952166000720785,0.038527940156337044,0.41349304567653206,1.99932,-0.6878829435642931,-0.07614405919653551,0.012242015754700561,1.99975,-0.21866504549503826,1046.5136139942674,-303.45408482129164,0.011783477161733983,1.9997403433072773,0.38354300896352156,97.0,1.3879726066972542
Cc1cc(I)c(C=O)cc1C,-720.562742,1.1383,2789.8394,1285.84,0.16631,3.9697,0.16225,0.0902,-0.25245,-0.07205,260.074,1382.278,-0.442183,-0.06701,0.02089,-0.1959,1.99863,172.1936,60.6674,0.6511957205789805,0.905526,0.09502,0.03865,0.19678,1.99924,0.198548,130.9395,7.906,0.0386,0.4207,1.99929,-0.716605,-0.077454,0.01241,1.99975,-0.211977,1022.9829,-285.8245,0.01152,1.99975,0.34550031466331027,92.0,1.2215342150269244
Cc1ccc(-c2ccc(C=O)cc2)cc1,-614.7723084487881,1.4847624731455502,4650.520436598965,1738.6962378644034,0.23204544878807448,4.122515717468094,0.158195,0.08607499999999998,-0.24427,-0.07212,196.2482,1828.7807476361559,-0.4685837372909275,-0.06934765363577654,0.01732,-0.18897,1.99879,173.00680390926703,60.75046145431061,0.6155873477205371,1.0957985848347858,0.09418620484770204,0.03755,0.19914551211925513,1.99924,0.1937435512119255,128.24972587945325,8.497906333118062,0.03887,0.41832,1.9992900000000002,-0.7792979202593889,-0.0571030781853408,0.01212,1.9997500000000001,-0.21537662939726632,1013.5484784212678,-284.8030745120007,0.01151,1.9997500000000001,0.3398716793639466,97.0,1.3879726066972542
Cc1ccc(-c2ccc(C=O)cn2)cc1,-630.7972075885848,1.1860598264750752,4576.496500809475,1557.8537425589766,0.22019143787817394,3.3140769513788526,0.16515088709762238,0.08076608996990384,-0.24591697706752624,-0.08438479712771856,197.236,1549.8542816521679,-0.5770450387934292,-0.15039812298351046,0.01721520917298949,-0.2454343598796154,1.9988321736390995,168.16132148436267,66.23207274292659,0.6105117786996179,1.1261225236875068,0.12222929096249083,0.038199993699291945,0.2409074143156294,1.9992599999999998,0.19773869014590295,134.7326786620362,9.596191873138403,0.038776951864694036,0.41363564012038456,1.9992999999999999,-0.7883889876695445,-0.09449136539899536,0.01206086189479019,1.9997499999999997,-0.21373092339180438,1040.2573203910047,-292.1449782646608,0.011556520917298948,1.9997499999999997,0.3382390801187385,86.0,1.1512985958567945
Cc1ccc(-c2cccc(C=O)c2)cc1,-614.7716789638,1.3804531581662793,4306.580963709059,1809.4788754751648,0.23202056308527425,3.7561329735796187,0.15524731296093108,0.08759040882156247,-0.24283772178249355,-0.06765690413936859,196.2482,1697.356539095623,-0.29955670702543313,-0.06215413070353056,0.01766862148835459,-0.1723075933951913,1.99879,173.52101796427485,58.525404913816715,0.6178142992517816,0.967019932097477,0.0823056601040198,0.03815505840308035,0.1867126633794132,1.99925,0.19438441259432854,127.97166746160269,7.711687518651475,0.038825058403080356,0.4227419509613074,1.9992999999999999,-0.7248741598763814,-0.06131049541728065,0.012326436914725765,1.9997500000000001,-0.21201795443564986,1017.3090130966373,-287.00418014578406,0.011513563085274237,1.99974,0.33941409777033554,97.0,1.3879726066972542
Cc1ccc(-c2cncc(C=O)c2)cc1,-630.7924357067778,1.4504278062038733,4174.604320018184,1387.9972206440139,0.2201184139341383,2.7620130853398965,0.1639536512683363,0.08597272106509639,-0.24992637233343268,-0.0779809302032399,197.23599999999996,1501.0920924119978,-0.3640467138281819,-0.13886086223206784,0.017704496192440203,-0.2214670230974955,1.9988312713197838,170.18985601996687,64.34129168640263,0.612844117075141,0.9492617757624925,0.10370661866469552,0.03931432563416815,0.21901049594030342,1.999271271319784,0.20085399055929237,136.41548531455308,8.067049965211023,0.038731782994600145,0.4200512713197839,1.9993099999999997,-0.6841325306967203,-0.10633633602279202,0.012384325634168157,1.9997499999999997,-0.208536920006122,1051.7614353731135,-298.18808023523763,0.011556356598920028,1.9997487286802156,0.33871505160818116,99.0,1.254684715944833
Cc1ccc(-n2cccn2)c(C=O)c1,-608.7607277873615,1.879683950649166,2939.398783686711,1425.2452334656052,0.20187794215949084,4.166829926642329,0.1611380914362146,0.09116639525949029,-0.2523044866957049,-0.06997169617672433,186.21280000000002,1419.9769303695214,-0.2874231463726473,-0.07076582610607648,0.018692310493101296,-0.1762867620746207,1.998774807433561,161.8528795649285,65.81324369273392,0.6585757144640351,0.8717895631081389,0.11977431748276607,0.03731270701341122,0.21070201857487436,1.999268459164313,0.20899145799918667,150.33108126942182,8.80941918705631,0.03819595233351701,0.42059993027201836,1.999318075661605,-0.6941513928623606,-0.06997633533628166,0.01195941231291528,1.999749808248646,-0.2182536013377882,1056.8120916837765,-286.92743374378836,0.01143691017777195,1.999749808248646,0.34959393357103485,83.0,1.2227191706500702
Cc1ccc(Br)c(C=O)c1,-2957.546773,0.6334,2299.2691,1115.314,0.137342,3.405,0.16982,0.09285000000000002,-0.26267,-0.07697,199.0467,1374.69,-0.358327,-0.078528,0.02006,-0.19345,1.99865,168.3474,61.6171,0.6486784140969163,0.868221,0.104282,0.03829,0.19956,1.99925,0.202945,139.2984,8.8072,0.03869,0.42071,1.9993,-0.685397,-0.063605,0.01223,1.99975,-0.209995,1053.1852,-293.6484,0.01151,1.99975,0.3448709880427942,99.0,1.1870088832534322
Cc1ccc(Br)c(C=O)c1F,-3056.6422211914514,1.4705866349174477,2538.8499053093788,1500.6169430518296,0.13013447962922015,4.411504455917928,0.17065372186167593,0.09218723924532121,-0.2628409611069972,-0.07846648261635475,217.03719999999998,1186.8539056645486,-0.4405512583067066,-0.11977183186326448,0.020949215040151486,-0.2553750023106961,1.9986428488282533,152.14147465892378,72.75257188142885,0.6607481304554261,0.8661018811040888,0.10963624001555322,0.04037436054572195,0.2006247365495091,1.9993064244141263,0.20232430945634072,139.90037622610015,12.969552341133909,0.04059732577843145,0.4075313953130124,1.9993499999999997,-0.6374818811376295,-0.05822199328221106,0.012460058202228189,1.9997464244141265,-0.18898767422156856,1106.9151713455603,-321.0977690236167,0.011852005666176413,1.99974,0.3744859189458688,99.0,1.3879726066972542
Cc1ccc(Br)c(C=O)n1,-2973.56387,1.4882,2237.7058,1206.018,0.124961,4.6934,0.17392,0.09037999999999999,-0.2643,-0.08354,200.0345,1642.237,-0.081446,-0.101863,0.02899,0.04924,1.99867,154.8384,46.6244,0.6250786658275646,0.791773,0.121741,0.03927,0.20871,1.99932,0.200652,134.523,10.8744,0.0394,0.40007,1.99936,-0.632368,-0.035169,0.01291,1.99974,-0.169708,1144.8408,-352.4848,0.01204,1.99974,0.32929515418502203,94.0,1.3879726066972542
Cc1ccc(Br)cc1C=O,-2957.548199671959,2.0506289135902334,2567.1647334708546,1129.5838022097919,0.1372520644937154,1.8558033020739222,0.1693601467246343,0.09248375307563621,-0.2618438998002705,-0.07687639364899806,199.04669999999996,1025.3151100828134,-0.3210255963645286,-0.05452568246612345,0.01798936063510019,-0.16476221154396803,1.9987411347912922,164.89173028144074,60.22218458502538,0.6514992361858708,0.9199022509052703,0.06943032920570887,0.03763376143401806,0.19006128430205416,1.9992688652087072,0.1759201509072459,126.88730177047643,6.426037815437913,0.03849141709605209,0.41954610019972943,1.999318865208707,-0.6974486149341496,-0.06208070422781843,0.012165887078096195,1.9997499999999997,-0.2125543953642593,1037.5277154376279,-308.70389733061404,0.011742765008977947,1.9997411347912923,0.3806665730893808,98.0,1.3879726066972542
Cc1ccc(C(F)(F)F)cc1C=O,-720.7019149310374,2.9055984690447447,2689.8811161103877,1264.8899985380945,0.15470698261455068,2.071997871384698,0.17831217623395204,0.0973764506191154,-0.27568862685306744,-0.08093572561483664,188.1489,1439.691037733449,-0.3511983184576279,-0.04784762829045342,0.018120493198288082,-0.17274222473038608,1.9987510928445078,170.0418123920673,61.51756701649096,0.6503866953529489,0.9094099974042709,0.07486369029615261,0.03750212773751802,0.19411792075891598,1.99927,0.17696247834579562,126.90021063464201,6.249479177576264,0.03848284328673314,0.41875546422253923,1.9993189071554922,-0.6829141277061318,-0.05956724479885666,0.012108578356633431,1.99975,-0.2120249266447911,1040.1881552279688,-309.91306510282124,0.011762678887303778,1.9997410928445079,0.3810940103098129,57.5,1.3879726066972542
Cc1ccc(C=O)c(Br)n1,-2973.5750522561066,1.48168212268668,2168.763321629827,1443.4728545749767,0.12516506036082925,2.9675210356673487,0.18039223358122122,0.09490988159165387,-0.2753021151728751,-0.08548235198956734,200.0345,1112.5980008825802,-0.504235583853713,-0.1435952411730019,0.01960247548561749,-0.2486721456990992,1.9986601031452342,158.92242035042028,66.13659993521142,0.6437427119504998,0.8816633792724047,0.12512864038283447,0.038505260406937164,0.2101444454204727,1.9992603094357022,0.21389088714439508,140.68461675243807,8.443646373224931,0.038801655411449004,0.41676977335871584,1.999310206290468,-0.6894381519513751,-0.06663523089825385,0.012174435245064669,1.9997498968547658,-0.209214076323476,1069.5812817887902,-301.27838488674854,0.0115359824235756,1.9997498968547658,0.3451874342454704,99.0,1.131141686509662
Cc1ccc(C=O)c(C)c1,-423.378604,1.4972,1615.8003,1317.018,0.175301,3.737,0.161965,0.09839499999999998,-0.26036,-0.06357,134.1774,1334.122,-0.405602,-0.081584,0.01758,-0.18103,1.99876,165.9828,64.0961,0.6505663939584645,0.945949,0.069355,0.03857,0.17653,1.99925,0.181681,144.0292,10.3975,0.03827,0.41551,1.9993,-0.722595,-0.068134,0.01235,1.99975,-0.220158,1041.969,-284.0169,0.01146,1.99975,0.34282567652611706,72.5,1.3879726066972542
Cc1ccc(C=O)c(C)c1Br,-2996.7765535861918,2.0131680070634586,2568.2657430541653,1490.2386321262106,0.16670539444623728,2.9230262630489987,0.16611855224223354,0.09592345748259239,-0.26204200972482594,-0.07019509475964114,213.0735,1072.1017529096189,-0.38642942924337165,-0.0755102507453137,0.017657016315613283,-0.16601115029726835,1.998743173203669,166.56946833579275,62.1201074724759,0.6510965650895046,0.9582582684883503,0.06484877477564287,0.03775394446237279,0.18287030405128551,1.9992668267963312,0.17593966097656683,128.12499614238772,7.956220663357038,0.03855355224223353,0.4183591051298876,1.999313653592662,-0.7117004381260046,-0.06596285892983397,0.012234905240358866,1.9997500000000001,-0.217018444213511,1024.2725727896561,-296.00641501708606,0.01169749670460632,1.9997431732036692,0.37333089220320914,75.5,1.3879726066972542
Cc1ccc(C=O)c(Cl)c1,-843.6712948782886,0.6761088429601856,1821.9190258398137,1229.546830240609,0.1376489777605752,3.8742738292488292,0.17119659124505607,0.09760096241821416,-0.2687975536632702,-0.07359562882684191,154.59570000000002,1325.913106737799,-0.438011674762303,-0.10627022672294242,0.01924808895769927,-0.2051859589696823,1.9986803370399044,165.68990652256045,65.01169751777823,0.646489929556141,0.9188342760780884,0.10096990199891923,0.03821628911252262,0.19123885699197218,1.9992606740798085,0.20190981166180721,142.7696010771909,10.691800801603373,0.03880718558657906,0.41659214723067656,1.9993010111197127,-0.7031649875225102,-0.06268504267738509,0.012136403758178586,1.9997496629600962,-0.21391104242415404,1054.3583183401254,-289.6987588891729,0.011461459356740627,1.9997496629600962,0.3455620891230613,95.0,1.3879726066972542
Cc1ccc(C=O)c(Cl)c1Cl,-1303.189598196371,1.1367244044551346,2317.5317462932635,1554.9897764251855,0.1293940377820847,3.052431714035416,0.17573341107130577,0.09533707469835492,-0.2710704857696607,-0.08039633637295086,189.04079999999996,1190.256976009433,-0.4069198660767508,-0.1191540102249447,0.019287313254112683,-0.19357824481901292,1.9986902925301644,162.71093278975113,63.28810441744168,0.6477490806309041,0.9144282397889552,0.10483710953348929,0.03828135470200904,0.19614189978791685,1.9992608775904932,0.20430879574519253,140.392074986688,10.307610595903055,0.038961539283360054,0.4183632264899548,1.999310877590493,-0.705267972756614,-0.05757811666255901,0.012145265542961133,1.9997497074698352,-0.20885390654960348,1055.2128643905876,-294.14335419483655,0.01148111614625128,1.9997497074698352,0.3471392708439367,89.0,1.0668259850449504
Cc1ccc(C=O)c(Cl)n1,-859.6994069776258,1.527545742085053,1762.3359768098358,1349.9693818645421,0.12554934080273453,2.9574802186007587,0.18013257438090727,0.09551018736123994,-0.2756427617421472,-0.0846223870196673,155.58349999999996,1455.149679558119,-0.4917438531510085,-0.16290202620006478,0.019282426643892427,-0.24881573356107567,1.998690101110162,156.69024615538342,68.32626550298829,0.6406242748099196,0.8958006821517561,0.1234843276517178,0.038365763279244514,0.20736292228864706,1.9992703033304864,0.21381234449201345,144.16036576278142,9.566981451738908,0.0388337509820571,0.41571257933393535,1.9993103033304862,-0.6882448111018672,-0.06591333339039161,0.01205313441502772,1.9997498988898375,-0.2107992442358851,1073.6956884031981,-300.3200879281458,0.011493842186163014,1.9997498988898375,0.3440194193748109,91.0,0.9634398649569116
Cc1ccc(C=O)c(F)c1,-483.25096208133016,0.5987918089211693,1542.0742224162846,1054.6384910347863,0.1389102826955118,4.069639924502684,0.16819127187560456,0.09916112591675227,-0.2673523977923568,-0.06903014595885229,138.14109999999997,947.0079965959018,-0.4583360924406064,-0.1554834449201154,0.01798827753975692,-0.2491128211459215,1.9987599999999999,149.741905359188,72.85457143269966,0.6327691001954059,0.9711324629301086,0.09555079471333422,0.03944373102899385,0.17872717304488153,1.9992817224602428,0.20175662283029203,146.9689853887576,13.11848005950534,0.0397074620579877,0.4117200515575491,1.9993217224602429,-0.7121323356324673,-0.06001591482051891,0.012261004284375387,1.999749138769878,-0.21594213150764086,1060.5224438959199,-287.07361471273646,0.011428085832552308,1.999749138769878,0.3431448412288813,98.5,1.3879726066972542
Cc1ccc(C=O)c(F)c1F,-582.3449256276331,0.9784088772064142,1762.4906390039628,1153.1681732621666,0.13184952828278623,3.3198907049290685,0.17458079016316191,0.09897131397296888,-0.2735521041361308,-0.07560947619019301,156.1316,1197.994708626054,-0.40444003713360666,-0.15407043516038205,0.017628575276569556,-0.23925115536356154,1.99879,146.5937596180947,70.58025330441531,0.6334905174187514,0.9625052992347328,0.09733223073526914,0.03938671356432082,0.17951005988500182,1.9992807123617151,0.20347264615077007,148.34731854547124,13.556742998798862,0.039661290043495986,0.41246988624302444,1.9993210685425729,-0.7015890959817512,-0.05577518544728287,0.012302466330016387,1.9997496438191422,-0.21070185079068693,1070.5079412201612,-292.2398601763626,0.011457835978867443,1.9997496438191422,0.3418187728540844,98.0,1.3879726066972542
Cc1ccc(C=O)c(OCc2ccccc2)c1,-729.086201674563,2.567299037183728,4630.692458731179,1811.1900096986437,0.26770586740156577,5.1272837694023385,0.15056218683061884,0.09337884147460711,-0.24394102830522596,-0.057183345356011744,226.2744,1884.7246385492479,-0.4889083372776517,-0.11775941446965862,0.018490895768747805,-0.21927422906512184,1.998781344555849,150.9700275136353,72.08358766053131,0.6428085712482396,0.972544180688997,0.09727517469912035,0.03870891119714816,0.1809332522043416,1.9992606468491132,0.2022289620058757,151.52176903503457,11.599602975224993,0.038762673762644535,0.41212690129592083,1.999310646849113,-0.7530231540370541,-0.07162316894470808,0.012079251435641388,1.9997496765754434,-0.22765215539196398,1046.6340512181723,-275.8163980550424,0.011297813046979948,1.9997493531508868,0.3448465345014913,89.5,1.3879726066972542
Cc1ccc(C=O)c([N+](=O)[O-])c1,-588.3369196197154,3.985842648093429,2076.1949031918925,1282.5382814061295,0.15163945933492576,5.2070499328861635,0.19081886899656342,0.08756148923903305,-0.2783803582355965,-0.10325737975753038,165.1482,1264.5402196111368,-0.28630630795753625,-0.1232542077672276,0.0190391106565397,-0.21518010823318556,1.9987399476856789,166.17801672592398,67.30604322695835,0.655287989752083,0.8829905750840127,0.18308610384696358,0.03563847492003348,0.2977516488591089,1.9992701046286425,0.21736135692614222,150.90616999539446,10.629881902537717,0.03830507448915585,0.42073781059686055,1.9993201046286424,-0.671529425953996,-0.044791400657283854,0.01103701011904004,1.99975,-0.20808234464512,1073.2261726926406,-298.88958720077494,0.011422877287665688,1.9997499476856788,0.3505275384563723,29.5,1.3879726066972542
Cc1ccc(C=O)c2ccccc12,-537.5133808292754,1.4208003206620863,2285.7831640030618,1453.385045785475,0.19603141935867244,3.7136331116412364,0.15813489934679129,0.08078763628265938,-0.23892253562945065,-0.07734726306413191,170.21039999999996,1734.2202783812788,-0.38651172761269487,-0.054480287886368585,0.01796950237529671,-0.18082050890738385,1.9987604976247033,170.91982583130294,65.1461511639132,0.6427937617438557,0.9774372629451167,0.1036591740499704,0.036041741686461515,0.23174930106887925,1.9992597511876482,0.18282525504757974,118.19747464399397,5.279248313608062,0.03828850712589013,0.41625050890738385,1.9993195023752965,-0.7184903991095246,-0.06807011003555012,0.01155373218527467,1.99975,-0.21949648450119108,973.6336309686785,-283.3147563241755,0.011556516627076973,1.9997402488123517,0.3692682134745144,95.5,1.3879726066972542
Cc1ccc(C=O)cc1Br,-2957.5505789009276,1.9475508833984478,2348.0894032605433,1219.9838149120442,0.13723510807952163,3.2302828445109277,0.17021842384030994,0.0963779735089699,-0.2665963973492798,-0.07384045033134003,199.04670000000002,1152.7224239126574,-0.34163193019459936,-0.06900669403911394,0.017415315231938018,-0.17489900927105195,1.99878,165.7355616697597,59.86599493977661,0.6174487890675584,0.977960771412975,0.08779592913689875,0.037930090066268005,0.18764522516567003,1.9992500000000004,0.1967468297995788,128.10792977475347,9.330256184838852,0.03882018013253602,0.4218049549668661,1.9993000000000003,-0.7178898302609042,-0.05607609854404452,0.012314954966865998,1.9997500000000001,-0.20866551218781448,1017.3862082430282,-287.5839494603543,0.011544864900597994,1.9997400000000005,0.3404642846716802,99.0,1.3760900883317666
Cc1ccc(C=O)cc1C,-423.38160029424046,1.2305220342585952,1648.27483456788,1151.5695805911619,0.17515868188708106,3.9435795373861744,0.16109699128539923,0.10013866047837147,-0.26123565176377067,-0.06095833080702775,134.1774,1353.8504263553182,-0.36363406403838605,-0.05002321106475706,0.01748075596810857,-0.1753489295183812,1.99879,171.0478431792056,60.68872080331903,0.6159844013317963,0.991068949031208,0.0762517264126402,0.03815636225837877,0.17793453580865137,1.99925,0.1918119166365297,127.93051726069453,8.393844903351509,0.03884196854864898,0.42028924403189144,1.99929,-0.7304340858179672,-0.06484691265702167,0.01233878741945959,1.9997499999999997,-0.2174279238353471,1006.0473780009829,-279.59575757730187,0.01149,1.99974,0.33914981526712984,90.0,1.3879726066972542
Cc1ccc(C=O)cc1Cl,-843.6744040927174,1.8991573628874523,1882.147983538066,1145.5035496160392,0.13760646476740415,3.2464572794654254,0.17082129804300472,0.09765140930383373,-0.2684727073468385,-0.07316988873917102,154.5957,1135.354460891866,-0.3395964165543783,-0.06770766402312363,0.017279888739171023,-0.17490557484761637,1.99879,167.0843739890867,59.65664266666885,0.6180747814467673,0.977518510465061,0.08705621038180236,0.037939962913057006,0.18672538941290145,1.99925,0.1964838889060151,128.30925800706154,9.30427891049571,0.038824944369585515,0.42157494436958554,1.9993000000000003,-0.7165193323063073,-0.056300939313430415,0.012325018543471497,1.99975,-0.20916598499837877,1017.2815854898515,-287.50337340132,0.011540037086942994,1.9997400000000003,0.33967904342353683,98.5,1.3879726066972542
Cc1ccc(C=O)cc1F,-483.253344,2.4814,1558.5545,957.795,0.138719,3.9006,0.170575,0.09936500000000001,-0.26994,-0.07121,138.1411,1209.02,-0.318303,-0.063432,0.01687,-0.17429,1.99882,167.7664,58.8487,0.6164254247954688,0.97848,0.085283,0.03794,0.18486,1.99925,0.195093,128.8335,9.2692,0.03888,0.42033,1.9993,-0.715909,-0.0574,0.01235,1.99975,-0.210826,1013.4284,-285.9417,0.01156,1.99974,0.33999370673379486,97.0,1.3879726066972542
Cc1ccc(C=O)cc1I,-681.3355444909942,1.8126850563352517,2388.7555378010647,1105.7541062110313,0.1369497791827875,3.243572521745563,0.16601587721113917,0.09242407603186494,-0.25843995324300406,-0.07359180117927422,246.0472,1337.7804396015708,-0.34394885968336564,-0.07297613006724317,0.017595450294818554,-0.17568454970518146,1.99878,164.82723095398114,60.22172734249328,0.6169746686758384,0.9801740723454507,0.08822207879588742,0.03797,0.18822468306611295,1.99925,0.19703077397742202,127.91302166711787,9.28641170538295,0.038825450294818556,0.4219096397641452,1.9993,-0.7212060734260295,-0.05717085192096409,0.012309819882072578,1.99975,-0.2088660545650441,1016.5791303941721,-287.28425110545135,0.011544729823108868,1.99974,0.3398363750786658,98.0,1.364207569966279
Cc1ccc(C=O)cc1OCc1ccccc1,-729.0872773117993,1.5799575754515378,5290.117133926863,1925.1036908110768,0.2674206806329808,3.183148315721074,0.15273887370296313,0.0905029175585797,-0.24324179126154283,-0.06223595614438343,226.2744,1944.3830496887917,-0.2984238712902139,-0.04949502893523369,0.01745699700932375,-0.16411702574843057,1.9988114999985809,167.68351687822016,59.431669116601896,0.6184963146423209,0.9841391160058199,0.07601278574020454,0.03808858943928525,0.17786260144739663,1.9992446560626393,0.1919168106078819,127.33950176468969,8.532072468702127,0.03878512124143467,0.4210673986661193,1.99929,-0.7288215665991618,-0.06517951843602204,0.0123385924327994,1.9997500000000001,-0.21747050385495517,999.4031769732663,-276.829638794179,0.011500531807825216,1.9997453439373607,0.3409839424723019,87.0,1.339157326756677
Cc1ccc(C=O)cc1[N+](=O)[O-],-588.3412700487128,4.50015762810205,2160.53541935636,1274.0125214368563,0.151526344187767,3.762592239860616,0.1906542559601945,0.09313228788924541,-0.2837865438494399,-0.09752196807094908,165.1482,1229.3355689596235,-0.3803320132948993,-0.08468699545378665,0.017465516995294996,-0.18779891605429455,1.99879,167.5414698815855,60.16307353966769,0.6159941558322454,0.9573104724849891,0.10749852919311181,0.03746000713644507,0.20738139266236197,1.99926,0.20144988304169534,129.0201622640845,9.719916008101855,0.03879241502352501,0.42166929877886483,1.9993044830047049,-0.6980215394349469,-0.04528322794310688,0.012171728075280035,1.99975,-0.20198432626725987,1031.984021808471,-295.5098917059354,0.011587932018820008,1.99974,0.3394321819309706,97.0,1.3879726066972542
Cc1ccc(C=O)cn1,-400.1757732076122,0.7933916142433611,1306.4433455923188,1120.6907553730186,0.13387474455911413,2.7165731244397744,0.17026972330653015,0.09547194196388403,-0.2657416652704142,-0.07479778134264613,121.13840000000002,1116.25886455285,-0.4339783299883258,-0.14272729357312888,0.017065269949914863,-0.23233475957910266,1.9988325839378764,171.8573592285622,66.72896222840558,0.6104415394665698,0.9725375128840668,0.09854843068400809,0.03902493419841003,0.2057183077553659,1.9992625839378761,0.19944109616835895,134.85460073909178,9.0989566660113,0.03884651088177175,0.4166694305711528,1.9993025839378764,-0.7095663134056897,-0.09461976770113775,0.012389766322657616,1.9997500000000001,-0.21215317236153272,1039.8535526317191,-291.65697821090856,0.011560335751504832,1.9997474160621238,0.3386484640142032,97.5,1.3879726066972542
Cc1ccc(C=O)nc1,-400.1749433578249,1.185074837083618,1305.3750696065188,1006.7981543248887,0.13382338856460024,4.310989551083495,0.1688032702402431,0.09511458045895681,-0.2639178506991999,-0.07368868978128627,121.13840000000002,744.5833912296717,-0.12877202335636098,-0.10307306632025282,0.027158332448909788,0.05692605873077626,1.9988399602964027,163.1072569353405,43.84635963213034,0.5939232501324054,0.9078908409680144,0.11098817280990043,0.03922059555396079,0.19426528057845235,1.999300079407195,0.21807167142598788,131.1899190355738,4.104496349184037,0.03920170725468759,0.41030819741849384,1.9993400794071947,-0.6943727680508032,-0.08005547756933357,0.01202373213815428,1.9997499602964026,-0.20666638100179555,1034.175163050134,-295.7886538636964,0.01139266014102486,1.9997499602964026,0.3389850641546657,92.0,1.2696356012770242
Cc1ccc(C=O)o1,-381.97188681798764,1.4912888941024385,1015.2082919660527,1064.0023164183672,0.11512116678805043,4.471690230955477,0.15445766099665215,0.09510761400720882,-0.249565275003861,-0.059350046989443336,110.11219999999999,778.0586354149162,-0.268909634497576,0.07071720351121161,0.027672311867113043,0.17593284002575635,1.9987,94.88992945490395,42.61759001946923,0.574296914208827,1.0319206529642246,0.06622759342569765,0.036656020252382585,0.11010290886427838,1.999242311867113,0.1742094608467719,127.3338871776541,22.071438093686996,0.036959138923513025,0.3618031583775475,1.9992923118671129,-0.7528657990796199,-0.06754766435798354,0.012763335761008743,1.99976,-0.22224252656194715,1007.6821461883953,-262.0299246432119,0.01163640015966961,1.99975,0.3238350511913423,96.5,1.3879726066972542
Cc1ccc(C=O)s1,-704.9907018939954,1.6055338059088533,1166.7014230697032,1058.0757845443811,0.11216529879970258,4.318114363873288,0.16227421267291464,0.09361461785869413,-0.25588883053160877,-0.06865959481422051,126.17279999999998,975.3084079116112,-0.3786215218194428,-0.022497894842198357,0.01914112337944391,-0.3496671454624429,1.9988181123379443,106.65458207118957,49.89377512652989,0.6113908118313405,0.9995088538209357,0.10933323925011093,0.03582474219961266,0.17994736629243333,1.9991609438310276,0.19205200843933473,131.7426309093664,18.866202728732855,0.03914662986166827,0.3939284023013557,1.9992109438310277,-0.7251168507534921,-0.06401242937474762,0.012334898703555128,1.9997590561689722,-0.22262218722475452,945.893483674226,-253.97732126135617,0.0117292357173883,1.9997499999999997,0.3356060947049073,82.0,1.3879726066972542
Cc1ccc(COc2cccc(C=O)c2)cc1,-729.0849349087312,2.040364048545334,5499.486130229847,1987.6024465894905,0.2672821303031566,3.71803308434148,0.1547432345846978,0.09043153019460372,-0.2451747647793015,-0.0643117043900941,226.2744,2099.118795330411,-0.23140817251896578,-0.06140168062710891,0.01747391496195839,-0.16220865628453485,1.9988129482782524,171.28938381843798,57.96560446850746,0.6194199487760269,0.9460101537849672,0.07779583497510745,0.038121092248678885,0.18305329055006156,1.9992528884640495,0.19292221058722192,127.78983478472885,7.92576780534298,0.0388339061593882,0.42324660358497834,1.9992976804316709,-0.7076665802531998,-0.061092855171173285,0.01234535931829729,1.99975,-0.2130443005591425,1011.8862812789396,-285.0256494128806,0.01151271825928603,1.9997399999999999,0.34025220192650435,97.0,1.3879726066972542
Cc1ccc(Cl)c(C=O)c1F,-942.765978101299,1.4932758598580507,2013.5933066207847,1273.1568081157127,0.1304193078192267,4.4242449549328,0.17133647823574608,0.09376856818760382,-0.2651050464233499,-0.07756791004814226,172.5862,1249.744013234957,-0.4354061935157794,-0.13796567032640816,0.02037153909613352,-0.25681140912562295,1.99867,149.5338771603066,74.20427747153033,0.6592075275634557,0.8811874545140386,0.10766659583908765,0.04019923045193324,0.19605132452865884,1.99931,0.1992663317508949,140.43708168650943,13.244529560997641,0.040775164019256904,0.4053781287404848,1.99936,-0.6431167398564527,-0.045673742099109044,0.012276042913494933,1.9997500000000001,-0.19129989395372302,1115.8957044392446,-325.3008360758792,0.011664066432676336,1.99974,0.36873878762124035,99.0,1.3879726066972542
Cc1ccc(Cl)c(C=O)n1,-859.6920023512789,1.8802167256501052,1744.3878152794246,1244.8752625566372,0.12539869342801155,4.729078038380849,0.17230825985298187,0.0908755743173576,-0.26318383417033947,-0.0814326855356243,155.58350000000002,1325.429549267671,-0.1359431581539773,-0.11104077917985326,0.028814400405763625,0.05107462892875142,1.9987297128413213,158.4592168850037,47.645377997137714,0.6221051770826899,0.8309536008982089,0.12562354561815925,0.03970138523963635,0.21157648737823018,1.9993397128413213,0.21662055940745464,119.39830329149162,5.597171525541299,0.0402976521768121,0.4046688271194847,1.9993798564206606,-0.6248128604449579,-0.05549442353095627,0.011952060664509118,1.9997400000000003,-0.18122136990063242,1065.2102137502259,-325.12566771555134,0.011674738118200011,1.9997400000000003,0.3681980706695641,98.0,1.3879726066972542
Cc1ccc(Cl)cc1C=O,-843.670155,3.526,1882.4228,1128.61,0.137774,3.9987,0.171235,0.09265500000000002,-0.26389,-0.07858,154.5957,1333.812,-0.301624,-0.087644,0.01763,-0.16779,1.99876,162.7568,61.1938,0.6524543738200126,0.889065,0.082196,0.03821,0.19095,1.99926,0.187264,144.162,10.4093,0.0382,0.41956,1.99931,-0.679827,-0.056394,0.0123,1.99975,-0.208042,1060.9728,-296.9511,0.01153,1.99975,0.34502831969792325,95.5,1.3879726066972542
Cc1ccc(F)c(C=O)c1,-483.250138,0.2166,1497.9545,1184.066,0.138918,3.5459,0.168765,0.09673500000000002,-0.2655,-0.07203,138.1411,1168.278,-0.378799,-0.142795,0.01823,-0.23863,1.99876,149.8089,71.1128,0.6338892385147892,0.92907,0.09812,0.03923,0.18519,1.99928,0.20225,150.4399,12.6047,0.03953,0.41421,1.99932,-0.690135,-0.059342,0.01218,1.99975,-0.215185,1070.3863,-289.4168,0.01142,1.99975,0.342196349905601,99.0,1.3879726066972542
Cc1ccc(F)c(C=O)c1Br,-3056.640700991563,1.4419679018183822,2308.0336105391466,1507.0562417458095,0.13003313715885376,4.33509919153884,0.17059438230723517,0.0914210522168306,-0.2620154345240657,-0.07917333009040459,217.0372,1195.7846679988834,-0.4507469143866808,-0.14285725690808856,0.021120470167894215,-0.2578064235037856,1.998646190012915,153.5136015850608,72.05495846659898,0.6614148809330679,0.8633759896850812,0.11158088587161802,0.04024572957380701,0.20526112836888066,1.999306190012915,0.20137746949659818,138.95256090240343,12.522451017014056,0.04066144941882773,0.4067128501937241,1.9993500000000002,-0.6379215076773228,-0.05858019604957295,0.012390009728786275,1.999746190012915,-0.18897737061565892,1105.6714658127848,-321.27592321632983,0.011854270426192998,1.9997400000000003,0.3728526064510253,56.5,1.3213286613210435
Cc1ccc(F)c(C=O)c1F,-582.3459502352897,1.3370004711166086,1671.1708070929503,1092.2760551724882,0.1317100119355286,4.488467811955747,0.17030461494604282,0.09648940892501436,-0.26679402387105716,-0.07381520602102845,156.1316,1067.1997943284077,-0.4581823713704928,-0.20123949133342572,0.018842722365800056,-0.30033727763419993,1.9987499999999998,132.98875853735422,80.8760414855276,0.6481347503398381,0.9323510099587748,0.10430727900330661,0.041397396989485774,0.18083786300774207,1.999324674623686,0.2003109971117754,142.83647745940635,15.044270617294025,0.04154467462368572,0.4017765075262856,1.99937,-0.6625693483320996,-0.04067490565606004,0.012504023871057167,1.99975,-0.1944432676754252,1116.7231151887215,-323.6940506382196,0.01154,1.99974,0.3567015773739092,99.0,1.3879726066972542
Cc1ccc(F)c(F)c1C=O,-582.3415797472534,1.7100311430620965,1681.3794139807524,1109.49350661382,0.13171372070840426,2.560256285042569,0.17278581145531197,0.09464369789729009,-0.26742950935260207,-0.07814211355802189,156.1316,1493.5633329334385,-0.3661332897446488,-0.12075107859050176,0.018379320642064396,-0.23081649495948867,1.9987500377421077,147.89431640750774,71.25300584778384,0.6666053157392542,0.8897777558775796,0.07872426834099382,0.038885661316130055,0.18131370204353117,1.9992900754842151,0.1819301242172556,152.1000774323094,10.308594827714042,0.039134491310796514,0.4082326780311385,1.999340075484215,-0.6643336162766382,-0.06456012011587103,0.01212173613694655,1.9997500000000001,-0.21653297159485452,1108.8292884411453,-316.9865514094758,0.01170969806313973,1.9997499622578925,0.3892853991189228,95.0,1.3879726066972542
Cc1ccc(F)cc1C=O,-483.24978960610645,1.6679980618853445,1496.6819795570018,1365.0054192234988,0.1386682677085036,2.0423307185695423,0.1691701282171437,0.09517498983954696,-0.2643451180566907,-0.07399513837759676,138.1411,1177.788174666071,-0.28632891078344896,-0.04394586981506163,0.017509838155643474,-0.1640355699625475,1.9987714362783027,166.96167463286884,60.214224501549296,0.6506785312050758,0.9146173541272081,0.06650795357250484,0.03764623064628035,0.1858226434578233,1.9992685637216976,0.1756170282538329,127.49261263405228,6.554152195812889,0.03850691165091925,0.41854159812265923,1.9993185637216975,-0.6801961278771298,-0.06348146898718797,0.012210107896237686,1.99975,-0.21346791753032351,1036.3760792938529,-307.3971186593438,0.011735529320735396,1.9997414362783028,0.3797011167547583,91.5,1.3879726066972542
Cc1ccc(I)c(C=O)c1,-681.332067,0.6784,2341.3216,1283.379,0.137027,3.3009,0.16633,0.08928,-0.25561,-0.07705,246.0472,1471.191,-0.370009,-0.065376,0.02101,-0.19309,1.99864,175.1377,59.1265,0.6516677155443675,0.864401,0.099109,0.03861,0.20417,1.99924,0.200153,131.2958,7.4613,0.03864,0.42219,1.99929,-0.696118,-0.075376,0.01239,1.99975,-0.208422,1033.2325,-291.709,0.01154,1.99975,0.34628697293895533,99.0,1.0668259850449504
Cc1ccc(OC(C)C)c(C=O)c1,-576.9259241619413,2.739251713723174,2947.291054617471,1685.9696278244778,0.2404680004987938,4.701580886907118,0.14607164629800923,0.089042236307442,-0.2351138826054512,-0.057029409990567215,178.2304,1606.4398043654178,-0.4323275148364772,-0.10903300360028659,0.01865148660960833,-0.21037719676385316,1.9987899672767582,150.35275101323512,70.82577910459173,0.639779981564466,0.9194472216851156,0.10038534872849103,0.038466936856228755,0.1877476826571455,1.9992601423267105,0.20358045745229159,153.56212312561067,10.995314029653853,0.03869066420476526,0.41451079118663703,1.9993101423267103,-0.7261080525984274,-0.07290263646439309,0.011971998443124606,1.9997499489218475,-0.22815772217925592,1052.3429083118074,-277.2115038545386,0.0112710175764729,1.9997499489218475,0.3433891777931946,86.0,1.3879726066972542
Cc1ccc(S(=O)(=O)n2ccc3c(C=O)cccc32)cc1,-1294.4297759696528,5.743773619315919,6371.333082667895,2391.039768877036,0.2778800887779786,5.759596780855803,0.158751034730231,0.08502667354119703,-0.24377770827142803,-0.07372436118903394,299.3435999999999,2453.8336643696985,-0.33276007399327046,-0.07646560258648621,0.01770039591926496,-0.17487890818346163,1.9987503959192647,161.38516118383035,66.876074478618,0.636801431400507,0.9649877492986942,0.0912876485006415,0.03664514695044452,0.2058862387669828,1.9992599999999996,0.1838739903721588,124.86880255081812,6.803831989636393,0.038151583677059855,0.4193883082274448,1.9992999999999999,-0.6853995983024099,-0.061727596439010504,0.011902573475222259,1.9997499999999997,-0.22018167575212882,1000.7331479514326,-290.6259782960833,0.011587822444042701,1.9997401979596323,0.3714898170350424,98.0,1.3879726066972542
Cc1ccc([N+](=O)[O-])cc1C=O,-588.3438827460609,4.931863975371812,2261.9830610076283,1248.559364814921,0.15139094634867115,3.214362496122453,0.1920079808971908,0.0910035056218673,-0.2830114865190581,-0.10100447527532351,165.14819999999997,1247.8417093109451,-0.3753289729996505,-0.0604928995750023,0.018066738201771772,-0.17958222977858723,1.9987506028090103,166.27690124975877,61.046812709009195,0.6508470188347208,0.8999417361094305,0.09143835102501445,0.03710184157489216,0.21470634042743927,1.9992699999999999,0.1801542030577338,126.70259339876529,6.380325729946298,0.03847432696573028,0.4195859949422427,1.99932,-0.676952459619991,-0.05080127403043489,0.01193808427031122,1.9997499999999997,-0.20817354604546,1045.6625232898566,-314.2898682685017,0.011797341010782144,1.9997406028090103,0.38409801222943296,80.5,1.2696356012770242
Cc1ccc2c(c1)cc(C=O)n2C,-554.72562,7.2508,2738.326,1536.128,0.207315,2.4496,0.146775,0.080225,-0.227,-0.06655,173.214,1810.437,-0.356111,0.049933,0.02495,0.0833,1.99889,116.0405,60.4524,0.6249213341724354,1.160876,0.078428,0.04096,0.20718,1.99932,0.19194,129.1587,15.5948,0.03553,0.38378,1.99928,-0.848249,-0.305738,0.01286,1.99975,-0.234368,964.6166,-241.4846,0.01157,1.99975,0.3656387665198238,94.0,1.3879726066972542
Cc1ccc2nc(C=O)cn2c1,-531.5181910050175,2.1408995919640956,2325.987789556064,1258.0002465621276,0.1655742632651934,6.049550536533155,0.15018261540856356,0.08653445724558012,-0.23671707265414368,-0.06364815816298343,160.17500000000004,1378.3664251972102,-0.18477823247417113,-0.0733560325274033,0.027879079081491714,0.017715800611602207,1.9988800000000002,113.86486674500001,48.96515070163536,0.5729972515116009,1.0419388906647793,0.09333808401950276,0.03759029469392266,0.15725228387790058,1.9992600368367406,0.20024157849549726,139.0557096892265,9.12478788143649,0.037571657653314924,0.404297104790884,1.9993100368367405,-0.7513522305851382,-0.06485297578897779,0.012163425816850834,1.99975996316326,-0.2206932046467679,1027.7734428763456,-290.50309220423213,0.011322357551381218,1.9997499631632598,0.3295675097224009,65.0,0.7456793633926465
Cc1cccc(-c2ccc(C=O)cc2)c1,-614.7722272414655,1.6360457364321483,4395.445537369525,1707.5749731438555,0.23202556036639227,3.8655344687816573,0.16054479877869238,0.08775479877869238,-0.24829959755738473,-0.07279,196.24819999999997,1568.9358581886663,-0.4529791337920748,-0.06918952622866886,0.017319999999999995,-0.18859959755738473,1.9987899999999998,173.22479231165096,60.59971115729773,0.6178791596813433,1.0821819766773748,0.0946024829311383,0.03755,0.1997152012213076,1.99925,0.1940087243967074,128.30623458284808,8.434362864183909,0.03886479877869237,0.4185804024426152,1.9992899999999998,-0.7718277151997633,-0.05668889453356071,0.012119999999999999,1.9997499999999997,-0.2148664518466839,1014.6393029134713,-285.54231254413446,0.011509999999999998,1.9997399999999999,0.33982054583797794,97.0,1.3879726066972542
Cc1cccc(-c2ccc(C=O)cn2)c1C,-670.0207115718355,1.296052679296299,4582.198582170615,1989.8565515827536,0.24929893747399923,2.6892532060872196,0.1663130269536064,0.08547557257226392,-0.2517885995258703,-0.08083745438134246,211.2628,1823.7322439770187,-0.5077050194659124,-0.14470563002362985,0.017221936207237044,-0.23629217859049517,1.9988322376282726,169.98336225992276,67.09166212539013,0.6119293436243577,1.0704102184449906,0.11188234954997253,0.038765426760658084,0.22650186293510974,1.9992622376282725,0.19908893208131423,135.12913176172668,8.930565638224882,0.03881027730890701,0.41552784461833714,1.9993022376282725,-0.760483538388881,-0.09874114471813336,0.012242139645475922,1.9997499999999997,-0.21179732374214555,1044.9795456426414,-294.9861601698277,0.01155722683097505,1.999747762371727,0.3386916053396986,35.0,1.2845864866092154
Cc1cccc(-c2cccc(C=O)c2)c1,-614.7716285320731,1.6795877460728335,4096.20232052752,1765.4567761767307,0.231996660546719,3.6550252387539617,0.15777948098744576,0.08942971915124567,-0.24720920013869147,-0.06834976183620009,196.2482,2028.665213051724,-0.298899606377761,-0.0627237848923991,0.01768347528307468,-0.1726615449977896,1.99879,173.62518770767994,58.518055780360875,0.6170409222603366,0.9640024222340235,0.08253269204242206,0.03814420922387357,0.18711034501923055,1.99925,0.19401062222372228,127.66948252385639,7.685007828573791,0.038844862414407794,0.4226281062691782,1.9993,-0.7353961568328579,-0.0600975549829819,0.012319266059201112,1.9997499999999997,-0.211852818118979,1017.8366312394841,-287.7195270703996,0.011510733940798887,1.99974,0.33855202576053206,92.5,1.3879726066972542
Cc1cccc(Br)c1C=O,-2957.5441973820352,0.5548198240501258,2121.9227043554174,1095.4110203132816,0.13732538290165341,2.974566868809374,0.16998849456467063,0.093428022494139,-0.2634165170588096,-0.07656047207053161,199.04669999999996,1418.370708124756,-0.4129343602978017,-0.05215242562009169,0.020260786784219366,-0.1981453501326917,1.9986201049045624,169.26452595565078,64.28069153197366,0.6763588825145453,0.8432814643360382,0.08294243849010033,0.03813755312850592,0.1974785183601943,1.9992601573568436,0.17994178337756386,139.11340115724155,4.9200212364621825,0.03843403882565941,0.4141394046391792,1.999320052452281,-0.6780710957551802,-0.07761789585205064,0.01223188828212648,1.9997499475477183,-0.21791637462238878,1079.0099799943673,-321.1347864267177,0.011891258854750987,1.9997499475477183,0.3932833369790487,99.0,1.3879726066972544
Cc1cccc(C=O)c1Br,-2957.546984937003,0.7538554259137408,2008.9358818212063,1183.6281794720735,0.13738069756842114,3.6126577764699284,0.1712306153141175,0.09565671780881625,-0.2668873331229338,-0.07557389750530127,199.0467,1158.5069681374357,-0.3672593665605677,-0.09325625089289079,0.020136451770503865,-0.19204406398028684,1.9986609401011717,169.31060210081654,61.016711147997256,0.6491894145787729,0.8651040663988361,0.10129338894636877,0.03856384364217938,0.19604368205281367,1.9992518802023431,0.20370461776905777,138.13695287081396,8.57863830472339,0.03881734617147062,0.42024671780881623,1.9993014101517577,-0.6891959643107144,-0.0649473474763243,0.01230175126464562,1.999749529949414,-0.20897321807432534,1051.7707759211933,-296.21371471146716,0.01152679288339201,1.999749529949414,0.34726447317214687,99.0,1.351682448361478
Cc1cccc(C=O)c1C,-423.37716263828867,0.7439208464905651,1481.215907919614,1284.4951849663069,0.17551449015816284,3.0453307889113166,0.16108940459055227,0.09854856851131956,-0.2596379731018718,-0.0625408360792327,134.17740000000003,1280.8162659113088,-0.34330023064576154,-0.04960060747995969,0.017869717404875987,-0.16488208924423042,1.9987617813291252,171.1919010934234,61.35860325084431,0.6516829856808318,0.9257460699332724,0.055112594351627256,0.03811894367174548,0.176315540824118,1.9992682186708755,0.17128033476124907,128.02970404261305,5.615257783307079,0.03858696550587738,0.4170168797474965,1.9993182186708751,-0.6962267569110104,-0.07223781917031137,0.012218501265999073,1.9997500000000001,-0.22163651961428146,1025.9876885055692,-301.4915184965345,0.011678341455376686,1.9997417813291252,0.3782707109760788,80.0,1.3879726066972542
Cc1cccc(C=O)c1Cl,-843.6708510357641,0.6144927435126389,1672.9126647190021,1354.5990767112569,0.13774997718370488,3.620203240832093,0.17148361804405365,0.09683106048501793,-0.2683146785290716,-0.07465255755903571,154.59570000000002,1204.1507405481918,-0.3581621226369056,-0.10140405019361172,0.019562224491996287,-0.19228642419400718,1.998690436589,166.63532718688793,62.72721545531654,0.6487457960353175,0.877715481746162,0.09894862344266826,0.03836318076398992,0.1928185437819153,1.9992613097669998,0.20223855703657956,142.9361890512515,9.724625772959385,0.038851559048981285,0.4186437426850445,1.9993108731779998,-0.687893457246364,-0.06155818896557145,0.01215654883499801,1.999749563411,-0.21101823809219247,1061.411943571527,-296.27672153645085,0.01146571720399522,1.999749563411,0.346893399511944,92.0,1.254684715944833
Cc1cccc(C=O)c1F,-483.2516826167366,0.7151292110054576,1443.1409294188848,1048.4745730202335,0.13908565254134392,3.7336327710725654,0.16971415942592138,0.09938167767551433,-0.26909583710143575,-0.07033248175040706,138.1411,1188.8177770514253,-0.37474551967264774,-0.13486820229243193,0.018059298477379245,-0.2355280476942128,1.9987603507613103,149.92299205517338,71.0370385769446,0.633497315004008,0.9313950330799639,0.09357157498725155,0.039586657859588516,0.1792576969329024,1.9992807015226206,0.2019979018674578,149.10980911290147,12.369009696204573,0.03964015886738366,0.4141691528206128,1.9993210522839309,-0.6985169464775769,-0.059307391408244405,0.012272978168483883,1.9997496492386895,-0.21379613982855625,1071.2291262429915,-292.9348238743017,0.011427015226207503,1.9997496492386895,0.34259920666547183,95.0,1.3879726066972542
Cc1cccc(C=O)c1[N+](=O)[O-],-588.3342835928488,3.3065012912239866,1838.3090809071468,1320.564223945254,0.15164175961485668,5.3597129498945835,0.18727787145492925,0.09458322364798105,-0.28186109510291035,-0.0926946478069482,165.14820000000003,1371.9442401078504,-0.262429277913437,-0.060539379673492905,0.018956122573929386,-0.18773833965459719,1.9987411707972558,163.0865472829829,67.07982800208319,0.6576079603341074,0.8780063146714182,0.1316897648317676,0.03683858136740079,0.22636157256679829,1.9992844146013722,0.20924391858906408,137.11734571524562,11.034833890702675,0.03858026858765076,0.4200573483132233,1.9993300000000003,-0.6513861669495913,-0.041849485056064555,0.011950557927608803,1.9997500000000001,-0.19927270494345145,1059.7252795617471,-306.7163146568307,0.01173748626449047,1.9997455853986281,0.37342343721320137,99.0,1.3879726066972542
Cc1cccc(C=O)n1,-400.176909,1.0512,1242.536,1159.539,0.133847,3.918,0.16953000000000001,0.09504000000000001,-0.26457,-0.07449,121.1384,940.167,-0.05714,-0.09416,0.02717,0.0712,1.99884,161.6493,42.3701,0.5966016362492134,0.863284,0.109187,0.03925,0.19603,1.99931,0.218679,130.432,3.4296,0.03908,0.413,1.99934,-0.678648,-0.08179,0.01206,1.99975,-0.203915,1039.7872,-300.4918,0.0114,1.99975,0.33857772183763374,91.0,1.3879726066972542
Cc1cccc(COc2ccccc2C=O)c1,-729.0853055177311,3.0464403923124532,5013.6560146184565,2047.7618333066953,0.2676973505910386,5.223295299872305,0.1532086507490999,0.09323681658343333,-0.24644546733253325,-0.059971834165666565,226.2744,2118.0699785820266,-0.42849692802037087,-0.11845952059351011,0.018604273801888296,-0.21624303204892786,1.9987809828873822,152.82327008553807,70.32156461457002,0.6434404227926939,0.9339593281968823,0.09986845986678031,0.03864901711261802,0.1850107196691872,1.99926,0.20431017964933662,153.57355247760597,10.917626785114415,0.038715897324291884,0.4137463668331333,1.99931,-0.7356997686246116,-0.07025582666556004,0.012057051337854056,1.99975,-0.22566604738854773,1058.508863640328,-281.7351766267228,0.011300982887381981,1.99975,0.3428643363507702,93.0,1.364207569966279
Cc1cccc(Cl)c1C=O,-843.6686334477232,0.6104830253137735,1669.6228554084214,1122.7872310094838,0.13739768240854078,2.9758165159791155,0.1700382651183232,0.09435873343790999,-0.26439699855623316,-0.0756795316804132,154.5957,1144.8368707266452,-0.4033508818050567,-0.0649211175395045,0.019740223009327047,-0.19848461629306985,1.9986500446018656,166.20489306043328,65.68260318777455,0.6744779986239516,0.8507739437231171,0.08070084572990074,0.037853412042703816,0.19408469631465236,1.9992700446018656,0.1784103578640257,144.89744652931594,6.334269855075021,0.03842231929700129,0.41223388954443896,1.9993200446018655,-0.6728216216664675,-0.07420821474239128,0.012060557523317616,1.9997499776990673,-0.21998322195622155,1089.9153806517445,-319.9704352098966,0.011820066902798115,1.9997499776990673,0.39313566714807147,99.0,1.3879726066972542
Cc1cccc(F)c1C=O,-483.24974682240617,0.29033067635724824,1367.2118767090926,972.6815966458427,0.1389139566835758,3.090816943926821,0.16786117371586473,0.0966501389346206,-0.26451131265048533,-0.07121103478124412,138.1411,1045.7137235713278,-0.42312026015835713,-0.12232395218189526,0.018629663094478655,-0.24009496823101964,1.9987200240646799,149.4547720694083,72.67617632310707,0.6661373058395021,0.8961117420230267,0.0767883758244494,0.038963802219455154,0.17992123820560477,1.99929004812936,0.18052827764415721,152.28258845101445,9.746188341555868,0.039112959955651797,0.40756424854145706,1.99934004812936,-0.6781692359380492,-0.07011176129278386,0.012041251363364988,1.9997499999999997,-0.223109771818992,1096.9474843613007,-311.9491788816002,0.011659807482559232,1.9997499759353197,0.39073686584866274,94.5,1.3879726066972542
Cc1cccc([N+](=O)[O-])c1C=O,-588.333835157029,4.676244990723124,1921.554887380954,1388.4717969367498,0.15147509631145553,4.640301251729177,0.18911375351417076,0.08755851931701802,-0.2766722728311888,-0.10155523419715276,165.14820000000003,1405.4111828346229,-0.23737487661850865,-0.08737440139820554,0.020168899297651234,-0.20980446956650473,1.9986999724824415,163.35877371609604,64.74630145734943,0.6873884953332409,0.8500902099876592,0.16881035029675087,0.035697870021793685,0.3095981314871398,1.9992900275175591,0.19266709364907075,146.77572631751067,8.15012171704737,0.038710632903850545,0.42091391861952315,1.9993400000000001,-0.637811645092781,-0.0399857722000699,0.011113990046014282,1.9997500000000001,-0.21335642729670962,1078.0321631229222,-312.50006582008444,0.011970110070234876,1.9997400000000003,0.4019810800397081,93.0,1.3879726066972542
Cc1cccc2cccc(C=O)c12,-537.5006914599456,1.7280121169314022,2205.2227906475423,1351.9433629815478,0.19609077328729618,2.9830826946392044,0.15666927593793378,0.08010753116973365,-0.23677680710766746,-0.07656174476820013,170.2104,1632.663382601188,-0.3067226059939471,-0.11781141355002347,0.018242373889426962,-0.1730289968419692,1.9987765756663438,160.4672415295417,58.78634883005484,0.6677155443675268,0.9035037716198882,0.08802556037515677,0.03797478933849881,0.22164916308054877,1.9992489495557708,0.16874352629373682,138.97215483639312,7.130952996758712,0.039321911006779675,0.41055567354414846,1.9993044747778854,-0.7023993652658913,-0.05595703947323631,0.012004243336561752,1.9997455252221146,-0.2208279825087327,1009.2589896631243,-293.0161696418973,0.011625839782728018,1.9997355252221145,0.3811314083418044,12.0,1.3879726066972542
Cc1ccccc1-c1ccc(C=O)cc1,-614.77005,1.6507,3933.5279,1644.4675,0.232085,3.2834,0.161825,0.09062500000000001,-0.25245,-0.0712,196.2482,1500.021,-0.420685,-0.065265,0.01732,-0.18483,1.99879,174.2708,60.7146,0.6185494021397105,1.055269,0.090193,0.03777,0.19303,1.99925,0.194634,128.3206,8.2934,0.03887,0.41931,1.99929,-0.756896,-0.057731,0.0122,1.99975,-0.214099,1015.4499,-286.0032,0.01151,1.99974,0.3405443675267464,98.0,1.3475074078265443
Cc1cccn2c(C=O)cnc12,-531.530430527724,1.2681635210459916,1911.379085109367,1133.2133625489562,0.16622992897427608,2.2639885363709182,0.1494002336813323,0.08906988860352262,-0.2384701222848549,-0.06033034507780967,160.175,1257.166161306723,-0.5187356193544659,0.006668429783315104,0.022640070355669933,-0.010900239544304765,1.99889,103.30586237668737,69.95086502318125,0.6107618014729387,1.0200635425184377,0.07676560511581834,0.03549028142267972,0.11029053939346947,1.9992300016751352,0.18815882885826013,132.28071309962885,21.333087313449226,0.03529028644808472,0.3693800837567499,1.9992800000000002,-0.7287212213935955,-0.09816127198706118,0.012090120609719883,1.9997600000000002,-0.2535257438169962,948.8880306974709,-215.5983479690635,0.011659994974595005,1.9997500000000001,0.36689106816339523,45.0,1.3879726066972542
Cc1cccnc1C=O,-400.174067,0.8766,1114.6075,993.528,0.134006,3.5242,0.16904000000000002,0.09402,-0.26306,-0.07502,121.1384,1023.186,-0.117377,-0.084081,0.02758,0.06828,1.99878,161.3901,45.0342,0.6286972938955318,0.855964,0.09691,0.03865,0.19462,1.99931,0.200706,128.0477,0.2871,0.03881,0.40827,1.99936,-0.663653,-0.081336,0.01185,1.99975,-0.211944,1055.1178,-317.1871,0.01165,1.99975,0.38341724354940215,39.0,1.3879726066972542
Cc1ccnc(C=O)c1,-400.1752337589003,1.187167535283361,1229.1749309827385,1043.4092709886957,0.1338836736554702,4.000158324581917,0.1697213266907188,0.09545389414057429,-0.2651752208312931,-0.0742674325501445,121.13839999999999,822.3327547679819,-0.04795256250287519,-0.09790595809516342,0.027479350404253425,0.0705228544467877,1.9988399845334344,161.51610943460486,42.263237807657354,0.5966006628970802,0.8681117721166083,0.11011073845314413,0.03925037119756947,0.19419491149998516,1.9993000309331306,0.21928095241662693,131.90711245256452,3.301482551803104,0.03919072692857355,0.4132667760865876,1.9993400309331306,-0.6701819542926817,-0.07761794727976144,0.012031500256843273,1.9997499845334343,-0.20441148361779476,1039.3747908930322,-298.68987748461234,0.011391036259881438,1.9997499845334343,0.3397322804266247,88.0,1.131141686509662
Cc1ccnc(F)c1C=O,-499.281884,2.3024,1329.6123,903.412,0.127114,2.7447,0.178025,0.093995,-0.27202,-0.08403,139.1289,1325.976,-0.464834,-0.199876,0.01906,-0.28335,1.99873,137.866,78.2992,0.6623662680931404,0.876324,0.101865,0.03895,0.20165,1.9993,0.191924,151.4766,8.9787,0.03907,0.40748,1.99935,-0.664753,-0.074664,0.0119,1.99975,-0.220531,1106.7526,-321.5652,0.01168,1.99975,0.38955317809943363,98.0,1.3879726066972542
Cc1ccncc1C=O,-400.17356589856377,0.9867001115523367,1122.3213589706727,1179.3986223895595,0.13401296993376016,1.6220092281511735,0.17085409168713825,0.09392589342867405,-0.2647799851158123,-0.07692819825846418,121.13839999999999,1058.4769782721585,-0.41058683701746723,-0.11413528711656756,0.017805213217230945,-0.22151830914634008,1.9987706950956305,168.2568914565757,65.81641591866808,0.6450707220835555,0.9065907885695041,0.0808464014287555,0.03873753516406281,0.20895014288910532,1.99928,0.1788969217827579,134.66358847915077,5.642326627825301,0.038418609808738416,0.41488660340849254,1.99932,-0.6780405415643087,-0.10295853479161923,0.012235639651692838,1.99975,-0.21794504770443146,1060.7459157469555,-313.6566844686461,0.01175409168713826,1.9997403475478155,0.3826358191256721,88.5,1.3879726066972542
Cc1ccsc1C=O,-704.990155,0.3079,1066.2132,1225.53,0.112287,3.2388,0.16359500000000002,0.09603500000000001,-0.25963,-0.06756,126.1728,1072.339,-0.34519,0.00202,0.01914,-0.33944,1.99872,113.6375,58.2705,0.6477344241661422,0.965085,0.073832,0.03599,0.17043,1.99917,0.162984,133.8027,17.9332,0.03915,0.38867,1.99922,-0.720076,-0.06979,0.01195,1.99975,-0.228779,997.6294,-266.577,0.0117,1.99975,0.37712397734424163,61.0,0.6695786633783385
Cc1cnc(C=O)c(F)c1,-499.26884106237117,1.5149013757993735,1488.3824997742825,978.68144756602,0.1266627401981002,5.201612796305523,0.17142832339170472,0.09255672178087168,-0.2639850451725764,-0.078871601610833,139.1289,936.3565733817544,-0.21686111771402083,-0.1672108314365537,0.027217824752374744,-0.013624169804945028,1.9988197280940467,144.9249829283122,54.94520998149155,0.6089291185870208,0.9202610190721866,0.12704456495047495,0.040834229454716896,0.2003480361380611,1.9993497280940469,0.21467239059615045,122.36486865380482,7.045782259059566,0.041441993686824836,0.3974976116256985,1.9993897280940467,-0.6693082320890075,-0.04896559392767177,0.012127945792908355,1.9997402719059532,-0.18623223333050623,1071.6367934635514,-321.1520590708777,0.011512507673845217,1.99974,0.3510748867191574,98.0,1.3879726066972542
Cc1cnc(C=O)cc1Br,-2973.5736778148653,1.0895295055800396,2263.2080137307103,1196.200376137695,0.12515989349609324,3.7087979306927426,0.17776863952201288,0.0949290407353603,-0.27269768025737323,-0.0828395987866526,200.03450000000004,1170.7897495257448,-0.07973663398543215,-0.10072654284251512,0.02734977386156783,0.0656563088372039,1.9988299927052122,151.3805321432491,43.35016953455218,0.5959705880770608,0.8999782982833163,0.11892973765529297,0.03888003647394068,0.2002804741612288,1.9993000145895767,0.22009157332841273,131.13764059158788,4.928562809160911,0.0391003355602542,0.4125437483665687,1.9993400145895763,-0.6761738863954524,-0.06815778667741065,0.011980671120508385,1.999749992705212,-0.19872913398801983,1039.7248174606334,-300.3294649350534,0.011440459571652482,1.999749992705212,0.34029677826303345,98.0,0.9634398649569116
Cc1cnc(Cl)c(C=O)c1,-859.695775,2.1328,1772.0994,1165.969,0.125585,2.861,0.18230000000000002,0.09513,-0.27743,-0.08717,155.5835,1462.761,-0.413241,-0.151081,0.01957,-0.23576,1.9987,156.4378,66.8839,0.643643801132788,0.851686,0.124586,0.0385,0.21157,1.99927,0.214946,145.628,8.658,0.0388,0.41822,1.99932,-0.662018,-0.067841,0.01206,1.99975,-0.208187,1083.5228,-306.0979,0.0115,1.99975,0.3453429830081812,99.0,1.1109847771625294
Cc1cnc(F)c(C=O)c1,-499.28093192251913,2.0231327641930745,1458.8115875707945,1118.8207558211902,0.12702283778054252,3.0730148483992847,0.18100862908543366,0.09579370827291314,-0.2768023373583468,-0.08521492081252054,139.1289,1087.7177497359,-0.4182518130426633,-0.2283966306175613,0.018420967958013363,-0.28069470151035064,1.9987801382797161,141.135130709765,77.13573788422616,0.6299233134716344,0.9070231409874406,0.12296399526485652,0.03924926474098504,0.20687265777821318,1.9992902765594323,0.21259460808165118,149.97842411874979,11.653930866556728,0.039549497439983455,0.41352888036544194,1.9993402765594324,-0.6714559484684638,-0.06405667125708472,0.01205677570609354,1.9997498617202836,-0.2108076403802309,1085.5989946527486,-301.3131501301013,0.011463871832053451,1.9997498617202836,0.34250162084174385,99.0,1.1512985958567945
Cc1cnccc1C=O,-400.17059910753574,2.1160234540108402,1125.8831556652526,1024.9949509807814,0.13399876276152525,1.2342366180624178,0.17754933949215473,0.09243770384975666,-0.2699870433419114,-0.0851116356423981,121.13840000000002,921.283041092169,-0.20994546942436398,-0.023660331420436827,0.01850517495904593,-0.1612971605195359,1.9987611284109525,180.0405848659148,57.70617706505742,0.6455697375783046,0.8663462055208011,0.08431552764564783,0.038194163725717975,0.20987326644045123,1.9992800000000002,0.18474036809498096,131.46866872284576,4.290717415384549,0.03822178972618856,0.421107587479523,1.9993188715890478,-0.6469183205780185,-0.08893709706299743,0.012321284109524579,1.99975,-0.20441770929325184,1074.4102125217914,-329.18005510278397,0.01177404654809347,1.9997411284109525,0.3792402773604181,99.0,1.3879726066972542
Cc1csc(C=O)c1Cl,-1164.5112246958672,0.9184576224048459,1608.9962972841947,1027.7070329522755,0.10404946874441877,4.197466029534914,0.17262585035528757,0.09407128164839554,-0.2666971320036831,-0.07855456870689201,160.6179,1458.4168157754611,-0.37550482621953124,-0.05056274718306399,0.021166475466912207,-0.36103461017564575,1.9986801602060493,108.19235331088109,55.33190859375602,0.6429766662878905,0.9302353299068784,0.11960238290519266,0.03607153483556005,0.1898848891189909,1.9991803204120988,0.19379581821574363,138.94912717241425,18.45440809960218,0.03906322987716953,0.39548503928143286,1.9992204806181482,-0.7107025678941603,-0.06053278491130823,0.01221775711530777,1.9997598397939504,-0.218453466896228,989.8764242539659,-262.580290385535,0.01170096123629667,1.9997498397939506,0.34113072122204,99.0,1.1109847771625294
Cc1nc(C=O)ccc1F,-499.27722663509894,0.34833723464386135,1523.4658472302503,982.2288613121996,0.12665278177481956,2.642355354339254,0.17276806022061836,0.09673885291892337,-0.2695069131395417,-0.076029207301695,139.1289,1156.4366346251945,-0.14929941211154918,-0.09384987053114513,0.026699608313778704,0.0582152624618948,1.99883,156.89206690618224,47.07387919033304,0.5976994364270315,0.8920820242395685,0.11027499028432394,0.038980009325862416,0.18828081135002983,1.999300018651725,0.21835840356531405,129.9914597214828,5.714499328056891,0.039170410337946125,0.4109423341410975,1.9993400186517247,-0.6911162095950495,-0.07222747219455593,0.012040913934516359,1.9997499906741376,-0.2055641088757355,1026.6043182907108,-292.80978738624583,0.01141061550691918,1.9997499906741376,0.33982038201694637,94.0,1.3879726066972542
Cc1nc(Cl)c(C=O)cc1Br,-3433.0957813318414,1.0422561591263142,3149.8014625553105,1542.469507284361,0.11672524715920889,1.9554376365569976,0.18446235282082052,0.09088482585004433,-0.2753471786708649,-0.09357752697077619,234.4796,1325.9823155038393,-0.4637505924751991,-0.16271305242649461,0.01964278927356097,-0.2390302054869624,1.998690126785162,145.9466176583287,67.31318395564851,0.6426439587078014,0.8828051731341631,0.1309796199977321,0.0383163392580931,0.2163544214528781,1.9992703803554857,0.21619234135780302,143.29535669674516,10.068131108278335,0.038796989211689524,0.41771926990746805,1.9993202535703238,-0.6679580309277965,-0.0630180446561676,0.012043423199370278,1.9997498732148382,-0.20322593872905922,1080.3261201857729,-307.0219635864543,0.011534564265827036,1.9997498732148382,0.3468868829160837,99.0,1.0668259850449504
Cc1nc(Cl)cc(Cl)c1C=O,-1319.217451,3.0251,2468.3534,1261.966,0.116979,1.9067,0.18561,0.09243000000000001,-0.27804,-0.09318,190.0286,1452.451,-0.571933,-0.102857,0.01986,-0.2484,1.99866,157.7814,71.6441,0.670075519194462,0.893132,0.104114,0.03749,0.2086,1.99928,0.187734,146.8312,8.554,0.03839,0.40902,1.99933,-0.678538,-0.068597,0.01204,1.99975,-0.211187,1108.3052,-325.6116,0.0119,1.99975,0.3914411579609817,99.0,1.3879726066972542
Cc1nc(Cl)ccc1C=O,-859.699055,3.2934,1894.6421,1020.905,0.125643,0.6383,0.18258999999999997,0.09557999999999998,-0.27817,-0.08701,155.5835,1354.262,-0.475351,-0.116472,0.01749,-0.22909,1.99877,160.2432,67.8552,0.644430459408433,0.937165,0.099433,0.03825,0.2012,1.99927,0.194237,145.3525,10.2025,0.03818,0.41516,1.99932,-0.703715,-0.065734,0.01223,1.99975,-0.209986,1072.1949,-303.3248,0.01154,1.99975,0.3434550031466331,97.5,1.339157326756677
Cc1nc(F)ccc1C=O,-499.28449836039846,3.4788150739168158,1456.9321805343911,1172.874516594068,0.12675441270039386,2.394520500068938,0.1764533235517243,0.09930333709549063,-0.27575666064721494,-0.07714998645623367,139.1289,956.9649108126748,-0.493483477604837,-0.08007236516265882,0.017438182639016142,-0.22737978051426766,1.9987600000000003,162.85704724275186,67.93918965775582,0.6448070975507859,0.9250672965795651,0.07252253873413853,0.03793817812442736,0.17688017885443336,1.9992776768132787,0.18213083698498625,131.2139033801284,8.957056242127083,0.03839192033196687,0.41411645921983775,1.9993176768132788,-0.6862502966371035,-0.0684945502607987,0.012333939120327953,1.99975,-0.21392790244652354,1039.9877690673359,-301.8448022333053,0.01176262758508156,1.9997423231867213,0.37591159554152537,98.0,1.3879726066972542
Cc1ncc(C=O)cc1Br,-2973.573239,1.5414,2261.5513,1042.537,0.125143,1.8278,0.17940499999999998,0.094715,-0.27412,-0.08469,200.0345,1067.965,-0.394559,-0.145683,0.01729,-0.22354,1.99882,158.2596,64.7733,0.6117054751415985,0.959675,0.109028,0.03881,0.21556,1.99927,0.202808,137.0691,9.8646,0.03869,0.41869,1.99931,-0.689622,-0.087573,0.01231,1.99975,-0.205498,1053.2745,-299.5774,0.01159,1.99975,0.34015103838892385,96.0,1.1512985958567945
Cc1ncc(Cl)cc1C=O,-859.6944843238523,2.119087627897457,1871.9642687007922,1206.598900790538,0.1253974359042637,1.7196633738649598,0.18121576205313517,0.09397391987779741,-0.2751896819309325,-0.08724184217533777,155.5835,1358.0041095196352,-0.38604783235309537,-0.08907048768417883,0.01809002891536977,-0.21313175542922846,1.998782497590386,156.83181329094128,66.13968679531447,0.6451377694610659,0.9014444799141076,0.08988542161010704,0.03819983614623798,0.21146388675826394,1.9992875024096144,0.18559063425095892,132.0033285251932,7.090615224563185,0.03830257469803857,0.4174571843405467,1.9993275024096142,-0.674621503948009,-0.08880036455942726,0.012310000000000001,1.9997500000000001,-0.2048233201197717,1063.010758346807,-317.1052851181406,0.011770067469196129,1.9997424975903861,0.37489144106234584,98.0,1.3879726066972544
Cc1ncccc1C=O,-400.17439882519386,2.005035921479524,1121.7134860213475,1126.9368809248474,0.13383744811640982,2.806637507358176,0.1715688832088958,0.09478670243109849,-0.2663555856399943,-0.0767821807777973,121.1384,1036.4859103343667,-0.4194262931368815,-0.08350788932538901,0.018032159690959216,-0.22152483290245267,1.99878,165.22110902964886,66.59965121380293,0.6445017373337174,0.9058999572747768,0.07902277125655895,0.03841610270410685,0.20057884626327122,1.9992799999999997,0.18193653069197296,131.31470519712724,6.364245531343972,0.03833309884109706,0.41562882517643307,1.9993277699613698,-0.6771794698945004,-0.09635397473072067,0.012357769961369901,1.9997499999999997,-0.21186868976153247,1051.8429292029425,-310.7023245799912,0.011743098841097064,1.9997422300386303,0.37454059513192645,97.0,1.3879726066972542
Cc1nccnc1C=O,-416.19448388853624,1.2291159756521715,1079.7825123933014,1106.502991184196,0.12180800340603971,2.3776953812763457,0.17677996107383187,0.0876798090184876,-0.26445977009231947,-0.08910015205534424,122.1262,1017.992759257099,-0.19296863756428725,-0.09286455193766563,0.027149985402686955,0.00837955234906651,1.9988399975671145,157.0277057068925,50.45891501930921,0.6224040659673616,0.8433129784778431,0.11769013295719302,0.03927015935400078,0.24037937718130994,1.9993400012164428,0.20329682406478966,130.7033123928877,0.7352596348774388,0.03861004379193914,0.4048889161495062,1.9993700012164428,-0.6471992835992741,-0.1442608932140861,0.01215009853186308,1.99974,-0.20374982796628643,1079.6529399319354,-327.90713526440794,0.011740040142610885,1.9997499987835572,0.3813653483903808,40.0,1.3879726066972542
Cc1sc(C=O)cc1Br,-3278.388629674776,1.2432426400281182,2298.451936702582,1228.9079765026124,0.10362322013130958,2.8982007409811805,0.16727286263325095,0.08948059306741958,-0.25675345570067054,-0.07779226956583139,205.0689,1262.911919813612,-0.40794066047582217,-0.02252372011577999,0.01900848121426053,-0.3439966211648429,1.9988175170631841,115.8232843959049,54.48124300232937,0.6116132509129456,1.021767657516411,0.11586103328203479,0.03588800344511112,0.1833795646452528,1.9991708276456053,0.19673473150723722,131.75008841171916,19.309442082597755,0.03918876283798086,0.3967058445464176,1.9992116552912107,-0.7408017018002111,-0.058704619117543884,0.012340068252735628,1.99975,-0.21623275396540828,955.49991062167,-255.59716552544907,0.011765102379103443,1.99975,0.337400419003132,98.0,1.253652828629643
Cc1sc2ccccc2c1C=O,-858.3578689122061,1.2941692561158076,2217.823521138269,1388.1132067777112,0.16251442572093108,3.0094070979024248,0.15187441470671514,0.0872463461745552,-0.23912076088127035,-0.06462806853215994,176.23260000000002,1252.5989140134022,-0.47866105459813063,-0.059429229275765605,0.020290087793992734,-0.20336814940965506,1.9986333430882217,124.15497887559823,64.86227018234861,0.6625752762569687,0.9410511823479424,0.058469279717344586,0.03741267000094381,0.17217814940965503,1.9992300000000003,0.16307962711533197,135.84703633192382,15.647534415178622,0.03752994147067151,0.41098169735052614,1.9992800000000002,-0.7187557714192108,-0.0771221709063045,0.012119882941343028,1.9997533430882215,-0.22784932851139608,1021.8260703583071,-270.14429328122657,0.011596686176442831,1.9997500000000001,0.3735177807730425,96.0,1.3879726066972542
Cn1c(Br)ccc1C=O,-2935.5278034703115,1.2017329773229608,1880.7986210316378,1120.9056644886734,0.11977586452265859,1.7062426253592602,0.14782542782318334,0.09400177944214741,-0.24182720726533077,-0.05382364838103594,188.0235,1001.8715308040292,-0.4176586819201511,0.03211935781064967,0.02317041593920605,0.044796054519531156,1.9988500118839772,113.66307860293078,62.069931637777536,0.6283843133385123,1.0426167204187222,0.05770239633778438,0.03602222230375805,0.10148494373456335,1.9992200118839771,0.17875311970509167,125.96673102747403,21.39422146015821,0.036201140861822315,0.3738767081382835,1.9992699999999999,-0.7607841792431791,-0.08941445141482328,0.012530617966820418,1.9997599999999998,-0.2442354762977934,951.7951215897845,-227.7479724544383,0.011779797972385632,1.9997499999999997,0.3773840446605379,31.0,1.3879726066972542
Cn1c(C=O)nc2ccccc21,-531.5301289216563,2.582614853706368,2010.946936728238,1348.7040416870243,0.16641999907482952,3.082317711035587,0.16507499194409384,0.08508499949650586,-0.25015999144059964,-0.07998999244758796,160.175,1163.2575540489504,-0.12637270402726605,0.03982022734018958,0.03513000069230444,0.30295997558053445,1.9989900002517471,100.01972095834375,51.138199516016265,0.6003776217173685,1.0837077556983514,0.09754176462278528,0.03568001000694595,0.13478997060852982,1.9993000000629368,0.21333666681904942,132.82458992885856,10.159667278145134,0.03522000931464151,0.38373990433611427,1.9993400000629367,-0.7855916432995795,-0.07493466616450707,0.011980009629325343,1.99975,-0.21557571919502688,1014.4481798463324,-275.14569901658496,0.011510003839142784,1.9997499999370631,0.36437983998509005,85.0,1.3879726066972542
Cn1c(Cl)c(C=O)c2ccccc21,-975.0174808010227,2.482406265966662,2620.6750071363945,1088.6897065772816,0.17033927360711715,5.423311747201266,0.1424282980207583,0.09062159143280782,-0.2330498894535661,-0.0518067065879505,193.6323,1268.1831873344474,-0.549933073134541,-0.09884596219607206,0.02072420543577329,-0.23389997695645587,1.9986406817134381,114.24012621291496,79.19440966765029,0.6450884115597667,0.9675561491657211,0.06634763656060753,0.03687363426876871,0.1505848410621235,1.9992206817134381,0.1705765085198535,135.04123485913993,16.082229977663278,0.03739135881816805,0.40193795025097584,1.9992706817134385,-0.7291029801762943,-0.07830370062791797,0.012129659143280782,1.99976,-0.23301810503475662,1006.2814245416694,-261.3263777195062,0.011454431137349834,1.9997499999999997,0.36211666804508996,14.0,1.2227191706500702
Cn1c2ccccc2c2cc(C=O)ccc21,-668.8671822152247,2.269324720595374,3851.1836857133744,1826.8041482725182,0.22821957217976999,5.158076585212237,0.13896699669372084,0.0868868509008706,-0.22585384759459143,-0.05208014579285024,209.247,1832.3640785779526,-0.5629715499063763,-0.05223063312610503,0.01734505297960833,-0.1858184504453836,1.99882,163.17461528450673,65.8143017964706,0.6179929065881321,1.0991510938156503,0.06587891403674198,0.03847537085725833,0.16140559631737572,1.99924,0.18694947080185903,124.82882859667937,9.567944443076765,0.03897515893882499,0.41550713910115006,1.99929,-0.7944772110653864,-0.07173880453382059,0.012454841061175004,1.99975,-0.2259339523579234,976.2324025412632,-263.0305323021705,0.011469894040783336,1.99975,0.34003095580521037,44.0,1.3879726066972542
Cn1cc(Br)nc1C=O,-2951.559745938758,3.8996122488699427,2112.8944001639575,1156.0408535691752,0.10810199846352395,3.631017488408515,0.162084999741334,0.09108499591307714,-0.2531699956544112,-0.07100000382825686,189.0113,1038.0764707900498,-0.20060481168080266,0.03822313576861206,0.034840000569065215,0.28504998178991336,1.9990000001551997,99.36927455812919,53.81100311640802,0.6032095568114347,1.0054889205843638,0.07304789333131338,0.03623000967410854,0.10490001076050576,1.9992800001034665,0.19493582908902468,132.6537681152764,16.16615094323478,0.03555000775998011,0.37283994319694563,1.9993300000517333,-0.7546017251570244,-0.0796347426894061,0.01234000744958091,1.999759999948267,-0.22825973327396354,1008.4367513080274,-262.58533880562806,0.011750002327994034,1.9997500000000001,0.3769663469779,85.0,1.3879726066972542
Cn1cc(C=O)c(-c2ccccc2)n1,-608.7666908478461,2.7712987885692635,3037.563222546313,1488.4403113043027,0.20301425380066085,3.9801579979713617,0.1453635512214497,0.09593330230187831,-0.241296853523328,-0.04943024891957139,186.2128,1578.296480447205,-0.47603911579814046,-0.16937178482907983,0.017948112041131586,-0.23788559482336136,1.9988044744120455,106.93846160676074,71.32079122914504,0.6291457327703142,0.96194525707116,0.06602962293116874,0.038089080243850056,0.13139078833639095,1.9992444744120454,0.190359503820766,142.35067447815726,16.068767186424708,0.03719231674476734,0.4085799860800534,1.9992844744120455,-0.7410149337853943,-0.08205688734484447,0.012586818814543026,1.9997555255879544,-0.2279639697950925,968.9774914918584,-260.5708812125589,0.011606604421593562,1.9997455255879544,0.3537488559220741,34.0,1.0668259850449504
Cn1ccc2ccc(C=O)cc21,-515.495138260535,1.692343137245951,2115.17151086536,1450.8564759046599,0.17803122565756874,4.544994538044763,0.1416056880942895,0.0841251131066777,-0.22573080120096717,-0.057480574987611804,159.1872,1225.3072131550603,-0.4356906022931172,-0.07836536582333356,0.01756839381637628,-0.1787562164268301,1.99883,165.37748753706364,64.1339356970764,0.6190429080511908,1.056190589945293,0.07707765662038427,0.03781678763275257,0.1807018399603578,1.9992331548684863,0.18713848581439418,126.50319624124418,8.587657572101616,0.038849407106697584,0.41645956169729054,1.99928,-0.7613430040451907,-0.07025942700350847,0.012252084079403775,1.9997499999999997,-0.2271393495305943,979.485957529698,-264.7904780587835,0.01145577434243127,1.9997468451315137,0.33974552639346656,45.0,1.1870088832534322
Cn1ccc2cccc(C=O)c21,-515.4906398367273,1.837440358043128,1837.0100216862857,1269.889949097536,0.1784614777395854,1.7096289977682506,0.14442469399632996,0.0815320862205911,-0.2259567802169211,-0.06289260777573888,159.1872,1388.045298779782,-0.3401311260510524,-0.05790643473542326,0.017503045931363006,-0.199308515207746,1.998800086925858,147.0361005323735,71.82428699638464,0.6445433157087644,0.9764656878406445,0.07719717316356563,0.03901104663662987,0.19884937864615695,1.9992896522965684,0.18329829087466556,120.40189254471652,6.149114739052615,0.03918313285722097,0.41747889112185244,1.999319826148284,-0.7328141905145041,-0.13310370023416418,0.012974610596806328,1.9997400869258581,-0.2335450723788704,937.4907255293084,-266.69209292096974,0.012044610596806327,1.9997400869258581,0.40617032475224357,53.0,1.3879726066972542
Cn1nc(-c2ccccc2)c(C=O)c1Cl,-1068.284107,1.0909,3977.6421,1856.7115,0.194546,3.2843,0.151705,0.098045,-0.24975,-0.05366,220.6579,1856.711,-0.502388,-0.190347,0.02015,-0.24707,1.99866,114.4334,75.9661,0.658904971680302,0.91347,0.068617,0.03905,0.13482,1.99925,0.180409,142.5568,15.6344,0.03803,0.40123,1.99929,-0.692886,-0.06806,0.01254,1.99975,-0.220873,1057.8111,-278.66,0.01164,1.99975,0.36390811831340464,88.5,1.3879726066972542
Cn1nc2ccccc2c1C=O,-531.5030924329416,2.4022113051516905,1985.9556866168127,1357.6806775554544,0.1666107966716577,1.407022673478102,0.15707342992225987,0.0801403499203437,-0.23721377984260358,-0.07693308000191618,160.175,1451.660996436212,-0.3365843963352961,0.04878502345434348,0.02481493282464689,0.026665247636045192,1.99884,105.63102552663418,65.714398363859,0.6408997881466302,1.0355323031771853,0.08666917299307311,0.03378636855168078,0.15117869862367234,1.99924,0.17245319167088952,136.4256709855684,21.900401200747314,0.035384992978210926,0.375883210373371,1.9992996711450235,-0.7928234564381045,-0.07763649857168982,0.012061181069199622,1.99976,-0.23678004180252832,1011.6287945514622,-249.28614407663244,0.011808684580094162,1.99975,0.3784552865520546,83.0,1.3879726066972542
Cn1nccc1-c1ccc(C=O)cc1,-608.7642263599387,3.902266438122294,3402.7094946591437,1498.9768077435701,0.202631,1.8557128753085135,0.16394179615090057,0.08477024234009362,-0.2487120384909942,-0.07917155381080695,186.21279999999996,1439.170484283105,-0.43560801777109603,-0.07258574195716908,0.01736640769819884,-0.18883485388739185,1.9987899999999998,173.6965335024819,60.469019528917876,0.6167240521476228,1.0615913778244224,0.09898224729995733,0.03743,0.2026366999234151,1.9992499999999997,0.19575075335129755,128.35704738227193,8.72436387014611,0.038862815396397674,0.4183762152432278,1.9993,-0.7578795624853217,-0.05368904486796182,0.012116407698198838,1.9997499999999997,-0.21148275264274558,1021.201375600312,-289.17209487550707,0.011536407698198838,1.999743592301801,0.34021748103518745,98.0,1.1883837141090154
O=Cc1c(Br)cc(Br)cc1Br,-8065.10178,0.9893,5140.8047,1247.667,0.090522,2.5085,0.181455,0.08676500000000001,-0.26822,-0.09469,342.8121,1382.55,-0.537073,-0.060732,0.02276,-0.22995,1.99854,174.4757,66.1348,0.6716488357457521,0.853905,0.130764,0.03923,0.23163,1.99928,0.208878,131.9693,10.8747,0.03991,0.41239,1.99933,-0.642408,-0.067225,0.0125,1.99974,-0.181148,1080.9777,-321.8317,0.01223,1.99974,0.38569855254877283,99.0,1.3879726066972542
O=Cc1c(Br)cc(F)c(F)c1F,-3215.594355723734,1.7391361886490448,2823.150640260088,1339.9107535445985,0.08637830136365449,2.1896758892124706,0.18289059943147848,0.09316121467446739,-0.27605181410594587,-0.08972938475701112,238.9914,1212.7109472910975,-0.4751884530732635,-0.1224169245579731,0.020672700744546902,-0.26550959290658177,1.9986763190830734,148.25709832011532,75.11091571662786,0.6607514448372038,0.8732864409966801,0.11387291620605816,0.040287299255453095,0.19805946841742453,1.9993063190830735,0.20462866128959833,137.16852322963467,14.687765460678829,0.04082300309553788,0.4057378519200424,1.9993499999999997,-0.6304180766399144,-0.051205642864025874,0.012535213753895068,1.9997463190830735,-0.18324755694775627,1106.9772814890466,-318.6180630379121,0.0119232534091362,1.99974,0.3745720560517579,99.0,1.3879726066972542
O=Cc1c(Br)cc(F)cc1Br,-5590.804611,0.6329,3588.339,1388.518,0.091983,2.4887,0.17670999999999998,0.08969999999999999,-0.26641,-0.08701,281.9065,1360.181,-0.538363,-0.054799,0.0227,-0.23225,1.99854,171.1595,68.163,0.671176840780365,0.816255,0.116668,0.03958,0.21236,1.99928,0.206737,131.4041,11.548,0.03997,0.41206,1.99932,-0.628461,-0.070715,0.01263,1.99974,-0.184341,1069.2862,-314.1627,0.01224,1.99974,0.38679987413467587,92.5,1.3879726066972542
O=Cc1c(Br)ccc(Cl)c1F,-3476.9283226524976,1.206404215355262,2999.554760321728,1383.242311261594,0.09252137288435133,3.296206194890096,0.18042792404222266,0.08946693558055106,-0.2698948596227737,-0.0909609884616716,237.4555,1396.5841168153675,-0.41934783345307547,-0.1518914308104143,0.02095254807636834,-0.2563714327046228,1.9986430038461096,152.17678613402538,71.78747288665903,0.6609580590125205,0.8563727386759002,0.12164001443156439,0.04001946730806953,0.2142168922973964,1.9993065019230547,0.20590392460702361,138.412831692903,13.464922722776162,0.040654409616427516,0.4083790499994231,1.99935,-0.6261225048509063,-0.05108136167640296,0.012391976923343196,1.9997465019230547,-0.1821638601875747,1114.639126198851,-326.32912297833155,0.011901559614696744,1.99974,0.37565719242790196,99.0,1.3879726066972542
O=Cc1c(Br)ccc(F)c1Cl,-3476.9254784686964,1.2647697656605499,2844.1924635320747,1402.9663341425442,0.09231651314725019,3.137542969663628,0.18101608618821724,0.08850425814157609,-0.2695203443297933,-0.09251182804664117,237.45550000000003,1320.5852688841842,-0.3773341992931598,-0.07703301504489646,0.021987312186564655,-0.2149286519244682,1.9986054570116603,171.51701978371722,64.97240895232686,0.670075519194462,0.8054138652296123,0.11970992613146435,0.03914817195335883,0.2246092216179954,1.9992854570116603,0.20198041234960068,133.706670798666,10.78504277308532,0.04001720367351185,0.4119155655247131,1.9993345429883398,-0.6088657836456735,-0.058131117858816216,0.012371855174904366,1.99974,-0.18074534495201833,1101.3665556479073,-328.09354050935053,0.012065511268186694,1.99974,0.3824743206522656,99.0,1.3879726066972542
O=Cc1c(Br)ccc(F)c1F,-3116.502808,0.5022,2425.5605,1258.67,0.093606,2.9214,0.17901499999999998,0.090015,-0.26903,-0.089,221.0009,1089.233,-0.397425,-0.128152,0.02079,-0.25415,1.99868,153.2913,70.7855,0.6609502831969792,0.848783,0.114431,0.04009,0.20835,1.99931,0.205509,145.5278,15.0161,0.04051,0.40736,1.99935,-0.606075,-0.060607,0.01244,1.99975,-0.182569,1124.7259,-320.5567,0.01202,1.99974,0.382001258653241,99.0,1.3879726066972542
O=Cc1c(Br)ccc2c1OCO2,-3106.546898,0.9177,2859.9093,1339.017,0.126218,3.2459,0.15421,0.08073,-0.23494,-0.07348,229.0297,1236.016,-0.388157,-0.091611,0.02068,-0.24077,1.99866,139.5755,77.1835,0.658118313404657,0.865942,0.117722,0.03936,0.19151,1.99928,0.203895,133.649,10.7562,0.03966,0.40857,1.99933,-0.642308,-0.046406,0.01237,1.99975,-0.195802,1086.9173,-321.8309,0.01157,1.99974,0.3634361233480176,50.0,1.3879726066972542
O=Cc1c(Br)ccc2ccccc12,-3071.670217,1.5979,3354.0645,1409.29,0.158021,4.3106,0.167945,0.08111499999999999,-0.24906,-0.08683,235.0797,1487.584,-0.405665,-0.078484,0.02108,-0.20112,1.99866,165.9763,67.1045,0.6721994965387036,0.832505,0.113255,0.03778,0.25591,1.99928,0.178993,143.0602,12.1525,0.03918,0.41474,1.99933,-0.636112,-0.067593,0.01216,1.99974,-0.190851,1093.8127,-318.5052,0.01215,1.99974,0.3853052234109503,99.0,1.3879726066972542
O=Cc1c(Br)cccc1OC(F)F,-3230.847888813081,2.126897828432945,3580.837638243296,1279.969508288014,0.1298184591691553,3.9630751165982527,0.18263555403363582,0.09531500827971648,-0.27795056231335225,-0.08732054575391936,251.02709999999996,1478.789829910621,-0.42027921473992336,-0.06322453300806724,0.021385675143451386,-0.22707431411529477,1.9986224323961443,155.68877340341183,65.51200616301224,0.6820221169234282,0.8467240484792945,0.1035903485508358,0.040361353419768466,0.19366888566699686,1.9992816215974294,0.20547412836016188,140.98378037779273,7.730855464361413,0.03953351361028157,0.4213913686365447,1.9993316215974295,-0.656582613209429,-0.06436907911064162,0.012806487284822919,1.9997408107987147,-0.20399677645268421,1067.5376921920235,-319.2127434419516,0.012185405623133524,1.9997399999999999,0.4126405735947411,68.0,1.3879726066972542
O=Cc1c(Br)ccnc1Cl,-3393.854789892035,1.542271889451429,2380.3124076430804,1344.9173903067947,0.08733057011397552,2.6074213195738727,0.1847703806644586,0.08713209806808403,-0.27190247873254264,-0.0976382825963746,220.45280000000002,1141.620495883323,-0.5266353687820454,-0.13332133042756358,0.022469164303615844,-0.2653731196831357,1.9985784029746991,161.60568802070503,68.57972760651427,0.6660324466683465,0.7858663621959062,0.1410541712098956,0.039141597025301324,0.2350860836794528,1.9992900000000002,0.21595681537119749,137.48186221442026,10.174196372178127,0.039897910759039604,0.4098699079782858,1.9993400000000001,-0.6009502546604173,-0.06439513066003417,0.01228479107590396,1.9997400000000003,-0.18209586164728808,1112.7455274161998,-333.7152457290608,0.012171253544576238,1.9997400000000003,0.3825411113679962,99.0,1.3879726066972542
O=Cc1c(Br)ccnc1F,-3033.4418992480437,1.432346660919941,1937.371686872298,1183.2923892304073,0.08898656187930719,2.7744578724111153,0.184870550630824,0.0887441257473613,-0.27361467637818526,-0.0961264248834627,203.9982,1028.7024177358917,-0.5131117563158756,-0.2219265791066809,0.021415564526753212,-0.307229837201044,1.9986485215089176,143.4761622099217,77.41389922020514,0.6561605495083891,0.839478470310564,0.14043733817644294,0.039664005294892044,0.23040527199029234,1.9993085215089175,0.21382580249546668,142.85794686084319,13.671327025237533,0.040470967571948624,0.40570352216761685,1.99936,-0.6109980900637637,-0.05918707210179264,0.01215435473246789,1.9997485215089177,-0.1859471663685807,1120.3387984535843,-327.2103912423564,0.011967473196190213,1.99974,0.3774394944354728,99.0,1.3879726066972542
O=Cc1c(Br)cncc1Br,-5507.725012,1.2246,3127.8414,1234.394,0.087035,1.801,0.189675,0.08427500000000002,-0.27395,-0.1054,264.9038,1207.559,-0.328129,-0.018318,0.02345,-0.21082,1.99856,181.6263,60.7802,0.6681875393329137,0.753667,0.141076,0.03924,0.24512,1.99929,0.217168,134.7916,9.377,0.03955,0.416,1.99933,-0.576513,-0.075141,0.0126,1.99974,-0.17083,1121.3299,-344.0229,0.01223,1.99974,0.3855412208936438,98.0,1.3879726066972542
O=Cc1c(C(F)(F)F)ccc(Cl)c1Cl,-1600.498066,1.2369,3479.9812,1429.2885,0.108409,3.766,0.190605,0.09434499999999998,-0.28495,-0.09626,243.0123,1650.8835,-0.253762,-0.089695,0.02172,-0.17955,1.99868,159.9574,60.6239,0.6955632473253619,0.828769,0.106693,0.03941,0.21534,1.99931,0.191543,139.5338,9.352,0.03966,0.41392,1.99935,-0.620249,-0.028505,0.013,1.99974,-0.183879,1119.8719,-353.8638,0.01238,1.99974,0.427706104468219,79.5,0.9325062069773388
O=Cc1c(C(F)(F)F)cnc2ccccc12,-850.8474897230304,1.5119317359705642,3434.039556426567,1331.1885458032464,0.16384167542170414,2.5797009103957578,0.1906971430664207,0.07711964964278879,-0.2678167927092095,-0.1135774934236319,225.1697,1604.0718412351316,-0.081186529104752,-0.04552991282682388,0.020051638241632877,-0.14603234821286107,1.9987899800214435,173.88952054521366,63.10618797549521,0.6924197574821426,0.8093009103894848,0.15511142053478805,0.036694055646969204,0.28777313809831523,1.9993100199785565,0.20400549187161343,146.33417667647385,3.1504052470803896,0.03791179807008487,0.4176466036453953,1.9993400199785565,-0.6149324971263541,-0.09088139275801703,0.011602277555440832,1.99974,-0.19676226528167162,1110.9659090351938,-347.5651560550599,0.01177121869194641,1.99974,0.3798877268843193,93.0,1.3879726066972542
O=Cc1c(C(F)(F)F)nn(-c2ccccc2)c1Cl,-1365.5979998307982,2.528236219924794,5206.948046625241,1609.830059518329,0.17328493726803382,4.802868612032883,0.1730626202604726,0.10195693071824297,-0.27501955097871555,-0.07110568954222964,274.6294,1741.8206109554255,-0.5358985356252617,-0.19101068714179728,0.021548772287297187,-0.2516440615674995,1.9986679448366216,113.16028890932361,74.97623522311183,0.665056477953903,0.9601704564433121,0.09967839531371196,0.03806664143804059,0.1507822720330432,1.99927,0.20635667891725085,142.37340388652981,17.40263826493582,0.038201152026824586,0.40525265555641926,1.99931,-0.6644472213782997,-0.04881780758324383,0.012432958299932155,1.99975,-0.20559418070059082,1085.5435773018316,-298.84556856788674,0.011754186012634968,1.99975,0.36509584578679155,99.0,1.3879726066972542
O=Cc1c(Cl)cc(Br)cc1Cl,-3837.349903,1.4151,3627.6083,1163.154,0.090911,2.6385,0.18284,0.08937,-0.27221,-0.09347,253.9101,1431.574,-0.519593,-0.093889,0.02174,-0.23152,1.9986,168.937,68.9219,0.6686595342983008,0.882417,0.126585,0.03876,0.22381,1.99929,0.202465,135.7645,12.0071,0.04018,0.40775,1.99934,-0.648597,-0.044976,0.01207,1.99974,-0.18517,1106.8387,-328.4249,0.0119,1.99974,0.3777533039647577,97.5,1.3879726066972542
O=Cc1c(Cl)cc(Cl)cc1Cl,-1723.474077,1.3727,2803.6681,1483.421,0.091317,2.619,0.18218499999999999,0.089635,-0.27182,-0.09255,209.4591,1231.994,-0.516695,-0.096352,0.0217,-0.23286,1.9986,168.323,69.3094,0.6685022026431718,0.871445,0.125055,0.03877,0.22209,1.99929,0.201954,135.6511,12.1531,0.04018,0.40753,1.99934,-0.64397,-0.045659,0.01208,1.99974,-0.185871,1104.5051,-326.841,0.0119,1.99974,0.3782252989301447,99.0,1.3879726066972542
O=Cc1c(Cl)cc(F)cc1Br,-3476.9287577412124,0.7935645926459194,2853.0617654750845,1373.5973888300919,0.0921783207785816,2.541938897832353,0.1771699568002712,0.09082489011170644,-0.2679948469119776,-0.08634506668856476,237.45550000000003,1326.3370032185976,-0.5296535794021301,-0.07131396284498,0.022188094119579244,-0.23287939602497432,1.9985760313731933,168.58966594284078,69.45344422470576,0.6698707412429746,0.8286409271190194,0.11446281259854793,0.039363654894876116,0.20880625114978024,1.9992800000000002,0.20368927472073395,133.96167970591338,12.254115936255609,0.04007715292378682,0.40976235298948105,1.99933,-0.6294069308148447,-0.06193220726005208,0.01243634510512389,1.9997400000000003,-0.1863223262319374,1082.2487549244174,-316.10548435782056,0.012092690210247777,1.9997400000000003,0.3822532981242153,70.0,1.3879726066972542
O=Cc1c(Cl)cc(F)cc1Cl,-1363.052786,1.0465,2305.4239,1176.447,0.092387,2.6135,0.17787,0.09226999999999999,-0.27014,-0.0856,193.0045,1132.875,-0.522176,-0.088655,0.02167,-0.23375,1.9986,165.9951,70.7789,0.6680302076777848,0.843068,0.112293,0.03917,0.20465,1.99929,0.200284,135.082,12.6971,0.04024,0.40736,1.99934,-0.633102,-0.049924,0.01222,1.99974,-0.188447,1094.2466,-319.6574,0.0119,1.99974,0.37853996224040276,88.5,1.3879726066972542
O=Cc1c(Cl)ccc(Br)c1F,-3476.929067351988,1.0974131238687246,3085.285761623221,1122.4193697569062,0.09242194790904887,3.399692794796188,0.1804864458980863,0.08995066527651212,-0.2704371111745984,-0.0905357806215742,237.4555,1169.0705019784425,-0.4220628921046339,-0.16950958518062376,0.020471387111516123,-0.25738844321300813,1.9986660693555758,148.7135155393006,73.36856599063557,0.6606019711901885,0.8734872451325162,0.12088194060789141,0.03980144515539355,0.21032641464806928,1.9993160693555758,0.20344038145566692,138.58613234226294,13.784857273753786,0.040816474177332265,0.4064054338436951,1.9993599999999998,-0.6343850241201665,-0.037036530598669785,0.012178266110604845,1.9997460693555755,-0.18400428665446183,1123.041365726627,-330.9086885249636,0.011710693555758062,1.99974,0.369928542090582,99.0,1.3879726066972542
O=Cc1c(Cl)ccc(Cl)c1Cl,-1723.4704450414015,0.8504382877583432,2654.42513603864,1161.396325194359,0.09139528952620796,3.080924803322749,0.18169655113483307,0.08929108061919348,-0.27098763175402657,-0.09240547051563959,209.4591,1199.3151965644915,-0.4116658816816704,-0.11817143728066054,0.021748397113270312,-0.21518592536350367,1.99861,168.1689489129032,66.18467265224555,0.6694127571701404,0.8196224159146009,0.12020589868004786,0.03899679422654062,0.2230594824810339,1.9992900000000002,0.20092069319100153,134.06723422278188,10.947214224911828,0.04025320577345938,0.4101071769061625,1.9993400000000001,-0.6201012211518102,-0.04663419162422397,0.01215,1.99974,-0.18262464770621512,1106.9664296357132,-331.9597637259361,0.01193160288672969,1.99974,0.37951738757498243,99.0,1.3879726066972542
O=Cc1c(Cl)ccc(F)c1Cl,-1363.0495180922,0.8620024305774352,2235.0092769380326,1369.5498082427437,0.09241326713340124,3.17643949985563,0.18175612883342473,0.08992903220835619,-0.2716851610417809,-0.09182709662506855,193.0045,1124.2843911024659,-0.37231205649111887,-0.09409335686785236,0.02143852541663402,-0.21597764920859125,1.9986358525416632,169.0006408779791,66.45040386366861,0.6692504346285433,0.819455878013498,0.11768909523820612,0.03888,0.22075068995892422,1.99929,0.19862692977134094,135.45023106781423,11.353166210894589,0.0401524423750098,0.4095527186667711,1.99934,-0.6121903017635959,-0.046016530612197376,0.0121458525416634,1.99974,-0.18292933628338948,1113.5827795848097,-331.5444209013935,0.01189,1.99974,0.37850552266915183,99.0,1.3879726066972544
O=Cc1c(Cl)ccc(F)c1F,-1002.6262279110176,1.0503030494268504,1928.2301790853408,1045.0591545293419,0.09383853522312274,3.5209870933073875,0.18100281452767747,0.09249040372048362,-0.2734932182481611,-0.08851241080719384,176.5499,1126.0141767547539,-0.3912096028127984,-0.15467565463348326,0.02008745653859626,-0.2583338930349184,1.99870537282693,150.79658018603988,72.54233566602248,0.6593535036545115,0.8699024653303056,0.11555892804761261,0.03992164455763168,0.20327105215368452,1.99931537282693,0.20174808898237773,139.07844572508805,13.604601946727428,0.04085254346140374,0.40533346296087835,1.9993600000000002,-0.6266808750075004,-0.038304626376070565,0.012287170634473925,1.9997500000000001,-0.18436381585653377,1125.7133492730718,-331.1150193220319,0.011723728269298132,1.99974,0.36881785896733676,99.0,1.3879726066972542
O=Cc1c(Cl)cccc1Br,-3377.8297986279986,1.2084585076670462,2436.25271181065,1271.501159025243,0.09958918281557189,3.793773214706908,0.1751636536570933,0.0890554765041231,-0.26421913016121634,-0.08610817715297019,219.465,1111.8016962630445,-0.44825423289420574,-0.0789039804364732,0.022241817538340716,-0.22407910538733392,1.998565454384585,172.12929177939418,65.86040288438774,0.6696964739519956,0.8101300031655029,0.11813026378293595,0.03922091053873339,0.21939541368463542,1.99928,0.20329422095951052,134.8073937927978,10.653476394029136,0.03993273161620017,0.41128907884388843,1.99933,-0.6189578840542003,-0.062088195497513404,0.012375452615022146,1.99974,-0.184826376248522,1093.9981046323348,-325.0045022512433,0.012069996460873934,1.99974,0.38140762089049446,99.0,1.3879726066972542
O=Cc1c(Cl)cccc1Cl,-1263.953868,1.2104,1915.7161,1291.698,0.099789,3.8614,0.17576,0.09048999999999999,-0.26625,-0.08527,175.014,1226.018,-0.44092,-0.095233,0.02172,-0.22495,1.9986,169.4976,67.3046,0.6684235368156073,0.824046,0.115754,0.039,0.21529,1.99929,0.199849,136.49,11.1556,0.04008,0.40893,1.99934,-0.622468,-0.050441,0.01216,1.99974,-0.187083,1105.963,-328.3755,0.01189,1.99974,0.3775959723096287,99.0,1.3879726066972542
O=Cc1c(Cl)cccc1I,-1101.61605482123,1.9076211662631344,2456.9522930407875,1242.3387363131028,0.09924888748441914,3.5827115827965383,0.1701831097424612,0.08358354392221783,-0.25376665366467904,-0.08659956582024339,266.4655,1231.8561124649345,-0.4583058631424025,-0.06386953365593567,0.02342134224568692,-0.22513499635848688,1.998573064398661,177.7029242461478,63.54988670429988,0.6719884592794211,0.7878676167735787,0.11103269640329896,0.03975532199330434,0.23053463430853827,1.9992853762657739,0.20238453271749676,137.50320689912627,10.547456763382547,0.03940650870460877,0.41440252167396513,1.999322311867113,-0.6120095566746881,-0.11711280789604653,0.012892847308782564,1.99974,-0.18687332403812132,1072.9990863421735,-309.21016657529924,0.012333654112799963,1.99974,0.3932732402314813,99.0,1.3879726066972542
O=Cc1c(Cl)cccc1[N+](=O)[O-],-1008.618124,3.9388,2169.4897,1114.213,0.113838,5.8691,0.19563,0.09361,-0.28924,-0.10202,185.5665,1320.549,-0.310036,-0.06114,0.02152,-0.21359,1.99862,152.8283,65.9616,0.6857300188797986,0.821088,0.141527,0.03862,0.24128,1.9993,0.211629,143.5358,10.9568,0.03963,0.41933,1.99935,-0.60651,-0.017624,0.01247,1.99975,-0.186264,1115.1305,-351.2694,0.01207,1.99974,0.4038703587161737,98.0,1.3879726066972542
O=Cc1c(Cl)ccnc1Br,-3393.853992272284,1.1643273833952748,2403.0227966171487,1500.8541601044508,0.08722840210748607,2.900502353740349,0.18501215217598907,0.08757706550504414,-0.2725892176810332,-0.09743508667094493,220.45280000000002,1178.4496755737123,-0.5303239950276113,-0.12321421453390585,0.022265572940421485,-0.26609613949465666,1.9985728414378245,161.43407269863008,68.33185417387031,0.6651965082563289,0.7910973412552985,0.13918272881156202,0.039168854119157034,0.23351268497403127,1.9992856828756493,0.21227663712270825,134.5728902605979,9.673157152484116,0.0400274883678586,0.40861142915796056,1.9993400000000001,-0.6081157937694734,-0.05494763534296701,0.012245133199510547,1.9997400000000003,-0.18173289371440363,1118.7140559434379,-339.35049683448636,0.012046718821264454,1.9997400000000003,0.3800410326869082,99.0,1.3879726066972542
O=Cc1c(Cl)ccnc1Cl,-1279.9788027324723,1.273643879280738,1874.969051903291,1302.8772584341687,0.0874597968745935,2.7350581777816125,0.18561296519433673,0.08875299597485525,-0.274365961169192,-0.09685996921948148,176.0018,1041.4855319902545,-0.5155006951141408,-0.14928083162822509,0.02197800426191795,-0.2668499502776239,1.9986020004735463,158.55201879979361,70.1863029385895,0.6646318588277671,0.8028742334844102,0.13796761429642546,0.03897799479098917,0.2302878337851999,1.9992920004735464,0.21134864720790295,137.03262790229158,10.40187087142776,0.04011600142063932,0.4072219199706518,1.99935,-0.6083267511773621,-0.04927803620028675,0.012050007103196585,1.99974,-0.18420311454620658,1125.0905294644685,-339.9433940148407,0.011922002841278633,1.99974,0.37737567446571785,99.0,1.3879726066972542
O=Cc1c(Cl)cncc1Cl,-1279.972252,1.5936,1885.8337,1103.395,0.087757,1.8174,0.19115500000000002,0.086715,-0.27787,-0.10444,176.0018,1315.587,-0.313041,-0.050693,0.02244,-0.21299,1.99862,175.0222,64.0465,0.6651982378854625,0.781354,0.13716,0.03886,0.23879,1.9993,0.210882,139.11,10.6413,0.0398,0.41144,1.99935,-0.583018,-0.055698,0.01218,1.99974,-0.174661,1146.3407,-352.1722,0.01191,1.99974,0.37712397734424163,98.0,1.3879726066972542
O=Cc1c(F)c(F)c(Br)c(F)c1F,-3314.688094,2.6883,3209.5319,1259.005,0.079402,2.2844,0.19169,0.09340000000000001,-0.28509,-0.09829,256.9819,1162.158,-0.44933,-0.20652,0.01795,-0.30059,1.99882,133.8075,80.556,0.6477344241661422,0.985788,0.126785,0.04064,0.19973,1.99933,0.206937,139.8985,16.6445,0.04173,0.40099,1.99938,-0.666135,-0.023022,0.01245,1.99975,-0.179837,1132.1325,-333.9848,0.01165,1.99974,0.35714285714285715,98.0,1.3879726066972542
O=Cc1c(F)c(F)cc(F)c1F,-741.295892,1.6556,1897.3031,1303.474,0.087863,2.8374,0.184855,0.09241500000000001,-0.27727,-0.09244,178.0858,1073.449,-0.360159,-0.233205,0.018,-0.29463,1.99882,137.3721,78.6979,0.6504090623033354,0.916344,0.117484,0.0409,0.19284,1.99933,0.205311,141.3232,15.9683,0.04168,0.4024,1.99938,-0.634243,-0.027527,0.01251,1.99975,-0.181793,1133.1067,-334.4446,0.01164,1.99974,0.3574575204531152,95.0,1.3879726066972542
O=Cc1c(F)cc(Br)c(F)c1F,-3215.5998577743885,2.548241643808522,3004.381358557227,1174.5019920087184,0.08653454422700607,2.8951535224696197,0.18736588833169643,0.09433968138454599,-0.2817055697162424,-0.09302620694715047,238.9914,1088.0923829339972,-0.4938909437133226,-0.20934829977968283,0.018477721135030396,-0.30881292367902735,1.99878,131.45786540605738,80.6465,0.6477882048057647,0.9853166052103096,0.12519715640888682,0.04067772113503039,0.19887913820932754,1.99933,0.20542673872301104,140.77710684443502,16.27640100294642,0.0416511394324848,0.40027063723090806,1.9993699999999999,-0.6743019402152204,-0.02739934850784384,0.012403290851272796,1.99975,-0.18480391685419262,1128.442529784854,-330.83989847115976,0.011615569716242401,1.99974,0.35703730099548137,99.0,1.3879726066972542
O=Cc1c(F)cc(Br)cc1Br,-5590.807111381745,1.4041983309255197,3852.320681195263,1340.7542410642113,0.09205730257652679,2.8130217507393604,0.18144859076175832,0.0900885907617583,-0.2715371815235166,-0.09136,281.9065,1209.9093254703023,-0.5358645110093974,-0.13517746381993298,0.021020758600575153,-0.2718903454813075,1.998636922412536,153.93510571389683,73.75404731635611,0.6614948405078624,0.9185445749459944,0.12696633208826807,0.03980078451167322,0.21720577514548983,1.999306922412536,0.20590530530218915,139.8874154332223,14.21755118167126,0.04067849143588238,0.40558304303933324,1.99935,-0.6559183367435552,-0.05171720235311483,0.012302318986888902,1.999746922412536,-0.18568696703344567,1110.9241269440809,-321.7600317395592,0.011901517201150305,1.99974,0.374145388094414,99.0,1.3879726066972542
O=Cc1c(F)cc(Br)cc1F,-3116.511058,1.9122,2822.3367,1235.979,0.093651,3.0917,0.18154,0.09446000000000002,-0.276,-0.08708,221.0009,1357.154,-0.542203,-0.21429,0.01896,-0.31655,1.99875,134.105,82.0495,0.6488357457520453,0.987146,0.121609,0.04083,0.19598,1.99933,0.203838,141.6979,16.1724,0.04164,0.39993,1.99937,-0.682456,-0.031913,0.01238,1.99975,-0.189734,1123.0743,-326.7598,0.01158,1.99974,0.3563561988672121,99.0,1.3879726066972542
O=Cc1c(F)cc(Cl)cc1Br,-3476.9313005016984,1.3530286803298615,2945.405378534844,1179.0973321279062,0.09246089803698068,2.787550206150681,0.18077113269190778,0.0903611326919078,-0.27113226538381563,-0.09040999999999999,237.45549999999997,1395.7078012562824,-0.5326771902601453,-0.13764891178035943,0.020983937712318868,-0.27323761351540954,1.998636929180821,153.31101228380683,74.11116525943177,0.6601747670199404,0.9069263226145864,0.1254695050436567,0.0398136996602898,0.2154442789722234,1.999306929180821,0.20546742120701086,139.76756900439952,14.36502560754278,0.040681257682222124,0.4053564590410628,1.9993499999999997,-0.6509150133539159,-0.05238259217442973,0.012312203926038611,1.9997469291808212,-0.1864180865078361,1108.6132589116828,-320.16312430263645,0.011894804605459,1.99974,0.3751877776136098,99.0,1.3879726066972542
O=Cc1c(F)cc(Cl)cc1Cl,-1363.0550764929112,1.637813369770127,2435.1918164359563,1363.1674419029082,0.09273806308832674,2.8679522130935444,0.1816669413494279,0.09196652418646417,-0.2736334655358921,-0.08970041716296373,193.0045,1188.8089149269085,-0.5260026162155419,-0.1555818038196935,0.02042811762784134,-0.27479295260716313,1.99867,150.52788350746675,75.58742263325006,0.658829923749406,0.9227251097324236,0.1235983800477706,0.039637112325670895,0.21033340060305805,1.999306192511622,0.2023168818821129,139.7603665303563,14.557872338206089,0.040876149767561196,0.4031404171629637,1.9993599999999998,-0.6574741913408391,-0.03844985985668816,0.012122802186207614,1.9997499999999997,-0.18838250659879413,1118.0541422431486,-325.31704664542855,0.011698117627841342,1.99974,0.36953789642951296,99.0,1.3879726066972542
O=Cc1c(F)cc(Cl)cc1F,-1002.635292,1.8516,2108.537,1287.631,0.094054,3.0621,0.18078,0.09472999999999998,-0.27551,-0.08605,176.5499,994.987,-0.538816,-0.216355,0.01892,-0.31785,1.99875,133.5902,82.3413,0.6477344241661422,0.974189,0.11992,0.04087,0.19401,1.99933,0.203413,141.5672,16.3138,0.04164,0.39969,1.99937,-0.676856,-0.032922,0.01239,1.99975,-0.190497,1120.4647,-324.8807,0.01157,1.99974,0.3566708621774701,99.0,1.3879726066972542
O=Cc1c(F)cc(F)cc1F,-642.214158,1.4168,1656.7853,929.929,0.095105,3.0375,0.175875,0.09768500000000002,-0.27356,-0.07819,160.0953,854.935,-0.543572,-0.209289,0.01881,-0.31796,1.99875,131.2332,83.5993,0.6475770925110133,0.941121,0.104855,0.04148,0.17396,1.99933,0.201649,140.918,16.8356,0.04171,0.39942,1.99937,-0.663352,-0.038801,0.01258,1.99975,-0.193241,1108.7125,-316.7132,0.01157,1.99974,0.35588420390182507,98.0,1.3879726066972542
O=Cc1c(F)cc(I)cc1F,-840.29643,1.8053,2827.6669,1154.2,0.093399,3.386,0.181045,0.093775,-0.27482,-0.08727,268.0014,1466.146,-0.553216,-0.219083,0.01903,-0.31551,1.99875,134.4221,81.7623,0.6488357457520453,1.007974,0.122975,0.04078,0.19828,1.99933,0.203731,141.913,15.9977,0.04162,0.39994,1.99937,-0.693065,-0.031613,0.01236,1.99975,-0.189832,1124.6927,-328.063,0.01157,1.99974,0.3563561988672121,99.0,1.3879726066972542
O=Cc1c(F)cc([N+](=O)[O-])cc1F,-747.302398,7.2161,2477.3134,1287.033,0.107686,1.7664,0.208845,0.081295,-0.29014,-0.12755,187.1024,1161.469,-0.410158,-0.250795,0.01852,-0.34005,1.99874,138.5567,77.6612,0.6489930774071743,0.922968,0.188823,0.0378,0.28757,1.99932,0.210601,142.1841,15.3233,0.04151,0.40164,1.99938,-0.637934,-0.000651,0.01147,1.99975,-0.17726,1157.8393,-349.9478,0.01164,1.99974,0.35777218376337316,93.0,1.3879726066972542
O=Cc1c(F)ccc(Br)c1Cl,-3476.9274604836937,1.4089663740305902,2799.5240978586003,1319.729798077975,0.09241415934872721,3.394958076316727,0.1803342060549805,0.09046059119853517,-0.27079479725351563,-0.08987361485644532,237.45550000000003,1548.0330167769653,-0.44220598834549807,-0.18385777110749357,0.020479915543066406,-0.2578725393052409,1.9986755461714518,149.6485049194365,72.34259289764258,0.6609859839952941,0.8760451337125847,0.11885665591562175,0.03987016891386719,0.21160300686621092,1.9993155461714518,0.20089131762785156,137.32520750838017,13.424947670447574,0.040971261256770836,0.40567504502708335,1.99936,-0.6379883384103421,-0.0382751032268652,0.01219134571370443,1.9997500000000001,-0.18472875339572264,1118.0926606253854,-330.768779849146,0.011734284914680988,1.99974,0.3688435134698841,99.0,1.3879726066972542
O=Cc1c(F)ccc(Br)c1F,-3116.509164618794,1.5850009466427433,2565.3875299640467,1232.1683375135701,0.09373110496491747,3.5611611093944067,0.17964103696188433,0.09256620908401558,-0.2722072460458999,-0.08707482787786874,221.0009,1376.2805751518972,-0.4464439464592125,-0.23625573458357113,0.018869311511474984,-0.3011034339844314,1.9987448278778688,132.35547674872097,80.09499944167484,0.649481320528438,0.9265634174097466,0.1174127458333905,0.04096448363360624,0.19439790915984403,1.99933,0.20448389114346976,140.62397009216477,15.634402097463285,0.04157034424426251,0.40276034424426255,1.9993751721221313,-0.652649209009136,-0.03106210268162704,0.012424827877868746,1.99975,-0.1864186769012216,1125.1782155293279,-330.5355733067002,0.011590344244262508,1.99974,0.35782647735712264,99.0,1.3879726066972542
O=Cc1c(F)ccc(Cl)c1Br,-3476.9275169012226,1.0162468162681395,2581.5298427630196,1194.1551078561536,0.09227917414197431,3.3308525737535044,0.1802062119335426,0.09013314191380595,-0.27033935384734853,-0.09007307001973663,237.4555,1307.0763815969237,-0.437748587021322,-0.16681881919506933,0.020979245956579413,-0.2574401617368235,1.9986553859960527,153.08196120898822,71.05777991535251,0.6628261171789593,0.8580797384458538,0.12064681873814996,0.04013535009868315,0.2167857088737178,1.9993053859960526,0.20304188315475452,135.70908698764003,12.690475420927221,0.040879174161840365,0.4074153680473679,1.9993553859960527,-0.6317185959291431,-0.051732778277606584,0.012421526035525935,1.99974,-0.18270515619328953,1108.8081207344483,-327.9211560872168,0.011868509861843589,1.99974,0.3720919058867661,99.0,1.3879726066972542
O=Cc1c(F)ccc(Cl)c1Cl,-1363.0513455628236,1.4780237438334436,2210.9347602082744,1163.8861823273946,0.09277784739660998,3.453092624389458,0.18108487883052662,0.09145784291865607,-0.2725427217491827,-0.08962703591187055,193.0045,1261.3706172428278,-0.4315110394236423,-0.18012325563340548,0.020370931776269884,-0.2582270575119364,1.9986858473966098,150.58978711381448,72.65672445871925,0.6613956137001263,0.8731644467824948,0.11879040110647507,0.0398247468610203,0.2113427737287438,1.99931584739661,0.20084563928334942,138.14823644842414,13.494871426590535,0.04096228905085025,0.405437461410181,1.9993599999999998,-0.6335145949450064,-0.03815838661819193,0.01216796768814043,1.9997500000000001,-0.18516190106235547,1120.8555250691268,-330.7274083176196,0.011717710949149751,1.99974,0.37008930315384797,99.0,1.3879726066972542
O=Cc1c(F)ccc(Cl)c1F,-1002.6321557748657,1.5875587303211471,1969.7598954582159,1113.1609357179796,0.09411105456501817,3.6584394616703744,0.18065880558529163,0.0938333447904828,-0.27449215037577446,-0.0868254607948088,176.54990000000004,1222.1106987916428,-0.43870871106243314,-0.23645967131649145,0.018749385606921607,-0.3017392158961759,1.9987500000000002,133.19163937691093,80.03211424254857,0.6500229829265072,0.9241248225618681,0.11664180901968552,0.040959692803460804,0.1937892846390727,1.9993300000000003,0.20398714285478492,141.05359183671226,15.61621465065794,0.041580307196539205,0.4025066895809656,1.9993751535982698,-0.6502761347146051,-0.031406752954870935,0.012429692803460804,1.9997500000000001,-0.1867739651992524,1126.2575894320864,-330.53476386787463,0.0115903071965392,1.9997400000000003,0.3574575204531152,99.0,1.3879726066972542
O=Cc1c(F)ccc(F)c1Br,-3116.5071097735076,1.2209523404088682,2227.7246098024,1277.2135071577497,0.09354654965821413,3.5626381237417384,0.18006396375490813,0.09029680768623519,-0.27036077144114334,-0.08976715606867296,221.0009,1189.7293779196182,-0.3962408801764189,-0.139797640648837,0.02065715606867295,-0.25747792750981624,1.9986770141880612,154.72505321953238,71.61407052700511,0.660367932849887,0.8546213011686207,0.1188442190247261,0.03991374461489881,0.2166511160876192,1.9993070141880613,0.20136528950389915,139.34396886907535,13.297559646639147,0.040713460853675276,0.4070707094030589,1.99935,-0.6201470091413819,-0.053608444419739956,0.0123588155552047,1.9997470141880611,-0.1840268635760043,1114.9022464803015,-325.8548717652254,0.011880425641835309,1.99974,0.37429045311827747,99.0,1.3879726066972542
O=Cc1c(F)ccc(F)c1Cl,-1002.6299703789891,1.5380029099378145,1845.2095138566501,1093.7668190330246,0.09383861396089097,3.600230936778024,0.1814481253297074,0.09218619513416215,-0.2736343204638695,-0.08926193019554521,176.54990000000004,1217.1638882928132,-0.39270494958915647,-0.15692686091414154,0.020055765908745575,-0.25963938832806704,1.9987065379869637,151.7195877495744,73.01477438685144,0.6589049716803022,0.870502767670172,0.11765762136425797,0.039668468182508854,0.21095828309833373,1.999306537986964,0.19931092455808508,139.74078692609507,13.606330584492774,0.040848854221617895,0.40502655032590873,1.9993600000000002,-0.6266345064197967,-0.038592373704644654,0.012146936365017704,1.9997500000000001,-0.1861066285932746,1124.263030233552,-330.13687078529756,0.011698841882672882,1.99974,0.36987399158192097,99.0,1.3879726066972542
O=Cc1c(F)ccc(F)c1F,-642.2059947974019,1.516175355886535,1592.1108740743898,1035.4923781786392,0.09514543780550443,3.744229805665598,0.18099766433034692,0.09552592069725582,-0.27652358502760277,-0.0854717436330911,160.0953,1116.2116872499262,-0.4143028239631157,-0.22118991980262986,0.018498756110088783,-0.30285398700936206,1.9987799999999998,134.5761072360112,79.36810037944633,0.6484326314512963,0.9192990739673601,0.11377471823178273,0.040988756110088786,0.19034926678934566,1.99933,0.2029019104738008,141.96060698412606,15.484163699015443,0.04160686583486682,0.40158045086246963,1.99937,-0.6451173787013391,-0.032864703948555396,0.012473134165133178,1.99975,-0.18737081914137194,1127.0982821012344,-330.2542326655482,0.011605621944955607,1.99974,0.3567397428421081,99.0,1.3879726066972542
O=Cc1c(F)ccc2occc12,-595.205821,0.8739,1802.2022,1168.184,0.128675,2.9322,0.16758,0.08768999999999999,-0.25527,-0.07989,164.1357,1038.386,-0.383784,-0.150709,0.01854,-0.24432,1.99873,138.0013,78.4254,0.6502517306482064,0.921596,0.109607,0.0378,0.20619,1.99928,0.192871,147.8411,11.1928,0.03878,0.41117,1.99933,-0.669797,-0.05948,0.01176,1.99975,-0.222103,1061.7521,-297.3985,0.01147,1.99975,0.3727186910006293,99.0,1.3879726066972542
O=Cc1c(F)cccc1Br,-3017.411200892927,1.1393174525780394,1989.6570263525468,1164.442637626199,0.10083601944582281,4.0381572070841125,0.1741712554685385,0.09135459892990457,-0.26552585439844306,-0.08281665653863395,203.0104,1023.8467203116879,-0.459755227759679,-0.1381929000932508,0.02101336169182493,-0.2656522860947508,1.998636668692273,154.40836781730704,72.2170250970254,0.6607403483107922,0.8589751226259063,0.11539937214347537,0.040089951385442975,0.20759441905844017,1.9993066686922731,0.20306381052668127,140.36949239666293,13.276464828518355,0.040609908847705586,0.40670341030638196,1.99935,-0.6299390895617762,-0.05671941906323334,0.012389969615901861,1.9997466686922731,-0.18792791966492386,1109.2835022517786,-321.9485006392059,0.011880066845015906,1.99974,0.37361457125796826,99.0,1.3879726066972542
O=Cc1c(F)cccc1C(F)(F)F,-780.5623492763146,1.256470923442875,2152.518590590792,1252.5212557610569,0.11838431564036495,4.695977399674915,0.18249638157341144,0.09273337445563197,-0.2752297560290434,-0.08976300711777949,192.1126,1400.0231512145629,-0.33688799792555435,-0.1420787373775866,0.020104083212362657,-0.24380465132288126,1.9987631190821817,149.57816708217425,72.91622991243074,0.6841119407174565,0.8750997460735597,0.12798520077730463,0.03884742898618517,0.2152137991571033,1.99932,0.20073011942869612,141.36571011615143,13.028879438077604,0.04025068007492125,0.4036775810348905,1.9993699999999999,-0.6316952553734498,-0.029808878290805224,0.01224449927417595,1.99975,-0.18700131702178258,1126.5357257841447,-340.44550416154584,0.011798261109811754,1.99974,0.38550749607444523,87.5,1.3879726066972542
O=Cc1c(F)cccc1Cl,-903.5350201929082,1.2155395973276923,1576.6742423861697,1303.0384816512756,0.1011211684094408,4.097708714265239,0.1748911487912343,0.09298304501629726,-0.2678741938075316,-0.08190810377493704,158.55939999999998,1248.3488979133317,-0.45374613693168986,-0.15541915178899296,0.020446595956448356,-0.26715908276566774,1.9986699999999997,151.66267172511607,73.73816434669321,0.6591286455543701,0.8740811545711186,0.11320331521006055,0.03992524150997481,0.20262327357544066,1.999306054177859,0.19982321581210816,140.70583126093422,13.51153946545201,0.040798916442821166,0.4044799412413602,1.9993599999999998,-0.6362613746879053,-0.043529120299405186,0.01220259137566752,1.99975,-0.19016847524945077,1118.514338521814,-326.599897999659,0.011686595956448356,1.99974,0.36902797019971917,99.0,1.3879726066972542
O=Cc1c(F)cccc1I,-741.1975897141081,1.5718098303147472,2023.5141676607514,1238.3115769155258,0.10054234031810029,3.821721786695009,0.16870195678502795,0.08542382073524932,-0.25412577752027726,-0.08327813604977861,250.0109,1293.6826561120088,-0.46928206841219683,-0.12181702866553361,0.02233029890950654,-0.26615827009952514,1.998645438927602,159.9565412973221,69.78012863601,0.6637601843770464,0.8359380455562758,0.10934358649502374,0.040617601787329954,0.22169560878744216,1.9993069592850679,0.203135793376086,144.78736337926208,13.536701475738074,0.04005507646153106,0.4094964438959349,1.9993399999999997,-0.6190668219638366,-0.1162283246670636,0.012867429990952257,1.99974,-0.19040941203669948,1093.0349438287924,-304.63334303131575,0.012139421054302487,1.99974,0.3890107199100381,98.5,1.3879726066972542
O=Cc1c(F)cccc1OC(F)(F)F,-855.669738,0.7668,2793.3122,1085.399,0.123831,4.2198,0.175285,0.09468499999999999,-0.26997,-0.0806,208.112,1418.021,-0.4609,-0.167538,0.01984,-0.27706,1.99876,138.2803,80.1442,0.6544996853366898,0.904181,0.121189,0.03985,0.1942,1.99932,0.207768,142.7815,14.1012,0.04051,0.40293,1.99937,-0.655757,-0.037002,0.01233,1.99975,-0.191041,1127.6418,-332.0058,0.01155,1.99974,0.35887350534927626,99.0,1.3879726066972542
O=Cc1c(F)cccc1OC(F)F,-756.5527311415489,1.1741915239758467,2241.950478868738,1144.3421394101092,0.13131658570459978,3.3339913860327504,0.17297315311029587,0.09494080724841646,-0.26791396035871234,-0.0780323458618794,190.12149999999997,1247.7415864696213,-0.4478601832789745,-0.12011439318109032,0.020010643910632796,-0.2721721157489604,1.9987397408390772,144.13373968163992,76.42370820695456,0.676023350022648,0.9107624680474824,0.10670341387649943,0.04016334873882699,0.19462265253720284,1.9993199999999998,0.20068418333644122,144.7989357672004,13.975922382981583,0.040565432355670186,0.4074029775852066,1.9993625532490102,-0.6570566678115151,-0.0488394616900578,0.01246000510119114,1.9997499999999997,-0.19905198053783188,1116.7719122972496,-320.4175702587465,0.011741321437649097,1.9997399999999999,0.40096634806679315,82.0,1.3879726066972542
O=Cc1c(F)cncc1F,-559.130074,2.1166,1268.7384,940.848,0.090285,2.0431,0.190905,0.09193499999999999,-0.28284,-0.09897,143.0926,926.148,-0.344483,-0.174364,0.01965,-0.30042,1.99877,139.1749,78.3375,0.644745122718691,0.87709,0.132608,0.04073,0.21266,1.99934,0.212264,145.4275,14.4212,0.04122,0.40358,1.99938,-0.616273,-0.040573,0.01244,1.99975,-0.178495,1162.2126,-353.5778,0.01165,1.99974,0.3565135305223411,87.0,1.3879726066972542
O=Cc1c(I)cc(Cl)nc1Cl,-1577.1651467385307,3.5781416536898862,3325.7527091001225,1283.9017694577549,0.07827504613048236,1.655480263843957,0.18508813356189519,0.0812899417240211,-0.2663780752859163,-0.10379819183787407,301.8984,1825.285542709429,-0.61325986968841,-0.1282576652881942,0.023448462476403163,-0.27279497537479536,1.998579175891172,166.61092220565433,67.79481258033944,0.6685184099439182,0.8103693961774896,0.14187184966689007,0.03944969863964568,0.25117106354808705,1.999289587945586,0.2177043759301029,141.13532750934812,10.993226674183424,0.03942378846196219,0.41191597162133403,1.9993208241088287,-0.6180872579898763,-0.11990935460662566,0.012811457551362222,1.9997400000000003,-0.18561551938982446,1088.6472383545372,-314.01935694794236,0.012443105769018914,1.9997400000000003,0.3975144882275543,98.0,0.9634398649569116
O=Cc1c(I)ccnc1Cl,-1117.6414136079934,2.9808460669878953,2408.8970706516993,1567.4692305520964,0.08698476155773058,2.4495196812723705,0.17969500842651248,0.08168903757714435,-0.26138404600365683,-0.09800597084936813,267.4533,1107.4570817831298,-0.5410172200647969,-0.11595873771325091,0.0235863771350363,-0.2662184197221296,1.9985787615577306,167.66772203610003,65.9662680665738,0.6693375724618246,0.7595988708751273,0.1362499758363378,0.03959380778865287,0.24761652835267556,1.9992893807788652,0.21668861211478369,141.2746696709434,9.838539810940043,0.039323253017585366,0.4132373297652595,1.9993212384422696,-0.5924966696218819,-0.12286727134657222,0.012834611933476745,1.99974,-0.1859407883846949,1091.192945538418,-315.9325616797734,0.012434611933476745,1.99974,0.39610869299022555,99.0,1.3879726066972542
O=Cc1c(I)ccnc1F,-757.2283879650762,2.7376986075581966,1979.2889911263605,1400.1319025538871,0.0887159512370036,2.5009670483703195,0.17970019699997186,0.0833378936580443,-0.26303809065801614,-0.09636230334192754,250.99869999999999,1302.1252029889617,-0.5264500678992796,-0.2033062229708822,0.02266639933021327,-0.3075248903091107,1.9986581367892273,149.69631299212506,74.76902393903255,0.6602427853672063,0.8155022316350912,0.13626378540145184,0.04008683177283299,0.24509331567693343,1.999309378929742,0.21452528926239423,146.46271526815352,13.400108551285005,0.03992272809601207,0.4086716270843259,1.9993406210702573,-0.6018495201986925,-0.11734915518664527,0.012660683946136819,1.9997399999999999,-0.18957174636003168,1102.028306598128,-309.920716510186,0.012184536119440639,1.9997399999999999,0.39122340087317453,99.0,1.3879726066972542
O=Cc1c([N+](=O)[O-])cccc1[N+](=O)[O-],-753.287033,0.6647,2483.1636,1294.641,0.127428,5.4773,0.20522500000000002,0.081595,-0.28682,-0.12363,196.119,1347.845,-0.074327,-0.178675,0.01996,-0.14376,1.99862,169.7148,57.5181,0.6996538703587162,0.921497,0.352515,0.03661,0.48855,1.99929,0.26231,138.4283,13.4168,0.0435,0.4168,1.99936,-0.638638,0.064883,0.00858,1.99971,-0.199744,991.2411,-273.5557,0.01182,1.99971,0.3961611076148521,85.0,1.3879726066972542
O=Cc1cc(-c2ccccc2)c(Br)s1,-3469.7747248547003,2.8664235426092883,4348.165790599978,1856.8126205197887,0.16059631394332702,4.017768568201856,0.16592522219447706,0.08413085819498968,-0.2500560803894667,-0.08179436399948738,267.1397,1649.2057391094074,-0.43722640681547875,-0.020586224690881717,0.019723763575080603,-0.3469687517163787,1.9987983073274247,114.67384893278299,50.90402693799563,0.6135801394542524,1.0598703894648378,0.119112804393797,0.035674165522414245,0.1915556734489457,1.9991708463362876,0.19379153913362196,130.50089146176296,19.174916140329458,0.03914670453127741,0.3963880376981397,1.9992208463362877,-0.7588583054550975,-0.05642655573580472,0.012288151291971885,1.99975,-0.21514052028455213,959.2185940710555,-260.6984436150904,0.011790534265382383,1.99975,0.3381957737625431,16.0,1.1512985958567945
O=Cc1cc(Br)c(-c2ccccc2)o1,-3146.757526699111,1.9656647376951701,4044.1499147314294,1623.8779836855433,0.16348658699060598,3.6550020447704132,0.16172356889843542,0.07961349186912874,-0.24133706076756417,-0.08211007702930667,251.07910000000004,1676.61148147844,-0.39724683160351654,0.08062809184183957,0.02767599828823763,0.18386227045845455,1.9986959982882377,97.82578123929122,46.1128622675063,0.5759518901778314,1.1118382365866455,0.09180995523162562,0.03567403594700978,0.1395347047209911,1.9992529991441188,0.1772644968857502,126.3851714405678,22.10510341002505,0.03686203081172267,0.36289630640546433,1.9993029991441191,-0.7953924677324493,-0.05156421057199293,0.012569948647128888,1.9997570008558814,-0.21122199090719257,1031.2670360770878,-276.48391396361893,0.011750951214772444,1.9997500000000001,0.32490591071849056,99.0,1.3126748825968737
O=Cc1cc(Br)c(F)cc1Br,-5590.811137868004,2.285465823505574,4016.251559722181,1248.8659362844476,0.09215959264321717,2.060987788304196,0.1804734366836489,0.09198237624789984,-0.27245581293154875,-0.08849106043574906,281.90650000000005,1248.8659362844476,-0.43495121521841507,-0.09026223968484502,0.019872560167470556,-0.20156618077069016,1.9986506789279714,159.20110003270767,64.96332477293923,0.647790279802893,0.8721585381410182,0.10960814526746668,0.03835410194298404,0.19845903939623769,1.9992610183919572,0.20619479760229925,136.39618159314105,11.322367019023265,0.03892903835835443,0.42022683132350586,1.9993010183919573,-0.6724810010907294,-0.056304321383393606,0.012327807671670883,1.9997496605360143,-0.20210464617609053,1047.8420819564,-293.91939360825825,0.01160663373529884,1.9997496605360143,0.34794708227247156,99.0,1.3879726066972542
O=Cc1cc(Br)c(F)cc1Cl,-3476.9351037016027,2.3086729548454445,3137.72686882094,1265.8940918243375,0.09247532664151163,2.0619219994382187,0.18074262163527116,0.09276454713733438,-0.27350716877260556,-0.0879780744979368,237.4555,1410.3359418578,-0.4273583536909284,-0.10473417599907431,0.019298911194961257,-0.20212981692029253,1.998680287457902,156.45093524710907,66.44092262286254,0.6471493636320106,0.8831011600169102,0.10873320274975791,0.0381515593426482,0.19589395538232082,1.999260862373706,0.20590890485403648,141.14524128185417,12.465206309279674,0.0389496691904727,0.4186462887239558,1.9993105749158038,-0.6694496269021938,-0.05338985876759615,0.012194024410627663,1.999749712542098,-0.20386718343890603,1057.8842448989913,-293.7889604692848,0.011548336279157304,1.999749712542098,0.3471362658748008,99.0,1.339157326756677
O=Cc1cc(Br)c(F)cc1F,-3116.5147779092213,2.584882173255735,2624.3403890942504,1295.046921894102,0.09375424267407016,2.136625568084681,0.1795002349800666,0.09454072452730845,-0.27404095950737506,-0.08495951045275815,221.0009,1124.4369334546789,-0.4512170498636597,-0.15922676983324302,0.017933499545532257,-0.24661228617518144,1.9987502916287945,140.92606888232402,73.78582294495098,0.6344451532298667,0.9346691708173179,0.10605035428144703,0.039194205189931434,0.1857277515906371,1.999280874886383,0.20674926560219345,146.59122293932936,14.915308992071736,0.039712577803975774,0.4139522197328993,1.9993305832575887,-0.67745466138824,-0.05070965821281855,0.01227079026539112,1.9997497083712057,-0.20632487025171423,1068.3576226859518,-290.98263877374455,0.011505249318298383,1.9997497083712057,0.3440724905668251,99.0,1.3879726066972542
O=Cc1cc(Br)c(F)cc1[N+](=O)[O-],-3221.599002233034,3.157993186587225,3550.95769278135,1263.075708058125,0.10633379465895958,2.240037246467247,0.2057878618543169,0.08652983868177275,-0.2923177005360897,-0.11925802317254416,248.00799999999998,1387.9194011949803,-0.25595033348138935,-0.11974748066921176,0.018919316929766245,-0.21311738679318998,1.998739804837076,155.72580486673633,69.12081802045641,0.6563938062594061,0.8473194844238403,0.19634292363958883,0.03549561303391434,0.3114288389043098,1.9992801951629235,0.2228084149065476,149.094907327328,12.308210924179981,0.038339758146196466,0.42323228686480197,1.9993300975814619,-0.6387252689295608,-0.03610266745726779,0.011013368660289156,1.9997499024185377,-0.19821683235756776,1076.7326786457663,-303.5684194544614,0.01148546456187002,1.9997499024185377,0.3523662017851075,60.5,0.8967959195807009
O=Cc1cc(Br)c2c(c1)CCO2,-3070.6899040718286,2.861454638736802,2997.24235384174,1350.0625694693613,0.15071566732005656,3.581890337830851,0.15453770731241157,0.09142379121746111,-0.2459614985298727,-0.06311391609495048,227.0571,1358.669461868893,-0.48952885994786144,-0.06152785422514424,0.01737633366002829,-0.17882282728947663,1.9988099999999998,155.31816569213723,63.968943435098,0.6187683463648599,1.025374246341348,0.07397236075348795,0.03815416584992927,0.16894983022973123,1.9992434165849928,0.18975983430786275,126.02066927111366,11.24470027491299,0.03896733267994342,0.41672116879018395,1.99929,-0.7551865678003145,-0.06709870766132833,0.012433916094950492,1.99975,-0.21954146476694364,983.920067036031,-268.01285492698287,0.01151366633997171,1.999746583415007,0.34006844312494044,94.0,1.1883837141090154
O=Cc1cc(Br)c2ccccc2c1,-3071.6821018483315,2.747801577345392,3340.5683454142295,1185.0109682713403,0.15803819944810724,3.8212472124674006,0.16608445006557426,0.08096817858181427,-0.24705262864738853,-0.08511627148376,235.07969999999997,1454.7929826822744,-0.34090709220287185,-0.06549365261377521,0.01742844362682556,-0.18055029723875488,1.99878,162.50280050251945,61.48086459874994,0.6179568055343244,1.015784840257309,0.10742653319011626,0.03724577818658722,0.21628528199345792,1.99925,0.1965039188682034,126.8876059123731,8.931640862258394,0.03877444546646805,0.42171226412519003,1.9993,-0.740443036827274,-0.04850439608571647,0.01200155637317444,1.99975,-0.20666886643839244,1023.2061339550532,-291.56597777438884,0.011545554533531949,1.99974,0.34147259534860774,99.0,1.3879726066972542
O=Cc1cc(Br)cc(Br)c1,-5491.715362,2.8444,3664.2148,1064.49,0.099211,1.9439,0.18223,0.09281,-0.27504,-0.08942,263.916,1277.388,-0.231895,-0.096772,0.01759,-0.16297,1.99878,161.9795,57.5497,0.617526746381372,0.930626,0.101845,0.03758,0.20477,1.99926,0.201346,128.1605,9.556,0.03881,0.42552,1.9993,-0.688512,-0.044686,0.01223,1.99975,-0.197343,1035.3912,-299.8552,0.01159,1.99974,0.33967904342353683,99.0,1.3879726066972542
O=Cc1cc(Br)cc(Br)c1F,-5590.810869827271,2.1092245967188092,3934.3713750688817,1469.1543267016655,0.09232348881967326,1.8734253483223764,0.18360972313518584,0.08974265231340997,-0.2733523754485958,-0.09386707082177585,281.9065,1060.8280576688674,-0.3230461349191648,-0.1850468194532354,0.018160911614727798,-0.22745839886659094,1.9987499999999998,143.16653597131724,69.70884322383199,0.6352239487603701,0.9211593745577904,0.11732003877308136,0.038901878753467234,0.20352378526894027,1.9992906077431516,0.21014028883950459,146.48852609745165,13.638751714946958,0.03961375750693448,0.4176927610957011,1.9993306077431519,-0.6795159461584425,-0.0426518186042646,0.012131243248309553,1.9997496961284238,-0.19875882819857882,1084.0565998625875,-303.8724954970363,0.011506077431518677,1.9997496961284238,0.34361320837022713,99.0,1.3879726066972542
O=Cc1cc(Br)cc(C(F)(F)F)c1,-3254.868210965943,3.4324004802862613,3773.9588458262074,1172.1986700207458,0.11668964842882669,1.6996170596800073,0.18917002691780815,0.09548343495830865,-0.2846534618761168,-0.09368659195949951,253.01820000000004,1448.6141376296382,-0.2619155953549742,-0.08702151658963671,0.017689560536033367,-0.17028126455628362,1.99879,167.4545495933294,57.9103985837402,0.6176940257731562,0.9196323606474144,0.10796661349374602,0.03738521973198332,0.2088997758784985,1.99926,0.20286172555449677,128.40223632162002,9.450706559678299,0.03878000000000001,0.4245235157117331,1.99931,-0.6787590601107918,-0.04177382245860607,0.01218,1.9997500000000001,-0.19621568260214356,1040.734543152533,-301.73606224675575,0.011605219731983318,1.99974,0.34033906025868016,93.5,1.3879726066972542
O=Cc1cc(Br)cc(F)c1F,-3116.5083014273596,1.949417900543218,2735.367988731986,1541.295142423784,0.09373022449310339,1.7824590844877677,0.1828065160467978,0.09122175551032154,-0.27402827155711934,-0.09158476053647625,221.0009,1059.6317729133157,-0.30815115323504644,-0.17368483306457738,0.01779219908304013,-0.22806157846856753,1.99879,146.48393252868368,68.70342820237732,0.6362796836928813,0.9095275305580319,0.11105676931874156,0.0390478550518416,0.1957029403976082,1.99929073302768,0.20847397428363618,147.8438725523051,14.055283402832094,0.03966314450680305,0.41628030823551426,1.99933109954152,-0.6579234317549878,-0.04417896812249205,0.012222827984400737,1.99974963348616,-0.19883516099036616,1087.5782965878466,-303.8947644512452,0.01152659724912038,1.99974963348616,0.34446491367906523,99.0,1.3635649667269656
O=Cc1cc(Br)cc(I)c1,-3215.500774,2.71355,3636.06225,1651.592,0.098973,2.00765,0.17803,0.08922,-0.26725,-0.08881,310.9165,1209.6465,-0.2373585,-0.098222,0.017785000000000002,-0.16371,1.99878,160.31745,57.66045,0.618628067967275,0.9338985,0.1019765,0.037625,0.205055,1.99926,0.201518,127.9699,9.4765,0.038815,0.42555,1.9993,-0.6926289999999999,-0.0461215,0.012225,1.99975,-0.19776749999999998,1034.3461,-299.5369,0.01159,1.99974,0.34078036500943987,99.0,1.3879726066972542
O=Cc1cc(Br)cc(OCc2ccccc2)c1,-3263.2527297766555,1.4139651240014537,7066.47631521628,2186.6291711521353,0.22937590404213037,3.0646428440671665,0.1654158529871301,0.08944366254373275,-0.25485951553086283,-0.07597219044339736,291.1437000000001,2159.990716279875,-0.19561634780996257,-0.07404384618257243,0.017475355773228295,-0.15505974859944333,1.9988035308173653,166.24617372914884,57.088300230313955,0.6185587627688741,0.9623177686337829,0.08895059266678144,0.03792099770438162,0.1927297905795978,1.999257178511691,0.19767466746052473,128.72718749131514,8.663380036972885,0.03881199718013867,0.4257808945562455,1.9993000000000003,-0.7113130551400181,-0.05242645977151114,0.012317871570021467,1.99975,-0.20495741378851437,1023.1027857175109,-291.9812940541855,0.01155309012433689,1.9997400000000003,0.34011490881863954,99.0,1.1109847771625294
O=Cc1cc(Br)cc([N+](=O)[O-])c1,-3122.5084648899447,5.025578313602879,3268.521348021952,1320.706023541145,0.11339488578558489,2.260680660098565,0.20308901102166427,0.0895892757621091,-0.29267828678377333,-0.11349973525955517,230.0175,1497.770514331501,-0.27615880969074635,-0.10903064939078791,0.017554285120125915,-0.17942144015754463,1.99879,164.48971846944437,57.67902350197785,0.6176930628079854,0.9094208548001514,0.1273781555340036,0.03683656940842812,0.23390781137142536,1.9992634285120126,0.20550846975092807,128.75254576258425,10.015323805844442,0.03877399958408814,0.42486057523119414,1.99931,-0.6679959571610785,-0.03264504920488224,0.011978284704214057,1.9997500000000001,-0.19171607831871235,1046.3723428443886,-305.5786729865248,0.011636857024025182,1.99974,0.34230872498525733,96.0,1.0668259850449504
O=Cc1cc(Br)ccc1Br,-5491.713370289425,1.7209707413992328,3750.8172582765274,1758.5417838178773,0.09935485905595486,2.9064819220838256,0.1786271283936275,0.08908804737222492,-0.26771517576585235,-0.08953908102140257,263.916,1419.484011806394,-0.3455070158811945,-0.0988830348646678,0.02008354871053609,-0.1918786575179685,1.9986503565450142,164.34855419461172,60.7355544538493,0.6465433492727231,0.8514417172277828,0.11491245632848963,0.038176384331043964,0.2095498376172595,1.9992610696350424,0.20736091631911932,137.16858268708586,9.70802241235949,0.038800646131608274,0.42191765484134613,1.9993010696350424,-0.6628390325108366,-0.05457892885239275,0.012229626715380906,1.999749643454986,-0.2001725134216864,1060.8351804403787,-301.21939671734697,0.01158782725070538,1.999749643454986,0.34847655337849087,99.0,1.3879726066972542
O=Cc1cc(Br)ccc1Cl,-3377.8373538106143,1.7121360542880584,2899.7098297278935,1311.9960112812032,0.09967316315246848,2.9336083920474603,0.1788737211646278,0.08992795763919763,-0.26880167880382544,-0.0889457635254302,219.465,977.162604852834,-0.33893617844606494,-0.11262007445790398,0.01951836847531514,-0.19249353300018632,1.9986802699508166,161.68376368373563,62.28812669367202,0.647479407350815,0.8623259043453494,0.11382780107945181,0.03796051626206292,0.20677902467055792,1.9992608098524496,0.20685529053685728,142.2469095101562,10.89002175234802,0.038817253212693206,0.42033848667316664,1.9993108098524497,-0.6600828558707451,-0.051329296065901475,0.012094319213065878,1.999749730049183,-0.20205852575058184,1070.6540507632292,-301.0971034173583,0.011537828573681904,1.999749730049183,0.3475618710529554,99.0,1.3879726066972542
O=Cc1cc(Br)ccc1F,-3017.416941886053,2.054922815995205,2394.858881232983,1104.6826884642678,0.10098346508252967,3.0743705574575357,0.17755163047572023,0.09179816493033155,-0.2693497954060518,-0.08575346554538868,203.0104,1100.0428509321687,-0.3670135699996681,-0.16736857026647614,0.018173507829169683,-0.23745314092505432,1.9987503188935607,147.0319727304619,69.85877433005231,0.635539611438419,0.9144152703258048,0.11045978640020392,0.038995830378431316,0.19647997599472278,1.9992809566806826,0.20699136144414984,148.08258007893824,13.414050490313592,0.039606558459888544,0.41559401303817495,1.9993306377871218,-0.6686829731077504,-0.04864530636541622,0.012161799061752578,1.999749681106439,-0.20465317973370986,1080.4992972183518,-298.6404815973777,0.011495421190534968,1.999749681106439,0.3436187726226613,99.0,1.3879726066972542
O=Cc1cc(Br)ccc1I,-3215.498837,2.3569,3716.9778,1345.241,0.099044,2.9822,0.17586000000000002,0.08649000000000001,-0.26235,-0.08937,310.9165,1103.788,-0.355734,-0.086704,0.02104,-0.19166,1.99864,170.4697,58.3213,0.6519823788546255,0.845434,0.109797,0.0385,0.21368,1.99925,0.205035,130.069,8.3241,0.0387,0.42349,1.9993,-0.674469,-0.067222,0.01239,1.99975,-0.199527,1041.1125,-298.6225,0.0116,1.99975,0.3461296412838263,99.0,1.2387019432974515
O=Cc1cc(Br)ccc1N1CCOCC1,-3204.3699256277387,5.926408915886343,5638.080269745777,1886.285737020355,0.22940485962594834,3.4021006679957635,0.15286898914808303,0.07841857831329821,-0.23128756746138124,-0.07445041083478479,270.1252999999999,1670.634280227877,-0.38123309952175216,-0.09052525679892015,0.020166106920031766,-0.15974649135204674,1.9988305071904602,155.13670604619676,66.11325801982443,0.671791562069214,0.8744923781613531,0.07688002905993405,0.043560623505584956,0.21903720967025175,1.9992810089059623,0.17557376525955506,143.9181472520206,10.669097819308295,0.03969858228827179,0.4057553562891112,1.99929,-0.6911761217087107,-0.1919550567644115,0.013153533908348124,1.9997400016395472,-0.21447143213676143,1042.6896245223493,-279.28866103841466,0.011528987814942706,1.9997399999999999,0.35215225730742417,54.0,1.3879726066972542
O=Cc1cc(Br)ccc1OC(F)(F)F,-3329.971930479443,1.685212024772842,4670.238206629303,1359.317647610648,0.12237119317334207,3.065896491660138,0.17934655331127047,0.09126678605108778,-0.2706133393623582,-0.08807976726018267,269.0176,1528.100475599796,-0.35615408493217776,-0.11644379868409839,0.018899885354351584,-0.20133876993455188,1.9987689888802873,149.22126894360085,69.10679795201509,0.6426360702345476,0.8948766264760993,0.12158980270255976,0.037806963192341135,0.20265098353154884,1.9992806740798086,0.21465533326065817,148.42900831099666,12.601023783521407,0.03856920782602256,0.4182,1.9993306740798087,-0.6699759177704443,-0.04800191303402595,0.012069548314447318,1.9997496629600957,-0.20342202052929176,1082.8366278373298,-301.8655917094244,0.011497863114926,1.9997496629600957,0.34697878599252263,99.0,1.3879726066972542
O=Cc1cc(Br)ccc1OCc1ccccc1,-3263.252984062248,4.4828314717124895,7066.412658747178,2055.796537911824,0.22979438943940836,5.512838356770857,0.15924376511614174,0.08684517113271191,-0.24608893624885367,-0.07239859398342982,291.1437000000001,2166.899756353922,-0.4127200733826248,-0.1299501895159458,0.018699097069780554,-0.20807859079581978,1.9987820430169831,146.74583165513337,69.2745853986504,0.6436856262537494,0.9157881873665953,0.11126618436405032,0.038364320699809315,0.19694475371341283,1.999270074357127,0.20768769146329413,152.05053048867305,11.799878802767024,0.038700511742952644,0.4158856435019874,1.9993200743571269,-0.7087310999993022,-0.061042452717034706,0.012015545788399392,1.9997499256428737,-0.21655487220745925,1065.5727319266819,-287.9032557497186,0.01136605830182053,1.9997499256428737,0.344969693823866,92.5,0.4150759871022452
O=Cc1cc(Br)ccn1,-2934.3414168578784,1.1344305233807175,1964.8779121043679,1405.9641083361978,0.09585983725174621,2.944707702219297,0.18322357143199444,0.09430404882687224,-0.2775276202588667,-0.08891952260512219,186.00770000000003,789.657221552978,-0.008721607665363819,-0.1095189551969443,0.027479775769072547,0.06927638337213779,1.9988300000000003,154.52690209668572,41.648533238008106,0.5958144089635208,0.8556960408367456,0.12462760290384514,0.03872003616627862,0.2085300506327901,1.9993100072332557,0.22221052914380554,131.1722219709019,4.517959592921994,0.039150339963019046,0.41400348283659233,1.9993400144665117,-0.6516844195096633,-0.06410931941772711,0.011920679926038097,1.9997499927667444,-0.19498152880370767,1050.1344260895003,-306.5301579052974,0.011450462928366363,1.9997499927667444,0.33966811843062394,99.0,1.1109847771625294
O=Cc1cc(Br)cnc1Br,-5507.736219944968,1.7966226864219346,3678.1905701857518,1091.352428665808,0.08718642966727969,1.05684045786428,0.19030644500919539,0.08887596245938867,-0.279182407468584,-0.10143048254980672,264.9038,1372.4207110840096,-0.40475438846677014,-0.1449090045989343,0.020102491071358888,-0.23611161485496984,1.9986602264610327,151.2922083542945,63.6860634010254,0.644069477762364,0.8251705222676263,0.13852000921867624,0.03833532183426672,0.22864830762907826,1.9992703396915488,0.21763473466393762,140.07936864713923,8.501292133951644,0.03883256858731075,0.4199827828746974,1.9993103396915488,-0.6459929362496334,-0.059012439003009745,0.01210509537323409,1.9997498867694836,-0.19759519355577207,1088.1263818071625,-314.9385415056299,0.011606340908913534,1.9997498867694836,0.34630366387719075,99.0,0.8019944372672091
O=Cc1cc(Br)co1,-2916.13054,1.9086,1756.4987,1036.117,0.077201,2.5516,0.171395,0.09473499999999999,-0.26613,-0.07666,174.9815,891.543,-0.243453,0.05893,0.02774,0.18816,1.99871,98.2003,42.8393,0.5726872246696035,1.020142,0.08286,0.03669,0.1225,1.99925,0.187165,129.0307,20.8656,0.03712,0.36785,1.9993,-0.716927,-0.056639,0.01261,1.99976,-0.209746,1031.0885,-278.2861,0.0116,1.99975,0.32709251101321585,99.0,1.1883837141090154
O=Cc1cc(Br)ncc1Cl,-3393.8578715796116,3.620924592678981,2843.5402744523394,1164.499682383454,0.08739373280499088,1.9234932252275376,0.1929721112930731,0.08543454564507513,-0.2784066569381482,-0.10753756564799796,220.4528,1009.5836730926475,-0.17836845438612753,-0.07278045410633893,0.020195944143880824,-0.18133830762782074,1.9986905314714627,171.46557947858102,57.764615046838884,0.6445695264204441,0.8189118466598595,0.13283988076618886,0.03759826594531398,0.2273712463615564,1.999271594414388,0.21404757876589653,144.46392865905153,10.18015573114966,0.03870430804698599,0.42262292204513163,1.9993210629429254,-0.6221641733820666,-0.04287793829896908,0.01204009795779119,1.9997494685285373,-0.18678389096553194,1111.5230151251078,-325.43507341571296,0.011614349729492742,1.9997494685285373,0.3478308103369422,91.0,0.7456793633926465
O=Cc1cc(Br)sc1Br,-5812.544411789495,1.294128192249182,3416.927598903182,985.104593375152,0.0658517069670763,2.345578368601439,0.16940082781196716,0.08901445822911963,-0.25841528604108677,-0.08038636958284755,269.9382,1171.3126042779777,-0.4316351353860302,-0.11125716418211054,0.02181929934870367,-0.2241557966556028,1.998581337581412,132.2926267369522,54.48095452920103,0.6368564930366165,0.925662526119318,0.09655521758159237,0.03805414018659735,0.18444573490625493,1.9992226751628241,0.19462339583188382,134.8257297585885,17.254745952489543,0.038587643443078974,0.4148369425100923,1.9992726751628243,-0.6979844179178177,-0.05928143874656793,0.012278726139768568,1.99975,-0.20658987044496085,1029.9214859075093,-288.61532334866763,0.011593503256481627,1.9997486624185878,0.34260822374128536,98.0,1.3879726066972542
O=Cc1cc(C(F)(F)F)cc(Cl)c1F,-1240.087522885558,2.8908856638038642,3295.352470764217,1458.3016853753338,0.1101837038359838,2.1655354590358376,0.19448033187040434,0.0970002138692359,-0.2914805457396402,-0.09748011800116844,226.5577,1040.0904538131076,-0.343937634795842,-0.17353624044156812,0.018240525073671913,-0.2345316489559822,1.9987602625368361,147.75547854178006,70.25511749351558,0.6348292835632613,0.910024338250122,0.12130737317711879,0.038797852504844986,0.2050218878925845,1.999290787610508,0.2113570023978565,147.35067382668984,13.59921605194222,0.039597542767541655,0.41658520060198634,1.999330787610508,-0.6709425230953524,-0.03997663959155498,0.012118926252422491,1.999749737463164,-0.19731171629862,1091.809128235024,-307.02310808755993,0.011524988199883159,1.999749737463164,0.34374207536341905,99.0,1.2055514423795428
O=Cc1cc(C(F)(F)F)ccc1Br,-3254.8665182437267,2.715520217570016,3843.991644254942,1208.3204494239299,0.11682194861845106,3.459432654599989,0.18893792031618747,0.09505853114188365,-0.2839964514580711,-0.09387938917430382,253.0182,1389.1239088721977,-0.3797563378664057,-0.0921239160912426,0.020219762494296727,-0.1998755937642582,1.9986505138154893,169.3789596325814,61.38659785223116,0.6468770313793049,0.847684523392926,0.12138150618418622,0.03798798354212554,0.21406621462958225,1.9992607707232342,0.20881408690285755,137.76223485501694,9.714196394284924,0.03876928748289017,0.42093448852511406,1.9993105138154892,-0.6630858493852955,-0.05146620325331378,0.012176422693616268,1.9997497430922553,-0.19888607786719248,1066.5148835332313,-303.7787200282931,0.011593102294977186,1.9997497430922553,0.3480050005207774,99.0,1.1090622904508725
O=Cc1cc(C(F)(F)F)ccc1C(F)(F)F,-1018.0178394866273,1.832258562347366,3945.7354962129198,1266.1609329095654,0.13444900375089858,2.8279558814897863,0.19493153907665636,0.09551977310513163,-0.290451312181788,-0.09941176597152475,242.1204,1422.6541440466422,-0.24555439666333176,-0.09463025218457788,0.019303172846253863,-0.16861540244499984,1.9987897355961455,169.22481745031104,61.20672893714785,0.673508363762538,0.8469967973134848,0.1367493720177931,0.03691621349058048,0.2215083483963853,1.9992803966057817,0.2149616646454348,145.71964506365796,10.679740669063396,0.03854885752912537,0.4180771290665868,1.9993203966057818,-0.6440800271192161,-0.03758742108439285,0.01183070835610679,1.9997498677980727,-0.19675087967204924,1084.30912763465,-311.19110308418266,0.01158885752912537,1.9997498677980727,0.3510640584445069,98.5,1.2696356012770242
O=Cc1cc(C(F)(F)F)ccc1Cl,-1140.9905764410532,2.6813496156229935,3016.1630649366825,1757.1605421257477,0.11715317459722292,3.4472139331782845,0.18907829056751327,0.09585050650745285,-0.2849287970749661,-0.09322778406006045,208.56719999999999,1320.3722895743635,-0.3716889206269911,-0.10520347924233335,0.019669132615037,-0.20031857302890044,1.9986802853942198,166.51801211045893,63.042191448753954,0.6480919201918248,0.858242606750888,0.11998486492825515,0.037800548383833246,0.21103832657822824,1.9992705707884397,0.20825648724729007,142.58789698475837,10.88774471881482,0.03880938440234705,0.4193432513594518,1.9993108561826594,-0.6596465514178353,-0.04817259911161462,0.012043995519078686,1.9997497146057799,-0.20046271406748017,1076.3546019252794,-303.9132265377604,0.011548561826597184,1.9997497146057799,0.3473628055605056,99.0,1.3126748825968737
O=Cc1cc(C(F)(F)F)ccc1F,-780.570874,2.991,2519.7748,1138.095,0.118467,3.5293,0.187095,0.097495,-0.28459,-0.0896,192.1126,1187.577,-0.389268,-0.158993,0.01835,-0.24428,1.99876,150.5868,71.153,0.6345185651353052,0.907232,0.115395,0.03887,0.19873,1.99929,0.208779,149.44,13.3595,0.03955,0.41497,1.99933,-0.667444,-0.046307,0.01213,1.99975,-0.203608,1087.5336,-300.8698,0.0115,1.99975,0.34290434235368156,98.0,1.3879726066972542
O=Cc1cc(Cl)c(Cl)c(Cl)c1,-1723.4789,3.7744,2750.4672,1503.228,0.091614,1.6405,0.187275,0.094915,-0.28219,-0.09236,209.4591,1478.174,-0.295578,-0.072407,0.01711,-0.17191,1.99878,162.9828,61.0041,0.6172120830711139,0.976501,0.10585,0.03746,0.20668,1.99926,0.201207,128.3782,10.3765,0.03888,0.4237,1.99931,-0.706411,-0.043253,0.01221,1.99975,-0.198237,1033.074,-298.1674,0.0116,1.99974,0.3404657016991819,96.0,1.3126748825968737
O=Cc1cc(Cl)c(Cl)cc1Cl,-1723.4793798948626,2.64290671953069,2853.9968410623596,1304.5134014458736,0.09163792515658728,2.1150048595337267,0.1847048391622922,0.09071756154736255,-0.27542240070965474,-0.09398727761492966,209.4591,1281.0533606351332,-0.40501591929113334,-0.09681603121794588,0.019259804134526853,-0.20084161724776214,1.998680306379204,159.53220612473737,64.38514406703085,0.6463600833716938,0.9140235431094295,0.11999429867708596,0.03779205930268542,0.21154441511879796,1.999260919137612,0.20719151664530527,142.02824126369092,11.855346198549551,0.038901667571739136,0.41873705658746796,1.999310919137612,-0.6836645465411637,-0.048420310814545994,0.012064595688059463,1.999749693620796,-0.2013577965774152,1067.4192508974577,-299.8016396495955,0.011548884996914963,1.999749693620796,0.3470534029803385,95.0,1.3879726066972542
O=Cc1cc(Cl)c(Cl)cc1F,-1363.058991,2.9232,2434.6103,1165.73,0.092886,2.202,0.18387,0.09241000000000002,-0.27628,-0.09146,193.0045,1297.699,-0.427352,-0.150751,0.0179,-0.24542,1.99875,144.0552,71.8379,0.6348332284455632,0.965145,0.118395,0.03872,0.20236,1.99929,0.208395,148.6831,14.3746,0.03961,0.41419,1.99933,-0.693039,-0.045921,0.01211,1.99975,-0.204332,1079.2139,-297.046,0.0115,1.99975,0.3431403398363751,91.0,0.3211466216523038
O=Cc1cc(Cl)c(Cl)cc1[N+](=O)[O-],-1468.1436373189397,2.964899267946794,3204.0747221631573,1425.6478575881058,0.10555048424130323,2.384329808470769,0.2066715378238471,0.08655251783863084,-0.29322405566247794,-0.12011901998521624,220.0116,1283.8390369861636,-0.23995741664867004,-0.11027013757972286,0.019049715895633135,-0.2066476650259281,1.998739978145818,158.92327938361595,66.80349899685591,0.6567828854311102,0.8769878378810747,0.19429033421365438,0.035533037731307233,0.30537906817183086,1.999280043708364,0.22403339182276374,150.19601267936542,11.832997530160641,0.0383222728349349,0.42308416493338824,1.999330021854182,-0.6529128756421304,-0.03351188685978536,0.011062666210212102,1.9997499781458177,-0.1965824439304598,1083.5545868592064,-307.7556003356192,0.011481201980013653,1.9997499781458177,0.3514913681285022,53.0,0.9015725489977664
O=Cc1cc(Cl)c(F)c(Cl)c1,-1363.057974,3.5581,2451.4222,1467.384,0.092974,1.736,0.185865,0.098975,-0.28484,-0.08689,193.0045,1822.396,-0.317214,-0.088552,0.017,-0.17322,1.99879,161.4976,63.3438,0.618628067967275,0.949599,0.095544,0.03781,0.19172,1.99926,0.200252,127.6761,10.9721,0.03896,0.42335,1.9993,-0.696162,-0.048025,0.01236,1.99975,-0.200531,1023.1617,-292.7443,0.0116,1.99974,0.3410950283196979,98.0,1.254684715944833
O=Cc1cc(Cl)c2c(c1)OCCCO2,-1071.126476504574,1.7556647500227842,3241.502877680087,1702.208994087948,0.18702213016937275,3.7154516613707567,0.16072631851442182,0.09294110077836051,-0.25366741929278236,-0.06778521773606132,212.6323,1749.6271076057164,-0.36753284673641634,-0.05421217598460877,0.016966003439932376,-0.17197778672419267,1.9988000000000001,161.99978031659194,64.06281650992511,0.6170706740050869,1.0166255545112544,0.08159140122438592,0.038147975920473365,0.18049171996618832,1.9992560034399323,0.19315022930356057,127.5615516537914,10.298146399440032,0.03899,0.42079634743317007,1.9993000000000003,-0.7385048713815034,-0.059362438194907496,0.012405986240270494,1.99975,-0.2116898636504071,1006.4127975856401,-282.42452899513563,0.011536003439932378,1.99974,0.3394430459408433,98.0,1.339157326756677
O=Cc1cc(Cl)cc(Br)c1,-3377.8393840847684,2.8386520923642227,2885.1230831090734,1348.6805223429574,0.09960253814583211,1.9535076291664242,0.1826530298032239,0.09371277549767643,-0.2763658053009003,-0.08894025430554747,219.465,1460.1515923518837,-0.2279506929539359,-0.09435139511330215,0.01745,-0.1629904238425791,1.99879,163.70114257219862,57.43385280580601,0.6186213995818262,0.9294238694716226,0.10125327152773737,0.037585042384257916,0.20386622914347946,1.99926,0.20118740688887596,128.3930676997298,9.545941920142324,0.03881504238425791,0.4253349576157421,1.999305042384258,-0.6866618884963381,-0.044764071918995084,0.012235042384257912,1.99975,-0.19774089854626775,1035.5013114226372,-299.8244337386261,0.01159,1.99974,0.34204035192756177,99.0,1.3879726066972542
O=Cc1cc(Cl)cc(Br)c1F,-3476.934793362528,2.1034628913327493,3098.2116924198767,1485.06497499821,0.09270387542845211,1.882511028646248,0.18433437334496003,0.09081589821225487,-0.2751502715572149,-0.09351847513270517,237.4555,1275.9845302598794,-0.3157552855770875,-0.18283369525156837,0.018020883023053026,-0.2276044682774716,1.99876,144.81357917471928,69.71424238591025,0.6360085251995259,0.9228163145611347,0.11706400059471102,0.038891192553272544,0.20300591719875719,1.9992905886820356,0.21001616923503702,146.8853803830319,13.603685876051557,0.03962209076552742,0.41749610521536196,1.9993308830230532,-0.6826244106589684,-0.04273813793242415,0.012140596276636275,1.9997497056589824,-0.19925828834570794,1084.4852092798844,-304.0423762473776,0.011505886820353485,1.9997497056589824,0.34369129934710996,99.0,1.3879726066972544
O=Cc1cc(Cl)cc(C(F)(F)F)c1,-1140.9922667243757,3.4295421596505005,3009.7420987815085,1110.6882218942246,0.11707836106661672,1.6927651070892544,0.1911765322717112,0.09789180693488164,-0.2890683392065928,-0.09328472533682954,208.5672,1370.4676925253016,-0.2565145818338023,-0.0846920359558467,0.01755472213323344,-0.1702830549326341,1.9987999999999997,168.8184370677405,57.70548355224573,0.617885101728564,0.9179084973525138,0.10748414486003605,0.037390555733533115,0.20806806614522044,1.99926,0.20276616672005993,128.65842158106506,9.44820651841416,0.038785277866766554,0.4243397237350315,1.99931,-0.6767169895792737,-0.04184119658907405,0.01219,1.9997499999999997,-0.19657514838399176,1040.919503552376,-301.7884267183173,0.011605277866766558,1.9997399999999999,0.3414075183687184,98.5,1.3879726066972542
O=Cc1cc(Cl)cc(Cl)c1,-1263.963417,2.8311,2254.8236,1006.641,0.099991,1.964,0.183425,0.09497499999999999,-0.2784,-0.08845,175.014,1143.91,-0.223617,-0.091838,0.01731,-0.16301,1.99879,165.3163,57.2703,0.618156073001888,0.927803,0.100657,0.03758,0.20296,1.99926,0.201023,128.6395,9.5412,0.03882,0.42515,1.99931,-0.684539,-0.044837,0.01224,1.99975,-0.198145,1035.6988,-299.7953,0.01159,1.99974,0.34030837004405284,99.0,1.3879726066972542
O=Cc1cc(Cl)cc(Cl)c1Cl,-1723.478103928232,1.9250047002398951,2799.718193703297,1388.1236299695931,0.09167099497624207,1.7042052732593513,0.18489251660337,0.08962742598225382,-0.27451994258562384,-0.09526509062111618,209.45909999999998,1509.4917744368313,-0.29428996605309415,-0.13764028662637623,0.01937940068123356,-0.18204394222116246,1.9986903032477816,161.0146132145351,61.102448736073285,0.6484018062532536,0.8641206121695426,0.11818076496551912,0.03797244033584786,0.21255287276597595,1.9992709097433452,0.20889917085274126,140.62374909308627,10.865141825876474,0.03898306118500536,0.42186567558628857,1.999310909743345,-0.666818626840284,-0.04675180443790272,0.012085155212289372,1.9997496967522181,-0.19815964834818905,1069.438961372389,-304.9830146058124,0.011550310424578747,1.9997496967522181,0.3478465409162982,99.0,1.1512985958567945
O=Cc1cc(Cl)cc(Cl)c1F,-1363.057845257485,2.1042464456283203,2477.1200568870645,1083.6081219742155,0.09309953288259389,1.8363547590415525,0.18468429424172458,0.09145659973388771,-0.2761408939756123,-0.09322769450783687,193.0045,1368.6144222430712,-0.3120666642680465,-0.18290869563933326,0.01790122551681632,-0.22813119048908145,1.9987603063792039,145.72122377171894,69.51080470656818,0.6353565081420739,0.9181543078721919,0.11619871236569225,0.038902059302693824,0.2020054546359386,1.999290612758408,0.2096966514338394,147.2982253362337,13.68796678616008,0.039624118605387657,0.4172053288259389,1.999330919137612,-0.6752461151933948,-0.04282331204543783,0.012151029651346915,1.9997496936207955,-0.19942464284452377,1085.5641244409896,-304.0124282308799,0.011505821204877538,1.9997496936207955,0.3429062790235154,99.0,1.3879726066972542
O=Cc1cc(Cl)cc(Cl)c1[N+](=O)[O-],-1468.1383789379768,2.4718725725344886,3071.22633476767,1357.7442990475258,0.1055413848850417,3.2412229470894536,0.2017201587081185,0.09126293074470626,-0.2929830894528247,-0.11045722796341223,220.0116,1403.6486446204638,-0.19408862330690613,-0.08754047038139585,0.01873771815754708,-0.17449420535524224,1.9987386353508387,159.2505650440122,65.3428989665858,0.6601736589282181,0.8580571221928286,0.14658711289671533,0.03660277386142605,0.2374479073589893,1.9992913646491615,0.21745373071984422,141.47714429109163,12.566844986650896,0.03863181210503139,0.42306617525597295,1.9993313646491613,-0.6418953035672906,-0.03252427749192792,0.011880514300524704,1.99975,-0.18964780811947404,1084.079160580292,-314.67661026763216,0.011694138510587477,1.9997486353508385,0.3569663195170665,99.0,1.3879726066972542
O=Cc1cc(Cl)cc(OC(F)(F)F)c1,-1216.0972035357095,2.9429609859130164,3612.278484981786,1377.0133177318767,0.12247238654636118,1.9825349215982555,0.18471652043656575,0.09573778588968083,-0.28045430632624657,-0.08897873454688493,224.5666,1401.0686448101578,-0.19659644749405497,-0.09211286402888903,0.017346163877656463,-0.1588514404315718,1.99881,167.89957930744083,56.842686650281024,0.6190054786095776,0.9261829621831472,0.10063436513252658,0.03756959108088616,0.2019665723684716,1.9992652993861864,0.20143042776414818,128.42513088551914,9.497784352839826,0.03879812322297615,0.4253787372665372,1.9993078261828923,-0.6815562088584666,-0.04366767797356731,0.012268179162491271,1.99975,-0.19728295672862786,1035.4106253765053,-299.7702636018202,0.011602176121774506,1.99974,0.3412003066655653,97.0,1.3879726066972542
O=Cc1cc(Cl)ccc1Br,-3377.8373905336493,1.67918105865247,2776.5080946408452,1156.4994842611588,0.09974703325822916,2.918790345723214,0.17923040286932268,0.09017687426511316,-0.26940727713443585,-0.08905352860420951,219.46500000000006,1185.6277166937036,-0.33642024613566246,-0.09667529069294964,0.019952638127077073,-0.19191878232710874,1.9986506651645835,165.87350205863274,60.61019663477212,0.6480756048255578,0.8534070810727571,0.11448652071510516,0.03817494367186265,0.2087683713779871,1.999260997746875,0.20726912793559102,137.57536008379478,9.68126617880599,0.03879791438123122,0.4217541937687926,1.9993009977468748,-0.6659462680631822,-0.05473560452721953,0.012238979721870552,1.9997496674177087,-0.20071897231899813,1061.1034740393457,-301.33655803194745,0.011586629114575097,1.9997496674177087,0.34701359150423033,99.0,1.2934633703081746
O=Cc1cc(Cl)ccc1C(F)(F)F,-1140.9897567112407,0.8349992710125385,2898.6133573269412,1167.813358095551,0.11733893848466061,2.956137306613131,0.19061257442809124,0.0963683384376678,-0.28698091286575905,-0.09424423599042346,208.5672,1438.0070363825023,-0.20293142134463485,-0.0973078876499146,0.019073671191700323,-0.16000782620144613,1.9987897176006388,164.62857448825036,60.54553777066094,0.6752737322483774,0.8522933012834026,0.1287193546803804,0.03711677758467751,0.2154130659026384,1.9992804235990425,0.21262553517736474,146.00487189758246,10.66619471275955,0.03856931917893158,0.41899416045841703,1.9993204235990425,-0.6471820071116346,-0.04126511433101997,0.011911578373824085,1.9997498588003195,-0.1988236954291797,1078.9539029823804,-308.6799540988753,0.011569601578293145,1.9997498588003195,0.35105039738998406,99.0,1.3760900883317666
O=Cc1cc(Cl)ccc1F,-903.5408831008207,2.007324704245125,1801.4212464867278,939.0290920749729,0.10135944194254641,3.0904182785244325,0.17858297909713786,0.09334881679890072,-0.2719317958960386,-0.08523416229823715,158.5594,1015.7849087485323,-0.3583537376798572,-0.16478096778119714,0.018033447168261947,-0.2376392286183189,1.998760313378933,148.43838949491774,69.90689368919585,0.6355262083114351,0.9152198322897908,0.11002699351031973,0.03899507031463234,0.1958725632831691,1.9992906267578656,0.20678822410951406,148.46764905682954,13.364981347206117,0.039605753324204025,0.4153762996990616,1.9993306267578657,-0.6714467071244741,-0.04890292757329315,0.01217159502051746,1.9997496866210667,-0.20523059367455326,1080.6590803558315,-298.79107473417463,0.011485640820792276,1.9997496866210667,0.34377548191690965,99.0,1.3879726066972542
O=Cc1cc(Cl)ccc1OC(F)F,-1116.9775668686934,3.246484964024771,3126.75378452108,1516.5098964589408,0.13059613620736274,3.985434657854124,0.17356344093883777,0.0917053653372278,-0.2652688062760656,-0.08185807560161,206.5761,1328.5157950888838,-0.3632772386948636,-0.11846850471290717,0.018600125690207737,-0.20149858782171376,1.9987776398301482,150.139031353904,69.04730112291209,0.6430861889705531,0.9028986498371553,0.11772811855781595,0.03796572284108602,0.19794319794010493,1.9992796475230683,0.21461103691568614,150.30918540955858,12.361464904472951,0.03856346137506145,0.41814453121306755,1.9993200032501768,-0.6824155727230515,-0.053164665431010276,0.01206834368935839,1.9997499989166074,-0.20850643021426415,1075.7190798505521,-296.26022172019753,0.011444070638845493,1.9997499978332152,0.3446726401898926,99.0,1.3879726066972542
O=Cc1cc(Cl)ccc1OCc1ccccc1,-1149.376636150342,4.329387960897845,5583.230630033776,1867.8765492144623,0.23012127137978808,5.391974613845893,0.15964790182309146,0.08795083031998531,-0.2475987321430768,-0.07169707150310614,246.6927,2098.594954345146,-0.3947096004638001,-0.12532324011520282,0.01861278131773729,-0.20783137318023553,1.998779006676868,149.44826439986556,68.76881215814582,0.6482019842124713,0.9086566890406631,0.11250368769912385,0.03850718105989715,0.19714425826336585,1.9992685442901117,0.20849498428714308,152.71013430980167,11.81506196917213,0.0389041166529078,0.415881734123651,1.9993185442901118,-0.7055650799335867,-0.06166603195654223,0.012019744993577747,1.99975,-0.21703528816342565,1065.2551665774831,-287.6283106514093,0.011360138830714621,1.9997491774102363,0.34824717426085133,99.0,1.3879726066972542
O=Cc1cc(Cl)ccc1[N+](=O)[O-],-1008.626481,2.3705,2495.0444,1192.9475,0.114004,3.3899,0.202415,0.087505,-0.28992,-0.11491,185.5665,1381.3075,-0.156998,-0.122542,0.01923,-0.19761,1.99875,163.4674,63.812,0.6553650094398993,0.828854,0.189221,0.03571,0.30128,1.99928,0.224046,150.4753,10.9484,0.03831,0.42462,1.99933,-0.63193,-0.035858,0.01112,1.99975,-0.197993,1083.162,-307.808,0.01149,1.99975,0.3524229074889868,95.0,1.3259161046767751
O=Cc1cc(Cl)ccn1,-820.465604871303,1.1296458137777252,1480.128767747458,1011.2378977271254,0.09626383344172304,2.9549907340403037,0.18291351828026328,0.09456405905388983,-0.2774775773341531,-0.08834945922637347,141.55670000000003,1091.9828333992255,-0.008507042724539046,-0.10791241108684536,0.027279783690549383,0.06952647415595492,1.9988399927896852,156.36895135865097,41.16542628937248,0.5973851181746291,0.85429028695644,0.12405809193856548,0.03873002163094507,0.20704986300401465,1.9993100072103152,0.22223925072098058,131.47498980090836,4.495769415555817,0.039160338884805974,0.41386350350616646,1.9993400144206304,-0.6534644262003112,-0.06318267932466202,0.011930677769611939,1.9997499927896851,-0.19554046927831698,1050.1552521038734,-306.40371818000517,0.01145046146016132,1.9997499927896851,0.3410830035652583,99.0,0.9015725489977664
O=Cc1cc(Cl)cnc1Cl,-1279.984436883855,1.9133082146866565,2131.167618486277,1271.7498173851418,0.08794857426154312,1.0420012938378027,0.192410908540606,0.09171057264240096,-0.284121481183007,-0.10070033589820507,176.0018,1226.7333605064866,-0.38583077821565004,-0.1655352015549124,0.01962240388495727,-0.2368066167554157,1.998700109267498,151.10035402374183,65.99948373131096,0.6436025421656171,0.8403535155602595,0.13719190085952027,0.03817557264240095,0.22587972885518262,1.9992802185349963,0.21769438365920948,143.92525501084748,9.61218684668371,0.038864641844739735,0.41881514771597506,1.9993203278024942,-0.6468521643158722,-0.05840448928486759,0.011993168757443674,1.999749890732502,-0.1993117248208566,1092.7817900117598,-314.3682534917399,0.011554042897428134,1.999749890732502,0.34700480258373584,98.5,0.8658622616011283
O=Cc1cc(Cl)cnc1F,-919.569564331263,2.198853066098422,1759.8403867441968,937.9862861760722,0.08944752565893026,1.2599430838307435,0.1930449046147393,0.09370723793817315,-0.2867521425529124,-0.09933766667656613,159.54719999999998,786.2575151106587,-0.3927244428530504,-0.24603936791170472,0.018351032894541458,-0.28219291118176815,1.99878017214909,136.68917688369288,76.27615240245977,0.6302056076437093,0.895912751097041,0.1361805676957736,0.03884946819996336,0.22161494299665402,1.9993003442981805,0.21550705245691293,148.6234354529546,12.570961503183906,0.03958341227627304,0.4142116721639394,1.99934034429818,-0.656163058766433,-0.054116143266042284,0.011987746709060934,1.9997498278509096,-0.2017512592933301,1096.6659500064102,-310.2731474945735,0.011524475876346318,1.9997498278509096,0.34208482035506954,99.0,1.1109847771625294
O=Cc1cc(Cl)cs1,-1125.2793912048883,1.960517610739392,1484.3897480102287,1088.9516492311486,0.07456967291029996,2.0464657401677115,0.17552068588172035,0.0915042420828143,-0.26702492796453464,-0.08401644379890605,146.59110000000004,977.1179504668453,-0.3163774719783838,-0.03093095525910454,0.018948737750613148,-0.3447597146959065,1.9988270691641203,120.02288818063867,49.9438003890563,0.6121702156366707,0.9701358053128047,0.11970862038991002,0.035773731991133664,0.18935318442086463,1.9991709769452934,0.19926891090271814,133.32529235064183,18.634618710916545,0.03921229395170711,0.39895318442086464,1.9992209769452935,-0.7093308957114497,-0.05351060890452845,0.012355345820599913,1.9997500000000001,-0.21103954291231938,969.3855029522576,-263.5506852977043,0.011802414984719897,1.9997500000000001,0.33819708802286236,99.0,1.0668259850449504
O=Cc1cc(Cl)ncc1C(F)(F)F,-1157.0106366946438,3.1826417799248996,2842.4983171065783,1200.5137509019664,0.10509190490422235,0.6647009814711884,0.2066103404521973,0.09392754880527625,-0.30053788925747354,-0.11268279164692105,209.555,1407.6726694302642,-0.046050895185269634,-0.06389795867383757,0.019615350656598696,-0.14858957894458583,1.9987897673627564,174.6313649488703,55.23100628429368,0.6700754656786165,0.8044981709105059,0.14680504814397716,0.03677907285249343,0.2334660655756646,1.9992904652744867,0.2193903135690529,147.7791359621032,9.895350091724072,0.03847209713665792,0.4210541704630459,1.9993304652744868,-0.6090500319011399,-0.029738665658889423,0.011858378342230304,1.9997497673627564,-0.18427431424934632,1117.5967802416076,-332.04689592681746,0.011655354058065824,1.9997497673627564,0.3506123253112514,63.0,0.5090053525521866
O=Cc1cc(Cl)ncc1F,-919.5602234103839,3.9008861777572257,1761.579887334247,1110.120737155394,0.08914337925636204,1.815711269377455,0.1946741159878639,0.08962934841693332,-0.2843034644047972,-0.10504476757093056,159.54719999999998,1032.3505670661568,-0.20202072162108015,-0.12633569452692578,0.018705684110850957,-0.22746058179291861,1.99877051673735,158.53200663753609,65.02157604065557,0.6315727765434043,0.8662464791890448,0.13050830921834852,0.03847410466510576,0.21701128052061708,1.9993010334747001,0.21444170790875933,150.5929877563321,12.525926540803871,0.03945562564346107,0.41775792646242094,1.9993410334747,-0.631491466010531,-0.03749380013894742,0.012097569069902963,1.99974948326265,-0.18877659130231014,1122.4247430006162,-325.6012443922545,0.011588267797601394,1.99974948326265,0.3427735738177499,95.0,0.7456793633926465
O=Cc1cc(Cl)sc1Cl,-1584.790084,1.2461,2033.4383,1477.809,0.066618,2.3635,0.170535,0.090385,-0.26092,-0.08015,181.0362,1108.356,-0.417141,-0.120005,0.021,-0.22533,1.99862,127.1792,56.7422,0.6360918816865954,0.931404,0.096287,0.03798,0.18031,1.99923,0.195292,139.322,17.8467,0.03855,0.41313,1.99928,-0.703709,-0.059144,0.0122,1.99975,-0.209606,1034.4208,-289.1035,0.01151,1.99975,0.33999370673379486,98.0,1.3879726066972542
O=Cc1cc(F)c(Br)c(F)c1,-3116.51378,3.8022,2609.8152,1235.223,0.093569,1.765,0.18536,0.09417,-0.27953,-0.09119,221.0009,920.362,-0.267786,-0.043649,0.01632,-0.16749,1.99884,170.3412,59.2309,0.6176840780365009,0.990635,0.102524,0.03749,0.2021,1.99926,0.200089,128.3854,10.2625,0.03899,0.42191,1.9993,-0.708552,-0.043427,0.01227,1.99975,-0.198549,1030.1402,-298.2863,0.01161,1.99974,0.33999370673379486,98.0,1.2387019432974515
O=Cc1cc(F)c(Br)cc1Cl,-3476.934262637192,2.632747870818232,3153.326105111739,1423.5058835109132,0.09243459168759924,2.1781499849752333,0.185216813860402,0.09094832670280568,-0.2761651405632077,-0.09426848715759634,237.4555,1271.4767358808854,-0.38171095956783774,-0.0817775329742778,0.01892698681506317,-0.19839085095130835,1.9987005175418564,161.27485335874673,62.93137544140086,0.6460959670413429,0.9322462152258655,0.12038655623125094,0.03774889027776339,0.21148617071911247,1.9992607763127848,0.20686446617224186,142.58816788371408,11.52776165791304,0.0389246753043876,0.41785641699017023,1.9993107763127849,-0.6971328742682229,-0.04838462044923716,0.012064657876708781,1.9997497412290717,-0.20205953948863845,1068.3168031453374,-301.0791623731077,0.01154776312784797,1.9997497412290717,0.34585334223152236,99.0,1.3879726066972542
O=Cc1cc(F)c(Br)cc1F,-3116.513512618494,2.916266687572015,2727.4894550920267,1463.776057034019,0.09371113632986518,2.262151441866638,0.18431268970464837,0.09259497986169384,-0.2769076695663422,-0.09171770984295455,221.0009,1278.1105618211595,-0.4050952968918724,-0.13596779975545356,0.017570470114392795,-0.24393419075292283,1.9987802350571964,145.62181594731229,70.92473297568664,0.6332229299565139,0.9841413649665642,0.11899618726970376,0.03866739423253345,0.20341553391326844,1.9992807051715893,0.20732131283708077,148.6634607724174,13.968206432677416,0.039702908007495714,0.4130411282414554,1.9993304701143928,-0.7070343853018957,-0.04539317442721036,0.012108697116266725,1.9997497649428038,-0.20466413675850179,1079.4935558948557,-299.0821936966628,0.011504466086731563,1.9997497649428038,0.3424737144387956,99.0,1.364207569966279
O=Cc1cc(F)c(Cl)c(Cl)c1,-1363.0578096990744,3.8089950958787693,2398.5954721359694,1347.4486487038992,0.09274666415416485,1.7560738859737102,0.1869922688674771,0.09538100467537047,-0.2823732735428476,-0.09161126419210662,193.0045,1335.9001069108713,-0.28043581223184677,-0.06110768390454614,0.016701849060183183,-0.17047386795137387,1.9988099999999998,165.95633430932764,60.57814589286389,0.6176854140261762,0.9787524836334528,0.1038319887411691,0.037479075469908404,0.20410051903347232,1.9992599999999998,0.2004311083872105,128.36039854941157,10.354359517286248,0.038946386795137386,0.42265251884376354,1.999304537734954,-0.7059277865564849,-0.043736350920845934,0.012244537734954201,1.99975,-0.19878220293801843,1030.8746097312587,-297.86929925573486,0.011605462265045795,1.99974,0.3416952633703086,99.0,1.1109847771625294
O=Cc1cc(F)c(Cl)c(F)c1,-1002.636023,3.8174,2079.5986,1132.887,0.093979,1.77,0.18674000000000002,0.09612,-0.28286,-0.09062,176.5499,1230.549,-0.264418,-0.048464,0.01627,-0.1691,1.99884,169.7421,60.3681,0.6178414096916299,0.978181,0.101639,0.03751,0.20083,1.99926,0.199956,128.3224,10.3745,0.03902,0.42167,1.9993,-0.702582,-0.04437,0.01228,1.99975,-0.199205,1028.9937,-297.4482,0.01161,1.99974,0.3406230333543109,98.0,1.131141686509662
O=Cc1cc(F)c(Cl)cc1Cl,-1363.0574836427854,2.6236272401003227,2471.710257960368,1280.1981869954943,0.09284437042790487,2.1570382777779633,0.18536704797629014,0.09185839271069227,-0.2772254406869824,-0.09350865526559786,193.0045,1517.376365239317,-0.37822960431266733,-0.08501159644483768,0.01887723064305797,-0.1998906322060947,1.998700516474504,160.39517807657091,63.64261754112623,0.6468868225490708,0.9205689271549494,0.11916903329164903,0.0377591095566532,0.20994547653043524,1.9992607747117563,0.20657389799808562,142.5097799876965,11.684673377393414,0.03893460379177742,0.41761736407933747,1.9993107747117562,-0.692181697578602,-0.049176555207782344,0.012084390033285194,1.999749741762748,-0.2027421033336891,1066.5859542304684,-300.1068599337447,0.011547747117562108,1.999749741762748,0.3470699895660608,99.0,1.350323744647064
O=Cc1cc(F)c(Cl)cc1F,-1002.6367643190229,2.8991406161602757,2109.934496414492,1017.915837592952,0.09412218372876643,2.2377982652507846,0.18460498469338926,0.0937068662001513,-0.27831185089354055,-0.09089811849323798,176.5499,1265.7390460100466,-0.40193038671217163,-0.139088267320608,0.017530465274486935,-0.2454832705272847,1.9987802326372432,144.6987869758595,71.61117700839317,0.6333696619860751,0.9712085352226343,0.1177302269158036,0.03868744779325998,0.20177441670615678,1.9992806979117304,0.20707439907957526,148.56614461886574,14.129024112929631,0.03971280185132874,0.4127825351993948,1.999330465274487,-0.7013108858443747,-0.04631437914464269,0.01211860757800825,1.9997497673627564,-0.20541261545082481,1077.7130620864232,-297.8765039922047,0.011504187470382392,1.9997497673627564,0.3421854765765843,99.0,1.3879726066972542
O=Cc1cc(F)c(Cl)nc1Cl,-1379.083679,3.4211,2401.3107,1279.217,0.080687,0.1075,0.19605,0.09068999999999999,-0.28674,-0.10536,193.9923,1344.262,-0.429632,-0.162412,0.019,-0.24213,1.99872,145.7565,66.2987,0.6434864694776589,0.899135,0.141483,0.03781,0.22549,1.99927,0.217776,144.2296,10.464,0.03896,0.41606,1.99932,-0.678396,-0.050527,0.01196,1.99975,-0.199964,1088.7868,-313.7771,0.01158,1.99975,0.3459723096286973,53.0,0.3211466216523038
O=Cc1cc(F)c(F)c(Cl)c1F,-1101.726106,2.8576,2291.1392,1051.318,0.087087,1.0509,0.18867,0.09716999999999999,-0.28584,-0.0915,194.5404,883.107,-0.373169,-0.175319,0.01727,-0.23774,1.99879,140.7662,75.2768,0.6351478917558213,0.941506,0.111175,0.03908,0.19,1.99929,0.209231,147.3734,14.8455,0.03978,0.41448,1.99933,-0.694156,-0.047048,0.01227,1.99975,-0.203441,1075.7644,-295.9217,0.01153,1.99975,0.34392699811202015,99.0,1.050554225064758
O=Cc1cc(F)c(F)c(F)c1,-642.206974,3.5323,1743.8262,1049.29,0.095023,1.7916,0.1864,0.10078999999999999,-0.28719,-0.08561,160.0953,1124.239,-0.267732,-0.06574,0.01622,-0.17263,1.99884,166.9219,64.5299,0.617526746381372,0.942342,0.093288,0.03782,0.18843,1.99926,0.199362,127.9279,10.8111,0.0391,0.42138,1.9993,-0.687234,-0.04917,0.0124,1.99975,-0.201684,1021.3956,-293.0019,0.01161,1.99974,0.3407803650094399,98.0,1.1883837141090154
O=Cc1cc(F)c(F)c(F)c1F,-741.296391,2.8234,1962.7175,1138.414,0.088057,0.7912,0.1892,0.09840000000000002,-0.2876,-0.0908,178.0858,958.664,-0.356448,-0.148696,0.01703,-0.23857,1.99882,143.8393,75.3001,0.6342039018250472,0.929414,0.107476,0.03918,0.1855,1.99929,0.207845,148.5255,15.1196,0.03986,0.41327,1.99933,-0.676077,-0.047764,0.01232,1.99975,-0.202963,1079.6828,-296.4309,0.01153,1.99975,0.3432976714915041,85.0,1.08890538110374
O=Cc1cc(F)c(F)cc1Br,-3116.508539699255,2.2324951139547227,2570.8191056429705,1032.112875014676,0.09357670109308226,2.1332834856266585,0.18210296810174714,0.0940853978985506,-0.2761883660002978,-0.08801757020319656,221.0009,1080.758806972828,-0.3876039789408381,-0.07366737970789511,0.019430236524727414,-0.2015685808516355,1.9986706021485132,160.25970433986356,64.87882946663677,0.649332440541421,0.8775254020473687,0.10932567451785087,0.03832197842073827,0.19729516066786354,1.9992512042970267,0.20576802252054122,137.1505247243333,11.10288935650707,0.03896372031674913,0.41895195721798834,1.99930090322277,-0.6831662440573596,-0.057122098662185046,0.012347827930673906,1.9997496989257433,-0.20364501088136272,1048.0950944383042,-295.0461777199642,0.011614451564321056,1.9997496989257433,0.34686757448889494,99.0,1.2845864866092154
O=Cc1cc(F)c(F)cc1Cl,-1002.6324442672094,2.2540104653691504,2051.2032622884753,1077.135858372347,0.0938824373906552,2.1338875088293494,0.18275022194016755,0.09529000146892842,-0.27804022340909595,-0.08746022047123912,176.54989999999998,1018.4851082221548,-0.38187997935581747,-0.08820823262203147,0.018846831274633956,-0.2023041387460286,1.9987102439740938,157.37096321177756,66.47458295119199,0.6474580994821245,0.8878408890712298,0.1084460420905376,0.038108542031149314,0.19484075248728028,1.999260731922282,0.20537634749223502,142.01457353283593,12.237260317816435,0.03899269252860537,0.4173443680308383,1.999310487948188,-0.6801608143802355,-0.054254934792774906,0.012204147559599188,1.9997497560259057,-0.2055258898567622,1058.1410704751695,-294.80025669174364,0.011557075248728028,1.9997497560259057,0.3469203229314277,98.5,1.3879726066972542
O=Cc1cc(F)c(I)c(F)c1,-840.301823,3.6031,2633.8437,997.638,0.093297,1.8199,0.18022,0.08926,-0.26948,-0.09096,268.0014,1215.872,-0.279513,-0.047235,0.01639,-0.16606,1.99883,170.7508,57.9153,0.6179987413467589,1.011615,0.103243,0.03745,0.20336,1.99926,0.199962,128.5202,10.1429,0.03896,0.4219,1.9993,-0.719561,-0.043071,0.01225,1.99975,-0.198685,1030.2845,-298.3194,0.0116,1.99974,0.34030837004405284,88.0,1.3879726066972542
O=Cc1cc(F)c(OC(F)(F)F)c(F)c1,-954.7662431966642,4.426663755630707,3224.3819758391464,1417.855392275511,0.11626335751533758,1.8768721526320897,0.19268784455642157,0.09916316146310747,-0.291851006019529,-0.09352468309331412,226.10250000000002,1033.0457250365537,-0.22278007128852212,-0.0422802492215928,0.016238177834859785,-0.1659352451630429,1.9988400000000004,171.3247647126678,60.5016334567985,0.617455245763175,0.946249164140834,0.10204402707851068,0.03755817783485979,0.20157660445023856,1.999268182489377,0.2010911246125159,128.19325609886403,10.31282243006717,0.03902181558473206,0.42317915897633696,1.9993100000000001,-0.6838856201220702,-0.04203133796298667,0.012294542813612908,1.9997500000000004,-0.1961312503140776,1034.5935733288645,-301.46299316768733,0.011630000000000001,1.9997400000000005,0.34054420339535985,99.0,1.3126748825968737
O=Cc1cc(F)cc(Br)c1,-3017.4177619046823,2.700630698861979,2419.29558813449,1282.0431127967736,0.10064153299826034,1.9935405100055656,0.18186745648392003,0.0946668560922512,-0.2765343125761712,-0.08720060039166883,203.0104,1135.6379794068444,-0.2069630063271561,-0.08805620813757928,0.017057245648392005,-0.16183880387295524,1.9988100000000002,166.68943271065064,56.94934442817316,0.6183416695832851,0.9286107700048554,0.09863888411232982,0.03764000000000001,0.20066425765892648,1.9992600000000003,0.20055107651434034,128.61489885644275,9.501940370316781,0.03887179651871361,0.42459281392514564,1.9993000000000003,-0.6847213180125853,-0.04574287303305391,0.01227,1.9997500000000001,-0.19861185981728552,1033.8903704939594,-299.31975362576657,0.0115954491296784,1.9997400000000005,0.3410092962605664,99.0,1.3879726066972542
O=Cc1cc(F)cc(Br)c1Cl,-3476.9323195370284,1.761431702358629,2858.3744128598655,1313.8522619148832,0.0923262563479796,1.7631572974099534,0.1844540306911233,0.0902405981452857,-0.274694628836409,-0.09421343254583757,237.45550000000003,1058.6792030021654,-0.2725741761977096,-0.13511400317973074,0.01910478516228565,-0.18061589843232662,1.9987101708986532,163.15816024285292,60.49339731508041,0.6483126640275628,0.8744400986529698,0.11691792497249755,0.03801298829763247,0.2105533985426927,1.9992705126959596,0.20887657928911774,140.41068668597592,10.51276295870468,0.039023754912775176,0.4214276219916336,1.9993105126959594,-0.6827788946791375,-0.04788840309125976,0.012123417973061178,1.9997498291013471,-0.19953606345787112,1065.4197575889993,-304.4898685845635,0.011556152351510116,1.9997496582026941,0.34751190183210484,99.0,1.1109847771625294
O=Cc1cc(F)cc(Br)c1F,-3116.512671810552,1.9529087415655482,2603.6775922177517,884.9815739220198,0.09373229793774926,1.913566173724226,0.1842328835219941,0.09186969951943756,-0.27610258304143165,-0.09236318400255654,221.00090000000003,1225.3149665952592,-0.28703067695412116,-0.17624428082945934,0.01759097186905373,-0.22712952697954056,1.9987802429672636,147.64170512048688,69.58742801780573,0.6360268967357093,0.9265270559304929,0.11605250474562395,0.03885749364296703,0.2019170460506395,1.9992904859345273,0.2093005647617359,147.57165023795815,13.403398160030333,0.039683772449616884,0.41663710982097085,1.9993304859345271,-0.6901492750752256,-0.04367267813692454,0.012158746821483508,1.9997497570327367,-0.20078449756858507,1083.4579380381754,-303.71920313711877,0.011514616378005185,1.9997497570327367,0.34402960626043577,99.0,1.364207569966279
O=Cc1cc(F)cc(C(F)(F)F)c1,-780.5707471181854,3.320914897449806,2550.4144345441728,1272.5511786572533,0.11812367663692537,1.6243198135508898,0.19027180193549154,0.0983036111599113,-0.2885754130954028,-0.09196819077558022,192.1126,1137.5899008892357,-0.23225094490316628,-0.0771632163129993,0.017171353273850706,-0.169490035566238,1.9988200000000003,170.46660183625013,56.84803822538832,0.6178733466138461,0.9150633870309417,0.10566065931917816,0.03741,0.2058697574468589,1.9992600000000003,0.2021820029155713,128.94470165533542,9.426322150308945,0.03883270654770141,0.4235313532738508,1.99931,-0.673675396646729,-0.042654854002743534,0.012215676636925353,1.9997500000000001,-0.1974192027275566,1039.3343671745856,-301.47516789824454,0.011615676636925353,1.9997400000000003,0.3415690964562818,95.0,1.3879726066972542
O=Cc1cc(F)cc(Cl)c1,-903.5418125645642,2.6864109991078515,1856.0166508462462,1248.2202527295995,0.10102778252440511,2.0060855528676997,0.18293369417708927,0.09629795728035409,-0.27923165145744333,-0.08663573689673516,158.55940000000004,1009.1841840307685,-0.2020597234923739,-0.08520082282069764,0.016911565048810202,-0.16185182427470968,1.9988200000000003,168.2864044893373,56.76601763763786,0.6192341308971516,0.9257424817000368,0.09795866486180463,0.03764,0.1996305136050922,1.99926,0.20038324582153821,128.85777293770488,9.494989057680094,0.038876173786607654,0.42439913106696175,1.9993000000000003,-0.681588175862544,-0.04585493184243482,0.01228,1.9997500000000001,-0.19904893466725007,1033.8488246374836,-299.2403047081682,0.01159539126220255,1.99974,0.3413494931813664,98.0,1.324397028287747
O=Cc1cc(F)cc(F)c1Br,-3116.512272,1.5207,2412.7887,1404.424,0.093554,1.6642,0.183475,0.09021499999999999,-0.27369,-0.09326,221.0009,1186.496,-0.235778,-0.093955,0.01923,-0.18044,1.99871,169.7901,59.3399,0.6491504090623034,0.85043,0.11371,0.03821,0.20965,1.99926,0.205874,139.727,10.4816,0.03895,0.42183,1.99931,-0.664927,-0.052123,0.01227,1.99975,-0.198731,1066.9517,-303.6547,0.01158,1.99975,0.34628697293895533,99.0,1.1828347465536813
O=Cc1cc(F)cc(F)c1[N+](=O)[O-],-747.2954838034553,2.8677566153480067,2220.1470556541467,1151.1267434353806,0.10782164154750104,3.0354781658708228,0.20426551764946074,0.09205044839145103,-0.2963159660409118,-0.11221506925800973,187.10240000000002,1034.6812694931339,-0.11840278047527208,-0.06933954078593178,0.018236119153994656,-0.17747178835256722,1.9987985074471248,166.22705350201548,62.88189085648176,0.6579445414819094,0.8379238077092848,0.1580841058446321,0.03630820956213803,0.25421265594134235,1.999290746276438,0.21932712476868224,146.17115342331752,12.244234465302943,0.03863044787012735,0.42260761014289894,1.999330746276438,-0.6309054284247536,-0.03394106404477276,0.011663433497201704,1.9997500000000001,-0.19179542145462436,1087.4159536443651,-313.7603917692976,0.01161656754544569,1.9997492537235626,0.35430388194605317,97.0,0.3211466216523038
O=Cc1cc(F)cc(I)c1,-741.2031341820955,2.5711765754532685,2450.484687435691,1105.7539537353782,0.10039835315090653,2.077215694379151,0.1766654272090052,0.09004901477724628,-0.2667144419862515,-0.08661641243175891,250.0109,1355.8390540320167,-0.21378251606625062,-0.08918049922659739,0.017256449804542717,-0.16260931204084433,1.99881,164.95144818713425,57.12375452989092,0.6189681737371564,0.9341413140156493,0.09886089161892694,0.0376745167318191,0.20107403260430196,1.99926,0.20073436079733054,128.51124027010275,9.420190929601588,0.03887193307272363,0.42463130117274367,1.9993,-0.690512744358729,-0.04716595753690035,0.01227,1.9997499999999997,-0.1990495255594133,1032.873637939612,-298.9989646161624,0.011595483268180905,1.99974,0.3404098458864493,99.0,1.350323744647064
O=Cc1cc(F)cc(OC(F)(F)F)c1,-855.6758273439713,2.862053129882435,3094.973780331586,1314.2801510257946,0.12352090625311643,2.0416875336576377,0.1844617191914968,0.09748562547785533,-0.2819473446693521,-0.08697609371364144,208.11199999999997,1322.0166779352835,-0.1744135177852178,-0.08473700006648421,0.016908437551940797,-0.15723624746528903,1.998834843755194,171.208109529333,56.28607657491385,0.6198055971553504,0.9216220236032756,0.09788943765166713,0.03761093746883552,0.19785687477146047,1.9992651562448058,0.20124284428706785,128.8143311392622,9.488942221001814,0.038811874937671034,0.42464812506232896,1.9993051562448056,-0.6761486322433132,-0.04501020366674253,0.01230546873441776,1.9997499999999997,-0.19822968751038816,1033.270812685878,-298.54802439589344,0.011605156244805919,1.9997399999999999,0.34211276762725235,98.0,1.3879726066972542
O=Cc1cc(F)cc([N+](=O)[O-])c1,-648.2110484574155,5.045153258293117,2173.8165208627934,1408.652321804232,0.11482394748331765,2.08096070847296,0.2042763371471964,0.09125167350477287,-0.29552801065196926,-0.11302466364242351,169.1119,1207.4624996209213,-0.24457325944046238,-0.1029300155444528,0.017005331558005134,-0.17964635046215793,1.9988200000000003,168.75368923500994,56.734433107804804,0.6171155974952478,0.9069408952762982,0.12774732589143173,0.03676812197123283,0.2345010263357904,1.9992630663116013,0.20506383206119033,129.40895367013252,9.983761635881356,0.038829198934803084,0.42388748548514565,1.9993100000000001,-0.6671517812166601,-0.032534980135932964,0.011982928362414363,1.9997500000000001,-0.19288360702287746,1045.4769868305652,-305.41320309649336,0.011643066311601027,1.9997400000000003,0.34095029995589876,98.0,0.8658622616011283
O=Cc1cc(F)cc2c1OCCC2,-635.6211133856418,4.246439002326666,2421.1826335956644,1451.2799472958327,0.18264188537114096,5.784652365999799,0.15343328046683458,0.08619710189677603,-0.2396303823636106,-0.06723617857005854,180.1783,1448.9658640402704,-0.34009386435766464,-0.12769539040433142,0.018461242029913102,-0.20452850312786663,1.9988100955407624,146.9483772616646,69.76441179472579,0.6402190821058638,0.9265530590183172,0.10924979409141133,0.03820878975015427,0.19803570066568538,1.9992702866222876,0.2056678419620728,153.61267504377716,11.663106691864586,0.03873738841878346,0.4154916563741515,1.9993201910815248,-0.7251761348710534,-0.06532844410954934,0.011983152845164033,1.9997499044592373,-0.2205352343209925,1061.5943512896908,-286.1782398509119,0.011341528652200743,1.9997499044592373,0.3424791953063661,93.0,1.3879726066972542
O=Cc1cc(F)ccc1Br,-3017.4155123084447,1.3991186381934426,2193.398301842188,1296.016616890115,0.1007939031197321,2.9355936723026956,0.17883518806625687,0.09133364022773363,-0.27016882829399047,-0.08750154783852322,203.0104,1004.919378782321,-0.30113718614232193,-0.08625491041658664,0.019581115566618346,-0.19100870558979025,1.9986706351752352,167.53844072513706,59.87469084127809,0.648543504315969,0.8573288742489832,0.11255965009171075,0.03820381907132502,0.2064572219105712,1.9992609527628529,0.20655068353479494,137.91449108911215,9.487569548526267,0.03884525222556103,0.42098282620890687,1.9993009527628531,-0.6729879080900146,-0.0558410764297242,0.012278892453294676,1.9997496824123824,-0.202126519126578,1059.8909996544917,-301.13784099815183,0.011595561793265683,1.9997496824123824,0.3464996463740309,99.0,1.1870088832534322
O=Cc1cc(F)ccc1Cl,-903.539512,1.385,1724.1006,1205.562,0.101102,2.8533,0.17959,0.09265999999999999,-0.27225,-0.08693,158.5594,1125.191,-0.295663,-0.100718,0.019,-0.19179,1.99871,164.7859,61.5017,0.6463184392699811,0.867076,0.111834,0.03795,0.20383,1.99926,0.206229,143.6491,10.6311,0.03883,0.41947,1.99931,-0.671347,-0.052935,0.01213,1.99975,-0.20463,1069.9947,-300.4898,0.01153,1.99975,0.3461296412838263,99.0,1.364207569966279
O=Cc1cc(F)ccc1F,-543.1186874310229,1.7120953863145407,1413.9376995955668,918.3693590911695,0.10238844078618266,3.1184450520898297,0.1788187453855454,0.0951268034235686,-0.273945548809114,-0.0836919419619768,142.1048,1086.9848339348052,-0.32503306932649495,-0.15493529111579254,0.017670251136671672,-0.2375879216374225,1.9987802511366715,149.97129852204824,69.62915843274844,0.6367442000182999,0.9162014385778215,0.10866893174240877,0.03897958866039044,0.19477844771310304,1.9992807534100148,0.20575065375317844,149.22048909129472,13.110370114407214,0.03965591254404914,0.41439018400527505,1.9993305022733432,-0.6780068152101554,-0.05025153313044539,0.012179292056851873,1.999749748863328,-0.20708085329389497,1079.2386195728209,-298.4699273678067,0.0114945204600901,1.999749748863328,0.34294887828333437,98.5,1.3879726066972542
O=Cc1cc(F)ccc1I,-741.201027,2.0298,2239.8435,1274.635,0.100481,2.9821,0.17504999999999998,0.0877,-0.26275,-0.08735,250.0109,1126.422,-0.308985,-0.073986,0.02055,-0.19056,1.99866,173.6964,57.3891,0.6524543738200126,0.852584,0.107115,0.03856,0.2103,1.99925,0.204144,130.7489,8.1253,0.03875,0.42252,1.9993,-0.685596,-0.068622,0.01245,1.99975,-0.201448,1040.556,-298.5912,0.01161,1.99975,0.34691629955947134,94.0,1.2696356012770242
O=Cc1cc(F)ccc1OCc1ccccc1,-788.9516686015234,3.8520098730730896,5519.829232211007,1917.530294679764,0.2310536616315736,5.04754046350505,0.1598728462528035,0.087951471480703,-0.24782431773350652,-0.07192137477210055,230.2381,1977.3383459835325,-0.3662029288012151,-0.11365736559420589,0.01805053468412815,-0.2087795922979712,1.9988172477343482,149.3374621632734,69.11718528320971,0.6416661147125943,0.9156126300810905,0.10780424365410586,0.03833884235552208,0.19744632501771278,1.9992707375762202,0.2035616754383458,150.77030726306504,11.249413199243078,0.038852970753999676,0.415157818520208,1.999320638556606,-0.7156946539805398,-0.06196667700006841,0.012051135237331582,1.9997499009803856,-0.21758678078267607,1063.3982810300452,-290.51203627250686,0.011407517367607707,1.9997491634041658,0.34829035485895427,95.0,1.3126748825968737
O=Cc1cc(F)ccc1[N+](=O)[O-],-648.205353,2.389,1995.64655,1141.0325,0.115043,3.4003,0.200695,0.088825,-0.28952,-0.11187,169.1119,1026.9285,-0.1349205,-0.1082645,0.01904,-0.19392,1.99877,166.73615,61.77115,0.6563089993706733,0.8290415,0.18177349999999998,0.03594,0.28989,1.99928,0.223643,150.9403,10.88025,0.03838,0.42391,1.99933,-0.6372955,-0.038476,0.01124,1.99975,-0.198945,1080.6972,-306.98389999999995,0.01149,1.99975,0.35226557583385776,96.0,1.1512985958567945
O=Cc1cc(F)ccn1,-460.04474614370633,0.978655053321103,1151.5743212981645,977.8155410825124,0.0974078308383149,2.9752501054116762,0.18166325763464364,0.09538440116763482,-0.27704765880227844,-0.08627885646700882,125.1021,977.9914408158384,0.005705219384541536,-0.10089767234639109,0.0267498037724453,0.07211716485015797,1.99887,157.81962245628358,39.261429899397704,0.5969162995594713,0.8499600167428151,0.12036794604161416,0.03886,0.20107797005977898,1.9993100067664673,0.22162042934074014,131.72444516309116,4.521583800183774,0.039270277425163536,0.41321401844281536,1.9993400135329347,-0.6562340565922684,-0.06205833546578554,0.011990642814403325,1.9997499932335325,-0.1967272573941748,1047.8721779329426,-305.0899158654196,0.011460426287446415,1.9997499932335325,0.3382528385640225,99.0,0.8301519742044904
O=Cc1cc(I)cc(I)c1,-939.286194,2.5772,3343.2645,1332.438,0.098727,2.0658,0.17603000000000002,0.0878,-0.26383,-0.08823,357.917,1256.299,-0.24188,-0.100012,0.01799,-0.16446,1.99878,158.5989,57.7447,0.618313404657017,0.936382,0.102153,0.03766,0.20537,1.99926,0.201696,127.7842,9.3858,0.03882,0.42557,1.9993,-0.696359,-0.047495,0.01222,1.99975,-0.198173,1033.2271,-299.2186,0.01159,1.99974,0.34015103838892385,99.0,1.3384412262815764
O=Cc1cc(I)ccc1Br,-3215.4987470211395,1.4939920967345623,3689.9978244014483,1507.23143293941,0.09909996923508681,2.8619058977777057,0.17467548151786108,0.08578111394672149,-0.26045659546458255,-0.08889436757113961,310.9164999999999,1592.3695642358489,-0.35783842225944146,-0.10179329493761766,0.020257182328786486,-0.19257102281740857,1.9986409287745288,163.1156724615421,60.901497571509395,0.6469662781934314,0.8510414579286856,0.11479677231703896,0.038222971495779474,0.20961444995975265,1.999251857549058,0.20749186716382784,136.7925707723648,9.661918014896859,0.038813404535417456,0.4219297236984946,1.9993013931617936,-0.6601830521148242,-0.05589906831190438,0.012241609681612491,1.9997495356127355,-0.20027590127398562,1059.5093247075288,-300.89545415470104,0.011593219363224981,1.9997495356127355,0.3485129687084082,99.0,1.3213286613210435
O=Cc1cc(I)ccc1Cl,-1101.6227534354907,1.4967188930823137,2902.1365028627397,1077.0221511361913,0.09943063854335507,2.8879446547685257,0.17455287993504712,0.08623889459772303,-0.26079177453277014,-0.08831398533732406,266.4655,890.0059014020309,-0.35053712349064914,-0.11551348097973012,0.019698225467229862,-0.19316751998075468,1.9986702836368013,160.42507768181505,62.43722061170716,0.6471642540965599,0.8617829139490685,0.113746696171652,0.03801070548647517,0.2067282693349746,1.9992608509104035,0.2070476074149427,142.05594670899924,10.842618099866284,0.0388191418785421,0.42036356348764997,1.9993108509104032,-0.6575432145905062,-0.0526484612699093,0.012094254552015446,1.9997497163631992,-0.2023500267404509,1069.4891032983899,-300.64559429189126,0.011538225467229862,1.9997497163631992,0.3466952353959536,99.0,1.3879726066972542
O=Cc1cc(I)ccc1F,-741.202403091217,1.8545673485154177,2420.554824251109,1443.3212598578573,0.10073634538043011,3.0358941330962663,0.17271455877275504,0.0876218609632301,-0.26033641973598515,-0.0850926978095249,250.01089999999996,1259.0024676859161,-0.3787363967244522,-0.16968578515700697,0.018353261695800635,-0.23795816944223325,1.9987499999999998,145.82963247857575,69.79899791310463,0.6354915947214979,0.9152930839589103,0.11025091666132616,0.039046093566405086,0.19619077119750794,1.99928097850874,0.20721046831650133,147.86357323065096,13.398482295709073,0.039607946928269355,0.4156618229564008,1.99933065233916,-0.6667202504998074,-0.04989998908242711,0.012171415935302228,1.9997496738304197,-0.20491511215632868,1079.0823705145576,-298.04581170493054,0.011495544882861081,1.9997496738304197,0.343631230690751,98.5,1.3879726066972542
O=Cc1cc(I)cs1,-962.9424493488103,1.818193203819307,2074.901481163173,1404.1540578236725,0.07408052667924289,2.5276234294959075,0.170834510592488,0.08716805313527545,-0.2580025637277634,-0.08366645745721255,238.0426,933.8275103102438,-0.3510651667361506,-0.03523353797002556,0.019368677919231046,-0.34540552962439924,1.998808042369952,116.65809337309318,49.06390364440229,0.612269869259663,0.9913295885709489,0.120144730787874,0.03582187719627358,0.1909549824298114,1.9991709788150238,0.1993208781898645,133.26937299740712,18.69636243809571,0.039169495866706115,0.39970405459699804,1.999220978815024,-0.7291533504736085,-0.05428950717919988,0.012336296589663584,1.99975,-0.21085551952870674,968.3302299149138,-264.3471491208806,0.011792381329567463,1.99975,0.33926658030382156,99.0,1.1109847771625294
O=Cc1cc(OC(F)(F)F)ccc1Br,-3329.9711860821044,1.9537388472008967,4668.213361810119,1416.2287771863034,0.12223974572660273,2.903190155222788,0.18057418424000293,0.09063031881084382,-0.2712045030508467,-0.0899438654291591,269.0176,1454.8510977632245,-0.3026435168785779,-0.09642577094499809,0.01995721131604862,-0.18803612827794494,1.9986645422405391,167.6316674189815,60.103543828149526,0.6489619995108948,0.8555014374392891,0.11555538510467206,0.03810974582842093,0.20843451949304748,1.9992605795206249,0.208419425307416,138.02709485959525,9.592138152886907,0.0387117647151807,0.4221293885321195,1.9993062304536273,-0.6681473232737587,-0.053715396347369854,0.012257290245792581,1.9997498068264585,-0.20042947173141845,1060.652689163559,-300.65061237184375,0.011593814570532317,1.9997498068264585,0.3473639880583822,88.0,1.1512985958567945
O=Cc1cc(OC(F)(F)F)ccc1F,-855.6744559070581,2.3585023757939343,3071.6508618309213,1448.4842415699497,0.12384066468691285,3.0955848610278984,0.18177402441645285,0.09486010317190115,-0.27663412758835404,-0.08691392124455169,208.11199999999997,1359.027950828363,-0.3337834172378704,-0.1665883772999267,0.01807082220606372,-0.2348427535376781,1.998775081460896,149.7224748232412,69.90018959391907,0.6349660030837687,0.9134873547359397,0.11237213746090573,0.03885112054694059,0.19727962415136696,1.999285157223965,0.20791344507755677,149.3952401640676,13.281420834250893,0.039496193497886446,0.4155202848252037,1.9993301591232409,-0.6717569284461484,-0.04804217777560368,0.012152943779953341,1.9997499204383795,-0.20509810328015585,1080.7330593814245,-297.92039729106637,0.011496430209890768,1.9997499204383795,0.3435822428657112,99.0,1.3879726066972542
O=Cc1cc(OCc2ccccc2)cc(OCc2ccccc2)c1,-1034.7906219984245,0.7418575067229396,11191.872282626382,2543.3376944994134,0.3595870047171366,3.1931236528578717,0.14911077043977602,0.08753657321494812,-0.23664734365472415,-0.061574197224827903,318.3714,2797.8249568038777,-0.13676482515932628,-0.05280591656014948,0.017516158582632196,-0.14442009613247314,1.9988220822757357,168.4094266671114,57.19556579986869,0.6192607581036603,0.9416000252810621,0.07560591638955519,0.03811049634571838,0.18004651736162508,1.9992509159624698,0.19361604007811467,128.15019914334493,8.082921925044241,0.038666911589885236,0.42581160220793424,1.9992983507580255,-0.6983086823236475,-0.061080224532273325,0.012346310267036958,1.9997500000000001,-0.21261516362151447,1007.5895681880711,-282.86384793472774,0.01150515374432685,1.9997400000000003,0.34142336911666216,97.0,0.8658622616011283
O=Cc1cc(OCc2ccccc2)ccc1Br,-3263.2494872486477,1.10997409467946,8603.504894900692,2094.3879198736704,0.22951134540934706,3.223568138187812,0.1630662126480476,0.08449017443683429,-0.24755638708488187,-0.07857603821121333,291.14369999999997,2128.4240014251013,-0.2827285494269951,-0.0741671767208429,0.019971898525851923,-0.18214699421075226,1.9986703693856984,167.41362733328774,60.28585694352902,0.6478014333349346,0.8717584122101794,0.10378497870210054,0.03829286443769332,0.19899569661971092,1.999253209568026,0.20450113897327646,138.5314807306306,8.67186032932208,0.038621849588891706,0.42233727380460656,1.9993011081570962,-0.6798456309476938,-0.06449712904709255,0.012270618137468135,1.9997496306143012,-0.20932726306814992,1045.8425153165917,-290.68527595692257,0.011550294904382764,1.9997496306143012,0.34696641586277566,85.0,0.9240813396544318
O=Cc1cc([N+](=O)[O-])ccc1Br,-3122.5067472595692,4.731025123672242,3231.7420217231565,1290.86317036072,0.11350820481549347,4.46217699356145,0.20033653120868847,0.0898442381018366,-0.29018076931052506,-0.11049229310685185,230.0175,1274.2373877956802,-0.40250279794208604,-0.10599537939133685,0.020215130202361997,-0.20637387098800272,1.9986517800238073,166.49278826434104,60.66189128990063,0.6479856777627679,0.8352704659111094,0.13353085785311689,0.03778047027378388,0.23136604047239961,1.999262670035711,0.20952005575572144,135.67070085498756,10.480085048162941,0.038932561237979287,0.420806237809729,1.9993117800238072,-0.6434510323661519,-0.042470714453060665,0.012086230083325529,1.9997491099880964,-0.19108274736255362,1072.1621405752815,-309.7872654796257,0.01168094054756776,1.9997491099880964,0.34937417175774227,98.0,0.8967959195807009
O=Cc1cc([N+](=O)[O-])ccc1Cl,-1008.6308971648228,4.6521845208900965,2545.4662273521294,1314.8103601423443,0.11385323348841597,4.46865637044616,0.20063806953647745,0.09084632528158056,-0.291484394818058,-0.1097917442548969,185.56649999999996,1253.6802350296743,-0.39389364926608406,-0.12038902806525098,0.01968101978476419,-0.20654444137412312,1.9986907346523175,163.58585873082563,62.34494119867796,0.6474223471904414,0.846378037548726,0.13137211536256338,0.03760910096025792,0.22597189410527702,1.9992714693046352,0.2092647013330929,140.55040161789262,11.590027203659893,0.0389633008443368,0.41921943991729177,1.999321469304635,-0.6413941063364628,-0.03838583997056191,0.011964857433776711,1.999749265347682,-0.19289918125539898,1082.7662063894202,-310.2680929360596,0.011609835612575541,1.999749265347682,0.3485158456934726,98.5,0.9907252850306424
O=Cc1cc([N+](=O)[O-])ccc1F,-648.2113762907522,4.7942781928717935,2121.4273708636533,1104.449590856536,0.11509725678244866,4.416925416270336,0.19786605751761377,0.09372964819046384,-0.2915957057080776,-0.10413640932714995,169.1119,1132.1678244286493,-0.40622909023395304,-0.17610699534295976,0.01833285029552217,-0.24786170506028005,1.9987605700591047,148.46542227800327,70.52540846474085,0.6334579803593827,0.8974411225420096,0.12218571599385444,0.03882793289611727,0.2060526697432322,1.999291140118209,0.21005945446046326,146.888943567589,13.941979602641455,0.03970638791999416,0.4149303834507585,1.9993411401182088,-0.6506230524944828,-0.0376006470214446,0.012161401182088681,1.9997494299408956,-0.19541642644335622,1095.006854382898,-308.90565565165844,0.011567980827462078,1.9997494299408956,0.34529663061340804,97.5,1.0668259850449504
O=Cc1cc2c(Br)cccc2s1,-3392.525443515233,1.483163503090136,3394.728061882483,1437.6771641275734,0.12434126803372789,3.2749541847346886,0.1690619844598861,0.07923981955560429,-0.2483018040154904,-0.0898221649042818,241.10189999999997,1518.9835692944228,-0.318098635073748,-0.010108983517259786,0.02032005151473529,-0.32837896913400544,1.9987890721634758,110.99247032283277,48.4603399976936,0.6146582820750495,1.0405709552363462,0.12652574128374616,0.0354592268505041,0.2045121132467243,1.9991709278365235,0.19636388606772923,134.38050830091473,15.710244974924091,0.03877479386964774,0.40078360817380293,1.9992204639182618,-0.7516110290235885,-0.04748432418577691,0.012145360817380298,1.9997499999999995,-0.2076298294729315,989.8151159117859,-284.6415881192024,0.01181840204345075,1.9997499999999995,0.3391162174180777,99.0,1.0668259850449504
O=Cc1cc2c(cc1Br)OCO2,-3106.551491277684,1.203998997423518,3010.235722175549,1138.5396219286808,0.12626219708932648,3.9014607397878045,0.15574715246833512,0.08456832429448255,-0.24031547676281767,-0.07117882817385256,229.0297,1324.5781775649825,-0.4671510492854034,-0.09300833576641612,0.019563306102773216,-0.2003850861541019,1.9986902361501984,158.87042675859155,65.96912527621528,0.6497360798485288,0.9333478853515819,0.09554902025352018,0.03837003638341869,0.18423725749819306,1.9992404723003963,0.19757276714612043,136.94909427957717,11.239667920382646,0.038864405162083296,0.4151285103319741,1.9992903542252973,-0.7227393332974008,-0.07003512796083101,0.012372951877476085,1.9997498819249009,-0.21729461873300226,1023.853614928555,-278.5775049468053,0.011545903754952168,1.9997498819249009,0.34681305706671034,98.5,1.3259161046767751
O=Cc1cc2c(cc1Cl)OCO2,-992.6753567298309,1.1288062451782095,2408.1196895651597,1421.7027059720351,0.12655415237692225,3.9290120531228534,0.1551761779574166,0.08483473213225443,-0.240010910089671,-0.07034144582516216,184.57869999999997,1100.5510308063003,-0.4630055084922285,-0.1059559507318751,0.01900237128095539,-0.2011289340222082,1.998730098803373,156.02630758359123,67.57752019938931,0.6485546680644887,0.9448946403290617,0.09395052586255943,0.038169089910328996,0.18151932374251023,1.9992502964101193,0.196654085745872,141.95092387829357,12.424268174327468,0.03888452409585177,0.4133949039432221,1.9993002964101192,-0.7200193766850177,-0.067782351423747,0.012231877264089683,1.9997499011966267,-0.21933834989454035,1033.1624147610785,-277.7884599917214,0.01148316170794052,1.9997499011966267,0.34709101557303385,89.0,1.2845864866092154
O=Cc1cc2c(s1)CCC2,-782.256572631592,1.7436325876966126,1775.6786083154861,1174.3976384442803,0.149867919420374,4.73910400759501,0.15627411452229634,0.08983840910840887,-0.2461125236307052,-0.06643570541388746,152.2106,1043.0183645593054,-0.411126581405041,-0.024171028596305988,0.020224740254740328,-0.3393007319743686,1.9988358854777037,94.23779502238453,45.986221544366195,0.6128301549664332,1.0381627034893297,0.10523049523959087,0.035739321146593686,0.17817532458532587,1.9991520572611483,0.18709639708130904,131.18502925930187,18.852069123123297,0.03913400828037169,0.3908209975791802,1.9992020572611482,-0.7558067045072421,-0.06731680068089281,0.012281198343925662,1.9997579427388519,-0.22502381517154327,940.0427573399647,-248.39624089548278,0.011682969299332994,1.99975,0.33645458025428443,63.0,1.3879726066972542
O=Cc1cc2cc(Br)ccc2nc1Cl,-3547.2276417638,2.6881389405806235,5551.884859170159,1739.419529215441,0.13751006018671458,1.7149841916880335,0.18513752374251183,0.08051307812463417,-0.265650601867146,-0.10462444561787766,270.5126,1540.7674713541935,-0.5434403253328902,-0.16683343816021984,0.01930294399342414,-0.25858622159157424,1.9986901132305164,151.76626845152757,68.03332654245041,0.6417077214609745,0.9399002545332512,0.1589769274419483,0.03719441599013621,0.25758471996712073,1.999260339691549,0.2169405483837411,143.49364879967425,9.479985238933764,0.03892562581125121,0.4170434979723598,1.9993202264610326,-0.6783277054315785,-0.04956912443651415,0.011663057223940456,1.9997498867694836,-0.2047331506176574,1080.305159160279,-304.62324629575124,0.0115243027596199,1.9997498867694836,0.3462466566946542,66.0,0.6422932433046077
O=Cc1cc2cc(Br)ccc2s1,-3392.5239192701824,3.0599083701693996,4275.509251375743,1289.5661022364986,0.12423064939564023,2.244638913446266,0.17079512128210703,0.08023405181307934,-0.2510291730951864,-0.0905610694690277,241.10190000000003,1379.1173030143586,-0.3525573261838777,-0.01205150189620932,0.02020106946902769,-0.32854221608029155,1.9987978831318802,109.37779563791597,47.42332383206285,0.6141339681929967,1.0655046090545288,0.12473210279951434,0.03562374860781179,0.20151522606303143,1.9991714112454133,0.19698910265596126,134.37093646114425,15.91700084998528,0.03883151045758486,0.4004255457694816,1.9992207056227067,-0.7588557157284922,-0.047480741016633715,0.012190826904813658,1.9997500000000001,-0.20673130326679032,991.543250336196,-285.48332777183913,0.011820948186920673,1.9997500000000001,0.33869446308035656,99.0,1.254684715944833
O=Cc1cc2cc(Cl)ccc2nc1Cl,-1433.3517422322745,2.5985842003792285,4226.523075439267,1721.5683126420308,0.13789706074697045,1.7672822606886864,0.18548651867426047,0.0813117406628698,-0.2667982593371302,-0.10417477801139065,226.06160000000003,1306.8667379293668,-0.5330333050405575,-0.1669892864317163,0.01930279539592138,-0.2584662950425868,1.9986901118158373,151.89520705007564,68.03872980001026,0.6434372113997492,0.9369156049484346,0.1585130465496812,0.037214360817637356,0.25718442424295435,1.9992603354475107,0.21684709644368083,143.5975741953763,9.442832056104427,0.03892543058548601,0.4170542038974093,1.9993202236316738,-0.6788884003356098,-0.05003528258724902,0.01167301902759509,1.9997498881841633,-0.20496724960083657,1080.0831133370416,-304.54135784327127,0.01151436081763735,1.9997498881841633,0.3465403001967769,70.0,0.7456793633926465
O=Cc1cc2cc(Cl)ccc2s1,-1278.6478928458241,2.9686473226986823,3201.9169717875757,1475.188522086688,0.12461137349625807,2.3205165117272673,0.1705322567235732,0.08052065602532439,-0.25105291274889757,-0.09001160069824879,196.65090000000004,1372.3975843676737,-0.344206684475821,-0.012120218195894667,0.020200144323800004,-0.32867951673125856,1.9987985436255513,109.448550349396,47.29769028488521,0.6143113731380376,1.058359861693884,0.12425897262058933,0.03563514760791219,0.20112164442736588,1.999171456374449,0.19681904130895908,134.36081107072926,15.916805975312826,0.03884242948015609,0.40037266783041464,1.9992207281872247,-0.7538565656972416,-0.04777531946511367,0.01219980537885854,1.9997500000000004,-0.20699970893224198,991.0961726557332,-285.12383918572914,0.011820338944941465,1.9997500000000004,0.33851431437374335,99.0,1.339157326756677
O=Cc1cc2cc(F)c(F)cc2nc1Cl,-1172.0234855462766,3.5365925782409984,4030.9632322450866,1303.0366369588498,0.1316649329235703,0.6692535928499805,0.1899050027466001,0.0858067186293723,-0.2757117213759724,-0.10409828411722781,227.5975,1280.9980654358972,-0.5474936335664229,-0.16751680648346046,0.019282667691074295,-0.25902905368489815,1.9986900988033731,152.25488608512987,68.71676998634122,0.6421967264401756,0.9393582855127982,0.1558313559296867,0.03723424854504425,0.2518974102529842,1.9992602964101196,0.2166650678632932,143.59704582442498,9.668309626462406,0.038923832472237095,0.41657990668982714,1.9993201976067463,-0.6839229413712217,-0.050137238018884485,0.011702766494447419,1.9997499011966267,-0.20613910826800833,1076.4927099241343,-302.0487535549917,0.01151385333155176,1.9997499011966267,0.3463597057775656,83.0,0.5090053525521866
O=Cc1cc2cc(F)ccc2nc1Cl,-1072.9300414386396,2.2572695865574666,3452.6918060453822,1339.2906059866898,0.13891625136389857,1.9786198999938027,0.18490127561650316,0.08210448975339871,-0.2670057653699019,-0.10279678586310445,209.607,1339.060099876635,-0.5044579397704698,-0.16680711898181896,0.019272636042610754,-0.2580170137084342,1.9986901054417043,152.38047616693441,68.17808313429475,0.6409475968823537,0.9293225027572192,0.1575455727877143,0.03722421766817721,0.2568960271390734,1.9992603163251133,0.21642617962804164,143.82206888058806,9.27231896957188,0.038914550955211374,0.4171172791477848,1.9993202108834087,-0.6796887361179439,-0.05140892894850438,0.011672846926019616,1.9997498945582954,-0.20570761936861107,1079.6131232538423,-304.3177282250335,0.01151411222647278,1.9997498945582954,0.3460696240029901,96.0,0.9015725489977664
O=Cc1cc2ccc(Br)cc2nc1Cl,-3547.228164,3.6241,5530.1419,1464.971,0.137511,1.9431,0.18723499999999998,0.083225,-0.27046,-0.10401,270.5126,2021.66,-0.598671,-0.169712,0.01931,-0.26123,1.99869,150.7894,68.5459,0.6425424795468848,0.980739,0.158778,0.03715,0.25612,1.99926,0.216521,143.7723,9.6757,0.03892,0.41606,1.99932,-0.703481,-0.050703,0.01165,1.99975,-0.207143,1076.1047,-301.6538,0.01151,1.99975,0.3448709880427942,98.0,0.7456793633926465
O=Cc1cc2ccc(Br)cc2s1,-3392.5242550698836,3.893300197583223,4198.332089592133,1198.2021372655443,0.12420018843115645,3.3676538037390844,0.17008316770134055,0.08029339023705985,-0.2503765579384004,-0.08978977746428068,241.1019,1480.2016881854563,-0.3958368574490514,-0.013481358146002207,0.020211409518465787,-0.3295764836342505,1.9987979080135463,107.61211765216548,48.40784057343287,0.6137507866582756,1.0909190958587698,0.12407651845460077,0.035603234386710286,0.20026727012804826,1.999170697328818,0.19592608039917392,134.17581636743301,16.073848291846318,0.03884951034607145,0.39903977746428076,1.999220697328818,-0.763224889238725,-0.04864299283329614,0.012190237396549293,1.9997500000000001,-0.20819011439071775,988.1644167526634,-283.38992208949423,0.011820474793098584,1.9997500000000001,0.33789727426777466,99.0,1.254684715944833
O=Cc1cc2ccc(Cl)cc2nc1Cl,-1433.3523152433536,3.524274568276272,4214.966720677506,2144.0292886320917,0.1378998815968702,2.023364294532745,0.1874942263918689,0.08431664982205386,-0.2718108762139228,-0.10317757656981508,226.0616,1824.023263805576,-0.5943921633780415,-0.169384496989592,0.019312667750584836,-0.2615085553895296,1.9986901026057917,150.75794833904052,68.68112422330881,0.6428248565790672,0.9718111543045276,0.1574604275165913,0.0371842068374607,0.25468149184867317,1.9992603078173752,0.21609143533835462,143.50484572849695,9.685700916218552,0.038934262205049704,0.4159189023157212,1.9993202052115835,-0.6995949232105517,-0.051168166234410534,0.011662872962168285,1.999749897394208,-0.20733086470068376,1074.8913630463974,-301.13380135584885,0.011504104231668977,1.999749897394208,0.3460651966286547,99.0,0.8301519742044904
O=Cc1cc2ccc(F)cc2o1,-595.2041862184216,2.2152792007591002,2268.309689002702,1366.3562023658105,0.12844875674683345,2.671994893327385,0.16779635567373694,0.08452533510605384,-0.2523216907797908,-0.0832710205676831,164.13570000000004,1101.1272786541863,-0.23192585067214094,0.07476073533222427,0.028424141196398266,0.1820923020662325,1.9986718570151076,89.82892390250892,41.01906854616293,0.5758158890710298,1.1018622348198217,0.0897284089140783,0.03572057551655813,0.1427415513718867,1.9992437140302153,0.17865488047277395,131.03979457935796,18.863370590530735,0.036774716712956394,0.369132495128962,1.9992918570151077,-0.7687507015401189,-0.05012354094280563,0.012490705981991305,1.9997581429848925,-0.20780669303009,1050.5631670835537,-292.55376709350287,0.011638848966883747,1.9997500000000001,0.3267105002469739,99.0,1.0180107051043732
O=Cc1cc2ccc(OC(F)(F)F)cc2nc1Cl,-1385.4862154915747,3.5776204238839973,6702.124077816486,2024.3841191586664,0.1603710866988743,2.1348475424831257,0.18739270287299797,0.08552833852788273,-0.2729210414008807,-0.10186436434511525,275.6142,1594.1759755278285,-0.6057320090394017,-0.16838164827485214,0.0193136787326907,-0.261678947709872,1.9986901404965898,150.40087603810488,68.92013158965666,0.6426894060083477,0.9659433181594279,0.15479659748463898,0.037254413529927054,0.2505799931309363,1.9992604214897687,0.21579739581473067,143.27775059472512,9.762162624076364,0.03894703961001662,0.41570202244500093,1.999320280993179,-0.6965627443761544,-0.0516479501482001,0.0117018236421045,1.99974985950341,-0.2079664603649664,1072.2035574858685,-299.43034158657736,0.011505619863585212,1.99974985950341,0.34608560693441376,96.0,0.8301519742044904
O=Cc1cc2cccc(Cl)c2s1,-1278.6483971257621,3.4843460011514518,2648.1839923728753,1411.3388804783833,0.12467867418028743,4.558748255237678,0.16854418545071853,0.07988367141174801,-0.24842785686246655,-0.08866051403897056,196.6509,1588.6934715837197,-0.32254835941402105,-0.014643973988350597,0.020097228156450476,-0.33042502964812853,1.998797342823496,112.90459720867794,48.15142250565272,0.6143801132787917,1.0393939573968543,0.12384768732073684,0.03575871490257362,0.20122651246878315,1.9991717714510027,0.19663039110772976,134.17712509241676,15.870761951174662,0.038928457883088345,0.4005219138034425,1.9992208857255014,-0.736682099088469,-0.047282113117569614,0.012169371293983938,1.9997500000000001,-0.2062620672300399,991.611014497017,-285.0601269270312,0.011806085411463862,1.9997500000000001,0.3374705524460229,99.0,1.3879726066972542
O=Cc1cc2ccccc2cn1,-514.307791,0.2838,2096.1561,1463.417,0.154587,4.6336,0.17028000000000001,0.08628,-0.25656,-0.084,157.1714,1342.9,-0.180223,-0.094757,0.02658,0.03935,1.9988,153.6178,47.3729,0.5967589679043424,0.969941,0.134617,0.03809,0.22615,1.99929,0.216922,131.2804,3.6023,0.03917,0.41169,1.99933,-0.708614,-0.064154,0.01173,1.99975,-0.207043,1032.1136,-294.5705,0.01136,1.99975,0.33763373190685964,92.0,0.9015725489977664
O=Cc1cc2ccccc2n1CC1CC1,-631.9626772317338,1.293454519385911,3213.002443060608,1699.0615355389828,0.24447206626172852,1.9875289691322693,0.14961341216297872,0.07996223699622743,-0.22957564915920614,-0.06965117516675129,199.25179999999997,1681.0645558838446,-0.32386281899028885,0.059696498889490676,0.023741568149766596,0.07103754689736096,1.998859997115157,115.89773714537169,60.18260332236344,0.6498430722338379,1.1356037044462282,0.0773845956726305,0.03710016155120299,0.16199736599086012,1.999259991345471,0.19120355416502063,131.17976303611266,15.03801489249987,0.035307437789804816,0.3871448032334587,1.9992699999999997,-0.8436727537139863,-0.17147218184138843,0.01283803981419145,1.9997512020773105,-0.2389443547799969,960.3560684896388,-239.69248840248312,0.011540075011514484,1.9997499999999997,0.4156166283413845,69.0,1.3879726066972542
O=Cc1cc2ccccc2nc1Cl,-973.8310050034636,1.7851125910411045,2795.480482399606,1510.9454096368386,0.146321240696449,3.2342641517940027,0.1815887811062457,0.08484393790079939,-0.2664327190070451,-0.09674484320544632,191.61650000000003,1725.9828907991941,-0.5473364402295848,-0.16549717479199194,0.019312704368811825,-0.25894306032606684,1.9986901040141851,150.98888966584482,68.50910546973552,0.6423425996096316,0.9383656829797613,0.15099623266518022,0.03744468063832816,0.2480535364822924,1.9992603120425554,0.21519211824957665,143.65475142045597,9.303640366640886,0.03891456198590981,0.41630903304931566,1.99932020802837,-0.6865262947140595,-0.05586141103584699,0.011742808382996893,1.9997498959858149,-0.20885989534558919,1072.7994898485324,-299.8890069601959,0.011494056553217735,1.9997498959858149,0.34621614401471745,98.0,1.0644977411334513
O=Cc1cc2ccccc2o1,-496.10511762745307,1.2799305014603486,1782.500755726424,1229.3790558732178,0.13578682112372797,3.6542225774472303,0.1663472942784724,0.08602103737185927,-0.2523683316503316,-0.0803262569066131,146.1452,1147.6662122365908,-0.21198228013203677,0.07746302033877929,0.028563645257782242,0.1860199096902111,1.9986800000000002,91.93301674158573,41.89959781942111,0.5766347651051565,1.0939972918398153,0.08781327720723882,0.03577361515451927,0.14279283742330315,1.9992518188659834,0.17840555346190698,131.4642039001339,18.25375111456477,0.03675362268033501,0.3703305519567438,1.9992918188659834,-0.7651362251363516,-0.05057907783035198,0.01248186402087771,1.9997581811340168,-0.2080016563465168,1052.6188233070732,-294.1392824181429,0.011626407422927962,1.99975,0.32633411404241697,99.0,1.2387019432974515
O=Cc1cc2ccccc2s1,-819.1269543567355,2.0110082927136483,2006.5077911193225,1212.5269951010464,0.132988058001547,4.105177421509689,0.1636113752012311,0.0816701789938039,-0.245281554195035,-0.08194119620742721,162.20580000000004,1324.9849818598143,-0.34645667482979037,-0.009927891828039387,0.020169913931883495,-0.3284606161919573,1.9987977435448916,109.56174242789153,48.877458099121576,0.6132752984917852,1.0508373363626158,0.11716891951688232,0.03584588125387768,0.19370182611452624,1.999170752151703,0.19424979953863808,133.8098366774262,15.984438084690513,0.03886265061920389,0.39920217038699224,1.999211504303406,-0.7512678185217273,-0.05266708767796505,0.012248717724456312,1.9997500000000001,-0.2108715402213338,983.3297635804208,-279.93223818226517,0.011798187600615536,1.9997500000000001,0.3369960647602144,99.0,1.3879726066972542
O=Cc1cc2cccnc2s1,-835.1502549987572,3.8654954411514413,1953.8095097632263,1078.729456923185,0.1209973745330399,5.10014072476309,0.1758535702066673,0.0851810344033499,-0.2610346046100172,-0.09067253580331744,163.1936,1155.5734877221196,-0.32286045266798835,-0.022521328308553308,0.02040308219228098,-0.334212912514896,1.9987978673723765,118.14888245400122,48.766961452315094,0.6141388991652144,1.0335210282990956,0.12623742466863774,0.035615448318213394,0.20712647727521669,1.9991721326276237,0.194885334061947,133.2442272836319,15.350117137344622,0.03902864725964878,0.4000537188662836,1.9992221326276236,-0.7388789168719734,-0.04547459028869025,0.012187607409952285,1.9997500000000001,-0.20531775544817216,1000.2173622170294,-288.88891752699533,0.011825877958022531,1.9997500000000001,0.33755619267833326,99.0,1.254684715944833
O=Cc1cc2cncc(I)c2o1,-809.3076228982552,3.578573068467538,2944.710528581338,1414.8983058592216,0.11491404684208437,1.3660117280480621,0.17927887990561678,0.08194370669812776,-0.26122258660374453,-0.09733517320748902,273.0296,1133.9665934284976,-0.1158118013822756,0.07388570289955264,0.028342464353981515,0.18391317727435122,1.99867138492822,90.01446009931837,41.67547517750681,0.5768746179641019,1.0348999643738297,0.10386626456554984,0.03539676172271596,0.15935808540410595,1.9992527698564402,0.18435288208538625,132.35536762272744,17.964321216882944,0.036687841148477306,0.37337059091450403,1.9993013849282202,-0.7356014183076752,-0.04137081738143728,0.012362790190751278,1.9997586150717797,-0.1981165097967679,1075.2483234515041,-308.5388818497142,0.011648635406090775,1.9997499999999997,0.32684065239577753,64.0,0.9015725489977664
O=Cc1cc2cnccc2s1,-835.1475665870195,2.702759139205239,1971.4130672240806,1216.2964838917906,0.12110268947955802,1.698391950063256,0.1753522207372695,0.08367780093163814,-0.25903002166890765,-0.09167441980563135,163.1936,1185.9838627906443,-0.3251827715358186,-0.01559673646351571,0.020236629708447036,-0.32738140380696273,1.9988084419805632,107.85156050484596,48.42668158205295,0.6144230529047823,1.020268660414392,0.12537286041091628,0.03611077359249152,0.2055445064812619,1.9991710386796244,0.19827094438105558,134.54950223953676,16.029432782299175,0.0388089504859216,0.3998480551843173,1.9992205193398123,-0.7321661075529255,-0.06041037758383781,0.01229169056300339,1.9997499999999997,-0.20652002874700115,990.8469339452593,-285.8519338812729,0.011835458485255934,1.9997499999999997,0.33852261115293436,98.0,1.3879726066972542
O=Cc1cc2nccc(Cl)c2s1,-1294.6709811748237,2.325996208241362,2605.2932926951344,1126.4918607915793,0.11266685099231737,3.079210119378483,0.1824129049911354,0.08456236500295485,-0.2669752699940902,-0.09785053998818057,197.63869999999997,1346.1834440594118,-0.2839555448020246,-0.023956212258116238,0.019774089980121874,-0.33182030011282176,1.998808709998388,124.94152021167511,45.70645520872028,0.6144071743572842,1.0123687332573488,0.13694046627842416,0.035387950034921026,0.21467311999140404,1.9991804300005371,0.20254129941440124,135.82053831558784,15.12581518572843,0.038800420050501175,0.40270496988126847,1.9992208600010741,-0.7182096743114724,-0.04201975052491287,0.012048279997851012,1.9997499999999997,-0.20252391063880912,1001.6181994923542,-288.8723541270987,0.011830539988180575,1.9997499999999997,0.3392578662531054,92.0,1.1883837141090154
O=Cc1cc2ncccc2o1,-512.124669,1.9269,1715.0681,1226.639,0.123829,2.7498,0.17935,0.08943000000000001,-0.26878,-0.08992,147.133,1162.079,-0.141639,0.060179,0.02826,0.17998,1.99869,101.1867,39.2585,0.5763058527375708,1.055206,0.107124,0.03508,0.16012,1.99926,0.182155,126.5481,19.7904,0.03653,0.3685,1.9993,-0.726795,-0.033202,0.01287,1.99975,-0.194558,1081.7521,-306.7234,0.01214,1.99975,0.32331655129011955,99.0,0.9634398649569116
O=Cc1ccc(-c2cc(F)cc(F)c2)c(F)c1,-872.8412396474449,4.415966588224597,5074.551493671744,1711.9807572937327,0.18102516862009893,2.3280959905512244,0.17809324621003664,0.08884887287067175,-0.2669421190807084,-0.08924437333936489,236.19290000000004,1774.6661688434165,-0.3542055914212831,-0.06633466822897709,0.016928764650741987,-0.17972178543491296,1.99881,168.04064393638518,58.01034794518084,0.6175956942317652,1.0458418026246816,0.10848450328085188,0.03716292155024733,0.21355984685003968,1.99925,0.1984174445227414,129.20161990884174,9.2080564540836,0.03883707844975268,0.42044798015321533,1.9993000000000003,-0.7428374889032421,-0.0452261081423585,0.01207,1.99975,-0.20450988279406415,1030.5488985079392,-296.87280895497764,0.011581235349258015,1.99974,0.3402199862393171,96.0,1.1883837141090154
O=Cc1ccc(-c2cc(F)cc(F)c2)nc1,-789.7669910747773,4.1022463847946495,4817.429325872199,1621.035285946024,0.17633536574229255,1.3677340203485584,0.18206116677689074,0.08476455871028524,-0.266825725487176,-0.0972966080666055,219.1902,1491.7547496489358,-0.5090667201194076,-0.15532490800047105,0.01711457741821517,-0.24629552355024853,1.998823152580607,169.14342868654936,65.38540604406586,0.6098996325496755,1.0731496821826227,0.1333994736730033,0.037706204192750614,0.2533785377465321,1.999263152580607,0.2010255587102852,134.73849696414982,9.43069871807634,0.03876044128971476,0.41522827225700076,1.999303152580607,-0.7538069077830393,-0.08212134177531007,0.011955119676393655,1.9997499999999997,-0.20692404069087877,1053.7191023192365,-301.3177781914459,0.01159261032242869,1.9997468474193925,0.3388299879188971,98.0,1.2845864866092154
O=Cc1ccc(-c2ccc(Br)cc2)cc1,-3148.941152,3.9202,7194.876,1724.1570000000002,0.194153,2.1198,0.16616499999999998,0.085585,-0.25175,-0.08058,261.1175,1867.8365,-0.45491,-0.072965,0.01731,-0.19011,1.99879,173.7631,60.2183,0.6150881057268722,1.093862,0.10166,0.03732,0.20795,1.99925,0.195435,128.5439,8.5203,0.03885,0.41895,1.9993,-0.774976,-0.052022,0.01205,1.99975,-0.211852,1021.1397,-289.4653,0.01153,1.99974,0.33999370673379486,97.0,1.1698411549829049
O=Cc1ccc(-c2ccc(Cl)c(C(F)(F)F)c2)o1,-1369.4338088874931,4.830115741558793,6501.938261178106,1789.4102325946424,0.17221184066355796,2.475476965136028,0.16949886441755221,0.07861242049243007,-0.2481112849099823,-0.09088644392512214,274.6264,1887.6576432944591,-0.3993746424955169,0.07163310826313961,0.027761941948815243,0.16834659698598894,1.9987080580511845,92.07725020657654,43.0024757719962,0.576730709439252,1.1290186200960344,0.1011871681424406,0.03502567523389923,0.15529715711509712,1.9992417840663554,0.1758695352396627,128.12331988452888,21.538009982597483,0.036811731831101396,0.3617553812856152,1.9992955100815266,-0.8243270328496396,-0.04948450477820967,0.012299591951005676,1.999758215933644,-0.2135206407758745,1032.1107030443409,-278.5946043651612,0.01165796576710933,1.9997499999999997,0.3260465056239332,70.0,1.0180107051043732
O=Cc1ccc(-c2ccc(Cl)cc2)cc1,-1035.065193505298,3.7559503178890727,5503.062133530113,1662.2235748512412,0.1945334947018488,2.1832,0.16602252649075608,0.0861425052981512,-0.25216503178890726,-0.07988002119260484,216.66650000000004,1730.9614855064674,-0.4522150339081678,-0.07271160066487306,0.01732,-0.19008002119260486,1.9987900000000003,173.7090831664266,60.28769766881347,0.6157174323473883,1.0886261695408388,0.10088196185331127,0.03734501059630242,0.20703002119260489,1.9992500000000002,0.19526495337626934,128.52157393309602,8.530560278413354,0.038860000000000006,0.4188749894036976,1.9993000000000003,-0.7724965158944537,-0.05252896821109272,0.012060000000000001,1.9997500000000001,-0.21213194489922738,1020.4248929773455,-289.00558207770143,0.011530000000000002,1.99974,0.3397577092511014,97.0,1.3760900883317666
O=Cc1ccc(-c2ccc(Cl)cc2)nc1,-1051.0899633354056,3.9651024556516683,5416.850318621915,1556.7427304819932,0.182662700963639,1.7360443889428891,0.1730210941871822,0.08035654025490482,-0.25337763444208705,-0.09266455393227738,217.6543,1646.2055256760814,-0.5624168840524317,-0.1537078169101584,0.017188526577532275,-0.24667406279145482,1.9988299999999999,168.6578381100334,66.10922844255464,0.6095814977973568,1.1186300590610954,0.1283016568237189,0.03790691949019033,0.24831466583781442,1.9992639508859178,0.19951812496113935,133.96203596566022,9.518436959941969,0.03879321417468388,0.4143522318930387,1.9993039508859178,-0.7784513018351138,-0.08878942990222008,0.012026673919779048,1.9997499999999997,-0.2096215113462585,1045.935006963932,-296.82547317381204,0.011581852657753227,1.9997460491140822,0.33802706104468216,98.0,1.254684715944833
O=Cc1ccc(-c2ccc(Cl)cc2)o1,-1032.886944866808,2.9257972242236496,4524.838854851452,1734.3072738306155,0.16357645024713055,3.209057211166791,0.16019171882511624,0.07856828117488379,-0.23876000000000006,-0.08162343765023247,206.62810000000002,1831.948233155458,-0.4132745653324751,0.07355393259057061,0.027757506378573014,0.17000987920773275,1.998702493621427,92.03056691029052,43.4891910379482,0.5762674230200927,1.1345750331567286,0.09222259061266419,0.03530773600720137,0.14455549074950189,1.999242493621427,0.1733141226288498,127.3345471682056,21.944939171196864,0.03682017860004428,0.36014736007201376,1.9992924936214274,-0.8245831589786866,-0.05460850120185973,0.012424604528473385,1.9997575063785733,-0.2172374604159199,1023.3634210350095,-272.38787959225914,0.011684630042765425,1.9997500000000001,0.325207341095725,99.0,1.1870088832534322
O=Cc1ccc(-c2ccc(F)c(F)c2)nc1,-789.7614429401706,4.453302207430492,4989.401592313959,1517.300519849139,0.17648271539368482,1.9470167526596724,0.17564732833627592,0.08182133191613826,-0.25746866025241416,-0.09382599642013767,219.1902,1630.6852292807407,-0.535114586258985,-0.15329620942715533,0.01709899108899517,-0.24615949537643295,1.9988221528784573,168.61526436318442,65.87313339774245,0.6101455675630194,1.0911810411118674,0.12912515233643354,0.037775910238859144,0.2459795130793441,1.9992621528784573,0.20003119770376515,135.12212588992523,9.617436069197614,0.038757724862183304,0.4145037875840889,1.9993021528784571,-0.7658154650379756,-0.08139304182447742,0.011971406525211926,1.99975,-0.20926662601681267,1049.8930485478818,-298.1820291601604,0.01157861151382859,1.9997478471215429,0.338247950406038,94.0,1.3879726066972542
O=Cc1ccc(-c2ccc(F)cc2F)nc1,-789.7669932366617,2.920589056539513,4667.079751000271,1537.1847864671709,0.1766697176273921,2.3086197252526626,0.1740173412487775,0.08410309605788058,-0.2581204373066581,-0.08991424519089693,219.19019999999998,1650.8812666746708,-0.5258054058062549,-0.14833120388336846,0.01713839479213751,-0.2431491467306609,1.9988251386691926,168.497302897107,66.59136167984849,0.6104828319957387,1.0856246658712045,0.12324506007261854,0.037969083760591736,0.2400800089995083,1.9992651386691924,0.20006419588192464,133.50036200449978,9.180931799324538,0.03880605540027998,0.414905799041286,1.999305099505789,-0.7602490842464075,-0.0867105280158838,0.012087719430594194,1.9997499999999997,-0.20894411903758497,1046.7117181098085,-297.9443579064144,0.011580120684771909,1.9997499999999997,0.3387030233353126,99.0,1.2845864866092154
O=Cc1ccc(-c2ccc([N+](=O)[O-])cc2Cl)o1,-1237.073151225786,10.427148513700702,5516.452252541384,1770.7251398226385,0.16915720006436702,5.077379156722509,0.1881724046672231,0.07340413867415,-0.2615765433413731,-0.11476826599307308,251.62570000000002,2014.314816316801,-0.3907403838735896,0.05766758909501031,0.027752335780779798,0.15545994046393286,1.9987194571480538,98.62247843747463,43.34374150080986,0.5768813844378468,1.0761283645878517,0.13838071938355279,0.033398713854147576,0.2018286444290737,1.999259532055047,0.1782662194404708,125.62107100631486,22.417371671238797,0.03646957967605919,0.3619264055694229,1.9993095320550467,-0.6992350784914019,-0.022592658956045196,0.012341680078823653,1.9997504679449536,-0.20400375798611609,1060.2392487564532,-290.5771624073837,0.012131923302798104,1.9997500000000001,0.32348897503001245,15.0,0.6422932433046077
O=Cc1ccc(-c2cccc(Br)c2)cc1,-3148.941041812741,3.465961346623753,6304.218103565657,1575.4316290803201,0.19415392162739753,2.92710002923595,0.1694665674520502,0.08881019593150628,-0.2582767633835565,-0.08065637152054392,261.1175,1919.3541750050522,-0.4315155453891809,-0.07274164282738066,0.01731,-0.1895763715205439,1.9987900000000003,173.98502569589124,60.05552701274186,0.6185393541426933,1.07230566820674,0.10197358779451882,0.03733,0.2084979389725941,1.9992500000000002,0.1957241175589038,128.54880430437737,8.461631349041006,0.03885519593150628,0.41930676338355655,1.9993000000000003,-0.763440216939269,-0.051555801071221694,0.012060000000000001,1.9997500000000001,-0.21118522194930117,1022.2554667541447,-290.2322411442734,0.011535195931506273,1.99974,0.33932042326527057,95.0,1.311871906682946
O=Cc1ccc(-c2cccc(C(F)(F)F)c2)o1,-909.9159611820359,3.3375479775440335,5340.157219855311,1556.7231921580492,0.1806640419849825,3.4188358387709794,0.16663931709783603,0.08085539287774829,-0.24749470997558431,-0.08578392422008772,240.18130000000002,1694.464711218917,-0.37641860991202813,0.0738408596431644,0.02778870079536913,0.1704525444910878,1.998702598409262,92.10125963305448,43.052686246345154,0.5754609692358539,1.1116789095765625,0.09604439493494127,0.03522726962826908,0.1494908521026128,1.999241299204631,0.17529163774308298,128.36334410594645,21.376215368276764,0.03683064276782585,0.36188952710460043,1.999296489751255,-0.8173643167523712,-0.052847792705130514,0.012317571184604088,1.9997587007953692,-0.2152708957887563,1028.2844096308083,-276.4320069052585,0.011624054663959554,1.9997500000000001,0.32616114722377004,99.0,1.1883837141090154
O=Cc1ccc(-c2cccc(C(F)(F)F)c2)s1,-1232.9329543577037,4.771921662863949,5767.966604000125,1805.118473256448,0.17783074935923723,4.820933345410397,0.17154649716706918,0.08173441194823225,-0.25328090911530143,-0.08981208521883693,256.2419,1802.6763526063692,-0.4750040457186968,-0.0341398639163495,0.019068440068918682,-0.3601204528111102,1.998823426508822,111.59057446379805,50.04226880926522,0.6125307854121469,1.10013860504008,0.1346094885354629,0.034926165944236906,0.21318673374160796,1.9991632867455893,0.19439589582154507,132.83259122514784,18.69758289362467,0.03928072230168021,0.39372787359930733,1.999213286745589,-0.7632622660979387,-0.0490542429138119,0.011965814226539877,1.9997500000000001,-0.21517906754257685,969.8346252141099,-266.33371163172603,0.01171769159704165,1.9997500000000001,0.3358774942920428,99.0,1.254684715944833
O=Cc1ccc(-c2cccc(C(F)(F)F)n2)cc1,-928.118787,5.8917,6014.3161,1694.535,0.199702,6.0841,0.1791,0.08811,-0.26721,-0.09099,251.2075,1490.374,-0.397642,-0.078781,0.01725,-0.19754,1.99879,174.1403,58.3464,0.6174480805538074,1.064036,0.121202,0.03654,0.23773,1.99924,0.195688,128.4087,8.4206,0.03883,0.41909,1.9993,-0.753899,-0.042255,0.01178,1.99975,-0.207711,1031.7544,-296.8165,0.01155,1.99974,0.3392070484581498,98.0,1.3879726066972542
O=Cc1ccc(-c2cccc(Cl)c2)cc1,-1035.065051824715,3.2221519197492974,5040.295587920566,1829.2134242136874,0.19453931958808107,2.7885581687183523,0.16938742265553994,0.08912659794040544,-0.2585140205959454,-0.08026082471513449,216.66649999999998,1675.5802603965071,-0.42981863987801644,-0.07260794833467288,0.01731,-0.18956762883432357,1.99879,173.99044741015376,60.070503098164984,0.6165349088752229,1.0697807931632277,0.10155109276948615,0.03734,0.20801886590702534,1.9992499999999997,0.19563887629272983,128.56393193248857,8.459827835232435,0.038856804119189084,0.4192812370727017,1.9992999999999999,-0.7631077809790219,-0.05189414425934969,0.012059999999999998,1.9997499999999997,-0.21139916485529509,1021.8205868407381,-289.9240744217586,0.01153,1.99974,0.3397041840844156,98.0,1.2845864866092154
O=Cc1ccc(-c2cccc(F)c2)cc1,-674.6432131045125,3.1095858989591165,4291.19708523818,1665.9619381502878,0.1955789679625059,3.1406327053963583,0.16820704043743137,0.08910983981252941,-0.2573168802499608,-0.07909720062490197,200.21190000000004,1589.8233720217288,-0.42793093221183925,-0.07205830669957651,0.01731,-0.18957408087486277,1.9987900000000003,173.81843586614548,60.10068566124039,0.6158527424866422,1.064342748386812,0.10050280777503529,0.03737,0.20686472162474512,1.9992500000000002,0.1953548634500863,128.55161449498513,8.455058507483137,0.0388534401249804,0.4191306407498824,1.9993,-0.7600191633119805,-0.052688416487423534,0.01207,1.99975,-0.21188171322480787,1020.9124392872403,-289.4128943170161,0.01153,1.99974,0.3398904991343675,97.0,1.3717008467170615
O=Cc1ccc(-c2ccccc2)c(Cl)c1,-1035.0616035826467,2.354577581011576,4068.8546604115,1625.236366496686,0.19435276065537793,3.205686633723193,0.16912106957414547,0.08938119672311035,-0.2585022662972558,-0.07973987285103515,216.6665,1781.3162035045484,-0.3745977844706301,-0.061488765223900274,0.01731544502137696,-0.17671302919104487,1.99879,166.77177125663735,59.457081689075665,0.6161047601180847,1.0384073209549287,0.09748035163197935,0.03759987285103515,0.20052720272277338,1.99925,0.19734522072176258,128.65936919802027,9.027405928106024,0.03882012714896485,0.42152987285103516,1.9993,-0.7449663528616899,-0.05146347564356257,0.012184936425517576,1.9997500000000001,-0.2071141547254689,1024.8490985652531,-292.30232955619704,0.011549872851035155,1.99974,0.34006837164994197,99.0,1.2227191706500702
O=Cc1ccc(-c2ccccc2)nc1,-591.5676240492556,1.827425512576271,3578.9006607812917,1714.2629517389803,0.19102774926100158,2.840141112526359,0.17070138925674155,0.08365846040154093,-0.25435984965828246,-0.08704292885520062,183.2092,1731.6037636651008,-0.5436618620971656,-0.15158659074006342,0.017220170472014452,-0.24491910737933384,1.9988329087249037,168.59525947661228,66.07400928329689,0.6116926140684804,1.0957280157229319,0.12377243524897014,0.038163991947881226,0.24320367113414926,1.9992629087249036,0.19869532094083386,134.5438775820245,9.423312399197904,0.03877944832336276,0.41429344027124393,1.9993029087249035,-0.7701452742804459,-0.09369779006265287,0.012068535572399685,1.9997499999999997,-0.21177385903467089,1043.4604501187646,-294.65340590133707,0.011561634899614766,1.999747091275096,0.33853345777614857,97.0,1.350323744647064
O=Cc1ccc(-c2ccccc2Br)o1,-3146.7581933513425,2.1272490733428024,4114.186472405903,1388.6779366890657,0.16333036956247488,4.553408920738803,0.16145961921554822,0.08176569348156923,-0.24322531269711745,-0.07969392573397897,251.0791,1511.1421756393624,-0.3653303563190995,0.07751743733369236,0.027887880469063903,0.17547582839468637,1.9987003940234531,96.30971445574255,43.55310388339181,0.5780992421741414,1.1216164131177344,0.08899495700441974,0.03559487769510846,0.1418549728912214,1.9992503940234532,0.17465996973880052,128.7336384057196,21.09937204033021,0.03689487769510847,0.3626367658552629,1.9993,-0.8271075253940199,-0.056197277391169684,0.012337581641723655,1.999759605976547,-0.2166786557801315,1024.4792501082525,-274.7107956501257,0.01156324738373851,1.9997500000000001,0.32583503314718476,99.0,1.3126748825968737
O=Cc1ccc(-c2ccccc2C(F)(F)F)cc1,-912.092052,2.0452,4831.1826,1710.409,0.211582,4.7801,0.171795,0.09681500000000001,-0.26861,-0.07498,250.2197,1944.712,-0.38426,-0.063454,0.01727,-0.18373,1.99879,175.6645,59.9698,0.6176840780365009,1.034457,0.094581,0.03765,0.19862,1.99925,0.196133,128.9035,8.1222,0.03883,0.42065,1.9993,-0.746097,-0.054756,0.01216,1.99975,-0.211839,1021.6649,-289.3539,0.01152,1.99974,0.34015103838892385,98.0,1.3879726066972542
O=Cc1ccc(-c2ccccc2Cl)cc1,-1035.062475,1.6244,4194.331,1706.6264999999999,0.194385,3.908,0.16674,0.09205,-0.25879,-0.07469,216.6665,1693.8905,-0.395827,-0.065799,0.01729,-0.18443,1.99879,174.8236,60.2023,0.6168974197608559,1.0440055,0.094953,0.0376,0.19961,1.99925,0.195614,128.6769,8.2241,0.03885,0.42018,1.9993,-0.752076,-0.054906,0.01214,1.99975,-0.212366,1020.0184,-288.39375,0.01152,1.99974,0.3392857142857143,94.5,1.3879726066972542
O=Cc1ccc(-c2ccccc2F)cc1,-674.6429479055107,1.8289504909718965,3884.5604627058797,1626.8326459770847,0.19572740749699666,4.09634681216486,0.16553619018822507,0.08954327949539186,-0.25507946968361694,-0.0759929106928332,200.2119,1548.55390108391,-0.42208553999202114,-0.07002860131358599,0.017294708930716683,-0.18794878390068318,1.99879,174.25404385903067,60.337003351221966,0.6169760855884205,1.0636192420104087,0.0984761343932779,0.03743412679215004,0.20471349283139986,1.99925,0.1950640179655646,128.47476135843903,8.345694973167054,0.038849417861433366,0.4192805303163831,1.9993,-0.7607225589907838,-0.054027095354440585,0.01208470893071668,1.9997500000000001,-0.21284540317983375,1019.3616523736283,-288.3452913608056,0.01152470893071668,1.9997400000000003,0.33996165064532347,95.0,1.3879726066972542
O=Cc1ccc(-c2ccccc2F)nc1,-690.6669140168754,1.814931560152861,3836.5028526671376,1395.916389108524,0.18396708982424925,3.600324450801107,0.1729939922227447,0.08514838043232431,-0.258142372655069,-0.08784561179042039,201.19970000000006,1556.6874078644855,-0.5245011103638224,-0.14921131558717016,0.017318286778665898,-0.24262019279841343,1.9988300000000006,168.836450823843,67.04743072751637,0.6107137376596594,1.0821373881485767,0.11977629028148098,0.03820362799811929,0.24173079746476667,1.9992700000000005,0.20003474115413458,130.9994559549641,8.756351286818091,0.03886868988956804,0.41535725599623863,1.9993098992222749,-0.7535948786880962,-0.10085515270983879,0.012218790667293575,1.9997500000000001,-0.20836099145111944,1039.9762190519396,-296.5348987058243,0.01158959688909786,1.9997500000000001,0.33890903345056844,99.0,1.1109847771625294
O=Cc1ccc(-c2ccccc2F)o1,-672.4657746977972,1.7351155714154858,3177.30962825964,1517.1574886243318,0.1648692221180852,4.158834454442943,0.15885662797836644,0.08043830416230355,-0.23929493214067,-0.0784183238160629,190.17349999999996,1415.8384935059228,-0.3839665900273101,0.07585931790664617,0.02772948023168467,0.1716033626425024,1.9987027992036301,94.79494370838545,44.054105528611196,0.5761306523172921,1.1119568742550772,0.09004429155355134,0.03537519139454291,0.14289175496342343,1.999242729716091,0.17273663365799174,127.2391312987672,21.841358177275662,0.03680579820379999,0.36040315075358453,1.999292721650656,-0.8072837862053747,-0.05548304296500151,0.012455946238426526,1.9997572783493438,-0.21765755961106625,1023.2403508903673,-272.1857714330714,0.011684925624781307,1.99975,0.3253777156622246,94.0,1.3879726066972542
O=Cc1ccc(-c2ccccc2OC(F)(F)F)nc1,-1003.2242815923543,2.295507983263305,5218.39605838639,1731.9468618920816,0.20508794364954094,3.143465956165192,0.17784523688970655,0.08774940393047322,-0.2655946408201798,-0.09009583295923333,267.2069,1954.7478732894365,-0.4894913407119507,-0.14643235586123393,0.017052306912746684,-0.2406190567976283,1.9988222576524763,169.3579006383132,65.98412383313824,0.612591749743402,1.0619234475326242,0.12614751835465887,0.03800641523716512,0.24317180907305705,1.9992622132985935,0.2004703488532538,135.28954832864088,9.024017112104016,0.03876496664473107,0.41576678774075365,1.9993022132985936,-0.7500833031735102,-0.0831891906272318,0.012031582916287737,1.9997500000000004,-0.20841007101009584,1053.9128952019737,-300.9632440972912,0.011574007727467297,1.999747913595778,0.3391877893376481,99.0,1.3879726066972542
O=Cc1ccc(-c2ccccc2[N+](=O)[O-])s1,-1100.567556466194,3.650780716308129,4106.662125363182,1586.9234555065266,0.17463773716247166,5.075419224696785,0.17769399355746562,0.08133476710613011,-0.25902876066359576,-0.09635922645133552,233.24119999999996,1572.4852234728996,-0.4451024584190574,-0.03189998146087255,0.01917547289170761,-0.36020657343766627,1.9988265793212614,111.8631376235125,48.56851255495897,0.6129781501196094,1.0760640468351623,0.1406258038296292,0.03479130041899753,0.22038359485744727,1.9991634206787385,0.19633426980134525,133.54147229682155,18.21629248090966,0.039114013668311805,0.39578390404789887,1.9992134206787386,-0.7483110617198079,-0.04972858531997253,0.01192841802062588,1.99975,-0.216746975786915,961.8992383834363,-263.78827961678263,0.01172709807746736,1.99975,0.3367932905001424,99.0,1.0180107051043732
O=Cc1ccc(-c2ccccn2)cc1,-591.568643027087,1.9676971756141766,3582.1060728284165,1751.0809584608814,0.19096687763726217,4.608236541524315,0.1684712835167428,0.08683122362737833,-0.2553025071441211,-0.08164005988936444,183.2092,1362.934421229486,-0.42344440180602083,-0.0746878339516167,0.017281731318778547,-0.1950861494497716,1.99879,173.49515068704818,59.00935433513793,0.6153755299122318,1.0766769640663814,0.11136668164419664,0.036875641758371394,0.2250157615371003,1.9992399999999997,0.19446225752426716,128.8254347936726,8.178878534045973,0.038809552197964246,0.41877967197669314,1.9992899999999998,-0.767544270049419,-0.05060986675394739,0.011865641758371398,1.9997499999999997,-0.21297489982991757,1022.2204835257548,-290.5887862223328,0.011517820879185698,1.999746089560407,0.3389780963190017,95.5,1.3879726066972542
O=Cc1ccc(-c2ccccn2)nc1,-607.5962396596751,1.6733041862571358,3490.7125409908454,1271.7896989715632,0.1788663766068901,3.5817167244364656,0.17629673418456737,0.08625823410007794,-0.2625549682846453,-0.09003850008448944,184.197,1552.6426237637675,-0.4941311084257533,-0.15079826987516773,0.01702852122805926,-0.24444863836258765,1.9988336489343725,170.24784117472487,64.6829194817616,0.6110463561007649,1.0699933665008576,0.12982338527448106,0.038032978687451306,0.2548647128720186,1.9992636489343725,0.19918638066662517,134.26381335751472,8.905306643114496,0.03879378721247079,0.4153973190123149,1.9993036489343727,-0.755658222765767,-0.09352167710117107,0.012017574424941564,1.9997500000000001,-0.209590365231395,1048.107773894019,-298.5029051164894,0.011567297868745132,1.9997463510656275,0.33887966448993895,99.0,1.254684715944833
O=Cc1ccc(-c2ccco2)cc1,-573.3638337992298,1.7090957774159776,3040.639316007637,1313.7577751288284,0.171814666578145,4.178981509736671,0.15473466671092748,0.07789733302350757,-0.23263199973443505,-0.0768373336874199,172.18299999999996,1479.7477603245982,-0.5095737991634703,-0.07846119705222918,0.017284666710927488,-0.1990240007966948,1.99879,171.04031305271968,61.11604693267421,0.6159429424457988,1.1177892020315716,0.10443493327579426,0.037039333421854975,0.2122080015933896,1.9992399999999997,0.19303179929625291,127.84287850221372,9.161247058817557,0.03885933342185498,0.4158366664453625,1.9992899999999998,-0.7903467333023506,-0.055468463749878426,0.011969333421854978,1.9997499999999997,-0.21665993088570978,1011.706143400559,-283.20891492495247,0.011509999999999998,1.9997499999999997,0.33923852105644126,97.0,1.3879726066972542
O=Cc1ccc(-c2ccco2)o1,-571.1807496266209,1.0283710694691413,2450.6466336630015,1171.713880136195,0.14083101151020205,4.704432243111486,0.15045785545452253,0.07661355788498622,-0.22707141333950873,-0.07384429756953631,162.14460000000003,1308.7782233790601,-0.41428843681351135,0.0752852243034812,0.027520301286333027,0.16900109852189324,1.99871,90.04689505160879,43.581580448924775,0.5751784601190741,1.14056892548416,0.08288858173602454,0.0355856313481711,0.13383914521342968,1.9992401506431665,0.17057059970372745,128.53403981220663,21.787268289527887,0.03691819228200184,0.35849230366722534,1.9992901506431666,-0.8520299626195681,-0.06321290322549457,0.01235994244898989,1.9997598493568336,-0.2224810112020617,1012.6005336867705,-266.69375262826577,0.011519038589990807,1.99975,0.3262418602030229,99.0,1.1512985958567945
O=Cc1ccc(-c2cccs2)cc1,-896.381426,1.8546,3466.7763,1474.721,0.168772,3.485,0.15913,0.07995,-0.23908,-0.07918,188.2436,1304.561,-0.489947,-0.078853,0.01728,-0.19699,1.99879,172.0136,60.6743,0.6165827564505979,1.107578,0.105444,0.03707,0.21328,1.99924,0.19398,128.1391,9.0413,0.03886,0.41696,1.99929,-0.784855,-0.05358,0.01197,1.99975,-0.215016,1014.1258,-284.8249,0.01152,1.99975,0.3388923851478918,97.0,1.2969210213507552
O=Cc1ccc(-c2ccncc2)cc1,-591.564607,4.7115,3613.2561,1620.9555,0.190893,1.7859,0.17829,0.0928,-0.27109,-0.08549,183.2092,1677.5005,-0.397623,-0.075017,0.01729,-0.19065,1.99879,174.6966,59.4799,0.6165827564505979,1.043101,0.107039,0.03715,0.21509,1.99925,0.196676,128.8489,8.376,0.03884,0.41969,1.9993,-0.746922,-0.04877,0.012,1.99975,-0.209327,1026.9883,-293.1431,0.01154,1.99974,0.34030837004405284,74.5,1.3879726066972542
O=Cc1ccc(-c2cnccc2F)cn1,-706.6873890099403,1.3916269484136152,3779.302300866434,1551.9396757223476,0.17170348486706136,3.4736647039608046,0.1808505335509404,0.0895892332548194,-0.27043976680575976,-0.091261300296121,202.1875,1437.2098150814534,-0.1474046382507494,-0.1096696948818146,0.02709575712641824,0.04941842599534088,1.9988299930923858,162.66793819051745,43.0629518348761,0.5971253283757829,0.9694412438053625,0.13661579624446515,0.03832322143966739,0.22742453553560887,1.9993000138152284,0.22033031919204155,131.51572194828316,4.0530784297358995,0.03915150653438704,0.410127686781429,1.9993400138152282,-0.7227758537575855,-0.06952651346707585,0.011744997226681094,1.9997499930923859,-0.2012537025143658,1048.6886327082068,-305.0228816521245,0.011416065600346548,1.9997499930923859,0.33979373623047426,96.0,0.9015725489977664
O=Cc1ccc(-n2c3ccccc3c3ccccc32)cc1,-860.258292,15.5065,6699.4827,2110.87,0.284332,2.56685,0.14911,0.07269,-0.2218,-0.07642,271.3178,2398.7155000000002,-0.481131,-0.060345,0.01966,-0.18065,1.99884,172.4556,61.4044,0.617526746381372,1.099857,0.103959,0.04228,0.29152,1.99932,0.194671,127.8431,9.2455,0.03892,0.41828,1.9993,-0.776095,-0.290195,0.01241,1.99975,-0.211638,1016.5857,-286.9186,0.01154,1.99975,0.3403870358716174,97.0,1.2055514423795428
O=Cc1ccc(Br)c(Br)c1,-5491.714038772261,3.4619357842857204,3111.233239698848,1369.519132410984,0.09922702914173268,1.875963151734242,0.17965185105447545,0.09305385321238291,-0.27270570426685836,-0.08659799784209257,263.916,1329.3992155112337,-0.3396863788525072,-0.06213910200105559,0.01736600107895371,-0.17901913653755683,1.99878,166.59163599308874,60.122931302634825,0.6166636722982867,0.9934037625004113,0.10084632434537988,0.03757,0.2027408472781375,1.99926,0.1990687566160783,128.64605580287005,9.667826067712841,0.038875429033837304,0.4220628548308134,1.9992999999999999,-0.7193056193992904,-0.048185667562467276,0.012209713977441795,1.99975,-0.20272816674826075,1029.0438570866336,-295.17081618031267,0.011574570966162694,1.99974,0.34055561762736797,98.0,1.3879726066972542
O=Cc1ccc(Br)c(Br)c1F,-5590.810131093281,2.6251765502651576,3379.550134940092,1724.8721636955304,0.09231265908773677,1.5375880229546133,0.18416895283821424,0.09357689749350084,-0.2777458503317151,-0.0905920553447134,281.90649999999994,1113.46520163377,-0.419150864756525,-0.15351804235000577,0.01808896063398589,-0.24233003118308635,1.9987499999999998,145.92090810918194,71.74331433026154,0.6342794708925339,0.9877335758230923,0.11658139976244139,0.03891844874675043,0.20066392100986769,1.9992905196830069,0.2085761269262302,146.96070494242366,13.368975197594095,0.03968741717650792,0.4144473704018783,1.999330519683007,-0.721555450537684,-0.04653645392989166,0.012109614135630508,1.9997497401584963,-0.20489776690642916,1080.2473632026476,-299.81583491240866,0.011465976354581124,1.9997497401584963,0.34296677831588246,99.0,1.3879726066972542
O=Cc1ccc(Br)c(C(F)(F)F)c1,-3254.8663730991657,4.315506786694122,3262.209481407614,1346.7405015693664,0.1167100345159086,2.135209524635122,0.18778450897562574,0.09576017257954297,-0.2835446815551687,-0.09202433639608276,253.01819999999998,1240.8834588976176,-0.3732470564234166,-0.06539296644544074,0.017481650459412412,-0.18754660183764965,1.99879,172.50899834353424,61.10351788837433,0.6175062098752919,0.9883042634080088,0.1091260668410664,0.03725426106006528,0.20980108890576735,1.99926,0.20056422366010868,128.7739991773101,9.601209024602804,0.038842955759738854,0.4210999999999999,1.9992999999999999,-0.7131392464644406,-0.04399100726554961,0.01212278318019586,1.9997499999999997,-0.20160500138659437,1034.1882702076082,-296.7939362638758,0.011588522120130573,1.99974,0.34127832692593474,99.0,1.324397028287747
O=Cc1ccc(Br)c(Cl)c1,-3377.838027127149,3.5150031978845293,2686.8754718530017,1282.8718748254375,0.09956568436600188,1.8817002180715308,0.18020156697789608,0.09386777489308079,-0.27406934187097687,-0.0863337920848153,219.465,1116.3086303384976,-0.33838664246009076,-0.06038657378472147,0.017225445021383838,-0.1789466941268629,1.99879,167.6868132158284,59.827632700923,0.6163397573728157,0.9936612128329332,0.10044435163183793,0.03756,0.20190934187097692,1.99926,0.19899063207518164,128.85892186663685,9.673238762967774,0.03887012714896681,0.42184923710619915,1.9993,-0.7181400415227039,-0.048050024622607955,0.012219872851033188,1.99975,-0.20301279423166552,1029.1886910520948,-295.3429874797813,0.011574809276549783,1.99974,0.34132602466304235,99.0,1.3879726066972542
O=Cc1ccc(Br)c(Cl)c1Cl,-3837.352253211083,2.5255094694577513,3315.8660940582067,1323.9325746025247,0.09134976502395858,1.1819491620139508,0.18593172946253325,0.09303855156863118,-0.27897028103116445,-0.0928931778939021,253.91009999999997,1608.1351792398052,-0.41211403848834455,-0.11006825639280061,0.01935657697894664,-0.19759815246189272,1.9986899999999999,163.26614899939753,63.12946071981577,0.6479414717101241,0.9294329259674091,0.11845283296407755,0.037968152461892724,0.21076230488039757,1.9992610523166314,0.20741650681877816,140.44390869207695,10.49486190793865,0.039037357240416924,0.41859187147411603,1.9993107892374733,-0.7053384244998747,-0.04990994926614477,0.012034998503999448,1.9997497369208417,-0.20330747070234048,1065.9540129680174,-301.30723307670985,0.011510260087156762,1.9997497369208417,0.3455994639991246,99.0,1.1883837141090154
O=Cc1ccc(Br)c(F)c1,-3017.417213910392,3.5468755229990325,2418.1070914625716,959.2452637397837,0.10079380359108997,2.0178145252926907,0.17989937367663694,0.09452169602778146,-0.2744210697044184,-0.08537767764885545,203.0104,1200.8702285933382,-0.32165205505208283,-0.0507030342169949,0.016813392902515305,-0.17774178453460204,1.9988144643008385,168.59792639959477,58.9883899381701,0.6171418454871234,0.9956556946726578,0.09870728271365443,0.03757339290251531,0.19940053188787588,1.99926,0.19831725052934523,128.98513760481632,9.677778326417348,0.038930000000000006,0.42075589311425343,1.9993000000000003,-0.7171416053188847,-0.04854059075124439,0.012245535699161566,1.99975,-0.20364941034979372,1027.1435370373463,-295.00439839077865,0.01158214279664626,1.99974,0.340342083018349,99.0,1.3879726066972542
O=Cc1ccc(Br)c(F)c1F,-3116.50806716191,2.6911082652502154,2696.4155487235653,1090.092175391954,0.09388552989931633,1.4762068251864284,0.18533616313817797,0.09602238140372071,-0.2813585445418987,-0.08931378173445724,221.00090000000003,1158.7071987469092,-0.4113919056839557,-0.1385658435350618,0.017648326837335037,-0.24281548719987225,1.9987900000000003,146.8816933238348,70.36596583459381,0.6335950213049433,0.9812908144147515,0.11110261318988766,0.03902375890984248,0.1938965690494508,1.999290669265066,0.2066457615113386,148.1711716380391,13.82531912335847,0.03972818708475094,0.4127879760534271,1.9993306692650663,-0.7039892646206414,-0.04725957112851279,0.012192046771187735,1.999749665367467,-0.20424193543304497,1083.6210141596223,-300.0632839350451,0.011487361915725839,1.999749665367467,0.3431836848999921,99.0,1.364207569966279
O=Cc1ccc(Br)c(I)c1,-3215.4996148007294,3.200926197807058,3140.951013692234,1481.7317949943988,0.09897280020851566,1.8949285420642639,0.17543507340202322,0.08956150234580121,-0.2649965757478244,-0.08587357105622202,310.9164999999999,1456.1949529425642,-0.3401509314581955,-0.06732968328656763,0.01755642894377797,-0.17985314106986572,1.9987799999999998,165.84380940849732,60.50527396546649,0.617369414726243,0.9946048730203816,0.10096512169785864,0.03763885684497762,0.203294425816043,1.99926,0.19927820404610577,128.52601363782634,9.60234726323191,0.03888585736626678,0.42217071316866606,1.9992999999999999,-0.7224693984180943,-0.05026896751145574,0.012214142633733216,1.9997499999999997,-0.2031613559787357,1028.080982351335,-294.7397551799403,0.011574142633733218,1.99974,0.3405016725935298,98.0,1.3879726066972542
O=Cc1ccc(Br)c(OCc2ccccc2)c1,-3263.2527652181648,3.003514002708088,6517.256304964929,2399.1089532076635,0.22951521484554496,0.7913502602275331,0.16529401763916107,0.08782575616574811,-0.25311977380490924,-0.07746826147341296,291.14369999999997,2118.4781608613835,-0.2963676022356245,-0.03638004648439096,0.0173382913241251,-0.16691665559922672,1.9988099999999995,168.91105468273955,58.92905860962713,0.6175961712188167,1.005665505228082,0.0910738800064123,0.03765202905260144,0.19296150371144338,1.999250106792242,0.19631035069038857,129.62141803653333,8.803201631420587,0.038712242637085795,0.42183028190596145,1.9992999999999996,-0.7212109183180124,-0.05774891662537758,0.012220320376726542,1.9997499999999995,-0.21212374270882425,1010.434449297061,-282.23937824984154,0.011549893207757816,1.9997498932077573,0.3415552620249328,97.0,0.6422932433046077
O=Cc1ccc(Br)c([N+](=O)[O-])c1,-3122.5007855214326,5.755083893437207,2947.825763667569,1366.7547057647319,0.11337100000000001,3.400729376744483,0.19842416806399382,0.09253857634870269,-0.2909627444126965,-0.10588559171529113,230.01750000000004,1399.6203375332602,-0.3718094716639597,-0.0896782487069899,0.017429845625802055,-0.19173334474805503,1.9987900000000003,168.65686055152693,60.30850805800349,0.6158009557645673,0.9778538301254212,0.1218947820734079,0.03697169811617742,0.22408204103003687,1.9992600000000003,0.20382731045666908,129.48299313463968,10.246562269244269,0.03882523156129693,0.4215727615741298,1.9993100000000001,-0.7014617905124618,-0.037971752997348215,0.012040926245187683,1.9997500000000001,-0.19661414574232536,1041.6232180340648,-302.0947434266899,0.011620308748395895,1.99974,0.340943768651587,99.0,1.2364851003591153
O=Cc1ccc(Br)c2ccccc12,-3071.681035305052,2.8971215984743304,3321.347186388591,1553.767967172429,0.15799097441833798,1.6412705215052619,0.16878944153669542,0.07855888858281004,-0.24734833011950547,-0.09023055295388538,235.07970000000003,1372.4406351119683,-0.3903555494996841,-0.05141070657689857,0.017999722145702512,-0.18334834664776317,1.9987605557085952,170.88870776024172,65.09476532624531,0.6455842393261466,0.9955476604928534,0.11609048840389645,0.03575083356289247,0.2451852737222331,1.9992697221457028,0.18649050186483615,118.95132592642831,5.490942957064254,0.03829805501991758,0.4173991802106557,1.9993197221457026,-0.7214045402295749,-0.05969399469177684,0.011473612105867365,1.9997500000000001,-0.21320697359192506,987.9497877315412,-291.5738172290153,0.011596110039835147,1.9997402778542979,0.37029296989772137,97.0,1.3879726066972542
O=Cc1ccc(Br)c2cccnc12,-3087.705114,2.0322,3308.9631,1294.58,0.146288,4.0197,0.17717,0.08123000000000001,-0.2584,-0.09594,236.0675,1456.402,-0.34873,-0.103964,0.01937,-0.2234,1.99879,163.5754,64.3285,0.6389238514789175,0.924733,0.186203,0.03521,0.31952,1.99926,0.209546,158.2042,6.7091,0.03808,0.41733,1.99932,-0.727172,-0.075002,0.01092,1.99975,-0.217094,1096.1431,-304.3431,0.01127,1.99975,0.34235368156073004,86.0,1.0668259850449504
O=Cc1ccc(Br)c2nccnc12,-3103.7233539532563,2.5777219037613817,3246.370358164555,1714.898765887912,0.13419386216593518,2.4084631668687715,0.18498122805315345,0.07659277448412441,-0.2615740025372778,-0.10838845356902904,237.05529999999996,1500.4404913751634,-0.35578858577885236,-0.11491646339670579,0.019050013447225837,-0.23007981846245124,1.998809993276387,160.89119223104245,64.18318666442133,0.6367188810653842,0.9343429357405503,0.2064214977632153,0.035720981647485904,0.37292880319690075,1.9992700268944517,0.20567317012450703,156.8619124022282,8.292679653227125,0.03816149936568053,0.41538615409341134,1.9993200201708388,-0.7235760097686933,-0.11262976867822394,0.010940544612646291,1.9997499865527741,-0.21322814763224984,1097.3732503181016,-304.994702260378,0.011330221879226266,1.9997499865527741,0.34251799494104046,60.0,1.1109847771625294
O=Cc1ccc(Br)cc1,-2918.320008,2.9005,2254.5662,1187.845,0.108026,2.0774,0.17541,0.09647,-0.27188,-0.07894,185.0199,1236.328,-0.377803,-0.058819,0.0172,-0.1873,1.99879,176.086,60.931,0.6167400881057269,1.001661,0.093531,0.03773,0.19454,1.99925,0.196744,128.8329,9.1098,0.03892,0.41997,1.9993,-0.725743,-0.053482,0.01224,1.99975,-0.208721,1022.663,-290.181,0.01155,1.99974,0.3395217117684078,98.5,1.3879726066972542
O=Cc1ccc(Br)cc1Br,-5491.713985742676,1.8094411676588233,3555.1063257799333,1165.3810950096884,0.09938664231516817,1.8074562141517547,0.18241188596281904,0.09397025145779295,-0.27638213742061196,-0.0884416345050261,263.916,1337.6299223795497,-0.4550134606801634,-0.07971185988593313,0.01984008020889706,-0.20757228050864326,1.998650650336058,170.28615171311296,62.949788856228345,0.6480989847607349,0.9238714552939845,0.11611584432439304,0.03811276176202562,0.20868338177099857,1.9992513006721158,0.20591083110457448,138.20858932442647,9.904247737768333,0.03886674398726993,0.41857805765670775,1.999300975504087,-0.7058097887399151,-0.05694733384465915,0.01218845436875237,1.999749674831971,-0.2054343558931115,1056.4259094656493,-297.36773345833717,0.011556908737504742,1.999749674831971,0.3474572572330019,99.0,1.3879726066972542
O=Cc1ccc(Br)cc1C(F)(F)F,-3254.8658779047205,1.9196645536546881,3685.066830823789,1144.3373254491405,0.11697973400242218,2.4030021303198557,0.18860564948975161,0.09479886593012368,-0.2834045154198753,-0.09380678355962795,253.01820000000004,1070.648145582124,-0.3285495622666622,-0.08055044828782842,0.018983319614286016,-0.1773282894490772,1.9987897113378883,169.5974980095971,63.47417393047104,0.6754549631980623,0.9265682367195062,0.1302260387962459,0.0370263505664602,0.21592715509814184,1.999280288662112,0.21094575013413405,146.20449469933396,10.811832389863566,0.0386195258496903,0.4156537317478237,1.999320432993168,-0.6895784706028396,-0.04369920827128145,0.01185183514658492,1.9997498556689441,-0.2036257234100977,1075.001490580557,-305.16759420693904,0.011539958842858042,1.9997498556689441,0.3510711609318071,99.0,1.2696356012770242
O=Cc1ccc(Br)cc1Cl,-3377.8379705902767,1.9155058822859972,2921.6230861951367,1435.8434749165579,0.09969118208421822,1.8249925238977616,0.18254860496013825,0.09472114536640179,-0.27726975032654,-0.08782745959373645,219.46499999999997,1304.392448252054,-0.4452126036347487,-0.0930610203245582,0.019296975039063805,-0.20807218795624852,1.9986802790015623,167.27249593060148,64.52208237429436,0.6465101944029034,0.9350589944035911,0.11486356082696875,0.0379003671140663,0.20592126290315513,1.9992608370046876,0.20539572234946618,143.00127610500033,11.02015932545364,0.038888223214069643,0.4170170924796701,1.999310558003125,-0.7036280642974826,-0.05374357403102471,0.012054464025000834,1.9997497209984374,-0.20716777365441627,1066.6343309243389,-297.36882146221916,0.01149920705156422,1.9997497209984374,0.3459274899948287,97.0,1.3879726066972542
O=Cc1ccc(Br)cc1F,-3017.4178622350437,2.109877773442111,2538.1314007378614,1204.2655783617324,0.10096596744522972,1.998037898464261,0.18093493185137452,0.09643138823976156,-0.2773663200911361,-0.08450354361161294,203.0104,1372.4426776945338,-0.4597710276508751,-0.144589082468886,0.01800173364491444,-0.25218732321084425,1.9987599999999999,151.03002870993913,72.1795588391655,0.6334836561299326,0.9866944713653244,0.11159577195536173,0.03895253738388778,0.19549045171467036,1.999280866822457,0.20592333347899153,148.71943418553016,13.464277015948358,0.03969189641876574,0.4124921619910014,1.9993305778816381,-0.7133601175100699,-0.050904510653726615,0.012130690810305742,1.9997497110591809,-0.2095361983443242,1076.6022463015584,-294.807939313561,0.011456067757200556,1.9997497110591809,0.3415887605508415,99.0,1.3879726066972542
O=Cc1ccc(Br)cc1I,-3215.49731,1.1823,3497.5672,1162.536,0.099044,2.825,0.17184,0.08538000000000001,-0.25722,-0.08646,310.9165,1846.381,-0.476117,-0.038914,0.02154,-0.20853,1.99867,180.7576,59.8799,0.6485210824417873,0.923271,0.100156,0.0395,0.23427,1.99929,0.195318,120.8928,10.5511,0.0394,0.41846,1.99931,-0.653352,-0.125343,0.01298,1.99974,-0.186655,1022.9605,-294.9999,0.01225,1.99974,0.3892385147891756,99.0,1.2696356012770242
O=Cc1ccc(Br)cc1N1CCCCC1,-3168.514116955382,5.9761925810165675,5226.660810167228,1999.1119333379725,0.2536545198918944,3.4193599727827317,0.14897433178527558,0.08040944384687183,-0.2293837756321474,-0.06856488793840372,268.15270000000004,2089.947280563515,-0.4730741249920694,-0.07277803242346835,0.01969066477741475,-0.1750284372965454,1.9988313938231723,159.42972271753322,68.67206659324184,0.6735220203855933,0.9452300359015069,0.08109330102271295,0.0430588951739526,0.21710436424741553,1.999272787646344,0.17476723582118397,144.55487037190358,10.400501822921395,0.039768782648834676,0.403879698341619,1.9992900000247276,-0.7382431622915893,-0.17690662220567746,0.013026725976970677,1.9997486061768286,-0.22184845788268132,1034.3313705058706,-272.7735446919682,0.011457212378383576,1.9997400000000005,0.35121142065577277,24.0,1.3879726066972542
O=Cc1ccc(Br)cc1OC(F)(F)F,-3329.972685657864,2.0872820028049626,4182.149443335717,1615.0732976666488,0.1224002640182272,1.9707769331084035,0.1822700432260336,0.09557156425191306,-0.2778416074779467,-0.08669847897412056,269.0176,1509.2641984483296,-0.45542805853594015,-0.09848925079040327,0.018675891745049075,-0.21669861837938847,1.9987691331775426,154.1001778840979,71.60695078903699,0.6409930690980322,0.9665568449623326,0.12278536711572217,0.03776167056143056,0.2016607507857726,1.9992805778816378,0.21356076462229387,149.1883787491802,12.681527062568613,0.038651318537127596,0.41492711059180926,1.999320577881638,-0.7138953867313027,-0.050393963692227005,0.012026758567506297,1.9997497110591809,-0.20857654701874048,1079.1126795056261,-297.7522853414864,0.01145618068586815,1.9997497110591809,0.34656790925802855,99.0,1.3879726066972542
O=Cc1ccc(Br)cc1OC(F)F,-3230.85272023379,2.2016621070662517,3864.991449145721,1607.1506200764932,0.13004276944511645,2.986965806816091,0.18039562022032915,0.0953123359878707,-0.2757079562081998,-0.08508328423245846,251.02710000000002,1423.0583748214895,-0.4450289500209359,-0.07711790236147975,0.018795452715096667,-0.218877210343216,1.9987603842902466,158.8344821105026,68.75688462458804,0.6511054098930813,0.9702640555216473,0.11554826774960235,0.03806118031634509,0.20529951019818782,1.9992827562208801,0.20572290807989727,143.52481591524165,11.361150744120962,0.0391178456220336,0.4158211809550297,1.9993244710930986,-0.7116852646548757,-0.05189716185846596,0.012103898337671537,1.9997482070844272,-0.2079388760341123,1069.0806514110268,-299.8411346771635,0.011559782668185676,1.9997473218224742,0.36185437103315177,99.0,1.3879726066972542
O=Cc1ccc(Br)cn1,-2934.3412385348665,1.3551933787330241,2198.8744970047655,1181.9634774056349,0.09593978040493029,2.2621465987973965,0.1823935502086066,0.0936539909451902,-0.27604754115379676,-0.0887395592634164,186.0077,1085.4143499883246,-0.12745715517429163,-0.10467333132618521,0.026939744836714758,0.05209539932864489,1.9988399922677793,163.7623786468509,44.3616593183531,0.5948714746520305,0.9245465463219547,0.12701006629378503,0.038669992267779243,0.2095805489876743,1.9993000154644418,0.2210578177845281,131.91732307477926,4.75748192682968,0.03926035568215519,0.41036333482570064,1.9993400154644416,-0.6971173066847356,-0.0660318693059784,0.011880726828751902,1.9997499922677793,-0.1999164909559864,1046.4959192703511,-304.1630623799037,0.011440510326570485,1.9997499922677793,0.33888155809238396,96.0,0.9015725489977664
O=Cc1ccc(Br)nc1,-2934.342802922325,3.434411998051308,2194.244279749489,991.8866273904157,0.09593402212967772,1.1223164259132221,0.1859853319451659,0.09562523710368992,-0.28161056904885584,-0.09036009484147597,186.0077,1169.6846186749726,-0.4357366250030751,-0.1490304779297389,0.016728109968578812,-0.2330956068666129,1.9988299999999999,171.3379251194483,65.5819770868815,0.6113908118313405,0.9891116928705612,0.11047378109915203,0.038280834367321964,0.2117060494601674,1.99927,0.20331381099685786,135.92549539335442,9.543727335735069,0.03893176357611989,0.41713170034846925,1.99931,-0.7094772398229291,-0.06834601137155391,0.012239936772349353,1.9997499999999997,-0.20426520764812733,1056.2193973253,-302.8216778769602,0.01160362199371576,1.9997472756012566,0.33976477025623514,99.0,1.3126748825968737
O=Cc1ccc(Br)nc1Br,-5507.7403879556805,3.1240817093789097,3423.5133235551966,1078.4891313676155,0.08707848669673747,1.18828588255692,0.19140973059955058,0.09191498665920568,-0.2833247172587563,-0.0994947439403449,264.9038,1247.4489800118654,-0.5188249048470435,-0.14635635772861558,0.019593141629078176,-0.24937904913574832,1.9986602327132652,159.06656178954353,65.03645053738497,0.6445365326351369,0.9017742640726639,0.13690771199323604,0.038185701474993734,0.22190411250452136,1.9992604654265302,0.21642938026637104,141.01781593499683,8.869560573006105,0.03893256651631272,0.41671496998321284,1.9993103490698978,-0.691315408715356,-0.055444472021863714,0.01207523604846363,1.9997498836433676,-0.20273326427652405,1082.7381986899734,-310.97146362142945,0.01158663232805393,1.9997498836433676,0.34615364973280593,95.5,0.8301519742044904
O=Cc1ccc(Br)nc1Cl,-3393.864898,3.2702,2824.8275,1333.06,0.087476,1.2142,0.19212500000000002,0.093085,-0.28521,-0.09904,220.4528,1097.814,-0.505321,-0.166571,0.01925,-0.24984,1.99869,156.234,67.295,0.6411264946507237,0.915741,0.135944,0.038,0.21914,1.99927,0.216855,144.6553,9.9407,0.03894,0.41575,1.99932,-0.69045,-0.054089,0.01195,1.99975,-0.20435,1087.5782,-310.1809,0.01153,1.99975,0.3442416614222782,99.0,0.9015725489977664
O=Cc1ccc(Br)s1,-3239.1541798241565,2.9342659886252975,1935.7165359742496,1143.3496856778752,0.07437768047204604,3.295483445772348,0.1725187176079725,0.0897543527301634,-0.2622730703381359,-0.08276436487780912,191.04210000000003,953.8354724340326,-0.4084342098648478,-0.032496303222372555,0.01922048125878945,-0.35385852267492757,1.9988183734382328,107.3636573201869,48.704782101790855,0.6124243701413847,1.017714434152061,0.1214552907282322,0.0355912366956777,0.19166321032141842,1.9991708132808839,0.19630584232109088,130.45638670648196,19.39668568860657,0.0392412366956777,0.39492303678943186,1.999210813280884,-0.7197894311396187,-0.056524450950813133,0.01228861406762718,1.9997500000000001,-0.2159121280679888,954.5510488943224,-260.07564119357374,0.011791294539673224,1.9997500000000001,0.3375133488035198,99.0,1.131141686509662
O=Cc1ccc(C(=O)N2CCCC2)cc1,-669.0544640064486,3.9867583592864007,4166.742462018423,1723.5046897083341,0.2442443345170761,4.684486558320462,0.1666890404207236,0.0888531315423964,-0.25554217196312,-0.07783590887832721,203.24019999999996,1900.0317177164939,-0.34694119849356997,-0.07033343891126702,0.017334114400824538,-0.183702795623625,1.9987999999999995,175.2416711333073,58.679876784321955,0.6178567652798801,1.0039689855347345,0.09864720723560987,0.037472372794513965,0.20515481820977122,1.9992499999999995,0.19653711870675297,128.84114261306772,8.093752291078085,0.03883155319873162,0.4206280592066267,1.9992999999999999,-0.7275691980582838,-0.052918507282244384,0.012102715197368009,1.9997499999999995,-0.209936782591146,1027.005675247037,-293.16105620786743,0.011531000399809782,1.9997399999999999,0.3398537696325311,87.0,1.3879726066972542
O=Cc1ccc(C(F)(F)F)c(Br)c1,-3254.8652591891387,4.650317299424322,3248.480765985095,1374.4516670816593,0.11669090993372808,2.075680878108889,0.1890986940390569,0.09314463973491226,-0.28224333377396915,-0.09595405430414466,253.0182,1244.576383927691,-0.22700755854307675,-0.06733866609384007,0.017484684768048223,-0.17351495496686403,1.99878,168.4389796284534,57.268039338339996,0.6171270406195136,0.9316920469983412,0.1114267649023577,0.03723,0.21690198277989015,1.99926,0.20257877351241263,129.2255853646722,8.871964504019836,0.03875981986745612,0.4243651350994079,1.99931,-0.6824702833825791,-0.04058534291278712,0.012095045033135968,1.9997499999999997,-0.19608128105611355,1049.273793980884,-307.7981415327065,0.011605135099407905,1.99974,0.3399866215959773,99.0,1.2696356012770242
O=Cc1ccc(C(F)(F)F)c(Cl)c1,-1140.9891182902256,4.71768380166406,2824.1859853168507,1550.9989757116589,0.11701775424276867,2.1478045092925604,0.19145730397404398,0.09574460794808798,-0.28720191192213196,-0.09571269602595603,208.56720000000004,1421.4241338560066,-0.22636888829416826,-0.06772258581992066,0.01733877121384321,-0.17335668958096562,1.9987900000000003,170.1460397209005,56.80401553154666,0.6170450850679926,0.9306795856135239,0.11096074543388147,0.037224846401730405,0.21590023845364248,1.9992600000000003,0.20256486831249715,129.45575366238938,8.914222534626102,0.03876453920519121,0.4241654607948089,1.9993100000000004,-0.6807058966902618,-0.04046206745499904,0.0121051535982696,1.9997500000000001,-0.1963540189056721,1049.0471343747497,-307.71326943252654,0.011605460794808797,1.9997400000000003,0.34112402736367503,98.0,1.3879726066972542
O=Cc1ccc(C(F)(F)F)c(F)c1,-780.5689689304663,4.748514551520154,2551.572800982579,1288.942823124298,0.11825187874194595,2.355869687101357,0.19186296040189021,0.09710431508135223,-0.2889672754832424,-0.09475864532053796,192.1126,1254.8759616298523,-0.21253826146109298,-0.06780925407453285,0.016923181129189387,-0.17171273967459105,1.9988199999999998,171.9307233993864,55.435807047700486,0.6175767956134264,0.9286666138691868,0.10897662391182837,0.037253181129189385,0.21273791966809638,1.99926,0.20212954698697688,129.55648082695546,8.968372792842354,0.03882,0.4231690867751363,1.99931,-0.6778190962499357,-0.04109527301951777,0.012145606290270203,1.9997499999999997,-0.1968768279655107,1046.3334465500932,-306.9613679977357,0.011612425161080818,1.99974,0.3407684712380653,98.5,1.3879726066972542
O=Cc1ccc(C(F)(F)F)c(F)c1F,-879.659536,3.9639,2826.9891,1432.202,0.111336,0.7321,0.195415,0.096105,-0.29152,-0.09931,210.1031,1190.82,-0.303999,-0.161925,0.01772,-0.23761,1.99879,150.6462,67.3735,0.6343612334801763,0.915907,0.122695,0.0386,0.20876,1.99929,0.210969,149.6881,13.2916,0.03958,0.41521,1.99933,-0.666607,-0.040029,0.01207,1.99975,-0.198082,1102.7733,-311.7121,0.01151,1.99975,0.3431403398363751,76.0,0.9634398649569116
O=Cc1ccc(C(F)(F)F)cc1Br,-3254.865898469366,2.965939883285882,3664.97117995235,1673.2933305062627,0.11683227222862105,0.8033755119244751,0.19065743897802737,0.09359494103478963,-0.284252380012817,-0.09706249794323772,253.01820000000004,1196.1901455857094,-0.3511365984029868,-0.09631769353304168,0.019942055838931695,-0.20196511052607652,1.9986507777960603,171.71493449029398,59.757965297496604,0.6485560421554265,0.8628390719910497,0.12545895936261597,0.03785761176013388,0.22248317590838526,1.9992611666940905,0.20893448266067977,138.27433405136034,9.300539848261595,0.03880355657936613,0.4206457753279454,1.9993107777960604,-0.6714093874893995,-0.05091567080746751,0.012092055838931694,1.9997496111019701,-0.19931790726127183,1073.3291070922044,-308.83722477404916,0.011590222697562842,1.9997496111019701,0.34786730990922904,79.0,1.1512985958567945
O=Cc1ccc(C(F)(F)F)cc1C(F)(F)F,-1018.0178047105095,3.009467638957693,3789.3321825733256,1392.866379216495,0.13444788699777707,0.8859725919966294,0.19682685516058995,0.0942662409157577,-0.29109309607634765,-0.10256061424483225,242.1204,1462.5508652376368,-0.222280229304057,-0.09500387304628408,0.019062579828295432,-0.17104574857858143,1.9987897543020672,171.22605346472375,60.031184386406935,0.6754835541647436,0.8618815422961799,0.1398187593288241,0.03676552820349021,0.22918058939264582,1.999280245697933,0.21410950369001663,146.4109818200131,10.249800253228418,0.03856786233385273,0.41763653584740823,1.9993203685468994,-0.6536091100085377,-0.036615478602502555,0.011750319313181717,1.9997498771510336,-0.19752924068968428,1091.9450820436537,-316.2144997968518,0.011578476578684984,1.9997498771510336,0.35146982523815157,51.5,1.0180107051043732
O=Cc1ccc(C(F)(F)F)cc1Cl,-1140.989967922941,3.0663922381971065,3041.4514996627595,1459.8500485851418,0.11714700263730905,0.7270793095235136,0.19102322010936276,0.09446948784357947,-0.28549270795294224,-0.09655373226578327,208.5672,1477.876781540423,-0.34249230902503147,-0.10985893738077603,0.01937362677342167,-0.20264408012009938,1.9986801511155592,168.68878603534245,61.428877731192124,0.6465879295842434,0.8727899576272765,0.12460920726994036,0.03761072920470578,0.2194685273446221,1.9992604533466778,0.20871021396915507,143.6527260615356,10.4365140065909,0.03880055171605615,0.41914680732314885,1.9993104533466777,-0.6694193046790308,-0.04735858384612604,0.011942871195625489,1.9997498488844407,-0.20144355824392693,1083.6880631547313,-308.5645290415325,0.0115249868134548,1.9997498488844407,0.34566255280321095,98.0,1.2215342150269244
O=Cc1ccc(C(F)(F)F)cc1I,-978.651222289385,2.9500891674158725,3665.1130019605716,1559.7610914397135,0.11652068588227908,1.0829275449362445,0.1853331646125779,0.08865321169257341,-0.2739863763051513,-0.09667995292000447,300.0187,1430.3872593164872,-0.3647144442886847,-0.08355865491408054,0.020950835303718895,-0.2018253353141818,1.9986420941181393,178.7104469293412,57.22313822476967,0.6515404619513618,0.857900187713172,0.11940669810214448,0.03828020589650863,0.22810066497877937,1.9992520941181393,0.2060633599003932,130.74292699461444,8.020333786697664,0.038732458831161165,0.42211838233139987,1.9993010470590697,-0.6804901762046693,-0.06842128488632547,0.012297694126509748,1.999749476470465,-0.1979707880144654,1052.8771662969903,-306.0578962356929,0.011635600008370318,1.999749476470465,0.34935563484226584,36.5,1.0372123210597204
O=Cc1ccc(C(F)(F)F)cc1[N+](=O)[O-],-885.6538908375308,4.129516637355128,3368.1865496103183,1414.4255437963598,0.13109329902582534,2.005522602159322,0.20786861192369213,0.0867868139892921,-0.2946554259129842,-0.12108179793440006,219.11969999999997,1287.466253725643,-0.19448952031357927,-0.12395920990237899,0.019279399788386695,-0.20680011661198588,1.9987499519830707,169.03024580429255,63.35322194615859,0.6565085919251152,0.8429634108681243,0.1949979504247877,0.03539820549496349,0.30559571167330746,1.9992800480169286,0.2253344023122272,150.32953838889506,10.695922672049683,0.03831758054498873,0.4230824150756297,1.9993300240084642,-0.6397318001557019,-0.030127844224802282,0.01102760528335019,1.9997499759915354,-0.19649751984583366,1094.834628618531,-315.06097626090843,0.011501320465549263,1.9997499759915354,0.35119286349790924,65.0,0.9634398649569116
O=Cc1ccc(C(F)(F)F)nc1,-697.491374,4.0946,2322.2222,999.053,0.113521,1.589,0.19339499999999998,0.093795,-0.28719,-0.0996,175.1099,1110.059,-0.339221,-0.150367,0.01687,-0.23123,1.99883,173.0337,63.2871,0.6104468219005664,0.918649,0.124158,0.03796,0.23113,1.99927,0.206313,137.2936,9.0816,0.03877,0.41918,1.99931,-0.671007,-0.06362,0.01208,1.99975,-0.199507,1075.193,-312.2404,0.01161,1.99975,0.33967904342353683,72.0,1.131141686509662
O=Cc1ccc(C(F)F)cn1,-598.3725456784167,1.9096168857321416,2043.1011406387317,1155.4661111976352,0.1209638226637653,2.280405071652103,0.18309354838693948,0.09302408712993102,-0.2761176355168705,-0.09006946125700847,157.11940000000004,1299.7138738977178,-0.05053157008338396,-0.10678434793623137,0.027219708180879588,0.05791550299252896,1.998839992517459,163.8322360451088,41.41127244757589,0.5966011653529548,0.870371871966159,0.1286073110236602,0.03865002244762465,0.21454998503491696,1.9993100074825418,0.22230638884111698,131.46228210760984,3.931228833181928,0.03918033671436972,0.41200337795072906,1.999350007482542,-0.6679924390575015,-0.06716985059533595,0.011870688393822526,1.9997499925174587,-0.19778318273780002,1054.4802297683311,-308.7632667806367,0.01144049384774225,1.9997499925174587,0.33966738874113656,97.0,0.9634398649569116
O=Cc1ccc(C2CC2)cc1,-461.388562,1.2702,2194.172,1510.679,0.182364,3.6992,0.15965000000000001,0.09669,-0.25634,-0.06296,146.1884,1227.426,-0.434494,-0.064608,0.01733,-0.18648,1.99879,171.4438,61.4424,0.6160320956576463,1.03626,0.080376,0.03807,0.18005,1.99925,0.192623,127.5272,9.0587,0.03891,0.41806,1.99929,-0.75623,-0.063561,0.01232,1.99975,-0.217922,1003.264,-278.0456,0.0115,1.99975,0.3393643801132788,85.0,1.3879726066972542
O=Cc1ccc(C2CCCC2)cc1,-539.867561251044,1.2692746552980672,3331.53176276595,1555.56839816818,0.24366050976613812,3.987469385317589,0.16350013957547838,0.10041449663796626,-0.26391463621344463,-0.06308564293751213,174.24199999999996,1580.5916774700063,-0.4097515231932208,-0.060671634704266814,0.017309999999999996,-0.18253078135058876,1.9987899999999998,172.7094159570856,60.62883349317329,0.615738576998089,1.0264200290801626,0.07973384946538092,0.03813661201880365,0.17968958789216294,1.9992499999999997,0.19346129785302774,127.75207133977224,8.652167727606855,0.038886612018803654,0.41933855777344736,1.9992899999999998,-0.7461791113499112,-0.06293548809062982,0.012326612018803654,1.9997499999999997,-0.21652411131316168,1006.888395050499,-280.6454095500143,0.011499999999999998,1.9997399999999999,0.33926619033783845,91.0,1.3879726066972542
O=Cc1ccc(C2CCCCC2)cc1,-579.1031342694748,1.306897524208579,3970.803493867062,1709.1863967702532,0.2739770086881328,4.007998586751231,0.1633149805559114,0.10055500311585154,-0.26386998367176295,-0.06275997744005987,188.26880000000003,1753.5714303681207,-0.40789620953990613,-0.0605649489527629,0.01730000054953775,-0.18206001483089596,1.99879,172.6585122545595,60.656413872139346,0.6156388680323193,1.029135988028978,0.07907697258109866,0.03818999936711823,0.17892997004229066,1.99925,0.19350498240573738,127.75219444214878,8.676096715462783,0.0388899997424071,0.41955999000823524,1.9992900000000002,-0.7504328507937574,-0.06290802782375161,0.012349999742407105,1.99975,-0.21638002303971826,1006.9984719397844,-280.5327886594027,0.011500000000000002,1.9997400000000003,0.3390497396979425,93.0,1.3879726066972542
O=Cc1ccc(CN2CCCC2)c(F)c1,-694.2044429141605,9.562522175626624,4225.920692441017,1577.0516773079034,0.2544970373256133,3.929570675216201,0.15169815280921095,0.0813447149359726,-0.23304286774518354,-0.07035343787323835,207.24710000000005,1532.334008985472,-0.32787032321537707,-0.06283614979778222,0.0181100500791961,-0.17896036751799407,1.9988391837833381,167.59138856366528,58.712427179460526,0.6184862428376107,1.0047792388615295,0.0857937923230861,0.040212187068354804,0.2237449683964145,1.9992883338674061,0.1951282119800573,128.61461215296404,9.003080771727527,0.0388800673985396,0.4206399006057846,1.9993000000000003,-0.7327196069713428,-0.17018666992367176,0.01253040082905076,1.9997500000000001,-0.21080633329737652,1013.985029819419,-286.69713626498907,0.011549295454512618,1.9997400000000003,0.34002651991499905,94.0,1.3879726066972542
O=Cc1ccc(Cc2ccccc2)cc1,-614.7651894965563,1.2471013774995856,4262.452873236748,1721.2027066854832,0.23250350344374898,3.5592807150058046,0.16179496556251038,0.09692496556251039,-0.2587199311250208,-0.06487000000000001,196.2482,1732.1526862300125,-0.3949114621187615,-0.06321952410624275,0.017330000000000005,-0.18297000000000002,1.9988000000000001,173.16610757624773,61.14399931125021,0.6160326374683707,1.0183511377499586,0.08122303443748964,0.03808,0.1820900688749793,1.9992500000000002,0.19372952410624278,128.2228331256301,8.504875828117228,0.03888,0.41973503443748966,1.9992900000000002,-0.751234013774996,-0.06207290357502903,0.012310000000000001,1.9997500000000001,-0.21581991046252696,1009.825664250651,-282.08846356190105,0.011500000000000002,1.99974,0.3395222535791321,93.0,1.3879726066972542
O=Cc1ccc(Cl)c(Br)c1,-3377.838195774424,3.444289464026295,2590.5744490824445,1374.0746314733285,0.0996003708439265,1.8768646062308931,0.17973188491101738,0.09406784910522628,-0.2737997340162437,-0.08566403580579109,219.465,1534.1354515540816,-0.33977248286624434,-0.0660925176481647,0.017295519181497108,-0.18038195907980267,1.99878,165.80380961572692,60.73025693140573,0.6166509200901871,0.982973689502604,0.09951981790437976,0.03759,0.20094554987288193,1.99926,0.19880565422111673,128.44604685444227,9.848581534965033,0.0388852225063559,0.421799258312147,1.9992999999999999,-0.7146233631376855,-0.0490346634260585,0.012224925831214699,1.9997499999999997,-0.20353116981906633,1026.8176815319966,-293.926239332703,0.0115747774936441,1.99974,0.34038820278139237,98.0,1.3879726066972542
O=Cc1ccc(Cl)c(Br)n1,-3393.8623879602924,2.5229568826991544,2552.263069693883,1507.228286255725,0.08732378345756284,2.1010990119162245,0.18906404773506552,0.09225462170297123,-0.28131866943803674,-0.09680942603209426,220.45279999999997,1345.8347640310008,-0.08847416478314463,-0.10786147465542556,0.02708964344417978,0.05481458209082937,1.9988199913035165,149.30788055811448,45.364636177371025,0.595813746564651,0.9100917062500469,0.13685190907860595,0.0380799130351658,0.21720107836394406,1.9993000173929667,0.22251353156494094,131.5400740058924,6.170167344364634,0.039140400038237315,0.4110519818422868,1.9993500086964833,-0.6974751554175082,-0.05449505231172863,0.011780834862408314,1.9997499913035164,-0.1957160539461233,1052.1998599946364,-308.46080915515216,0.011460582664389134,1.9997499913035164,0.3401377665372603,93.0,0.9634398649569116
O=Cc1ccc(Cl)c(C(F)(F)F)c1,-1140.990372549977,4.301807651663958,2740.135827506776,1447.6471628703248,0.11707221759047604,2.2070469055065893,0.18851139349523643,0.09735017132381146,-0.2858615648190479,-0.09116122217142497,208.5672,1261.358092130647,-0.371090173815627,-0.06790130977561626,0.017421183325713744,-0.18894473330285494,1.99879,171.61955979847502,61.645919213942264,0.6176162214630336,0.9760079391851244,0.10776229035276065,0.03728862592761917,0.2080797738895107,1.99926,0.20032538786972082,128.6345186862096,9.78362677962049,0.038862748144761664,0.4208913740723808,1.9992999999999999,-0.7074895137534616,-0.04496212360989811,0.012142938891428753,1.9997499999999997,-0.20230236236417426,1032.185015897372,-295.66738168377657,0.011588625927619167,1.99974,0.34066927141958386,94.5,1.3879726066972542
O=Cc1ccc(Cl)c(Cl)c1,-1263.9620605,3.48595,2145.8534,1268.48,0.0999825,1.8841,0.1805775,0.0952025,-0.27578,-0.085375,175.014,1224.6225,-0.33795,-0.0642725,0.01716,-0.18034,1.99879,166.95715,60.5083,0.6166614222781623,0.9828175,0.0990045,0.037595,0.20012999999999997,1.99926,0.198652,128.6174,9.841149999999999,0.038900000000000004,0.421595,1.9993,-0.713221,-0.048958,0.012235,1.99975,-0.20377800000000001,1026.9632000000001,-293.96955,0.011575,1.99974,0.33999370673379486,94.0,1.3879726066972542
O=Cc1ccc(Cl)c(Cl)c1F,-1363.057122906903,2.6719736582497364,2356.720432038176,1302.407399647734,0.09306867570311908,1.4346995243216323,0.18551800681883437,0.09584700426274768,-0.281365011081582,-0.08967100255608668,193.00449999999998,1257.640302446153,-0.41739417493863595,-0.1581522673443849,0.01785053878944213,-0.24398890025795159,1.9987599999999999,145.8335322953419,72.04144032387511,0.6358031586476868,0.9738324266145403,0.11434996333802686,0.03893966581463777,0.19809815686442955,1.9992905387894422,0.20794177765757904,147.20215217091888,13.64484361398222,0.03969906223455448,0.41392567945230646,1.999330538789442,-0.7110109099531186,-0.04743786767712645,0.012139698209958354,1.9997497306052787,-0.20561352138306163,1079.7848925488831,-298.5340565711318,0.011466196078584503,1.9997497306052787,0.3430031809780391,99.0,1.3126748825968737
O=Cc1ccc(Cl)c(F)c1,-903.5404703389515,3.5002308376011024,1856.4008449999226,1087.5575686425532,0.10119178572033558,2.011426958486022,0.18063848056233273,0.0962118743118291,-0.2768503548741618,-0.08442660625050366,158.55940000000004,1034.642996027938,-0.31934016286954625,-0.05441435538234958,0.016763392902516765,-0.1792751774370809,1.9988200000000003,167.6337906411327,59.78769887356859,0.6165996129377307,0.983513016092098,0.09743030049961511,0.037593392902516766,0.19776285339194755,1.99926,0.19804510764801997,128.83221996269177,9.825526577448056,0.03894553569916108,0.42047482171593953,1.9993,-0.711528908444078,-0.04959510874909343,0.01225553569916108,1.9997500000000001,-0.20449482112305378,1025.0675484458952,-293.84193231139704,0.011582142796644317,1.99974,0.3410023109776328,99.0,1.2696356012770242
O=Cc1ccc(Cl)c(I)c1,-1101.6239786792244,3.202839141724856,2628.3612599950347,1609.3432360891948,0.09931732384183485,1.899747443486418,0.17501468459082564,0.09007049227889904,-0.26508517686972466,-0.08494419231192661,266.4655,1354.6175319111614,-0.3412758179842206,-0.07116631157614683,0.01747096922568807,-0.1811612846348624,1.99878,165.00370025159623,61.02333597662392,0.617323788373046,0.984967350338714,0.09964304085027534,0.03764967692477064,0.20136128463486241,1.99926,0.1990072254961469,128.33211623042203,9.78456518469729,0.03889548461284403,0.42188806154862385,1.9993,-0.718064883565867,-0.0507895461614679,0.012224515387155965,1.9997499999999997,-0.20398339754605482,1025.8363760586785,-293.50549320902724,0.011574515387155966,1.99974,0.34108994532364134,99.0,1.3760900883317666
O=Cc1ccc(Cl)c(OC(F)(F)F)c1,-1216.0966620151737,4.144974617743397,3145.354338885314,1408.646575295664,0.12237841478877343,2.5632817496272406,0.18520373934557274,0.09728540307208099,-0.28248914241765377,-0.08791833627349177,224.5666,1486.024120900761,-0.3370707487429815,-0.06953858855657526,0.01713906170680145,-0.18035079236506293,1.998802686408771,167.26960455818858,60.20321714718589,0.6182578006522828,0.9766709529417318,0.10151656166253428,0.03749194077368704,0.20174776002600772,1.99926,0.19910931621873035,128.7376429471674,10.001979072199578,0.038862107411513705,0.4210791147702908,1.9993,-0.7053376627219001,-0.04695645873702087,0.012222969274463459,1.99975,-0.20239643864325413,1026.806283609899,-293.9529615429129,0.011595192913842969,1.99974,0.3408663156878516,99.0,1.364207569966279
O=Cc1ccc(Cl)c([N+](=O)[O-])c1,-1008.6246241759659,5.434277021269568,2432.2024390804,1300.1805906818622,0.11369738088672295,2.446475152721219,0.19937884369429407,0.09279575466538859,-0.2921745983596826,-0.1065830890289055,185.56650000000002,1159.3123002952063,-0.37074449052657843,-0.09302673964103336,0.01738587257815297,-0.1935659973850081,1.99879,167.8361609318906,61.09629449185964,0.6168162479970298,0.9668914284084397,0.12255328734105553,0.03692746535124086,0.22513422536556113,1.9992600000000003,0.20385527566861067,129.51675711399307,10.269804115057784,0.038828254843694066,0.42149808867229455,1.99931,-0.7010868978724385,-0.03856203882087468,0.0120168282420057,1.9997500000000001,-0.19847160568170655,1040.0561822488953,-300.5694596220017,0.011608254843694061,1.9997400000000003,0.3399237574502107,98.0,1.2029916559008136
O=Cc1ccc(Cl)cc1Br,-3377.8381932945176,1.7143174917527866,2673.1158179203303,1369.2518282884691,0.09977887204943015,1.8128616098148655,0.1826116688932672,0.09524875911160369,-0.2778604280048708,-0.08736290978166347,219.46499999999997,1322.3416884137707,-0.4524449981964343,-0.08259449249790292,0.019790236045588248,-0.20903097507619478,1.998650639752849,169.25999224062383,63.39983086461164,0.6484254617358712,0.9128316098859522,0.11463754647855641,0.03812271122614893,0.20689620556921,1.9992509596292738,0.20550044036240755,138.10410056283627,10.081831630272118,0.038866465912408145,0.4183100308938417,1.999300959629274,-0.7013079699496345,-0.057915057571070856,0.012198316787040453,1.9997496801235752,-0.20630788735447494,1054.3877285776969,-296.13602521517475,0.01154695345050554,1.9997496801235752,0.3466843107398537,99.0,1.3879726066972542
O=Cc1ccc(Cl)cc1C(F)(F)F,-1140.9901091502581,1.8491146711229156,2810.8243359094467,1297.6998250470033,0.11737393632994889,2.3850632643406433,0.18866397491342554,0.09586690755023682,-0.28453088246366237,-0.09279706736318875,208.56720000000004,1457.2997300174468,-0.3266531363909628,-0.08370042094902301,0.018943109639803047,-0.17887639883389453,1.9987897173054725,168.40579704611415,63.93581730484821,0.6746887245333355,0.9147898138685226,0.12880663719204305,0.0370462192796061,0.2142469629473013,1.9992802826945277,0.21060273256955492,146.04115204577377,10.997969336698148,0.038629187572145375,0.4154144161452567,1.9993202826945278,-0.6844452233429533,-0.04476248324083088,0.011861590475629546,1.9997498586527362,-0.20445630177931248,1072.9609316650933,-304.0317120402474,0.011539752961200474,1.9997498586527362,0.35121876843038,46.5,1.2836797992708533
O=Cc1ccc(Cl)cc1Cl,-1263.9621834497743,1.8186830210928073,2190.6600956520538,1230.5234808574844,0.10009048969581821,1.8325586973523305,0.18291576071327914,0.09618748368990118,-0.27910324440318035,-0.08672827702337797,175.014,1152.2423317504827,-0.44292034632673094,-0.09587557661533563,0.019246896440059807,-0.20950089669912103,1.9986802758576023,166.28397248030456,64.95505400919626,0.6473025777963405,0.9236532350597189,0.11334897087712914,0.037920137604974646,0.20412806640617084,1.999260827572807,0.20497797798405645,142.88196515055532,11.201757904190378,0.038897792491527756,0.4167489669912105,1.9993105517152048,-0.6988648909220134,-0.05478755082574727,0.012064413721638276,1.9997497241423976,-0.20804924435567188,1064.4379644800213,-296.0847748494363,0.011499103300878949,1.9997497241423976,0.34572273782855223,99.0,1.3879726066972542
O=Cc1ccc(Cl)cc1F,-903.538675,2.9487,1871.2119,1237.78,0.101095,3.3562,0.177675,0.096585,-0.27426,-0.08109,158.5594,1276.461,-0.460789,-0.138955,0.01802,-0.25579,1.99876,153.1524,72.1299,0.63058527375708,1.001736,0.102165,0.03974,0.19487,1.9993,0.194733,118.8256,12.3455,0.04111,0.40928,1.99935,-0.693806,-0.0349,0.01251,1.99974,-0.188904,1049.7432,-316.745,0.01166,1.99974,0.35336689741976085,99.0,1.3879726066972542
O=Cc1ccc(Cl)cc1OC(F)(F)F,-1216.0969634477651,1.9631301324054868,3324.648037297977,1296.4319064882382,0.12280856022651039,1.9345492702450384,0.1823729937060123,0.09691692322188748,-0.27928991692789973,-0.08545607048412479,224.5666,1207.1167825597963,-0.45591047784998096,-0.10417176022163155,0.018601053492797285,-0.21824410509800812,1.9987700585273775,152.48554615542244,72.33019271226964,0.6411085386427985,0.9543308276965954,0.12197827224424587,0.03776491629972067,0.19954720704902235,1.9992801170547552,0.21390049936724703,149.73006639980272,12.917099370601226,0.03863000818157422,0.41458459911810985,1.999320175582133,-0.7098298761426153,-0.05185256437554149,0.012031463184440675,1.9997499414726223,-0.2100810705423688,1077.0616557851934,-295.7226881612039,0.011441053492797287,1.9997499414726223,0.3455739803368496,90.0,1.3879726066972542
O=Cc1ccc(Cl)cc1[N+](=O)[O-],-1008.626229882812,3.817902759553928,2467.5823474719055,1447.848803533886,0.11402793379663978,3.2693124209421316,0.20148797466988677,0.08696943124287065,-0.2884574059127574,-0.11451854342701612,185.5665,1425.234549744551,-0.30055556274859685,-0.11015541184936016,0.019066872151261384,-0.21797856410008815,1.9987398510548218,165.85485641319477,67.44987496577097,0.6566107740956708,0.8918986948805391,0.1907803315215575,0.03545219283152639,0.3022485217633499,1.999280148945178,0.2211603269093163,150.03488061024686,11.324651328654284,0.03835355401120068,0.42085023163746615,1.999330148945178,-0.6685728191760791,-0.036963536977445956,0.011029064982787766,1.99975,-0.20220545142064558,1081.6594945525985,-305.0193810851342,0.011458489875147675,1.999749851054822,0.35103960057887523,49.5,1.3126748825968737
O=Cc1ccc(Cl)cn1,-820.458169,3.3859,1615.022,1012.857,0.096042,4.2666,0.17973,0.09262999999999999,-0.27236,-0.0871,141.5567,1051.078,-0.091674,-0.082222,0.02657,0.04485,1.99883,162.7899,44.3019,0.5943989930774072,0.920993,0.118179,0.03866,0.20862,1.99932,0.201385,122.0262,10.6602,0.03973,0.40159,1.99936,-0.671893,-0.026198,0.01284,1.99974,-0.170262,1099.478,-340.2898,0.0121,1.99974,0.3235525487728131,97.0,0.9015725489977664
O=Cc1ccc(Cl)nc1,-820.4675640333501,3.4205623613940848,1612.0619527540614,1161.813806728311,0.09634118346715778,1.1749191430789019,0.18528315889901426,0.09617777950284247,-0.28146093840185676,-0.0891053793961718,141.55669999999998,929.2111950928629,-0.43080401418608727,-0.15018826777281927,0.01665217925394424,-0.23442779325058022,1.9988227034458235,171.162948720327,65.80776839262023,0.610174692350907,0.9755477126661691,0.1088982910136909,0.038210289591415224,0.2088806488104415,1.9992699999999997,0.2029543447601507,135.57174227558545,9.800315264739101,0.03892866202482592,0.41697273094129916,1.9993099999999995,-0.7031474143877616,-0.06659454844584434,0.01224406891647325,1.9997499999999997,-0.20520187276828444,1053.1343643905816,-300.8644640301233,0.011603517229118312,1.999747296554176,0.33924958221874857,98.0,1.3879726066972542
O=Cc1ccc(Cl)nc1Br,-3393.8651497327014,3.107080589818926,2583.859186129323,922.1965004988708,0.0874976282839501,1.2430245673002371,0.19204196626730108,0.09352603880773622,-0.28556800507503727,-0.09851592745956486,220.4528,1435.2239075380603,-0.5118867594147675,-0.14644550189992256,0.019553117748797987,-0.25074116082361864,1.9986602226963428,159.0432257249727,65.26904790622548,0.6451663137670022,0.8885954216965343,0.13553048587945707,0.038145790104910544,0.21991502733207227,1.9992604453926854,0.21608164843264144,140.72857855471102,9.099828328140855,0.038922025602506516,0.41664668556134227,1.999310334044514,-0.6854433925590342,-0.055249821577807966,0.012075122015882407,1.9997498886518286,-0.20353031159809012,1080.1070367133052,-309.31732102740006,0.011576458193938686,1.9997498886518286,0.3455272638989073,88.0,0.8301519742044904
O=Cc1ccc(Cl)nc1Cl,-1279.9896092264496,3.273421360446131,2120.0347288761236,1209.1341991289119,0.08790062081686496,1.3046873366759535,0.19265348043820063,0.09465866554090181,-0.28731214597910243,-0.09799481489729882,176.0018,1166.16331206696,-0.49910851615350244,-0.16640409139043022,0.01921279246846835,-0.25116492067027096,1.9986901116987388,156.3176732186351,67.52275766854048,0.6398502676622508,0.9025907956811364,0.1343252714852699,0.037975584936936695,0.21712066426666576,1.9992703350962162,0.21628329911366628,144.0715164748086,10.19591665101178,0.03894463253477414,0.41561738989405633,1.9993202233974776,-0.6838802272511881,-0.05358337671020672,0.01196312756468455,1.999749888301261,-0.2048514327822829,1084.7149073117484,-308.67576549692944,0.011534244552071889,1.999749888301261,0.3449895642224862,99.0,0.8301519742044904
O=Cc1ccc(Cl)o1,-802.2562138981629,0.9817849403022442,1260.785359269665,834.0810680806192,0.07755672020695549,2.8328929393255025,0.16681885048248918,0.09364361434728627,-0.2604624648297755,-0.0731752361352029,130.5305,949.5187474368952,-0.26675138234981066,0.058166706952036525,0.02769,0.1733534641317843,1.9986916343448444,95.75892376247116,43.136521728898444,0.5738142596734491,1.0347429372729509,0.07967647723558707,0.03659260399951163,0.12031310138377305,1.9992432686896888,0.18071326145776456,127.63263723692285,22.49711876199895,0.037138753517022456,0.36315914289005136,1.9992916343448446,-0.7487931445956362,-0.05927016324743173,0.012704598070043302,1.9997583656551556,-0.21434250327779325,1020.8763097152062,-268.80058418831493,0.01163969503551002,1.99975,0.32603215858262474,99.0,1.3635649667269656
O=Cc1ccc(Cl)s1,-1125.2773633248548,2.9610020643050197,1427.490317275787,983.0955433456338,0.07469430385056762,3.206760933398247,0.17307750508832276,0.09069397366490435,-0.2637714787532271,-0.0823835314234184,146.59110000000004,899.815018582924,-0.38991969998318554,-0.03280959456001446,0.01905266037132654,-0.35368254558793377,1.998818555030944,105.01037356441232,51.31975007992338,0.6120201384518567,1.0044980035624682,0.12103916986146092,0.03552407155621171,0.1909819920242604,1.9991614449690565,0.19576498868723746,130.91327833673643,19.094280835937184,0.039236239009795906,0.3943362255789159,1.9992107224845281,-0.7172697542932385,-0.057354328966757816,0.012299162732079087,1.9997500000000001,-0.21693252951227185,953.107198645709,-259.19255160056184,0.011793382855854599,1.9997500000000001,0.3376755879692659,99.0,1.254684715944833
O=Cc1ccc(F)c(Br)c1,-3017.417824,3.6217,2221.9566,1088.128,0.100838,2.9687,0.17684999999999998,0.09777,-0.27462,-0.07908,203.0104,1214.654,-0.35967,-0.078069,0.01713,-0.18228,1.99879,163.5443,62.8654,0.6172120830711139,0.95017,0.088715,0.03796,0.18513,1.99926,0.197761,127.6152,10.6266,0.03895,0.42145,1.9993,-0.689328,-0.05374,0.01238,1.99975,-0.205875,1014.7418,-286.9299,0.01159,1.99974,0.34172435494021397,94.5,1.3879726066972542
O=Cc1ccc(F)c(Br)c1F,-3116.513635503221,2.212074401768362,2465.6494790585675,1065.793655397372,0.09394613953812148,1.3490060390174317,0.18110886351856242,0.09783505220350522,-0.27894391572206767,-0.0832738113150572,221.0009,1289.1878475449075,-0.4360919710770323,-0.16860663034290582,0.017831128721258412,-0.2449477232755047,1.99876,143.0393490715889,74.04244672902482,0.6344697296497699,0.94980175916188,0.10279239763818679,0.03937172788422443,0.18205483186768506,1.9992808465409437,0.20691784404703287,146.01587756718465,14.204455373037707,0.039760916145617414,0.41394167756152933,1.9993305643606294,-0.7073659648156209,-0.05264160847224086,0.012300440671640309,1.9997497178196852,-0.20807378930222895,1068.9177107472863,-291.8378287807699,0.011476207966921264,1.9997497178196852,0.3430013140905478,99.0,1.3879726066972544
O=Cc1ccc(F)c(C(F)(F)F)c1,-780.5705851689938,3.9420526717645483,2421.1197362839484,1224.3738984793617,0.1183251224411234,2.2349356943009218,0.18450492698089568,0.10008661820112665,-0.28459154518202234,-0.08441830877976904,192.1126,1272.1309378264516,-0.3812019976438338,-0.07048488603887015,0.01728040813707802,-0.19022049550336784,1.9988000000000001,169.17121070673966,63.847384484020935,0.616842377263647,0.9437235644981756,0.0955273670667348,0.03773268222696657,0.19066533447638512,1.9992600000000003,0.19935136158449607,128.1203666724922,10.416433575956226,0.038925772591011154,0.42079195331910035,1.9993000000000003,-0.6936971706264129,-0.05051450398336136,0.01231845481797771,1.9997500000000001,-0.20487691747436046,1021.9032521713254,-289.7888154040355,0.011588454817977711,1.9997400000000005,0.3414518915507641,95.0,1.3879726066972542
O=Cc1ccc(F)c(C(F)(F)F)c1F,-879.6628869450849,3.2303618996731545,2606.4027488100123,1388.4802764914712,0.11129849466715491,1.8713638134611439,0.18843122788096428,0.09919521221274621,-0.28762644009371047,-0.08923601566821807,210.10309999999998,1131.9710549826996,-0.4645261127830406,-0.1480197532013673,0.018,-0.25092670221896723,1.9987601781661115,146.13667048615048,74.09816425441659,0.6336954663396887,0.9303880967281211,0.11060120337640876,0.0392147877872538,0.1868859248771922,1.9992903563322229,0.20994645610352258,148.0100905359973,14.668952204839893,0.03969583408616627,0.41387942352209284,1.9993303563322231,-0.6858877373580451,-0.049202899051367904,0.012247304810571149,1.9997498218338883,-0.20645373372189335,1078.4968560286413,-293.98731825371357,0.011494097820564304,1.9997498218338883,0.3439588768490509,99.0,1.351682448361478
O=Cc1ccc(F)c(Cl)c1,-903.5408953533595,3.1086748930625046,1801.7082993177055,1102.5572276717367,0.10123587709238019,1.8858283692682805,0.17781853015509685,0.09905268516521067,-0.27687121532030756,-0.07876584498988619,158.55940000000004,1088.4557267514724,-0.35478826025892474,-0.0750161217640036,0.0170346159136881,-0.18224322632502,1.9988000000000001,165.0773646632469,62.82376571894839,0.6183981133780978,0.953407391411955,0.08796025017397965,0.03797476954821287,0.18421629901551517,1.99926,0.19761566062845648,127.8736499428192,10.462480692921428,0.03896492318273762,0.421239385461901,1.9993,-0.7014855248440934,-0.05428836367632488,0.012385076817262381,1.9997500000000001,-0.20674842444234026,1016.0227659900042,-287.83790664759726,0.011575230451787141,1.99974,0.33999854104860794,98.0,1.3879726066972542
O=Cc1ccc(F)c(Cl)c1F,-1002.6356850708762,2.2775710671500953,1985.0429085005437,1008.9816605442583,0.0943399763199849,1.3233486218784913,0.18271562118279294,0.09945343193177555,-0.2821690531145685,-0.08326218925101739,176.54990000000004,1208.533563321223,-0.43193999413830314,-0.16762796424990162,0.0177211834334446,-0.2455136687319265,1.99877,143.8180912433843,74.04022661338492,0.6347308230971473,0.9445522020712107,0.1022340056662901,0.03937307695216975,0.18143313613644887,1.9992905917167223,0.206644863535772,146.40290242084902,14.279477468371196,0.03976319532072799,0.41362005905821025,1.9993305917167223,-0.6995088035131346,-0.05263089872486374,0.012301242617723725,1.9997497041416388,-0.20805407608859777,1070.362829140132,-291.97875113175826,0.011476508883945313,1.9997497041416388,0.34237881781567014,98.0,1.3879726066972542
O=Cc1ccc(F)c(F)c1,-543.1154137924973,3.080884729806005,1489.53736443709,931.7806583859747,0.10226209949538359,2.0769179637842257,0.17847512615409913,0.10060568275708903,-0.27908080891118814,-0.0778694433970101,142.1048,913.7869930128463,-0.32646061144537464,-0.062485680871707215,0.016658397981534415,-0.1820952444062429,1.99882,164.97698995896442,62.908678219703525,0.6174198243695905,0.9494939645243569,0.08692895397454282,0.03796679596306883,0.1829244008373258,1.99926,0.19694329690575973,128.12943452324643,10.348795254664712,0.039025801009232794,0.4201353626583867,1.9993000000000003,-0.6974854158233224,-0.055085140169686075,0.0124,1.9997499999999997,-0.20762753784622973,1014.6454929339886,-287.97901761998736,0.011583204036931171,1.99974,0.33978596543531825,83.5,1.3879726066972542
O=Cc1ccc(F)c(F)c1Br,-3116.507585,2.0245,2336.226,1107.11,0.093778,0.8543,0.183875,0.09747499999999999,-0.28135,-0.0864,221.0009,1082.507,-0.396033,-0.0766,0.01949,-0.20178,1.99869,163.3394,65.4478,0.6480490874764002,0.876369,0.104489,0.0384,0.19548,1.99925,0.202522,138.683,11.1684,0.03899,0.41867,1.9993,-0.682725,-0.059125,0.01232,1.99975,-0.205942,1054.388,-293.2943,0.01154,1.99975,0.34628697293895533,99.0,1.2845864866092154
O=Cc1ccc(F)c(F)c1Cl,-1002.63043075837,2.2274377061547175,1936.8952544893439,1215.8917734524423,0.09408485362884414,1.0346701045592608,0.1841332865681907,0.09814316685316615,-0.2822764534213568,-0.08599011971502456,176.54990000000004,1387.1155746899326,-0.3900251232252157,-0.0885712755737064,0.018895798728062935,-0.20299579872806298,1.9987203624205043,160.29873117398077,66.71723071429831,0.6459672388745481,0.8881440123538531,0.10329762770961956,0.03820573185577927,0.19302427141965106,1.999261087261512,0.20209423260084203,142.07979466147953,12.242085778851044,0.0390400140295428,0.41699148849521384,1.999310724841008,-0.677700114375943,-0.055834816447750284,0.012195436307559,1.9997496375794963,-0.20651306298535296,1063.0418060155698,-293.96638231854774,0.0115119598766298,1.9997496375794963,0.3462781145790601,97.5,1.3879726066972542
O=Cc1ccc(F)c(F)c1F,-642.2060173312984,2.2556817836976313,1679.6556699764985,909.6683556599914,0.09533796595893473,1.3224674542188173,0.18261596063257388,0.10017139384909289,-0.28278735448166675,-0.08244456678348099,160.09529999999998,957.546912087249,-0.4121543641512156,-0.1420212944549589,0.01754893254882284,-0.2465710520447707,1.9987999999999997,143.8682918860445,73.42314370605163,0.6353337981063846,0.9339512293527634,0.09887898101312169,0.03943739791354699,0.1775924753130069,1.9992907116341179,0.20506550597884865,147.3984314794866,14.472475980447474,0.039811949290621554,0.4123221503087607,1.999330711634118,-0.6825422893338464,-0.053331255776763405,0.012352809414125865,1.9997496441829405,-0.20764911120486018,1073.7317386867962,-292.99560604018035,0.011488183792358192,1.9997496441829405,0.3430490176213895,98.0,1.3879726066972542
O=Cc1ccc(F)c(I)c1,-741.2045483422148,2.8602831408952016,2313.447443267697,1219.8725221961956,0.10060136234512677,1.893907345780774,0.17141211367990616,0.09320231498275437,-0.2646144286626605,-0.07820979869715179,250.0109,1171.1379478979634,-0.36653767698303835,-0.0798590541703943,0.017295503257120513,-0.18270738306297332,1.99879,163.23007961552477,62.53289084557828,0.6180663222157219,0.9604770153402578,0.0881652089922127,0.03802,0.18477248371439745,1.99926,0.19783223534295769,127.42763111636032,10.443714825651544,0.03896530195427231,0.4215602013028482,1.9993000000000003,-0.7091168955546061,-0.055347603027202014,0.012374698045727692,1.9997499999999997,-0.2068692993102445,1014.2691437245958,-287.1857941090641,0.01157469804572769,1.99974,0.34038545230610284,98.5,1.3879726066972542
O=Cc1ccc(F)c(N2CCCC2)c1,-654.9896942857599,9.972076150011764,3145.70256139247,1680.2632090617055,0.22488897150448747,2.9838307965251483,0.13346588229230616,0.07645527605027747,-0.20992115834258362,-0.05701060624202871,193.2203,1777.9686548617744,-0.25707059787975184,-0.05404411294225286,0.019800005699102504,-0.16685276833904064,1.998869998575224,166.97179881031232,62.31963572624881,0.6178413032145339,0.9773061850783538,0.06962787395736877,0.0438299166506259,0.23296152166036818,1.9993299992876121,0.19073221328891116,128.4765682417513,8.828147338170162,0.03876001353536845,0.42248985609766176,1.9992900007123877,-0.7126516745387929,-0.3084001893238961,0.01276998788940718,1.9997499999999997,-0.22028063960300548,992.1887542648469,-271.7741137577201,0.01151,1.99974,0.34156692801610433,84.0,1.3879726066972542
O=Cc1ccc(F)c(OC(F)F)c1,-756.5518078411028,2.5760745380446597,2662.5238287781117,1290.6157008071427,0.13131498878064335,2.7445125164000235,0.17669372449171125,0.0993991776834399,-0.27609290217515114,-0.07729454680827137,190.1215,1330.672572408576,-0.31751236415254436,-0.06548957946094493,0.0169622056009531,-0.1807569159857035,1.99881,167.01344172796308,62.17514372846523,0.6164170437175815,0.9539504694028427,0.08735180254016521,0.03796555140023827,0.18485732736211424,1.9992600000000003,0.1970878886619553,128.24576331984994,10.070057137758717,0.038952242998808624,0.4216642616104841,1.9993,-0.700633037047975,-0.05392747671459015,0.012385565385295193,1.99975,-0.20648610907885717,1018.7341418283759,-290.006634283617,0.011577794399046899,1.99974,0.3409113766576056,98.0,0.9907252850306424
O=Cc1ccc(F)c(Oc2ccccc2)c1,-749.7301277410919,2.281807814215061,4054.4558803555956,1402.7142660455454,0.20058172193456406,2.34242039007352,0.15908641426670278,0.08756993943390395,-0.24665635370060673,-0.07151647483279884,216.21129999999997,1877.817313872338,-0.33494768815209375,-0.06342230074485167,0.017150282221253546,-0.17979827534432996,1.99881270278792,166.06169574514522,62.69853456588613,0.6180114160899504,0.9666492320981488,0.08210496599976348,0.03825337244670138,0.18108660095402992,1.999256874940376,0.1946961350001733,127.66847899359335,10.043453264460952,0.03897704426455572,0.42041935531948665,1.9992968749403761,-0.7090740755876529,-0.06349673339083335,0.012443633819660245,1.9997499999999997,-0.21057320917184438,1008.8556840231464,-283.9730564324743,0.011556357432920128,1.99974,0.3402298054233657,98.0,1.3760900883317666
O=Cc1ccc(F)c2ccccc12,-597.3858276959427,2.2360138833164114,2193.8750462172798,1376.5329039798041,0.15962094660991405,1.9736180167455106,0.16373411117867376,0.0820248963548506,-0.24575900753352437,-0.08170921482382318,174.1741,1306.4883901816245,-0.40461030204374154,-0.05353815845905502,0.017799738274607724,-0.18928862648787007,1.9987702617253922,167.70952409124394,68.09317807486093,0.6439370191621326,0.9532126834316365,0.10356763681417637,0.03595340243009961,0.2288618865128394,1.9992597382746078,0.18272710539292383,117.968904459404,6.477624984822342,0.03836842964764634,0.41603129817688633,1.9993194765492155,-0.702362081765629,-0.0652181521524384,0.011594187606276432,1.99975,-0.21883497927097012,972.0602995607646,-280.75711971932446,0.011586335844508121,1.9997402617253923,0.3687970609055765,97.0,1.3879726066972542
O=Cc1ccc(F)c2ccoc12,-595.204202921636,2.0365462542474955,1879.9962270314702,1044.145398617621,0.1287333578906311,3.113477673370123,0.16277706242712625,0.09007064986452423,-0.2528477122916505,-0.072706412562602,164.1357,1126.1061769793903,-0.3904299290011159,-0.09004544559814773,0.01781,-0.2307510442031359,1.9987599999999999,144.03011701461918,77.11547578881324,0.6298862795325264,0.9611585291986385,0.10371759135356402,0.03785358317185435,0.1887463648698544,1.9992728856145825,0.1978165043813088,140.92689901517707,13.911997021837134,0.038830151609330066,0.4144189472657768,1.9993214428072912,-0.7131813947203312,-0.05582627002459656,0.012187413338533976,1.9997499999999997,-0.2133845495512364,1049.2403505241773,-286.33003291174373,0.011468756494786405,1.9997485571927085,0.34167506907791395,98.0,1.3879726066972542
O=Cc1ccc(F)cc1Br,-3017.4169749213356,1.0942366402649222,2143.7019361042344,1351.8902391267911,0.10083980024832574,1.870450716756191,0.17812437278953383,0.09794902193544014,-0.27607339472497394,-0.08017535085409368,203.01040000000003,1044.78744988314,-0.46000892736472193,-0.0796125054274661,0.01970033119497282,-0.21098234526676463,1.9986506665287083,166.33339752426184,65.26359376834307,0.6482483981153689,0.8828900029441286,0.10254057936076685,0.03849332850477733,0.19022560755134535,1.999250999793062,0.20398893477689803,137.50746642527096,10.713692922716492,0.03891832540070562,0.4180676837045715,1.999300666528708,-0.6900488624615063,-0.06305526681842129,0.012347665080141125,1.9997496667356462,-0.20932495669354018,1044.2652519349035,-289.9734511296765,0.011547663010759981,1.9997496667356462,0.34730941707083973,99.0,1.3879726066972542
O=Cc1ccc(F)cc1C(F)(F)F,-780.5689563821555,1.3803675002621962,2283.7162299367487,1221.1843075695774,0.11843422643838054,2.4004651274022795,0.18415930861722107,0.09822032165778374,-0.28237963027500484,-0.08593898695943734,192.1126,1293.3561797131408,-0.33669470467044227,-0.08148364165924571,0.01886325389910662,-0.18117288519079988,1.9987896901048468,165.52026571694807,65.8995774999126,0.6731148883988947,0.8833911513325959,0.11704452673423403,0.03739681769336626,0.19852096599003966,1.9992803098951528,0.20917672571188847,145.27082526299782,11.599725282451237,0.03867007159247288,0.41534288417411147,1.9993203098951529,-0.6718750422000387,-0.05038020282559296,0.012012705701273482,1.9997498450524231,-0.20739684378863432,1062.457849170358,-297.9110956671465,0.011540691382778905,1.9997498450524231,0.35038060497415296,65.0,1.3760900883317666
O=Cc1ccc(F)cc1Cl,-903.5409915192479,1.1856010757082507,1728.6032697353078,1282.6567433807995,0.10114699407141259,1.8925457922888,0.17816862649899307,0.09868351449958976,-0.27685214099858285,-0.07948511199940332,158.5594,1104.1371459637303,-0.4513279381654223,-0.09314471972035766,0.01914695388576969,-0.21145646377124103,1.998690267457145,163.4055597472232,66.75648420474626,0.6464378993973428,0.8930026848721976,0.10117973798878116,0.03831005928587411,0.187525868229654,1.9992608023714349,0.20344924470874537,142.25462502392986,11.824937760551014,0.03894717654315336,0.4164925415135889,1.99931053491429,-0.6871022951155291,-0.06029454221125429,0.0122045467714648,1.999749732542855,-0.21117165673240723,1054.0119779090232,-289.6014646562037,0.0114890935429296,1.999749732542855,0.3447954728996697,98.5,1.3879726066972542
O=Cc1ccc(F)cc1F,-543.121077,1.299,1452.4104,1082.891,0.102435,2.0326,0.17595,0.10017999999999999,-0.27613,-0.07577,142.1048,979.052,-0.466725,-0.145539,0.01785,-0.25529,1.99876,146.9418,74.2625,0.6343612334801763,0.939963,0.09733,0.03943,0.17612,1.99928,0.204297,148.5826,14.278,0.03971,0.41195,1.99932,-0.694489,-0.058459,0.0123,1.99975,-0.214344,1063.7881,-285.5455,0.01144,1.99975,0.3432976714915041,97.5,1.3879726066972542
O=Cc1ccc(F)cc1OCc1ccccc1,-788.9550974555145,3.0682257998170552,5335.835277684927,2066.154046520818,0.23117576969837006,3.8942394353803707,0.15928280119075627,0.09600554623021715,-0.25528834742097345,-0.06327725496053911,230.23809999999997,1726.6353777677969,-0.5157332058790081,-0.10394936047640756,0.018151822137250057,-0.22671392645880267,1.9987877844841464,147.7672555317183,73.66836561591694,0.6396688450937429,0.9343734698898638,0.09535724983980404,0.03882368846601252,0.17822096864601467,1.999260579544846,0.20105104618941197,149.43918089839218,12.490421681414517,0.03893185968329278,0.41254073588007284,1.9993105795448458,-0.7296750540221535,-0.06906851004735635,0.012169931004923277,1.999749948668235,-0.22491479571149497,1046.2035635944833,-276.81726226779284,0.011361192758144761,1.9997493691233894,0.34679601672075766,94.5,1.3760900883317666
O=Cc1ccc(F)cn1,-460.042729,0.746,1216.8625,1014.154,0.097434,2.2754,0.176975,0.096605,-0.27358,-0.08037,125.1021,999.666,-0.148813,-0.107317,0.02683,0.05062,1.99884,160.4305,46.1621,0.5953429830081812,0.88313,0.114023,0.03906,0.19021,1.9993,0.220228,130.6882,5.7699,0.03934,0.41003,1.99934,-0.676267,-0.069412,0.01201,1.99975,-0.203838,1030.7643,-295.1426,0.01143,1.99975,0.33999370673379486,96.5,1.0424183450746618
O=Cc1ccc(F)nc1,-460.05192041418115,3.0605264924447018,1216.4623768972594,877.1134236032466,0.09772055601221272,1.131340216598548,0.18093932682271796,0.09958056012212711,-0.2805198869448451,-0.08135876670059086,125.10210000000001,870.2155938411333,-0.4307532379409429,-0.14909308196173643,0.01645123329940914,-0.23482058838591582,1.9988225616649706,170.77627225157605,65.71762053111829,0.6103739771841212,0.9395204529952924,0.09480848200774633,0.038449164954202336,0.18666855857928377,1.9992625616649704,0.20197037153266612,134.55516461027523,10.703033170080312,0.038963548304497775,0.41701808324852285,1.9993100000000001,-0.6872128861766743,-0.06519359173416131,0.012386109969468225,1.9997500000000001,-0.20832138154489332,1039.321355608622,-292.81024850739277,0.011600246659881828,1.9997474383350295,0.3390861391612434,97.5,1.3879726066972542
O=Cc1ccc(I)c(F)c1,-741.2037859277291,3.4058589191572732,2447.377373315181,1321.3939285116057,0.10052850361354829,2.155246518195399,0.17551428680065145,0.08999801445419311,-0.2655123012548446,-0.08551627234645834,250.0109,1246.5655048948797,-0.33238214454193127,-0.05344837961130125,0.016903510840644842,-0.17638971091613756,1.9988145036135483,169.39184404698977,58.067370901776194,0.6166692320083657,1.0161086025096893,0.09976212476086012,0.03753900722709656,0.20116554963680225,1.99926,0.1983020623813515,129.1405026236654,9.48034758449246,0.0389,0.42078854697612766,1.9993,-0.7278080836814917,-0.04824247318425,0.01222549638645172,1.9997500000000001,-0.2036040441230354,1028.0473742107736,-295.3538488408114,0.01157648915935516,1.99974,0.34042608452263373,98.5,1.3760900883317666
O=Cc1ccc(I)c(F)c1F,-840.2948235860723,2.5183939995545117,2710.0016975835697,1033.9002661740492,0.09361949547470338,1.8230610535199383,0.18045870916321147,0.09120364666758562,-0.27166235583079706,-0.08925506249562584,268.0014,1184.5090948202037,-0.422839750967646,-0.14377432023372,0.01772831480047932,-0.24157841220347587,1.9987900000000003,147.25447980148653,69.58829109578905,0.6329912234426235,1.0022853212466445,0.11217876743618865,0.03899359279328953,0.19553267907657368,1.9992906740798086,0.20667111301301214,148.3614946742473,13.664801138736701,0.039708196706291464,0.4127586621859792,1.9993306740798085,-0.7149950899150603,-0.046950564445341174,0.0121721334365489,1.9997496629600962,-0.20436058763491524,1083.6212005676311,-300.480267677881,0.011477414877890994,1.9997496629600962,0.34224757321248256,99.0,1.1668519739063
O=Cc1ccc(I)cc1Br,-3215.4992416854343,1.68243115905533,3506.959161150888,1414.2764861988394,0.09913877493526939,2.080285929827567,0.17864480986953266,0.08992197492002993,-0.2685667847895626,-0.08872283494950274,310.9165,888.7094332747897,-0.46592099884239463,-0.08278772295295911,0.01992028867339964,-0.20641366812205753,1.9986503215210438,171.30478270748563,62.46662368889061,0.6482474042793269,0.9424315141288813,0.1173903078388408,0.038082827994105437,0.21065351586528927,1.9992512860841751,0.2059840668528936,138.3374128259687,9.650877857024486,0.038836653398986204,0.4185992982180216,1.9993009645631314,-0.7148963777786821,-0.056609380260934664,0.012168681068180944,1.9997496784789561,-0.2052990021984738,1057.5771930132955,-297.76122451835977,0.011547040615318149,1.9997496784789561,0.34678621838259627,40.0,0.6695786633783385
O=Cc1ccc(I)o1,-639.9178358082874,0.7807823019094002,1767.598879717667,906.3632710644317,0.07685681298342477,3.4098587660631248,0.16373266033612532,0.09036043473750968,-0.254093095073635,-0.07337222559861563,221.982,1088.7161860948129,-0.28774680858677876,0.07107078215975463,0.02863697836095873,0.17550797513832328,1.9986915108195207,101.57626189911531,37.47525570208425,0.574289964848212,1.0603460987819036,0.07891319297856864,0.03673769705342218,0.12254317242159721,1.9992515108195206,0.17916136777176095,127.22166251653128,22.38370266556982,0.037166402624314275,0.36431869383078674,1.9992915108195208,-0.7733862339133409,-0.058321186165534875,0.012688203268841368,1.9997584891804794,-0.21342511977500436,1019.4449886962597,-269.5101384321068,0.01162215999075882,1.99975,0.32617454020358144,98.5,1.3879726066972542
O=Cc1ccc(I)s1,-962.9412609989564,2.720063025528994,1975.6969533285687,1175.4066521152654,0.07413645451014618,3.435026901308841,0.16944090881439786,0.08704363647424088,-0.25648454528863873,-0.08239727234015695,238.0426,1053.3147955863226,-0.43742171869407176,-0.03078872144557153,0.01941636352575913,-0.3545318179095609,1.9988181818096737,111.13601157478845,45.22309204334009,0.6117483839756029,1.0384441130010642,0.12214126698689898,0.035676363900112834,0.19260636179437324,1.999170909095163,0.19710181545754418,129.68579210838405,19.86290980596721,0.039264545709786616,0.3952827264431935,1.999211818190326,-0.7255385755598152,-0.05630772558217997,0.012286363572553345,1.99975,-0.2152964527179278,955.3355333273182,-260.64963801657814,0.01178818171608535,1.99975,0.33693288982678155,98.0,1.364207569966279
O=Cc1ccc(N(c2ccccc2)c2ccccc2)s1,-1182.245028457261,9.701549246326094,6228.313219571653,2378.9896835649656,0.27277759451784095,4.882855772130253,0.1363082247997442,0.07180270253823062,-0.20811092733797482,-0.06450552226151356,279.35579999999993,2623.43746123817,-0.5953980999326336,-0.003973355399019974,0.020673745032769128,-0.31144911442836076,1.9988399999999995,93.3921904826348,60.9929181743388,0.6131919249957639,1.1614522704407384,0.13915884116826838,0.041039189847077384,0.3158929685322275,1.9992006949963588,0.18346681485491012,129.64894455527764,20.06868764537056,0.039340154894410576,0.38347938245084623,1.9991906949963587,-0.793518807234443,-0.2640181229012841,0.0126702700509742,1.9997499999999997,-0.23420865996049955,915.8762740296772,-236.41348371364185,0.011712355040051156,1.9997499999999997,0.33720911442428403,32.0,0.8301519742044904
O=Cc1ccc(N2CCCC2)nc1,-571.9291217738829,2.5432745233230127,3164.9819082301174,1635.4222441462412,0.22035781778323407,5.099089895474066,0.13573503293581304,0.08662176180287676,-0.2223567947386898,-0.0491132711329363,176.21760000000003,1650.2625505016954,-0.7188823072184911,-0.1387071514907069,0.01677115257804247,-0.24828675082427243,1.9988225576289023,159.99504500596294,72.45834071623818,0.6104140085103715,1.144245172297431,0.07249596820765503,0.0388467288670637,0.16053889133637494,1.9992425576289021,0.18847173325850544,131.37732748510194,12.053461144862139,0.03903092206243397,0.40578507134338687,1.9992825576289022,-0.8174704073167461,-0.09112805263415184,0.012466037320238222,1.9997500000000001,-0.23432157412136662,982.9178755187879,-255.74044755244242,0.01147767288670637,1.9997500000000001,0.33768683782467274,23.0,1.2227191706500702
O=Cc1ccc(N2CCOCC2)c(Br)c1,-3204.372315701498,2.152871452002238,4621.384884787963,1767.2072391053673,0.22934600232463798,2.6132260843878927,0.151100894971576,0.08215802285630341,-0.23325891782787944,-0.0689428721152726,270.1253,1879.9882430170164,-0.5063264545794289,-0.052741965893536975,0.01749871346975635,-0.18463053002896063,1.99878,159.79519049592315,64.18133373164225,0.6153772792133814,1.0791902894935368,0.0839378761174159,0.037952858948595077,0.1815103587852564,1.9992494137841736,0.1924177837713619,126.71267496054529,10.71272506315905,0.038916627882221624,0.416997675824794,1.99929,-0.7734572964000769,-0.06221027406051847,0.012331087489024327,1.99975,-0.21566267720734517,1000.024463927867,-276.7446255534689,0.011524544426227228,1.99975,0.3390209226082778,98.0,1.1883837141090154
O=Cc1ccc(N2CCOCC2)c(Cl)c1,-1090.4867382838052,1.9434474948249016,4212.078795744573,1517.5027483679185,0.22969671018265164,2.846556720404688,0.1442136940920285,0.08241202788167713,-0.2266257219737056,-0.06180166621035135,225.67430000000002,1958.515421342491,-0.5809527558264221,-0.051137700000435334,0.0174639456017014,-0.19074543400832678,1.9987800000000004,158.06984172869824,66.15762176788984,0.6138966286719518,1.1120632073016743,0.07770752180934894,0.03807372045264025,0.17172035671184382,1.9992400000000004,0.1897303330761891,126.21883143377856,11.449411733390427,0.03895866090579307,0.41391044076216255,1.9992900000000005,-0.7948936586611,-0.06766042095293195,0.012376980176496149,1.9997500000000001,-0.22184550821155924,986.6466531460862,-267.75371827281253,0.011504829182455007,1.9997500000000001,0.3387332618256242,99.0,1.254684715944833
O=Cc1ccc(OC(F)(F)F)c(Br)c1,-3329.9730155538005,4.051665860728059,3848.543072950484,1237.222494159164,0.12201038011750645,2.9049018880583484,0.18128417108202005,0.096089459589621,-0.2773736306716411,-0.08519471149239907,269.0176,1436.713486644201,-0.3346257869156108,-0.061495530006679525,0.017269809266925062,-0.17955081302355702,1.9987850158944231,164.94618451029754,61.70611463239912,0.617095209642906,0.962916292552682,0.09662161362129873,0.037719682111541766,0.1957315460942511,1.99926,0.19929117503137606,127.99747662077587,10.230614979259876,0.03887993642230835,0.4223527656295867,1.9993,-0.6938539565545363,-0.04879677054213803,0.012289872844616707,1.9997500000000001,-0.20222105731607218,1025.621300443605,-293.2615068108617,0.011595015894422911,1.99974,0.341567023285085,97.0,1.3879726066972542
O=Cc1ccc(OC(F)(F)F)c(Cl)c1,-1216.096479019987,4.128685721655177,3312.2409416302435,1345.002040993639,0.12225632659485335,2.1441643886953736,0.1861245559917987,0.09810524869961076,-0.28422980469140946,-0.08801930729218793,224.5666,1536.4381366473776,-0.29661167860670357,-0.058930538286488685,0.01710217805966778,-0.17655277311318457,1.9987999999999997,168.2132338138935,60.19877347360474,0.6171201782380229,0.9527093344878372,0.0991519632202182,0.03763633658847651,0.20024188281484567,1.99926,0.1998734367529017,128.51328753313524,9.77985001375451,0.038886336588476504,0.4230536634115235,1.9993,-0.6929671220178278,-0.04643866158597444,0.012256831705761747,1.99975,-0.20058750305716572,1032.173106634487,-298.04836925671225,0.011600495117285238,1.99974,0.34045635757475373,98.0,1.3879726066972542
O=Cc1ccc(OC(F)(F)F)c(F)c1,-855.6714562775537,3.318925929168465,3136.0782637074326,1134.9948066055092,0.12366959120745813,1.221144061439459,0.18031127458831542,0.09852046402012399,-0.2788317386084394,-0.0817908105681914,208.112,1380.857948302586,-0.34005204640949926,-0.0499321053410931,0.01685100448448634,-0.18113090542333016,1.9988200000000003,165.2971578752386,62.55038624610227,0.6155398318912182,0.9751854416863641,0.0923264339190318,0.037810451420312086,0.18860039888434457,1.99926,0.19881305122073978,127.96315309186838,10.219809105516948,0.038955778774330305,0.42058493402405794,1.9993000000000003,-0.7040970079322423,-0.05195545246482561,0.012341557548660596,1.9997500000000001,-0.20531713323183437,1021.1435743369437,-291.2835523034343,0.011578442451339406,1.99974,0.3391165870177093,66.0,1.350323744647064
O=Cc1ccc(OC(F)(F)F)cc1,-756.5784504999999,2.7668,2952.0666499999998,1253.3955,0.13093,2.137,0.174775,0.1006,-0.27537500000000004,-0.074175,190.1215,1286.68,-0.4013245,-0.058308,0.017235,-0.19090000000000001,1.99879,171.3379,63.14175,0.6167007551919446,0.9844360000000001,0.086123,0.03799,0.1827,1.99925,0.1962775,127.9933,9.9004,0.038945,0.41941,1.9993,-0.717867,-0.0573885,0.01235,1.99975,-0.211214,1013.67155,-284.8402,0.01155,1.99974,0.3401117054751416,89.5,1.3879726066972542
O=Cc1ccc(OC(F)(F)F)cc1Br,-3329.972362674845,1.697931655833138,4422.251046677401,1412.7853784565152,0.12229872920006496,1.8225568525765117,0.18095253229401215,0.09714505853556575,-0.2780975908295779,-0.08380747375844641,269.0176000000001,1449.6434410782256,-0.4764698546195312,-0.07800407553341268,0.01989537956969223,-0.21077590966493906,1.9986503437095964,165.69700054712047,65.10202089110368,0.6475265391722493,0.9079153197069506,0.10804274405698552,0.038326785071406494,0.19611382630678192,1.9992505155643945,0.2050971818092727,137.69902109464437,10.704456703204428,0.038859763301779336,0.4181918592489152,1.9993003437095966,-0.7003068376792841,-0.06007081772574789,0.012289025570016982,1.9997498281452022,-0.20803934536094976,1048.3651675159986,-291.92544711867606,0.011553837504363253,1.9997498281452022,0.34589169494143457,99.0,1.3554290867368692
O=Cc1ccc(OC(F)(F)F)cc1Cl,-1216.0962157802674,1.830364962107713,3614.4321466687798,1400.7971896234521,0.12259580015385001,1.9256202217803895,0.18076556941999508,0.09776726065158245,-0.27853283007157753,-0.08299830876841262,224.5666,1395.7890849504927,-0.46504324493004956,-0.09063328110834996,0.019365009209929507,-0.21112935513693776,1.9986806123758547,163.23419154875052,66.61302255934423,0.6446661393843915,0.9203838415804906,0.10595099091410182,0.03817500362382469,0.19356067313477604,1.9992618371275641,0.20382335706938842,141.04855245916892,11.779911587283861,0.03894482005735786,0.4164303654713891,1.9993112247517093,-0.6987190916381416,-0.05695018356408524,0.012159798013674155,1.9997493876241454,-0.20884453245904203,1057.5173452942952,-292.78527346593916,0.011510208403202946,1.9997493876241454,0.34689982243458334,95.66666666666669,1.3879726066972544
O=Cc1ccc(OC(F)(F)F)cc1F,-855.6763951970182,1.950045259415977,3273.6105295565662,1315.8982965781984,0.1238775828839587,2.021901344495234,0.17886697533268234,0.09922415919368459,-0.2780911345263669,-0.07964281613899775,208.11200000000002,1387.328942544533,-0.48179720011945626,-0.14283962444779186,0.018045894534386594,-0.25492452088733575,1.99876,146.52516506304005,74.21038348855687,0.6332792506822104,0.9681500868305172,0.10325791039808882,0.03923227843053393,0.18266344601817672,1.9992804209819188,0.20542162882163972,148.171394880321,14.316952545596042,0.03966568068456796,0.41211488581485545,1.9993302806546125,-0.705505931955874,-0.055057602976257405,0.01224533243763753,1.9997498596726937,-0.21221403531855645,1067.6294166408477,-288.41014033175713,0.011457753975575925,1.9997498596726937,0.3419009783590319,98.0,1.3879726066972542
O=Cc1ccc(OC(F)F)c(OC(F)F)c1,-969.991967876503,2.791486656115604,3814.4943007542606,1537.1268797027167,0.1604477134553157,2.8701224360023287,0.17919724124396139,0.09969322872871998,-0.27889046997268135,-0.07950401251524142,238.13819999999998,1522.7000459353878,-0.3607363312079981,-0.05920609548742754,0.01710921913254391,-0.18293108698825739,1.998806359144011,166.73438436746693,62.233278489928416,0.6172677169835646,0.9761181105868748,0.09187449796766756,0.03785361150600803,0.19010340675762033,1.9992599999999998,0.19732194142802356,128.1188039186783,10.004885362613367,0.03894504512973504,0.42078852548343587,1.9992999999999999,-0.7107525986006723,-0.052494053993009535,0.01231219412627935,1.9997499999999995,-0.2062500066345147,1020.6928032613673,-290.4603399898872,0.01157242071360624,1.9997399999999999,0.34053037266551384,97.5,0.8301519742044904
O=Cc1ccc(OC(F)F)c([N+](=O)[O-])c1,-861.6418295825969,5.506211076220517,3335.3427414169864,1348.6625745264928,0.14396807845428627,3.0569661320648183,0.20037468562325333,0.09259366205598976,-0.29296834767924307,-0.10778102356726355,217.12860000000003,1332.5734717593161,-0.36157355159326676,-0.08735784135045069,0.01733599101365908,-0.19089191010571882,1.9987998896607575,168.26221165313152,61.76921181217439,0.6162112233969524,0.9487179189474271,0.11818628060323716,0.03711049032401495,0.2194448998833566,1.99926277686787,0.20377514109328548,128.95246126751996,10.413611165910616,0.03884833060360855,0.4220527666828812,1.9993100000000001,-0.6901709524293873,-0.038042347840076304,0.012088420485451718,1.9997500000000001,-0.19724200006539366,1039.7766614207258,-301.1136101971497,0.011622445850141352,1.9997401103392431,0.34055042718770434,99.0,1.1512985958567945
O=Cc1ccc(OCc2ccccc2)c(Br)c1,-3263.255357471281,3.8855959121545913,5952.578177041042,2277.6512253628202,0.22962022137489843,5.285696692769129,0.15771610503019184,0.09367517948075473,-0.25139128451094656,-0.06404092554943713,291.14369999999997,1604.2291592418742,-0.4651697421672871,-0.06172065951926794,0.01728843559835564,-0.1845820852336487,1.99879,159.09733853854055,65.4523094759766,0.6171473899419609,1.0320643581052695,0.07749546213839005,0.038221916478541576,0.17247743863497256,1.99925,0.19227012778236824,126.27419963314416,11.026354542671033,0.0389591824761653,0.41804608336717014,1.9992903926482195,-0.7516508430376205,-0.06310454681570599,0.012426427747395708,1.9997499999999997,-0.21547494678519466,994.6811619613769,-273.90921876787684,0.01153990340840047,1.9997496073517804,0.33899402007223467,97.0,1.2845864866092154
O=Cc1ccc(OCc2ccccc2)c(Cl)c1,-1149.3759284047458,3.568513674367438,6353.0453069450805,1699.1907121172453,0.22990114156632546,5.069380544788179,0.1603380967574362,0.09388116020916004,-0.25421925696659625,-0.06645693654827617,246.6927,1789.5515459337132,-0.48695135464242734,-0.06030361752334313,0.01719713370328549,-0.1856167458417393,1.9987903661330972,160.7879176609564,65.1686899204384,0.6159028830671904,1.0586219290522139,0.07899120499393611,0.03817493899975852,0.17296514325830495,1.99925,0.19286095954151405,126.41251489284426,10.988060706475373,0.03897865890868109,0.41772812222946015,1.9992903661330972,-0.7584902573512285,-0.06168283837366225,0.012436644129118449,1.99975,-0.21455230937999525,997.0661176905486,-275.5577015372463,0.01155914429273577,1.9997496338669027,0.3395250363120805,93.5,1.3259161046767751
O=Cc1ccc(OCc2ccccc2)c(OCc2ccccc2)c1,-1034.792252749813,1.290824682731649,7656.0011024173045,2597.761226722326,0.3595754896867625,3.6654339183742497,0.1441088912368818,0.0881237261217073,-0.23223261735858908,-0.055985165115174484,318.3714,2596.7118155038156,-0.4617533201785976,-0.038380575378096936,0.01728986177049617,-0.17983602178419159,1.9988076606718683,161.6549387837662,65.39957422277854,0.6166972642493721,1.05699728924572,0.06994081741800226,0.03825293164270058,0.1655176705898661,1.9992423569569941,0.18899284119865983,127.13283761052517,10.379219520296642,0.038876092193478026,0.4162108959422973,1.9992834397149313,-0.7566518540712944,-0.07217222586100427,0.012409718493047717,1.9997500000000001,-0.22487879902387492,980.9669296860444,-264.71316131830935,0.011493017273329006,1.999746560285069,0.33979439148183377,69.0,1.0180107051043732
O=Cc1ccc(Oc2ccc(C(F)(F)F)cc2)cc1,-987.1866682097002,3.2762911638325223,7930.868991228865,1831.1104807535366,0.21666496601626872,1.9688607193954784,0.16437506321263132,0.09340974603221426,-0.2577848092448456,-0.07096531718041704,266.2191,1837.8401185570344,-0.4805363275628397,-0.059516094349366895,0.017199946119287473,-0.19310150009302895,1.9987999999999997,169.7654214266273,63.82721788068945,0.6175847272090016,1.0569457496766725,0.08291905734487533,0.038039946119287474,0.18025551615022983,1.9992499999999997,0.19325680997761802,127.39380434571899,10.113406879479701,0.03900316617351665,0.41742166608048764,1.9992899999999998,-0.7633330221771499,-0.06052552251843582,0.012339946119287473,1.9997499999999997,-0.21536869627337077,1004.12761115642,-279.1752921122049,0.011529999999999999,1.9997499999999997,0.3393656516845309,88.0,1.3879726066972542
O=Cc1ccc(Oc2ccc(Cl)c(C(F)(F)F)c2)cc1,-1446.7031015328248,4.496599743464237,8845.714862151866,1954.2436032455907,0.20817479978204806,2.7141928245014117,0.16504978116814156,0.09270224280657366,-0.25775202397471525,-0.07234753836156789,300.6642,1999.729403874796,-0.4902492341426084,-0.06015774629582853,0.017213555797724395,-0.19332333696586596,1.9988,169.47763666533507,63.90832329107454,0.6173344711866265,1.0587334410548637,0.08358181194538607,0.03803066739317319,0.1804275274639701,1.9992500000000002,0.19381328674892578,127.49461918518347,10.1347282125916,0.03899711159544879,0.41752332606826814,1.9992900000000002,-0.7548217677527048,-0.06019213020935529,0.012343555797724396,1.9997500000000001,-0.2149554201395702,1005.023291879596,-279.6587463168143,0.011533555797724398,1.9997500000000001,0.33975418060639767,99.0,1.339157326756677
O=Cc1ccc(Oc2ccc(F)c(F)c2)cc1,-848.8269788050678,2.2804692591486866,5611.801755783749,1621.9016574636382,0.19320146798320562,2.26563991545801,0.16038922893190022,0.09492885688276746,-0.2553180858146677,-0.06546037204913277,234.20179999999996,1875.5028109800944,-0.49250227499516386,-0.05759891308122603,0.017222711079967205,-0.19363626459518413,1.9988,168.25590371886506,64.70224340725193,0.6174968312262873,1.0519745224826982,0.07790599121711547,0.03819542215993441,0.17360543146377272,1.9992499999999997,0.19230763255443276,127.19409794607513,10.23440679478242,0.039006355539983606,0.4168686694856029,1.99929,-0.7625540983656651,-0.06401083364949108,0.012394765676105226,1.9997499999999997,-0.21786443776024456,998.4917507334605,-275.639409709235,0.011519999999999999,1.9997499999999997,0.34000749152076387,96.0,1.3879726066972542
O=Cc1ccc(Oc2ccc(F)cc2)cc1,-749.734713561297,1.5650134212065803,5001.189039961373,1775.27238965764,0.20024477774408078,2.4652228974673416,0.1580102338737905,0.09722444360201984,-0.25523467747581036,-0.06078579027177067,216.2113,1760.136069824718,-0.5078522422251759,-0.056169943730280544,0.017218187099032414,-0.19415304187564097,1.9987999999999997,167.14403115596156,65.46256288346636,0.6171619399145309,1.0509962431589819,0.07383990276445809,0.038314093549516204,0.16866105470660372,1.99925,0.19138010698702462,127.02402173100506,10.250760044328258,0.03901409354951621,0.41637719351451374,1.9992899999999998,-0.7584767849303498,-0.06708173096932268,0.01243,1.99975,-0.2204880767292549,992.9967642622196,-272.1191341257591,0.01151,1.99975,0.339968406673138,95.0,1.2845864866092154
O=Cc1ccc(Oc2cccc([N+](=O)[O-])c2)o1,-852.6416656597044,18.264722563304556,5504.830361702076,1655.3431534143883,0.1825484386866419,4.48118269537032,0.17862979523589936,0.07648214439547993,-0.2551119396313793,-0.10214765084041943,233.18,1683.177624003726,-0.29645199350427953,0.1297224500116248,0.02650465481457328,0.3287161861128014,1.9987938107123198,89.30759581597485,49.590446940521446,0.5799254377900573,1.0836601898734721,0.19726108325114022,0.03654826062038971,0.34530388498542064,1.99929,0.17604561537041785,127.977696710969,22.732096883668387,0.03715543683225682,0.35990551550304095,1.9992859120016817,-0.7904631632557175,-0.14856118293845783,0.011308114684169101,1.9997592995702127,-0.21954672168203415,1011.6026306066055,-261.70584003839076,0.011580762906126424,1.9997499999999997,0.3259916021483203,99.0,1.0180107051043732
O=Cc1ccc(Oc2ccccc2F)cc1,-749.732905708126,2.040869797050493,4359.991903373739,1718.1400632197297,0.2005285339965211,3.608479179752843,0.1556617993347753,0.09562030679563777,-0.25128210613041313,-0.06004149253913754,216.2113,1530.5864713490841,-0.4969618160570539,-0.05554506800526372,0.017183167495651387,-0.1927054063043577,1.9988000000000001,168.21385588538413,64.72123217356949,0.617878068240945,1.0572632453509596,0.07468101493394644,0.03826316749565138,0.17054789386958694,1.99925,0.19129556219829685,126.91283300540591,10.214367329039675,0.039003167495651386,0.4168222388087063,1.99929,-0.7682627641874364,-0.0664842587104503,0.012410000000000001,1.9997500000000001,-0.22019264511306402,993.3073953550377,-272.5187781038041,0.011506583747825693,1.9997500000000001,0.3394928806741879,93.0,1.3879726066972542
O=Cc1ccc(SC(F)(F)F)cc1,-1079.5714604986752,4.175950397361021,3169.603818413584,1377.4019060595874,0.12806250132453673,2.016453750955106,0.18612499999999998,0.09578499999999998,-0.28191,-0.09034,206.1821,1387.816044594487,-0.28894648807916934,-0.06720849602638979,0.01722,-0.18262999999999996,1.9987999999999997,179.48239894037062,57.897900794722034,0.6170153143064241,0.9684699920527795,0.10862651192083063,0.03723,0.21692,1.99926,0.19931500529814694,129.4705535762492,8.087251721897758,0.03885999999999999,0.42201,1.9992999999999999,-0.7040149999999998,-0.04401799205277958,0.012045013245367369,1.99975,-0.20206849867546323,1042.253813775182,-303.20100344379546,0.01157,1.99974,0.34117369414726245,98.0,1.3879726066972542
O=Cc1ccc(Sc2ccccn2)o1,-987.4861872773001,2.4238724260741327,3493.0746733324177,1515.6885328698354,0.16237599538206038,4.718410146565656,0.1575463315202773,0.08721714621831088,-0.24476347773858817,-0.07032918530196641,205.23080000000002,1503.547318839965,-0.24783025202493086,0.07623880571878779,0.028916577378382945,0.18633953800817968,1.998712671131081,102.57533610025168,39.12484980335514,0.5841911582721447,1.034191959645978,0.07835514056160864,0.03674671131080853,0.1326780714218807,1.9992513355655406,0.17794068078035566,129.86667727866785,20.563633169955686,0.03695130208243404,0.36693411824942057,1.9993000000000003,-0.7641064261051107,-0.06996671373455671,0.012600851939855391,1.9997586644344596,-0.2160057706495904,1025.6488867475337,-274.2415809409326,0.011584140629046863,1.99975,0.327137270213308,99.0,0.7456793633926465
O=Cc1ccc([N+](=O)[O-])c(Oc2ccc(F)cc2F)c1,-1053.0119799517806,6.714535286792673,5830.68389615929,1845.838414653034,0.19860540351828015,2.8813458270481473,0.1880992492629886,0.08073846430523789,-0.2688377135682265,-0.10736078495775073,279.19939999999997,1825.958945180782,-0.1586220666659043,-0.052302746216098275,0.017225678388294266,-0.17819411398989266,1.9988099999999998,170.45003802464979,56.552503977173956,0.6207613548079771,0.9253985058891452,0.13064102814667475,0.03663858185783636,0.2501516266442692,1.99926,0.20166364001692108,129.57483651539084,8.901653789169254,0.03868784160624367,0.4244695994230913,1.99931,-0.6708643089777857,-0.04144742195445281,0.011837564097065146,1.9997499999999997,-0.19653785875496432,1047.8902181525343,-308.1441535441139,0.011603371238923814,1.9997399999999999,0.3409781466354975,99.0,1.0668259850449504
O=Cc1ccc([N+](=O)[O-])c2ncccc12,-718.4887604594674,5.388098966775594,2916.9652675576667,1326.1265221997721,0.16046700941001774,3.2126012922866503,0.19659754610346564,0.0814787034232228,-0.2780762495266884,-0.11511884268024286,202.16899999999998,1409.475926560601,-0.2849165894794872,-0.0610488828547238,0.018069421340121433,-0.19632488237477821,1.9987901157319756,172.50504472006924,62.80855038633917,0.6438266244125233,0.9490204007954772,0.1478607866512886,0.03661618084480148,0.31265606889931785,1.9992897685360482,0.1918816382016816,120.4561257047739,5.478422322754611,0.038210694391854275,0.4204910886378701,1.9993297685360485,-0.6868508551157446,-0.11879294749502307,0.01167884268024287,1.9997401157319756,-0.20619518538859197,1007.0901048521308,-302.4323425722693,0.011668842680242871,1.9997401157319756,0.3721667794558501,98.0,1.3879726066972542
O=Cc1ccc([N+](=O)[O-])cc1I,-846.2913291507648,6.942707479851016,3126.6852298814756,1282.5920700034603,0.11318249489666764,2.2475978112862647,0.20190449195302076,0.0788363824722609,-0.2807408744252817,-0.12306810948075987,277.01800000000003,1492.378939234555,-0.330796401154667,-0.09115364424450989,0.020425945259620076,-0.2220465576595059,1.9986431686385948,179.82556621555693,55.89148612219594,0.6524325313009315,0.8559634379720813,0.16210524572336357,0.037071396435023614,0.2946995536423236,1.9992531686385946,0.208487524655169,131.50108229015393,8.160209647757378,0.03878752957891732,0.4219550347843022,1.9993015843192976,-0.6713738698156284,-0.06008699383971557,0.011809215964862198,1.9997492078403516,-0.19154273244647851,1068.8705818442982,-317.6820772864928,0.011663866856106295,1.9997492078403516,0.3501785685832994,58.0,0.9015725489977664
O=Cc1ccc2c(Cl)ccnc2c1,-973.8294848944523,2.360301975041798,2913.0614815137646,1139.5172246425914,0.14630502124770745,3.0464980501376844,0.17952935278544366,0.08634359150568334,-0.26587294429112696,-0.0931857612797603,191.6165,1342.101608149266,-0.3138451652141647,-0.07728168040984645,0.017017913443836925,-0.1939893625687772,1.99879,171.2857631285596,58.1690338074696,0.616368826688429,1.0009166456253915,0.12468262145459973,0.03678661901472423,0.24035059530330977,1.9992515108195203,0.20013878321825898,129.21309838634576,7.423273317180364,0.03876172720992807,0.42215784392259,1.9993015108195205,-0.7329178259689193,-0.045240438974104916,0.01176115147328538,1.99975,-0.20486811457224427,1040.9856284322489,-302.6170722074932,0.011536043278081538,1.99974,0.33975600699805153,98.0,1.1109847771625294
O=Cc1ccc2c(c1)CC2,-422.1574266821058,1.2424312126781034,1529.2128738364127,1158.248366265313,0.1524745457589263,3.7664621464757206,0.16296861049126393,0.10060105654764925,-0.2635696670389132,-0.0623675539436147,132.1616,1132.2064383183556,-0.3742331664805434,-0.07457881752164985,0.01739878534228078,-0.17354209635435164,1.9988299999999999,175.88351664825728,59.283853850316305,0.6194767692314467,0.9843515481761611,0.07650201395011257,0.03806394345235076,0.1794974702388804,1.9992442429315438,0.19102151562319253,127.01146486218423,8.075709542339705,0.03890848586308769,0.4194624293154384,1.9992899999999998,-0.7283529702338069,-0.06483583668186094,0.01234,1.99975,-0.21774476636988416,999.7503486973739,-277.1349437873726,0.011491514136912313,1.99974,0.33962668733452306,92.0,1.3879726066972542
O=Cc1ccc2c(c1)CCC2,-461.42564284176785,1.236341180655569,1915.039504547871,1342.0531292352653,0.18325687645427624,3.874958217738655,0.15992963350514428,0.09886727821209627,-0.25879691171724056,-0.06106235529304801,146.1884,1468.0470975288572,-0.3792702317473242,-0.0593979152109531,0.01749880308323807,-0.17362277995895256,1.99881,170.68742979147362,59.882225443920774,0.6176716249041014,0.9958745627630148,0.07571686118221987,0.03813961387457132,0.17799741346409684,1.9992500000000002,0.19098622375096103,127.58730026664793,8.411561052499277,0.038877606166476134,0.41976119691676195,1.9992900000000002,-0.7337294473922844,-0.0648600039981816,0.012344401541619036,1.9997500000000001,-0.21768247141894465,1002.473376627237,-278.43015062119366,0.011495598458380964,1.9997400000000003,0.33891455710689444,91.33333333333331,1.3879726066972544
O=Cc1ccc2c(c1)CCCC2,-500.65568403964215,1.5428018260789553,2386.5730286291864,1301.8430170262457,0.21376802040449716,4.20949950941762,0.15940936785005272,0.09922004330074935,-0.258629411150802,-0.06018932454930335,160.2152,1573.2521538572785,-0.3762001693232138,-0.048407040225944734,0.01757651002821366,-0.17367122165708673,1.9987906004483482,170.38383635777862,60.98318345510561,0.6169982262514923,1.0035726781835352,0.07473525802133495,0.03823643502586525,0.17637972701074364,1.99925,0.19074208468742282,127.47430652750225,8.299488942688196,0.038850713166651306,0.42002990718296546,1.99929,-0.7460186065901842,-0.06530693394985312,0.012349662274651674,1.99975,-0.21741483767858125,1007.1588929546725,-280.5638719419739,0.01149,1.99974,0.33928099080909196,93.0,1.3879726066972542
O=Cc1ccc2c(c1)Cc1ccccc1-2,-613.6035644774423,1.999294818363535,3638.681361548949,1710.9503858093026,0.20952428791718694,3.7386388743093866,0.15756481887949467,0.08406609488423522,-0.24163091376372992,-0.07349872399525945,194.2324,1373.005248814743,-0.4819784186392903,-0.07153612735709311,0.017428310353220032,-0.1853610516444097,1.99881,168.39093096230772,60.315719841643556,0.6180109484432046,1.104111270033966,0.09617727388573802,0.03727155176610016,0.2048841200979877,1.99924,0.19030298482307234,127.4173063342578,8.587376560284433,0.03884908623627012,0.4172019654081396,1.9992899999999998,-0.7844275361156307,-0.057566254714186214,0.012038310353220033,1.9997499999999997,-0.21779920421525528,1004.3329680755432,-280.1449854243821,0.01149,1.9997458448233898,0.3393622108137224,96.0,1.2696356012770242
O=Cc1ccc2c(c1)OCCC2,-536.5229129453803,1.8059174317667543,2269.356621521569,1354.7307610679354,0.18959421638708565,5.011801677485943,0.15002576679690433,0.08921150210053158,-0.2392372688974359,-0.06081426469637277,162.18779999999998,1367.3602518879727,-0.2948286932929955,-0.049858067222889324,0.017216995798936832,-0.1688363235112571,1.99881,169.04699432709506,59.23118802667603,0.6167685135572855,0.9987818277035022,0.07714001887833033,0.0382,0.18032668063101956,1.9992499999999997,0.1925343634478111,128.24577037515633,8.305788650662937,0.038867605041275795,0.4219949789946841,1.9992999999999996,-0.731986470730706,-0.06203500213874277,0.012368403360850534,1.9997499999999995,-0.21442848321044392,1009.8496129322309,-283.79585651752654,0.011508403360850532,1.9997399999999999,0.33928720167743676,93.0,1.3879726066972542
O=Cc1ccc2c(c1Br)OCO2,-3106.550757659321,1.3527349051357045,2647.5901615025523,1563.007365063554,0.1262713426046032,4.284166982197054,0.15593129034608447,0.08653705672157673,-0.24246834706766118,-0.06939423362450772,229.0297,1400.8866924451358,-0.47199217951365047,-0.10186172547832195,0.0195183965112413,-0.20025943963942502,1.9987116694135323,160.04737598856403,66.58808615723419,0.6466193217471747,0.9497601446701931,0.0882145704678763,0.038548528360788356,0.18520391085583227,1.9992450082405968,0.1918093580647008,135.0592728712971,11.910943682448638,0.03922533786446434,0.41417269606052254,1.9992933388270644,-0.725245137186946,-0.06957487144669162,0.012390049443580149,1.9997483305864678,-0.2140158510709682,1022.7438684913635,-277.4647819671535,0.011563470676611521,1.9997483305864678,0.34940315419876256,98.0,1.339157326756677
O=Cc1ccc2c(ccn2Cc2ccccc2)c1,-746.1118410111262,2.580175037533621,5116.403944999922,2086.4035905509127,0.26437103141767393,5.914561906610235,0.13823061657365085,0.08940333943872619,-0.22763395601237704,-0.04882727713492466,235.28480000000002,2006.3223561683271,-0.46859931878097927,-0.04604268320872035,0.01727891216123996,-0.18144114544502754,1.9988200000000003,165.6310301728879,64.8883796582439,0.6193429703241063,1.0662133631492656,0.0638998336242537,0.0386022804030999,0.16348524022959576,1.99924,0.1872577999727028,125.69455608349944,8.630565440558659,0.03901,0.4180787432930422,1.99929,-0.7747889513004458,-0.07187846982135321,0.01246217567752008,1.99975,-0.22541008247319377,980.2413009057598,-266.0328176363405,0.01145445608061998,1.99974,0.3399415374595653,31.0,1.3879726066972542
O=Cc1ccc2c(ccn2Cc2ccccc2F)c1,-845.2126747684864,2.457489735421409,5602.283448205417,1979.9678147974855,0.2574608656680076,5.585028079844906,0.13714901748650124,0.09001238683576948,-0.22716140432227072,-0.047136630650731766,253.27529999999996,2072.7304571306336,-0.46860340530071304,-0.045145192528896344,0.017291716433100318,-0.17996606511698102,1.9988199999999998,165.4403343309785,64.72838199431534,0.6194137501074015,1.067655385636656,0.061666902647548434,0.03863110825629953,0.15872178325546482,1.9992399999999997,0.18766010832882654,125.00272550247607,8.692587462597952,0.03898738665307466,0.417513163504987,1.99929,-0.7810967690098276,-0.07404068886356334,0.012443587655300074,1.99975,-0.22605597686321732,977.5199353280634,-265.48059533140645,0.011449999999999998,1.99974,0.34029689070985464,50.0,1.3879726066972542
O=Cc1ccc2c(n1)OCCO2,-588.4159206464484,2.515931016206127,2133.471389011146,1412.3885140870657,0.15303651825963904,5.567495206149686,0.15651063462802045,0.08996145675977424,-0.24647209138779472,-0.06654917786824623,165.1482,1185.8356699186431,-0.18635083588105708,-0.09822014882532189,0.027329495182256455,0.05452221138338527,1.998839985576636,145.78816050387562,50.72603181162796,0.5950290004734473,0.9623454934582515,0.10594914549677818,0.0389699711532718,0.18174351930084076,1.9992900288467284,0.21458554564703392,130.00575910937448,6.356382650975368,0.03922060578129226,0.40782820168816514,1.9993400144233642,-0.7349291167952555,-0.07469393932814392,0.012021471183138338,1.999749985576636,-0.21150158186764656,1015.8642185410637,-285.3299251844071,0.011370995212122995,1.999749985576636,0.338633581685145,96.0,1.2845864866092154
O=Cc1ccc2c3cccc4cccc(c5cccc1c52)c43,-881.1125193087967,5.626560682336483,6338.085451138882,1912.5093658506412,0.2808105534410894,4.198886894112161,0.1545866636744305,0.05453547157393401,-0.2091221352483645,-0.10005119210049648,280.3252,2428.3035299552284,-0.5662300100481554,-0.06861018109425679,0.018436672651139026,-0.15694572830566567,1.998800533812091,167.1819334763351,65.67491274703278,0.6428425866197148,1.1762125350043648,0.16222135858823325,0.03907213524836449,0.3780591992818633,1.9993197330939547,0.1822180871344863,118.08274621544385,5.974190569374382,0.03823919928186332,0.4116955344108938,1.9993097330939544,-0.8116163005427612,-0.24423413345195646,0.01190946618790888,1.9997402669060458,-0.22076837881496786,975.8784369215666,-284.43084822219583,0.011556263315362145,1.9997402669060458,0.36921903616670515,98.0,1.3879726066972542
O=Cc1ccc2cc(Br)ccc2c1,-3071.6829869747758,3.7560913521221564,4498.075051567085,1316.740802759165,0.15791012538258792,2.212298767624662,0.16755252470063295,0.08274617032686458,-0.2502986950274976,-0.08480635437376836,235.0797,1517.4396833511091,-0.4148192233554117,-0.07165692882473867,0.017336419078551386,-0.18980090976237524,1.99879,169.76688256714698,61.18381872290166,0.619118235106159,1.0684703870752312,0.10733562769202223,0.03713305281104078,0.2179709779578728,1.99925,0.19467391658192496,127.27315437376835,8.303345925723717,0.03883,0.4195866678302382,1.9992999999999999,-0.7701426365352165,-0.049507440154403885,0.011945264055203915,1.99975,-0.2102391468479817,1023.3453005959527,-291.5152741003831,0.011533894377918432,1.99974,0.34068923590919215,96.5,1.1447725778475104
O=Cc1ccc2cc(Br)ccc2n1,-3087.706554278967,2.210265901483903,4420.963804813301,1514.3789671011361,0.14578990556066343,2.392827436750715,0.17936003472034437,0.0837094826668695,-0.26306951738721385,-0.09565055205347485,236.06750000000002,1730.515410803703,-0.11448633596206287,-0.11415274558533903,0.02720980903810619,0.06129788205899589,1.9988599930559316,159.1311136266,43.10345051269267,0.5959717633677734,0.9691800223518908,0.14397320599980848,0.038150100688998566,0.2462515033909095,1.9993100034720346,0.22000811044207463,129.44737928991466,3.88703823931853,0.03899015971358392,0.41040744805469176,1.999350006944069,-0.7447473132716449,-0.07327003408869677,0.0115903263712367,1.9997499965279657,-0.19953074430469186,1051.1384649000752,-308.1483711486669,0.01143022221020371,1.9997499965279657,0.3401453572753142,94.0,1.3879726066972542
O=Cc1ccc2cc(Br)cnc2c1,-3087.705197048501,3.608095495935735,4437.452575615774,1261.206160629603,0.14586623141590827,2.4157930062207655,0.17994181750572813,0.08593126556071856,-0.2658730830664467,-0.09401055194500961,236.0675,1585.3026750267143,-0.3724913819981918,-0.0866827288129617,0.016978727002291267,-0.19643869402160657,1.9987999999999997,170.7616728747617,58.42028620305149,0.6189448729862312,1.0414210267731645,0.12459226575502699,0.03669550037184951,0.24037720406154328,1.99925,0.19892858534612087,128.83223160987168,7.688270550036425,0.03878959161898543,0.4210386387299514,1.9993014091247134,-0.7594968580506419,-0.04532711808392001,0.011739727745990282,1.9997499999999997,-0.20646295343842458,1036.2786023863712,-299.86428046702616,0.011535636498854368,1.9997399999999999,0.3415734484111796,98.0,1.3879726066972542
O=Cc1ccc2cc(F)ccc2n1,-613.4091242362407,1.3787585667316755,2673.284485217379,1131.5082940268724,0.14720890243060028,2.660055854133888,0.17718502651342383,0.08667438312100532,-0.26385940963442917,-0.0905106433924185,175.1619,1148.839806506912,-0.12272038675059911,-0.11294856060043561,0.027229802033101994,0.060847769337274274,1.9988599929297537,158.4984584717497,43.79458276586834,0.5973876271007215,0.9402883199205244,0.13688040778052035,0.038400098983449,0.23661197259873368,1.9993000070702465,0.2191310803498901,129.24657040807065,3.9686639911149166,0.03901015908054304,0.4099974935976663,1.9993500070702463,-0.7296172892136928,-0.07637679587506817,0.011660339371825151,1.9997499964648768,-0.20173564915933292,1044.8680562463667,-304.1010071918543,0.011420226247883433,1.9997499964648768,0.34061719339311264,95.0,1.3879726066972542
O=Cc1ccc2cc([N+](=O)[O-])ccc2n1,-718.5005601970541,7.117524894692816,3839.654795849892,1512.1485760612468,0.15993790164474703,1.239738595237676,0.20162445994024733,0.08137424534696813,-0.28299870528721544,-0.1202502145932792,202.16899999999998,1567.3989265795399,-0.005426479592573643,-0.12101485761567621,0.02691981759571268,0.056507846914098686,1.9988499964234452,160.8403329391321,41.27333022235493,0.5969156805836817,0.9178344689097203,0.17545340592490993,0.037020092990420986,0.28936000715310933,1.9993100071531091,0.22310266305578413,129.93237444935656,3.692220001366445,0.03896016452151405,0.41148714233283196,1.9993500071531092,-0.7101364605712989,-0.0590356859129664,0.01125031116025484,1.999749996423445,-0.19220132112311605,1068.6554410540662,-319.5617728168697,0.011470228899497812,1.999749996423445,0.3414037832246916,95.0,1.0180107051043732
O=Cc1ccc2ccc(-c3ccccc3)nc2c1,-744.9330064673295,1.343696752094915,5983.389066318872,1976.4143999369219,0.24075839340686148,4.018445269008538,0.16626186359395215,0.08077912118522318,-0.24704098477917535,-0.08548274240872897,233.26899999999998,1866.6356969759504,-0.36150595708218136,-0.07877374005598312,0.017023830628259677,-0.19127816331403652,1.9987999999999997,170.87378149973583,58.004037178573824,0.6176379476183069,1.0315626144131307,0.11570509586822558,0.03710881338820045,0.23188141282836916,1.9992499999999997,0.19733800344801183,128.53420475194946,7.232093625006347,0.03877850811522096,0.42160226978324367,1.9993008813388198,-0.7752386806559627,-0.053586628719070314,0.011823220082300686,1.9997499999999997,-0.2096731917455347,1029.9547644093025,-296.2654537538169,0.011512644016460136,1.9997399999999999,0.3405190364828454,98.0,1.3879726066972542
O=Cc1ccc2ccc(Cl)cc2n1,-973.830451,2.1746,3257.0653,1400.067,0.146158,3.4186,0.17958,0.08432999999999999,-0.26391,-0.09525,191.6165,1445.231,-0.055511,-0.112455,0.02722,0.0646,1.99886,160.1721,42.4567,0.5980176211453745,0.92554,0.143456,0.03822,0.24669,1.99931,0.220654,129.6627,3.6063,0.03899,0.41157,1.99935,-0.725271,-0.074155,0.0116,1.99975,-0.198692,1053.3175,-309.8278,0.01143,1.99975,0.3409376966645689,97.0,1.364207569966279
O=Cc1ccc2ccc3ccccc3c2n1,-667.6785873923495,0.19579669925446308,3705.9420485055116,1770.4313293164078,0.20470579210789658,4.212306414421935,0.16558923382487703,0.0788590971821799,-0.2444483310070569,-0.0867301366426971,207.2312,1613.5184768304948,-0.14619445607404888,-0.1009783011397011,0.027019443669018966,0.06501430004749255,1.9988499902398076,157.30197310282614,44.79518831609087,0.5984879269647712,0.9518909220549849,0.13079414974052575,0.03837020496404565,0.22992084913676056,1.9993000195203856,0.21563754487146522,127.63494448265749,3.8771144102283372,0.0389402732853942,0.41035299218167753,1.9993400195203854,-0.7574376899032629,-0.07772666029445384,0.011740878417338478,1.9997499902398075,-0.20333454193323905,1039.8494554711658,-301.72106079918126,0.011410644172714883,1.9997499902398075,0.3399785044198817,97.0,1.3879726066972542
O=Cc1ccc2ccc3cccnc3c2n1,-683.6950647919629,1.9882635468968617,3648.5680797997047,1427.7945100655381,0.19246095865348595,5.889569832741114,0.17240486448299744,0.08436488660822236,-0.2567697510912198,-0.08803997787477509,208.219,1740.6791896383872,-0.10937388433553405,-0.1135506051608033,0.026639914264753487,0.05608911499100372,1.9988399986171734,157.7206745421631,42.94049535370277,0.5980172077768318,0.9344751383428216,0.14329280579098563,0.038690103711991754,0.25233994330411125,1.9993200027656532,0.21945911943399973,130.07312971747527,2.9016356420882174,0.03902007605546062,0.4109488218317737,1.9993500027656532,-0.7475618389482466,-0.10070233497444515,0.011720134134176,1.9997499986171734,-0.20503489211526488,1043.5521904444322,-302.98248915830465,0.011380098180685526,1.9997499986171734,0.340463373781599,57.0,0.6422932433046077
O=Cc1ccc2cccc(Br)c2n1,-3087.7053153680845,1.886697085994785,3288.3718148291996,1370.31519356157,0.14590794332548104,4.568916426261098,0.17548482628871762,0.07981460114336837,-0.255299427432086,-0.09567022514534924,236.0675,1671.692192096391,-0.04700211451358281,-0.11483853552299712,0.027009879663692643,0.06413893250049928,1.9988499961181838,156.1488708713786,43.040291106230114,0.5994331479920901,0.8987060422235903,0.14815083564918094,0.038060100927225525,0.25462041147253484,1.9993100038818163,0.22024422862130932,130.06515274504713,3.6852528262348643,0.038860102868133704,0.4112284472734535,1.9993500038818164,-0.717261124341516,-0.0814036944657027,0.011580190209001948,1.9997499980590916,-0.19953743099625415,1054.8646585308202,-309.9033099207498,0.011420131981756454,1.9997499980590916,0.3406197659349339,95.0,1.3879726066972542
O=Cc1ccc2cccc(Cl)c2n1,-973.8286483956725,1.8390896769390301,2730.2447860945986,1292.6197825035938,0.14628694458643235,4.5894055172782355,0.17571487717611292,0.08090464295381658,-0.2566195201299295,-0.09481023422229634,191.6165,1426.2595963548727,-0.05257951308421813,-0.1155065309243313,0.027109887649467618,0.06350890505837083,1.998849998095754,156.7925696924249,43.174789690001276,0.5997478798741025,0.9058731874077381,0.1472888639266505,0.0380500818825914,0.25165050272102624,1.9993100038084928,0.2203242269263582,130.00962167048073,3.643130121084728,0.03889009902080821,0.41100849183692123,1.9993500038084928,-0.7181638207915392,-0.07814968434678185,0.01156018661613854,1.9997499980957536,-0.19996858459417624,1053.3872487016486,-309.06421050073686,0.011420127584502879,1.9997499980957536,0.340777129348621,94.0,1.3879726066972542
O=Cc1ccc2cccc(F)c2n1,-613.4057113144681,1.4884139493707953,2383.433167504573,1371.2837330838852,0.14741993963715644,4.586315516583152,0.17438998088509955,0.08316966096202882,-0.2575596418471284,-0.09122031992307073,175.16189999999997,1371.2837330838852,-0.07083778307396647,-0.11500815749148223,0.027309893358976423,0.06282870219886402,1.9988599959758104,158.9463436199933,43.59829404531022,0.5977025779556732,0.9261903597847632,0.1408179607530438,0.03822006036284353,0.2398309315998852,1.9993100020120946,0.21979904764221486,129.87437514964537,3.815364538987616,0.03898009859264444,0.4102584708079638,1.9993500040241894,-0.7216093322647638,-0.07439419507322319,0.011610201209478447,1.999749997987905,-0.2009523083763753,1049.2296728738534,-306.53599583099765,0.01142013481035056,1.999749997987905,0.3404620295312304,97.0,1.339157326756677
O=Cc1ccc2ccccc2c1Br,-3071.6789442159065,0.3687477553342288,3106.269276369949,1538.8544061414484,0.15814268083984523,3.8460822732684665,0.16683637959290348,0.08011464421605556,-0.24695102380895903,-0.08672173537684792,235.0797,1353.784291792608,-0.4280266693679642,-0.13147356657382153,0.019903663573345585,-0.20607275271867256,1.9986503856392996,165.8984942442504,63.15334045005262,0.650656985017387,0.9377192833208274,0.12471461405940029,0.037834075834433024,0.22589748116353467,1.999240771278599,0.2056799350090453,136.7313158465185,8.058617414028511,0.038733523997271646,0.4183037765276316,1.9993005784589493,-0.7375242905616051,-0.059547208221334115,0.011906555868092097,1.9997498071803501,-0.2090350360653024,1058.175305535684,-301.683893955976,0.011510605080737216,1.9997498071803501,0.34722353725931954,95.5,1.3760900883317666
O=Cc1ccc2cccnc2n1,-530.33018198934,2.3607598694596628,2063.8164035676896,1441.9409440233355,0.1424319677412797,5.198404022257521,0.18195990492166642,0.08456971816065396,-0.26652962308232037,-0.09739018676101244,158.15920000000003,1176.7866533355154,-0.031481929782474306,-0.1233182987566293,0.027149941141983963,0.05691958459823295,1.9988799966043453,158.85160983608,39.90312413178658,0.5972307669802681,0.9000561304338036,0.1586661724789322,0.038870104133413,0.281819941141984,1.9993200033956549,0.2243547499259599,131.3681505348703,2.57697466000885,0.03912006225367082,0.4125889926224178,1.99935000226377,-0.7059885243934925,-0.11518560851287253,0.011690107529067767,1.999749998868115,-0.19901485152856568,1057.8500229631445,-312.80012197170083,0.011400081495714516,1.999749998868115,0.34077845953922514,48.0,1.3126748825968737
O=Cc1ccc2ccoc2c1,-496.10665855536513,1.2667087738309994,1735.8481186530435,1286.0760288933097,0.13566408741863467,4.02651395239116,0.16055520397681428,0.09084472060627291,-0.2513999245830872,-0.06971048337054137,146.1452,1258.9501459813064,-0.40858252241540194,-0.0894831415835978,0.017100058279089787,-0.18183143297380103,1.9988350291395451,165.61931018207008,62.11759194364946,0.6193401865309007,1.0298865221167093,0.08884755913335808,0.03758520397681426,0.19244748713351845,1.99924,0.19226047960756426,126.95665206963739,8.839384710648813,0.038895145697724474,0.4179473191618697,1.99929,-0.7463688313785093,-0.059539428524261896,0.012224970860455105,1.9997499999999997,-0.21640964346508634,999.6427073346736,-278.7854683972248,0.011504970860455106,1.9997449708604549,0.33984095965149375,96.0,1.3879726066972542
O=Cc1ccc2ccsc2c1,-819.1275588374375,1.4600146398068805,2055.7471484546995,1370.009600654776,0.13274890066401207,3.7790664086463472,0.15893847606402392,0.08536685043957568,-0.2443053265035996,-0.07357162562444823,162.2058,1322.742249127801,-0.39159186155602854,-0.08248612700935626,0.017636072219062007,-0.1844038157211508,1.9988099999999998,166.34622920386033,62.68234788462361,0.6192506468278036,1.037776254689473,0.09328263973935363,0.037516501106686806,0.19998471915497895,1.99924,0.19230742695247238,126.86907667858983,8.717869507369416,0.038866929994311614,0.41886304787195217,1.9992899999999998,-0.7503759974340279,-0.057071839650928796,0.012145214443812401,1.9997499999999997,-0.21520330755701128,1005.3690896085757,-281.48044290914686,0.0115052144438124,1.9997447855561874,0.3399734634538324,97.0,1.3879726066972542
O=Cc1ccc2cnccc2c1,-514.3053001829787,4.2926901689358985,2137.9794966605823,1589.5237103554937,0.15462220209736632,1.7185357442076734,0.17462996012677265,0.08344365577598459,-0.25807361590275724,-0.09118630435078806,157.1714,1386.9282466470054,-0.27427693089758653,-0.07269916626962884,0.017311542494935273,-0.18461470942169422,1.9988,173.46872824737008,58.9730480682787,0.6182673773291194,0.9829903856305463,0.11406255921769057,0.036967074503038835,0.22904657309288198,1.99925,0.19684940114175056,127.92338776763386,7.607078107716923,0.03878853725151942,0.42187768735281395,1.9993028457505067,-0.7215095255122614,-0.04503801419694396,0.011879920253545308,1.9997500000000001,-0.20467326043207087,1038.2785710270618,-301.1933464678996,0.011547154249493527,1.99974,0.3409837239924664,99.0,1.3879726066972542
O=Cc1ccc2ncccc2c1,-514.3081985139356,3.3143463858058113,2121.244256852803,1442.057613768358,0.15461317089902663,3.3086302813085138,0.17420797584431985,0.08833041855131837,-0.2625383943956382,-0.08587755729300149,157.1714,1355.5813359821345,-0.3692284827472895,-0.0625702716679399,0.01720157415783637,-0.1902239449254559,1.9987965067416216,171.38070960412765,61.20968310609291,0.6182735414080012,1.0089628988541155,0.10938304726669545,0.03711,0.22249345276552496,1.99925,0.19517656896697883,127.62832720124447,8.168953732663871,0.03883952022486446,0.4203469426854362,1.9993,-0.7371912726481639,-0.048547963265709704,0.011930479775135536,1.9997499999999997,-0.20918076392477825,1025.4663774058895,-293.412353330982,0.011536026966485953,1.99974,0.34051311332981393,98.0,1.3879726066972542
O=Cc1ccc2sccc2c1,-819.1273756211007,1.5446669742295744,2096.7548189839235,1465.1161053059984,0.13271491071056307,3.412499730766286,0.15536639718014672,0.08922204373932623,-0.24458844091947296,-0.06614435344082048,162.2058,1340.6706280932294,-0.4004611339757468,-0.05402037285933029,0.017465530881994158,-0.17897228310527746,1.9988099999999998,170.22427995187476,61.99181782750472,0.6179635846601177,1.0278622102858654,0.07963329095606872,0.03809960906832847,0.1808999860615228,1.99925,0.19224894515757113,127.07694152225606,8.354111010179448,0.03891368725466277,0.42025792966445696,1.9992940781863344,-0.748109870974239,-0.061002807786475585,0.01233223455900292,1.9997499999999997,-0.2149373379477063,1005.0842169751172,-280.6945564781204,0.011505921813665693,1.99974,0.339637736144203,97.0,1.3879726066972544
O=Cc1cccc(-c2c(F)cccc2F)n1,-789.7641545562994,1.496576845716134,3741.7745644766387,1626.4878993433433,0.17630590279577701,4.271273311017118,0.17160939842141726,0.09393986744878685,-0.2655492658702041,-0.07766953097263041,219.1902,1531.484859456792,-0.07894210335868271,-0.09550555886684696,0.027189816467551028,0.06959816807425935,1.998829996601251,161.97618638739817,42.329742332031344,0.6048605856280209,0.8697368465403615,0.11697457338120273,0.03892005437998488,0.20090948339014364,1.999310003398749,0.22084798464207553,130.87528439314966,3.64598599103532,0.03899014274746031,0.41377700910083154,1.999350003398749,-0.6980896311709898,-0.07548735674154333,0.012000322881160227,1.9997499966012509,-0.20267534118308855,1042.5237136330886,-301.30270311287495,0.011410227716186687,1.9997499966012509,0.3390443962314195,95.0,1.3879726066972542
O=Cc1cccc(-c2ccc(C(F)(F)F)cc2)c1,-912.0940642306205,3.714959836419334,6663.853859617149,1786.1890478243631,0.21161595925543963,3.1810308141640338,0.17121325635934626,0.09369658586580554,-0.2649098422251518,-0.07751667049354073,250.21969999999996,1857.2375760254752,-0.30424931648888065,-0.06712462128620685,0.017680418776464674,-0.17396202995984628,1.99879,173.8581228997581,58.306994675044,0.6175610200625863,0.9549374307545206,0.08933233142052001,0.03789607323696972,0.19198950401373333,1.9992599999999998,0.19689425291102347,128.38757411138346,8.038312404230048,0.038793455394949536,0.42285967507590644,1.9993,-0.7049648609581032,-0.054792448707969635,0.01226303661848486,1.9997499999999997,-0.20816043379718002,1024.2374165076799,-290.7467604684517,0.01154,1.99974,0.33959417067336173,96.0,1.3879726066972542
O=Cc1cccc(-c2ccc(Cl)cc2)c1,-1035.064703460252,2.2348433553858995,5095.395275668195,1930.060676389852,0.194512827326801,2.5631675173925714,0.16243018072085816,0.0883515470609074,-0.25078172778176555,-0.07407863365995077,216.66650000000004,1694.308877043116,-0.3001458968857282,-0.06533339632615746,0.01769280580826207,-0.17321690692796063,1.99879,173.7651692267459,58.381806424068415,0.6179030982336073,0.9635188939126027,0.08660796364587328,0.03800669069279606,0.19039683589934786,1.99926,0.19568020703275246,128.08417241769178,7.9461071343545395,0.03882503603919409,0.42279539538135963,1.9993000000000003,-0.7193585723267404,-0.05730078323994775,0.012292230230932021,1.99975,-0.2093802298110219,1021.8645105564367,-289.630770343069,0.01153388488453399,1.99974,0.3398052473023744,91.0,1.339157326756677
O=Cc1cccc(-c2ccc(Cl)cc2)n1,-1051.0908777449383,1.5057716969325905,5016.489817794785,1643.5895309991156,0.18253247773481462,3.092634875043962,0.16734019806176798,0.08452457928637844,-0.2518647773481464,-0.08281561877538952,217.65429999999998,1405.8448314210873,-0.05883803266210831,-0.08647463851205289,0.027118317145513854,0.0752183650922596,1.9988399709852671,158.93095259282453,42.66886052762951,0.599429041105645,0.8722859786814152,0.11425165853261729,0.03887029014732519,0.20248199193382452,1.999310029014732,0.21760998339581059,129.00547956908258,3.889920548385176,0.03896058029465039,0.4140470783613094,1.9993500290147321,-0.7050021762987237,-0.07297402405949943,0.012032582311194251,1.999749970985267,-0.1997232456815494,1044.2217313257572,-303.8421780026598,0.011441943987078818,1.999749970985267,0.3397971166300079,84.0,1.3879726066972542
O=Cc1cccc(-c2ccc(F)cc2)c1,-674.6427559711075,2.319738161839784,4101.729118918693,1603.1682200625933,0.19553775766502993,3.0517727150328704,0.16063847877796497,0.08871575471904236,-0.24935423349700736,-0.07192272405892264,200.2119,1456.3109378935624,-0.29691068906345525,-0.0639076922204079,0.017669797563193673,-0.17249838050554941,1.99879,173.60453814948283,58.44716200836481,0.617253395004831,0.9555552337298212,0.08525456976904529,0.038029797563193676,0.18850726415712704,1.99925,0.1959118203527806,128.4958943538759,7.895499488633858,0.03879545400982044,0.4228996992907781,1.9993000000000003,-0.7010839117514658,-0.0589232389889012,0.012295656446626765,1.99975,-0.21034886182942067,1019.9920114551818,-287.9755085608431,0.011530000000000002,1.99974,0.3397505662394519,96.0,1.3879726066972542
O=Cc1cccc(-c2ccc(OC(F)(F)F)cc2)n1,-1003.2248898914245,1.6993189465882679,7757.784884601022,1672.3553340850212,0.2050313003727239,3.098225137897689,0.16788329272521146,0.08517490377480204,-0.25305819650001354,-0.08270838895040945,267.2069,1777.600232848176,-0.05525741716810807,-0.08588934447840654,0.027114362324098633,0.07548045652776905,1.9988399887719268,158.80337584288026,42.67883652711967,0.5990027991267481,0.8707519059470177,0.11390435673724099,0.038880078596512546,0.2022819970626179,1.9993100112280733,0.2174553312406275,128.89939976607306,3.8729834242316405,0.03896022456146442,0.41408613679497236,1.9993500112280733,-0.7029196753009845,-0.07303376756606719,0.012030999298516636,1.999749988771927,-0.1997399181552743,1043.9497470928882,-303.7401024548384,0.011440752280905781,1.999749988771927,0.33919356205894313,99.0,1.3879726066972542
O=Cc1cccc(-c2ccccc2)n1,-591.5684863524843,0.7468542636102007,3297.76690500074,1525.3686802424497,0.19088770285018794,3.683659563344658,0.16545198118503066,0.08723466878205664,-0.25268664996708734,-0.07821731240297401,183.20919999999998,1573.6865655059503,-0.06057779170646209,-0.08602972211718572,0.027108845468883196,0.07500273213198605,1.9988299810732602,159.0812565576677,42.62321735696266,0.5999035165642331,0.8703546769091303,0.11130907760210607,0.03903030282783391,0.20015475729312535,1.9993100189267392,0.217196211984431,129.21026655728755,3.612579557637026,0.03898041638827163,0.41409506680244,1.9993500189267392,-0.701531730033087,-0.07756586228930284,0.012051722333305384,1.99974998107326,-0.2017787815699969,1040.9709888193713,-301.7805869095378,0.011421305945033752,1.99974998107326,0.3379251685700073,96.0,1.3879726066972542
O=Cc1cccc(-c2ccccc2C(F)(F)F)c1,-912.0920045498135,2.31139226119225,4475.396681656064,1917.2368699939889,0.2115853579340059,4.105284094296705,0.16909981549495567,0.09820568263976366,-0.2673054981347194,-0.07089413285519203,250.2197,1764.3629684768703,-0.3146129275587183,-0.06998294192943619,0.017700553515132944,-0.17328276757566474,1.9987900000000003,174.13826413434865,59.32650781394855,0.6226612164210794,0.9536493546080489,0.0881543028714957,0.03795284131988183,0.1892929526587152,1.9992533948350149,0.19728855342843202,128.91572177043923,7.87304792796106,0.03878660516498523,0.4229874539459897,1.9993000000000003,-0.7028764510800161,-0.057849446369265825,0.012276420659940914,1.9997500000000001,-0.21067719561002735,1020.8337881688929,-288.4746354866941,0.01151660516498523,1.99974,0.34082942223801604,95.0,1.3879726066972542
O=Cc1cccc(-c2ccccc2Cl)c1,-1035.0623762551377,1.6950508021777653,3870.2783364805155,1784.6331076863275,0.1943943464076835,3.7888920535950965,0.1638654563503366,0.09397388742831639,-0.257839343778653,-0.06989156892202021,216.66649999999998,1835.6154142005478,-0.31036900970800474,-0.07174324108071911,0.01770882330848483,-0.17428875731077434,1.99879,173.52790884778676,59.47812665680587,0.6204908445425509,0.9563509277780942,0.08663772318519175,0.03804614369265992,0.18881946826255827,1.99925,0.1963274010837308,128.5284902881313,7.830896506887617,0.03880653592316498,0.4229001942373736,1.9992999999999999,-0.7175994267912049,-0.05889157702409441,0.012299999999999998,1.9997499999999997,-0.21125878370985854,1019.8409624890539,-288.1240319314413,0.011513464076835019,1.99974,0.339903218027771,96.0,1.3879726066972542
O=Cc1cccc(-c2ccccc2F)c1,-674.6425183772265,2.059842413184956,3616.052403206025,1649.0306060980467,0.19570403208056808,3.826876657663081,0.16186602606498507,0.09215001935097947,-0.25401604541596456,-0.06971600671400562,200.21190000000004,1664.246060131829,-0.31210217084430786,-0.06594800135434972,0.017647560850440714,-0.1740627986571989,1.9987900000000003,174.06736096659037,58.71045709715684,0.6175160428993036,0.9614783463073534,0.08383942795954993,0.03811344026856023,0.18713639373359478,1.9992527599552399,0.19490634444743435,127.62058724262697,8.004301487497571,0.038850680313320264,0.4225649170010775,1.9993000000000003,-0.7224285008220974,-0.05813895253126314,0.012334480089520075,1.99975,-0.21027053385168426,1019.5947006351171,-288.34492338014525,0.01153,1.9997400000000003,0.3396057293370065,97.0,1.3879726066972542
O=Cc1cccc(-c2ccccn2)c1,-591.5688060932284,1.7692010853105784,3248.073756506905,1602.2490295133036,0.19099251387446425,3.0821556924387106,0.16203414167728772,0.09202983262184794,-0.25406397429913563,-0.07000430905543978,183.2092,1459.5809133247433,-0.33214654875619193,-0.05732749962420588,0.01753255608454135,-0.17432578660147702,1.9987985787990803,171.66706786254304,58.89186661067642,0.6177826492609308,0.9609249708113109,0.08126222945261133,0.037992318719638186,0.18513107718209718,1.9992514212009198,0.19382073169508035,128.09981206096492,7.875442714416666,0.03872787445312116,0.4227421156768713,1.9993000000000003,-0.7044245595391407,-0.059696170020027486,0.012296167107482409,1.9997500000000001,-0.21276532608704088,1013.1140548682813,-282.66868402329146,0.011525223102783987,1.99974,0.34015306907167414,97.0,1.3879726066972542
O=Cc1cccc(-c2ccccn2)n1,-607.597596745806,1.6602315787633743,3231.6828216323734,1557.2804039451323,0.17881139667784293,3.3720595689551485,0.1694017745759909,0.09152673092896739,-0.26092850550495833,-0.07787504364702354,184.19699999999995,1409.1262218725626,-0.10680451893262106,-0.08493399660787107,0.027098538877046965,0.07378804307348026,1.9988399737623197,158.44735466439846,43.23415994692831,0.598644483583694,0.8779521160763875,0.10932178412481758,0.038980132954247605,0.19509373344236108,1.9993100260771477,0.216549574115478,128.77380747766878,3.991196537900382,0.038960522827215856,0.41312003838920375,1.9993400523148275,-0.7041189047684717,-0.07477606474718701,0.012072293504780835,1.9997499739228515,-0.20218794713020652,1037.9291079766747,-299.8405730472579,0.011421694372500887,1.9997499739228515,0.3391701147704295,96.0,1.3879726066972542
O=Cc1cccc(-c2cccnc2)c1,-591.5642295366864,2.584481454798734,3313.2479639855387,1543.9167875334867,0.19088978551480842,2.786761288792008,0.16762526244917353,0.09262908289771779,-0.2602543453468913,-0.07499617955145574,183.20920000000004,1475.8040110704999,-0.30064391638397486,-0.066255197788708,0.017679657120550637,-0.17361494623617882,1.9987900000000003,174.3124754607587,58.273968583648156,0.6167242782023267,0.9538385669057827,0.0876864068984906,0.03795655466300286,0.19089946452333895,1.9992600000000005,0.1962078692114669,128.3361903569768,7.951951810299455,0.038804353968069596,0.4228410454807887,1.9993000000000003,-0.7107633498451738,-0.05657275082643207,0.012281802072445714,1.9997500000000001,-0.20918366013636822,1022.830958695034,-289.94685283298907,0.01153295051811143,1.9997400000000005,0.339740956087029,91.0,1.3879726066972542
O=Cc1cccc(-c2ccco2)n1,-589.3885842619434,0.9641342204829991,2753.246331414185,1412.230737446001,0.15974565537928329,3.7344638119074682,0.15638785287466578,0.07974015059664592,-0.23612800347131174,-0.07664770227801988,173.1708,1358.9513760172022,-0.04807753511901453,-0.0837748460444598,0.02709920444394541,0.07561235180807827,1.998839984640401,160.73035232003554,42.59203040945787,0.597230715839553,0.8703183842383788,0.11132758381971279,0.038980153527659774,0.19533818699489738,1.9993100152912706,0.21871611822472495,129.7943327086547,3.7887033635160527,0.03896047505431605,0.4139173335664394,1.9993400305825415,-0.6961299825548096,-0.07303536469332082,0.012041406728596174,1.9997499847087288,-0.20175640134932443,1041.2650298090432,-301.40868883373446,0.011410994069265061,1.9997499847087288,0.33965666517453846,98.0,1.3879726066972542
O=Cc1cccc(-c2cccs2)c1,-896.3804690263964,1.0402824156581159,3124.0879200496233,1540.4910242971569,0.16873061287082197,3.1997394931745418,0.1540609506504692,0.08274059282663625,-0.23680154347710544,-0.07132035782383295,188.24360000000001,1477.039244446547,-0.28068533755385633,-0.05877663932640376,0.017694192738581305,-0.17229286798436033,1.9987999999999997,172.75602238027048,58.43523018973747,0.6168763066686274,0.9539606705463448,0.08595950846039967,0.03822494770709366,0.19175831507892696,1.99926,0.19601508579213975,128.61803291993726,7.942623847032248,0.03877025958568962,0.42340324753458847,1.9993,-0.6987220469844845,-0.06661526869354376,0.012367241901095165,1.9997500000000001,-0.20997718772665452,1020.4169890167427,-287.8373757608572,0.01154259120474965,1.99974,0.3400009083409159,98.0,1.3879726066972542
O=Cc1cccc(-c2ccncc2)c1,-591.5643721622706,3.3442074465192904,3302.6457768077344,1553.4192647429477,0.1908928487379624,2.870886155081111,0.17334750805880314,0.09557904156107815,-0.26892654961988127,-0.07776846649772501,183.2092,1586.5215179238173,-0.3062703573846785,-0.0677004528332542,0.017655756310187933,-0.1746728677141444,1.9987899999999998,174.19388521439564,58.26738502584866,0.6166930289557162,0.949436008312265,0.08993128885960434,0.03787787815509397,0.1925776105423343,1.9992599999999998,0.19702432910287832,128.38673659604055,8.0940041946271,0.03880022584896142,0.42284568798783384,1.9993,-0.7017987210341741,-0.054308057131266074,0.012264469538773491,1.99975,-0.20781405143436202,1024.6355152539345,-290.87147465383873,0.011549999999999998,1.99974,0.3400103984023445,94.0,1.3879726066972542
O=Cc1cccc(-c2ccsc2)c1,-896.3801819280312,1.423003622018284,3325.8912672677116,1497.1472080002784,0.16880452084574815,3.1687940093908344,0.15592494525959166,0.08651238244578903,-0.2424373277053807,-0.06941256281380265,188.24359999999996,1378.059956240768,-0.290757466165974,-0.05960775473215748,0.017575569258696674,-0.17191366077019232,1.9987999999999997,173.28565377052712,58.473716638717846,0.6169436330360636,0.9555219959768049,0.08358912931012866,0.03808733599170816,0.18691288867517225,1.99925,0.19550591246148244,128.5158119596205,7.806208814454612,0.038776549779893456,0.4230409809998468,1.9993,-0.701774300999254,-0.06069428279146402,0.012315451823503791,1.99975,-0.2114557890534411,1018.2143507220267,-286.6991797115459,0.01152,1.99974,0.3397117649286661,98.0,1.3879726066972542
O=Cc1cccc(Br)c1Br,-5491.710723474574,1.2448509822097484,2766.062361852102,1290.9893013124447,0.09934118895351982,2.2170392493028195,0.17947642276347403,0.09239650537260627,-0.27187292813608027,-0.08707991739086775,263.916,1322.3577390296077,-0.3557943365623043,-0.12085995794767242,0.020121570871281465,-0.18987030449661269,1.9986606089932255,166.87830740083268,59.437915438344426,0.6518194952040467,0.8650132988992142,0.11120070450279262,0.03845405523240095,0.20757366573196442,1.9992512179864508,0.2069381501533376,135.4506963557432,8.494970076089373,0.03897714858674576,0.421563218465389,1.999300913489838,-0.6918687491305731,-0.05868705970197671,0.012261875367894135,1.9997496955033873,-0.20338468647462804,1050.5873752325556,-301.16009079511474,0.01155857429337288,1.9997496955033873,0.3484462769537758,98.5,1.1512985958567945
O=Cc1cccc(Br)c1Cl,-3377.83464011681,1.5216571482904762,2439.154913818306,1164.2139334215742,0.09971965462189145,2.2973677210863106,0.17964926287634894,0.09303495562820956,-0.27268421850455854,-0.08661430724813941,219.465,1126.6494975541248,-0.34653479134621346,-0.13041588892233827,0.019502163814696185,-0.19046855972145285,1.9986904505116554,164.59777406473046,61.24836826886795,0.649438116692247,0.8783404647781987,0.10953092187186367,0.038173337862500656,0.20444896225203332,1.9992613515349662,0.20575102224978484,140.20373066998815,9.864808984744023,0.03899352214341341,0.41998286017584135,1.999311351534966,-0.6891571647921115,-0.053858705490394045,0.012109010233108284,1.9997495494883444,-0.20458466825220906,1061.9517935632298,-301.5350573519027,0.011518020466216571,1.9997495494883444,0.3486867900648474,99.0,1.2055514423795428
O=Cc1cccc(Br)c1F,-3017.415760084169,1.5843674831173153,2220.7402153230423,1048.409330267042,0.10113177299084462,2.535675389269436,0.17884087886711783,0.09476284356635552,-0.27360372243347336,-0.08407803530076231,203.0104,1325.4596756150825,-0.35219507597638156,-0.17015718021528428,0.018060895826131587,-0.23554480487379048,1.9987599999999999,147.99773405500028,69.94554920325153,0.6350210441286296,0.9292256011965364,0.10711265967861908,0.039132395653289735,0.19327673565500067,1.9992808958261314,0.20679792504766267,147.74874658791092,12.77122307856624,0.0396329996543163,0.41560683408231475,1.9993305972174211,-0.6975613361266506,-0.0504073808073988,0.012181048522289604,1.9997497013912895,-0.20630001163618422,1079.140819692316,-299.6730468951752,0.011456868000342187,1.9997497013912895,0.3434739021152866,99.0,1.3879726066972542
O=Cc1cccc(Br)c1OCc1ccccc1,-3263.2517478211553,2.5838126225848432,4933.4424704138055,1808.023746922583,0.2293592374416767,2.2957614555744636,0.1647278202709009,0.0947929448523379,-0.2595207651232388,-0.069934875418563,291.1437,1962.9684533043098,-0.3011325978153794,-0.11139135347144827,0.019203549725976276,-0.2007498879111247,1.9987336878690936,165.32878374991952,60.76450207029447,0.7070582575723874,0.814523112587235,0.1261794483931867,0.0407201479738715,0.20185099127272849,1.9992529460083002,0.21832952356978547,151.7467481775286,12.19792199551606,0.041620869665597006,0.41708693798676294,1.999301979507809,-0.6463866410921758,-0.06627169046306583,0.012123855147718783,1.999749122565944,-0.21640465248806023,1043.544897773669,-279.3960608330177,0.011297751080966657,1.999739953493173,0.4059908969155436,14.0,1.3879726066972542
O=Cc1cccc(Br)n1,-2934.3442941378516,1.868703260389714,2017.1329944101365,1008.5111556916779,0.09576884988311989,3.1005147709362784,0.1852631699234275,0.09419386990663266,-0.27945703983006015,-0.09106930001679485,186.0077,1155.7332368099387,-0.018412835567012023,-0.10504480274976037,0.02745961205750076,0.06321506638343356,1.9988199915664675,152.59968191374887,41.91079489648737,0.5967579064150293,0.8592342747407056,0.12904803855277602,0.03837995783233704,0.21110065781554224,1.9993000168670656,0.2219673298700559,131.33428228150683,5.015785945410751,0.03914037107543406,0.41283208934642857,1.9993400168670652,-0.6753254197693468,-0.05884732827777237,0.011850809619128853,1.9997499915664676,-0.1963817540032198,1052.935093050706,-308.665172177494,0.01144056504668368,1.9997499915664676,0.34029483605531147,98.0,1.3879726066972542
O=Cc1cccc(C#Cc2ccccc2)c1,-651.5613810891095,1.4008897349932292,6064.470792963002,2044.3972441561837,0.21507747627184248,3.3487199400409273,0.1554896102263476,0.0803705980398367,-0.2358602082661843,-0.0751190121865109,206.2434,1786.4057393137496,-0.30770884489656103,-0.06606773392870122,0.017386394674060675,-0.1793723147849708,1.99879,174.28047734219112,59.24120270810317,0.6180124745164026,0.9773499142435556,0.09170144145337328,0.03800535108646442,0.19217616480760757,1.9992600000000003,0.19872755854662674,128.37068919981894,8.218878705907493,0.03885907021729289,0.4233682542394749,1.9993000000000003,-0.7235230846937839,-0.05505089586690786,0.012287210651878652,1.9997500000000001,-0.20846630124445503,1023.4581937649164,-290.1513333225895,0.011543605325939326,1.99974,0.3404071879982935,99.0,1.3879726066972542
O=Cc1cccc(C(F)(F)F)c1,-681.4723916206009,3.511159901447857,2170.89807594583,1220.7759990864233,0.1254959000613175,3.3151011211780754,0.18268727559784587,0.0988034245861067,-0.28149070018395256,-0.08388385101173915,174.1221,1139.2577503429886,-0.30249591489838196,-0.07735759129379975,0.017570350091976286,-0.1793647486203557,1.9987999999999997,174.92352618036233,59.10574233597562,0.616981593643428,0.9234397661562794,0.09839367921513568,0.03759380012263505,0.19913770202347827,1.99926,0.1996061298589697,128.4751964377627,8.663464947835694,0.03881035009197628,0.42243590067449277,1.9992999999999999,-0.682502525263264,-0.048695707725563954,0.01223,1.99975,-0.2029509253223611,1033.4052640218076,-296.24881991388895,0.011576549969341238,1.99974,0.34021908842982185,99.0,1.3879726066972542
O=Cc1cccc(C(F)(F)F)c1Cl,-1140.9866974087922,2.477868469090395,2578.7967184625318,1068.923961066365,0.11720716611697765,2.111467736826373,0.18704046549491232,0.0963441892873476,-0.28338465478225994,-0.09069627620756474,208.5672,1172.723989538607,-0.37601227457944175,-0.1234659811463193,0.01979959629274081,-0.19623095962927406,1.9987003198764246,168.68054021877694,61.70281127457807,0.6496136576146179,0.8572841730473169,0.11375006711472661,0.03815559011397549,0.20597800350688542,1.9992612795056988,0.20808278694940102,144.01018874871392,10.453552107042748,0.0389660622051559,0.4193732451049868,1.9993109596292742,-0.668947222084794,-0.052570018135479527,0.012086717404918568,1.9997496801235752,-0.20379995993814348,1075.8067690426278,-302.47918380583945,0.011521835427713668,1.9997496801235752,0.34817339084726595,99.0,1.3760900883317666
O=Cc1cccc(C(F)(F)F)c1F,-780.5686109786691,2.5992032441020556,2356.0187655549635,1172.325903387883,0.11858751686239923,2.5171132309050837,0.18674043822835026,0.09771345412393581,-0.2844538923522861,-0.08902698410441445,192.1126,1378.2444394710312,-0.3873675144211114,-0.15299348772913243,0.01818976832391329,-0.24175444388037723,1.9987602316760869,151.27013478955226,69.86996147516278,0.6353750751088565,0.9121502372762733,0.11332500234427317,0.03900783905867679,0.19675718195868808,1.9992904633521735,0.20899515743954009,149.4253096561765,13.27372832075109,0.039592898004313044,0.41516401024355865,1.9993304633521736,-0.6773645141367336,-0.047388553827190004,0.01214903536738175,1.9997497683239134,-0.20495853802861913,1086.974568755703,-300.64877769074786,0.011485096873907655,1.9997497683239134,0.3437174430183013,98.0,1.3879726066972542
O=Cc1cccc(C(F)(F)F)n1,-697.4935901476974,2.599634146821424,2139.1172932238433,1133.0481254644176,0.113371897539666,3.3355220250921627,0.18779387242144996,0.09428423798344564,-0.28207811040489555,-0.09350963443800432,175.1099,971.1830635352226,-0.04855470273909165,-0.10298147100619308,0.02727977860329839,0.06683670479327836,1.9988399948512396,162.92561329100556,42.43286063412424,0.5991170390832,0.8421416271910638,0.1312650050767261,0.03828001544628151,0.21079061785126033,1.9993100051487607,0.22436291409305154,131.60565867585467,4.558984427537705,0.038960247140504126,0.41272522195025363,1.9993500051487605,-0.6555876102441476,-0.058556410217460664,0.011850514876050256,1.9997499948512396,-0.19531095348372815,1058.8727229523054,-310.7082379201142,0.011460344966953672,1.9997499948512396,0.3407721023667203,66.0,1.3879726066972542
O=Cc1cccc(Cl)c1,-804.4433506970809,2.3912118618892166,1545.6605626798755,1202.0691098949874,0.108393379208482,2.6913122196917927,0.1765531151496748,0.0975376701282927,-0.27409078527796754,-0.07901544502138211,140.56889999999999,1021.3452507659607,-0.269677746509274,-0.08206042549963308,0.01733961855310104,-0.1716474794048432,1.9987999999999997,170.2529662073433,57.902921086920216,0.6176980812266242,0.9325405695827322,0.0915079700017713,0.03779480927655052,0.19410356017105695,1.9992599999999998,0.19797771874946227,128.61579122437308,8.729977390267972,0.038834809276550517,0.4231546821275842,1.9993,-0.6913511081940332,-0.05218413019458994,0.012285063574483158,1.9997499999999997,-0.2049135116414889,1028.2631305707127,-294.3676667374681,0.011560127148966318,1.99974,0.34117669483086027,98.5,1.3879726066972542
O=Cc1cccc(Cl)c1C(F)(F)F,-1140.9795791191036,2.065283205823333,2433.356646103033,1331.1114578429294,0.11729175929581089,3.333603929447051,0.18836268267872652,0.09638414827033748,-0.284746830949064,-0.09197853440838903,208.56720000000004,1141.2531300223138,-0.2405163142383164,-0.12418536155117896,0.018952031047656803,-0.15845993448233364,1.998799803447001,168.86114394310013,58.53075499948036,0.6816520904555334,0.8605642753884222,0.1318792879705949,0.03725884488495704,0.2160376413640115,1.9992801310353328,0.2184164504233075,146.70533046881016,9.888871443550206,0.038776093142970404,0.41820770688167785,1.9993300655176665,-0.6685607653242859,-0.045232098415869865,0.011797600049296416,1.9997499344823337,-0.20267772709252796,1070.0213462944828,-304.6054595275835,0.011484913824976134,1.9997498689646673,0.35480960429573605,74.0,1.3126748825968737
O=Cc1cccc(Cl)c1Cl,-1263.958741,1.4343,1928.6324,940.064,0.100103,2.225,0.180615,0.09423499999999999,-0.27485,-0.08638,175.014,1365.331,-0.338226,-0.127632,0.01937,-0.19086,1.9987,165.2942,61.4862,0.6491504090623034,0.872068,0.109716,0.03812,0.20365,1.99926,0.206109,142.2724,10.0128,0.03893,0.41991,1.99931,-0.683974,-0.0546,0.0121,1.99975,-0.205853,1065.7736,-300.6285,0.01149,1.99975,0.3472309628697294,99.0,1.131141686509662
O=Cc1cccc(Cl)c1F,-903.5388447797269,1.5800831699107478,1705.3518068207343,1047.4096186479749,0.10150697763589538,2.543496087593168,0.17993062084510303,0.09630194629106535,-0.2762325671361684,-0.0836286745540377,158.55940000000004,968.898824393248,-0.34848576720281055,-0.16996427087756366,0.017950609619196263,-0.2360896140218501,1.9987603048095985,148.925103055545,69.85883017882556,0.6361341184651494,0.9243452454788977,0.10613679069391202,0.03914286071985972,0.19223461963480348,1.9992906096191965,0.20643644849679849,148.16541425037536,12.840639401170245,0.03964389258213066,0.41530794750136496,1.9993306096191965,-0.6900355349406869,-0.0506548069320286,0.012191277955130794,1.9997496951904021,-0.20655196866398243,1080.1619857624444,-299.5713674119484,0.01145701062075698,1.9997496951904021,0.34333308843082844,99.0,1.3879726066972542
O=Cc1cccc(Cl)c1[N+](=O)[O-],-1008.619559,3.3251,2130.6253,1158.289,0.114029,4.1768,0.197325,0.094245,-0.29157,-0.10308,185.5665,1385.811,-0.248047,-0.080666,0.01877,-0.18349,1.99874,164.4979,66.0972,0.6605569540591567,0.865196,0.139554,0.03671,0.23044,1.99929,0.214277,144.6559,11.8897,0.03864,0.42094,1.99933,-0.661431,-0.040659,0.01185,1.99975,-0.197479,1085.453,-310.5296,0.01161,1.99975,0.348568281938326,99.0,1.3879726066972542
O=Cc1cccc(Cl)n1,-820.4688840919434,1.7738191610199534,1510.119414812104,883.1708478814775,0.09616784333731289,3.159827334371014,0.18444312685917594,0.09432381651557024,-0.27876694337474617,-0.09011931034360568,141.5567,803.1375847916166,-0.02071963936192303,-0.10542333798134061,0.027309625371835185,0.06420505320536911,1.9988299914857235,154.21406543345492,42.21328565291261,0.5969149599942616,0.8571353001371044,0.12812174413713315,0.038399957428617626,0.21006079182771198,1.999300017028553,0.22198499188486082,131.37643953410856,4.885702477644662,0.039140366113888346,0.4128320732086035,1.9993400170285527,-0.6696657402649581,-0.05928042991072179,0.01185082588481789,1.9997499914857233,-0.1967965708343998,1052.6490457194407,-308.299263233691,0.0114405704565237,1.9997499914857233,0.33982324733961033,97.0,1.3259161046767751
O=Cc1cccc(F)c1Br,-3017.414524,1.1291,1942.9025,1277.627,0.100964,2.2564,0.17989,0.09406999999999999,-0.27396,-0.08582,203.0104,1253.967,-0.311372,-0.091177,0.01966,-0.19083,1.99869,169.1078,60.1631,0.6482064191315292,0.855639,0.107661,0.03829,0.20454,1.99925,0.203233,139.9753,9.6247,0.03886,0.42047,1.9993,-0.673537,-0.05836,0.01223,1.99975,-0.20454,1063.7595,-300.5441,0.01153,1.99975,0.34408432976714914,99.0,1.3879726066972542
O=Cc1cccc(F)c1C(F)(F)F,-780.5620996124435,2.1093779212734383,2093.3841226919353,1323.0337207798086,0.1184816325806617,3.5036543118226833,0.18807698194712458,0.0962130767106664,-0.28429005865779094,-0.09186390523645818,192.1126,1206.4873641553534,-0.19906395626253393,-0.09628869536310533,0.01850430866481803,-0.15948235832427946,1.9988196083031982,167.48655372524476,59.34973681088478,0.6774826168212944,0.8513883797469752,0.1270413426301205,0.037172338449251635,0.21506417961767782,1.9992805875452024,0.2124844181676311,146.86039732505984,10.147070958151588,0.03870723465927212,0.4172551507162123,1.9993205875452025,-0.6521933077256338,-0.044439072417364944,0.011848409749677045,1.999749804151599,-0.2019277393783543,1076.093627027148,-308.0532665648082,0.01151527617526393,1.9997496083031983,0.35162534409650326,42.0,1.324397028287747
O=Cc1cccc(F)c1Cl,-903.5373929694039,1.3857254438293927,1599.7135634703966,1185.536552314162,0.10129798818974727,2.3635647994440934,0.18063535252341914,0.09535922368113682,-0.275994576204556,-0.08527612884228233,158.5594,1097.2854221617417,-0.30641974570534486,-0.10227752981933942,0.01906534387098383,-0.19218980375717537,1.9987203143453518,166.05833944671267,61.57371247923835,0.6459048630107017,0.8674161743180286,0.10627846794970215,0.03807263286534328,0.20178821472554473,1.9992609430360557,0.20268889777501298,143.69480048807569,10.76561769216989,0.03890306531322262,0.41879595168849126,1.9993109430360558,-0.6687374274159361,-0.05480843735357258,0.01210534387098383,1.9997496856546477,-0.20527360539074402,1072.340021571743,-301.14648598161773,0.011500059051263679,1.9997496856546477,0.34649346073767,99.0,1.3635649667269656
O=Cc1cccc(F)c1F,-543.113282,1.2877,1370.7096,1083.633,0.102553,2.5003,0.17990499999999998,0.098495,-0.2784,-0.08141,142.1048,1083.633,-0.333611,-0.155643,0.01775,-0.23649,1.9988,149.6193,68.8607,0.6345185651353052,0.913728,0.101004,0.03926,0.18577,1.99929,0.205205,150.1691,13.1195,0.03962,0.41418,1.99933,-0.674845,-0.052946,0.01225,1.99975,-0.207466,1082.9522,-299.0077,0.01146,1.99975,0.34172435494021397,99.0,1.3879726066972542
O=Cc1cccc(F)c1I,-741.201227,0.5141,1996.0384,1449.599,0.100631,2.103,0.17551999999999998,0.09006,-0.26558,-0.08546,250.0109,869.76,-0.319077,-0.08445,0.0207,-0.19061,1.99868,175.6702,57.8557,0.6515103838892385,0.850721,0.103116,0.03863,0.21034,1.99925,0.200991,132.8562,8.3576,0.0388,0.42195,1.9993,-0.684514,-0.072646,0.01238,1.99975,-0.203649,1043.9529,-298.1111,0.01154,1.99975,0.34565764631843926,99.0,1.1883837141090154
O=Cc1cccc(F)n1,-460.0526582508699,1.573437191122167,1163.585336769685,943.7754104577635,0.09751181636023794,3.195949574448056,0.18328258461077285,0.0944732045411798,-0.27775578915195265,-0.08880938006959303,125.1021,758.3283948816193,-0.00670823253121139,-0.11187644943338132,0.026999649095996052,0.06274328603672448,1.9988499883031998,152.14171570956668,43.2595796804834,0.5962843965512611,0.8552407599628523,0.1259994089295371,0.03838987133519855,0.2078624563280276,1.9993000116968003,0.22107222422001754,131.61215882843914,4.84879545176682,0.039170456175205134,0.411739157066278,1.9993400233936,-0.657193866756401,-0.05875591476030406,0.011851146286412895,1.9997499883032,-0.1970741692685682,1053.0920764594546,-308.88712289575125,0.011430807079209078,1.9997499883032,0.3390314980614691,96.5,1.3879726066972542
O=Cc1cccc(I)c1,-642.104573502649,2.2758591441171365,2094.0330770528044,1328.3344890906412,0.10776701695410212,2.6801346666321844,0.17000775696061043,0.09075273046982585,-0.2607604874304363,-0.07925502649078459,232.0204,1147.5262796675163,-0.2809413342594656,-0.08736171987351202,0.01766502649078458,-0.17228494172027392,1.99879,167.74006900202792,58.085385636571175,0.6184717365935021,0.9387981072397129,0.0925737287343659,0.03783001059631383,0.19540507947235375,1.99926,0.19845126741091135,128.12288858518363,8.67525995511142,0.03883002119262767,0.4234000105963138,1.9993000000000003,-0.6982660085438295,-0.053107090068667574,0.012269989403686166,1.9997500000000001,-0.20472158915504907,1027.3814373115413,-294.1192139612706,0.011559989403686168,1.99974,0.3413309424456118,93.0,1.3879726066972542
O=Cc1cccc(I)c1F,-741.202622,1.3019,2254.9769,1551.455,0.100886,2.5642,0.173975,0.090405,-0.26438,-0.08357,250.0109,1125.566,-0.355229,-0.165127,0.01821,-0.2357,1.99875,147.227,70.1469,0.6357772183763373,0.936195,0.108204,0.03911,0.19388,1.99928,0.207708,148.0762,12.6097,0.03957,0.41589,1.99933,-0.710733,-0.051703,0.01216,1.99975,-0.207502,1077.8992,-298.7129,0.01145,1.99975,0.3436123348017621,99.0,1.3879726066972542
O=Cc1cccc(N2CCOC2=O)c1,-665.7192717749035,4.51919096463649,3097.487015910502,1441.299013902586,0.19064077955143705,3.048777914756708,0.15938085883683367,0.0890860127976026,-0.24846687163443626,-0.07029484603923108,191.18600000000004,1604.8820595252591,-0.2508792197511296,-0.06448676702312593,0.017627983409800915,-0.1631894566554425,1.9988100000000002,172.80949882574745,58.6573660628706,0.6182262065980803,0.9473982207269753,0.08087015271230556,0.03792397663019945,0.18352300482867653,1.9992518660878438,0.19524474143725024,129.50214523933647,7.662124519447145,0.038617732404771316,0.4238280677897358,1.999292995664887,-0.7017467566824188,-0.062234790346289696,0.012285542402595991,1.9997500000000001,-0.21443809648635778,1012.0289314919512,-281.5465653116049,0.011513593391734661,1.9997470043351133,0.3403623829494726,73.0,0.5090053525521866
O=Cc1cccc(N2CCOCC2)c1,-630.9717790811715,11.216714914818507,3291.649159897026,1385.329210635941,0.23798412421384946,3.5455529656181373,0.13692290788716363,0.07526203263146176,-0.21218494051862538,-0.061660875255701866,191.2292,2000.079171194741,-0.1909420531923392,-0.06774566591869491,0.020491864214084637,-0.15715923080242017,1.9988618292034812,172.1432490392583,57.73588242117604,0.618063311844458,0.9598277713336558,0.06816893041926769,0.04383498592533682,0.2372569488257567,1.99934,0.18905962386999378,125.92775187891314,7.364081093952709,0.0388780490178331,0.4241813689392459,1.9992986164903903,-0.7227280164117456,-0.29718399720441574,0.012808031512531376,1.9997500000000001,-0.21286783866734457,1010.1238343445863,-285.91855152236116,0.011506787286908947,1.99974,0.33845604381217265,84.0,1.1883837141090154
O=Cc1cccc(OC(=O)c2ccc(F)cc2)c1,-862.9050065788132,1.7565729423021825,6662.933892509522,1962.5251959942539,0.21293225813656425,3.133803461855255,0.1718885354184411,0.09853112316548523,-0.27041965858392636,-0.07335741225295585,244.2217,1930.752683802262,-0.28206380600869907,-0.08276472973545204,0.017246451818754904,-0.17172126675256358,1.9988100000000002,171.8478536061008,58.01848758761979,0.6187296005995186,0.954135424379833,0.08658391608124372,0.03793645181875491,0.18854068283214734,1.99926,0.19650820070173292,128.95371509279042,8.327435545847802,0.03882290363750981,0.4229242054877844,1.9993000000000003,-0.7025583366189557,-0.05651705520134063,0.012303870453112743,1.9997500000000001,-0.2094197358011039,1020.078768665435,-289.2330766422981,0.011537096362490194,1.9997400000000005,0.34012059114920756,96.5,1.1496842456357723
O=Cc1cccc(OC(F)(F)F)c1,-756.5772159051318,2.5270425745060594,2702.918091492927,1163.973360671629,0.13088239075471386,2.634581351935587,0.17872735762689587,0.09895209673487851,-0.2776794543617744,-0.07977526089201736,190.12150000000003,1328.7471303791665,-0.24287904329185556,-0.08284827217135796,0.01738940903900129,-0.16746888879406763,1.9988150981727937,172.04243535333404,57.52892418364337,0.6178349770452699,0.9296986732301595,0.09178509315392246,0.037764660816932534,0.19354140598347364,1.9992600000000003,0.19839429443721474,128.32256960219925,8.667000074505085,0.03880344257515257,0.42332908628475263,1.9993000000000003,-0.6879820973964733,-0.05092580506502991,0.012300610208847177,1.9997500000000001,-0.2039683228690362,1028.155598558775,-294.6677210693791,0.011571439095624837,1.9997400000000003,0.3408761816711605,97.5,1.3879726066972542
O=Cc1cccc(OC2CCCC2)c1,-614.9633731293586,2.011946531481497,3675.0015093003876,1522.718976616736,0.24910382059088598,4.32803012349671,0.15234860142461826,0.08929845783766574,-0.24164705926228403,-0.06305014358695252,190.24139999999997,1716.510435915674,-0.22713558406440776,-0.061096720080355986,0.017440084660405773,-0.16256973855995394,1.9988099999999998,171.8151764556152,57.68475410239527,0.6177255233255938,0.9590627215551482,0.07506382301444504,0.0382463305113198,0.18027952523025306,1.9992499999999997,0.192566765579664,127.10297656699308,7.650337558440295,0.03887669488680192,0.4235193816433005,1.9992999999999999,-0.7235315851646852,-0.06100731425003972,0.012374677954720768,1.9997499999999997,-0.21174161414138418,1014.8366643460377,-288.4155585359835,0.011503669488680191,1.9997399999999999,0.3392200484313958,87.0,1.3879726066972542
O=Cc1cccc(OCC2CCCCC2)c1,-693.42031864092,2.302711445293994,5733.79542106387,2092.9074487224625,0.30929222965048464,4.14752852829313,0.15397692076548808,0.08955129577168776,-0.24352821653717585,-0.06442562499380032,218.295,1751.2613915076777,-0.2322714656487919,-0.05889149822017896,0.01745702119327896,-0.16227178087475216,1.998816926841349,171.73019898775703,57.71250028890342,0.6183126049828641,0.9584504380505208,0.07624788437059844,0.03820691943369842,0.1822234612163329,1.9992530731586513,0.1921262653728012,126.64912551090967,7.949914096737915,0.03892847865229736,0.4230226950677787,1.9992999996386207,-0.7175955906832162,-0.05990441045624889,0.01238692432299025,1.9997500000000001,-0.21115339419982976,1013.1557040623965,-287.2430967822692,0.011516147040061589,1.9997400000000003,0.33814768064027406,96.0,1.3879726066972542
O=Cc1cccc(OCc2c(Cl)cccc2Cl)c1,-1608.895693750144,0.9544641779328211,6713.579481972352,2301.5913804412507,0.2216309866856477,3.6195978483892013,0.15638642355894006,0.09069124566822216,-0.2470776692271622,-0.0656951778907179,281.13779999999997,1924.785971082839,-0.2268379424737031,-0.05814231774531531,0.017423540375934455,-0.16170440294928762,1.9988169026260099,171.89896090705048,57.50394401268664,0.6192500365439383,0.9535657953596285,0.08033454663080929,0.03799915139569233,0.18344707509557584,1.9992530973739897,0.19487403515661345,129.2099593801509,7.864760815991839,0.0387271675020958,0.42331034096454234,1.99929309737399,-0.7018544812533415,-0.061603514974665166,0.01231410555612103,1.9997499999999997,-0.21360888720124682,1011.9093352010958,-283.0351558021364,0.011527946236156342,1.9997399999999999,0.34049197180142393,98.0,1.3879726066972542
O=Cc1cccc(OCc2ccccc2)c1,-689.8550201377723,1.5425731385234556,5084.634022851133,1813.0086225053467,0.2380837866921,3.4789264042963177,0.15746181236984597,0.09068778784476846,-0.24814960021461444,-0.06677402452507751,212.2476,1810.101925458077,-0.23577227884870267,-0.06115212134141912,0.017383141528374408,-0.16342246090125553,1.998814913098595,171.8425132507274,57.55484187096485,0.6177909952755313,0.9595417196527707,0.08027705218530962,0.03805533219622448,0.18401748954428923,1.999255086901405,0.19452550725807202,128.8577220420524,7.927619552062293,0.038796098222310955,0.4233503635541411,1.9992960159191133,-0.7056783588372673,-0.060105248100616536,0.012337829100807694,1.99975,-0.2123915048964122,1014.2335194620166,-285.29093942046734,0.011529624502748848,1.99974,0.34029898156090915,97.5,1.1276048495769828
O=Cc1cccc(OCc2ccccc2)c1Cl,-1149.3681147846655,1.8027675880529104,5657.202852279091,2189.600165882145,0.22942257024096296,4.0058700216692085,0.16686356512083098,0.09025768255511919,-0.2571212476759502,-0.0766058825657118,246.69270000000003,1804.64517687621,-0.3247567769579173,-0.1061251080143328,0.019458923907982113,-0.19122626309738627,1.9987141722298989,167.16882354026473,61.422390504140886,0.6445639007912022,0.9075236443226024,0.09537349725526437,0.03862241105510899,0.199011877015979,1.9992725166896965,0.1961628129326541,132.3379490166617,9.978653192191056,0.03942037765984976,0.4177690055984621,1.9993211586298276,-0.6816802683066441,-0.055128975262281964,0.012221675385276574,1.9997458277701012,-0.20032295165263456,1054.9410882257364,-304.3826212489191,0.011612365019681346,1.9997458277701012,0.3555711151581514,69.0,1.254684715944833
O=Cc1cccc(Oc2cc(Cl)cc(Cl)c2)c1,-1569.675730540422,3.0859378772394126,6404.573565908565,1940.5247716863253,0.19111758784771554,3.1776156953163612,0.16806627747268554,0.08903942221063753,-0.2571056996833231,-0.07902685526204803,267.111,2065.465601314989,-0.2487807384680411,-0.07842160284016358,0.01745857822512952,-0.17038260025247748,1.99881,172.25436679441742,57.19079066609261,0.6202862391357176,0.9419448405076853,0.09146751284475785,0.0378654877680743,0.19450274908781093,1.99926,0.19722890493452597,128.8362419952125,8.716168409195848,0.03884630890091608,0.42272476546522453,1.9993,-0.6883240682087801,-0.05375003030187817,0.012297745465533284,1.9997500000000001,-0.2051321683851012,1027.24925041249,-293.67179578335913,0.011573460050405205,1.99974,0.34121173524710396,99.0,1.3879726066972542
O=Cc1cccc(Oc2ccc(F)cc2)c1,-749.7328584176771,1.868234671298591,4342.657560292618,1683.3657832228218,0.20026520125232372,2.7806684529605024,0.16143705583565726,0.09083154493269278,-0.25226860076835,-0.07060551090296446,216.2113,1687.190702760209,-0.21282636324669757,-0.0659250227885782,0.01747507784965132,-0.16353890077809546,1.998818981381541,171.0487054103828,57.70421169680906,0.6177831830598659,0.9242936446288532,0.08433532433942889,0.03796623118362118,0.1880951836867754,1.9992510186184589,0.19494347258199324,128.24924169492823,8.354643291313327,0.03881156192958311,0.4227993022816412,1.9992999999999999,-0.6838195649161352,-0.05750712651769189,0.012320390482395778,1.9997499999999997,-0.20967616773982237,1017.808243327178,-288.0257956230985,0.01154164675452205,1.9997399999999999,0.3397108264364085,98.0,1.3879726066972542
O=Cc1cccc(Oc2cccc(C(F)(F)F)c2)c1,-987.1843264461672,2.834708896635222,6936.103031041515,1867.463860062017,0.2165926992248821,2.948555569975681,0.16630024369098642,0.08896235057534822,-0.2552625942663347,-0.0773378931156382,266.2191,2060.093356118593,-0.25637399983746917,-0.07710270129398647,0.017408297758969106,-0.1704196136905583,1.99881,172.54357512045272,57.126726170259396,0.6189792661893915,0.9605283314550526,0.08900381781158032,0.03792324290995167,0.19307075201910823,1.99926,0.1963029776089633,128.48159646886097,8.413094352043192,0.038858236009882065,0.4227399369392116,1.9993,-0.7126861517472933,-0.05520466170695655,0.012302283237892966,1.99975,-0.20612895119694974,1026.6805457090857,-294.11993476639026,0.011552945020810099,1.99974,0.3396273866743361,99.0,1.3879726066972542
O=Cc1cccc(Oc2ccccc2)c1,-650.6332617740577,1.3369844561038822,4080.2404437701275,1705.3263516375378,0.20784629232816806,3.7481668688804124,0.15692262483363445,0.08699950066546223,-0.24392212549909667,-0.06992312416817222,198.2208,1585.253323783098,-0.25953652421214063,-0.07252460341406083,0.01730073082042017,-0.1686558159639705,1.9988100000000002,172.35186464730504,57.25699253671914,0.6172471041904096,0.9796294486049038,0.08391437556445572,0.03803554811531513,0.18810017028710066,1.99926,0.19501740443483195,128.79829225686885,8.088625964326647,0.03884963458978991,0.42300657738378156,1.9993,-0.7202197631606974,-0.05752191734005055,0.012329634589789914,1.9997500000000001,-0.20904553357020594,1022.0432044609755,-291.2180265103618,0.011534451884684872,1.99974,0.3393730037022519,98.0,1.3879726066972542
O=Cc1cccc(SC(F)(F)F)c1,-1079.5718267489697,2.9815826657691433,2925.677038850373,1425.9651767544997,0.12808727644835594,3.0302927090610554,0.18096414205005668,0.09744230841158191,-0.2784064504616386,-0.08352183363847476,206.1821,1395.113682016843,-0.3189758144234285,-0.08319007625349178,0.017737691588418092,-0.18095168784819216,1.99878,171.31418695132322,58.395574131771724,0.6174480805538074,0.9303675220005836,0.09791038989353712,0.03775230841158191,0.20093425978864482,1.99926,0.19965973719561586,128.6027398269781,8.759435461122504,0.03884892336463276,0.42308738130672324,1.9993000000000003,-0.6908707532378654,-0.05205671139590978,0.012232308411581912,1.9997500000000001,-0.20333697624171249,1032.6056361709802,-295.9624682487688,0.011568923364632765,1.99974,0.34008084200257427,92.0,1.3879726066972542
O=Cc1cccc([N+](=O)[O-])c1,-549.1135805466643,4.971461852249119,1848.2104300865826,1090.421285448209,0.122245731205545,3.3332896705682353,0.19671314627031855,0.09194728936711016,-0.2886604356374287,-0.10476585690320837,151.1214,1202.7657756628623,-0.31597963152289765,-0.09897603857017764,0.01744995159584125,-0.1870832914827948,1.9987999999999997,170.6070807743955,58.24837187999819,0.6184200693785987,0.9137131157140836,0.11581647647288956,0.03713946755425378,0.22084882619027343,1.9992599999999996,0.20267091166152257,129.03729653584435,9.162264408161002,0.038803268794455004,0.4229009680831749,1.99931,-0.676337026460261,-0.04002094705817329,0.012066392376433765,1.9997499999999997,-0.19848611768016977,1040.305155515894,-301.01365144624265,0.011599903191682505,1.9997399999999999,0.3419346381808134,98.0,1.1883837141090154
O=Cc1cccc([N+](=O)[O-])c1Br,-3122.497628963365,3.6704789186565914,2549.3567911902114,1170.7574959235003,0.11349921148334804,2.3270464718256587,0.19450338943757794,0.09213078532969039,-0.28663417476726827,-0.10237260410788757,230.01750000000004,1316.5683312306994,-0.3864976994193128,-0.15278691312367162,0.020418385420865177,-0.19622881577886692,1.9986804413379402,170.71331574696876,60.05045663744254,0.6512471616804728,0.8420919190444918,0.12295853573761742,0.038378094855551166,0.2197681607351823,1.9992608826758804,0.21118044666668684,139.48865815768036,9.452195243879583,0.0390862596074462,0.4210673300124813,1.9993106620069105,-0.6692813690023891,-0.055267901824058656,0.012209930103656128,1.99974977933103,-0.19902330331177484,1068.555903930404,-304.59511546878605,0.011592357462327625,1.9997495586620597,0.3490410858728715,99.0,1.1512985958567945
O=Cc1cccc2c(F)cccc12,-597.384791736668,2.5886254899803633,2216.0225488154456,1300.4628905840302,0.15949160446924385,2.1246496957239893,0.16430310229498096,0.07919849735762016,-0.24350159965260113,-0.08510460493736079,174.1741,1246.4762795369902,-0.3485837531876179,-0.07160211662755497,0.018039486184510553,-0.17988367431660318,1.9987702569077448,171.83544868994156,64.58976185925683,0.6439062240617187,0.9321445693363146,0.10710545206763115,0.03598154144646835,0.23457719341685232,1.9992697430922555,0.18545280150159804,119.4659817464592,4.95779314517168,0.0382879447380422,0.4183780417482635,1.9993197430922554,-0.6859582274841143,-0.06136811901775718,0.01156385361617087,1.99975,-0.21444282986560081,988.2756402639208,-292.4562898752568,0.011606146383829133,1.999740256907745,0.3708052382843712,98.0,1.3879726066972542
O=Cc1cccc2c1CCC2,-461.423816,1.8379,1727.3679,1271.725,0.183459,3.7497,0.16194,0.09622,-0.25816,-0.06572,146.1884,1271.725,-0.289843,-0.091755,0.01841,-0.17288,1.99873,163.7342,63.9373,0.6413624921334172,0.917041,0.071131,0.03823,0.18549,1.99926,0.180087,139.6549,9.7326,0.0382,0.42141,1.99931,-0.713942,-0.064805,0.01232,1.99975,-0.216647,1041.3965,-288.2184,0.01149,1.99975,0.3416456891126495,81.0,1.3879726066972542
O=Cc1cccc2c1CCCC2,-500.6541242533326,0.32925987852579164,2017.1568421894754,1413.9759936097385,0.21385849626060446,2.866425564176949,0.16023056739693686,0.09748183768858656,-0.2577124050855234,-0.0627487297083503,160.21519999999998,1297.9285267421565,-0.3321301625319787,-0.05158159926859486,0.01848,-0.16252299788829327,1.998759983062778,171.95610165192377,61.62492079751985,0.6518217162480342,0.9304972637373261,0.055389120143993525,0.03771062667721385,0.1814382893405784,1.999269983062778,0.16899915769179963,123.91059051011788,4.893838777252328,0.03846947494611812,0.41798663939102243,1.999319966125556,-0.6955802665515733,-0.07619183993236006,0.012120355681661915,1.99975,-0.22079400677488878,1014.7540470120913,-301.8509833186065,0.01168966125556008,1.999740016937222,0.3839776860936759,85.0,1.3879726066972542
O=Cc1cccc2c1CCO2,-497.2926671279673,1.7344913627572185,1585.8444376616153,1109.5516613320654,0.1591949087915321,1.4927633203996569,0.15119696653431808,0.08397432589651513,-0.23517129243083326,-0.06722264063780298,148.161,1192.9276169275522,-0.2214210053105071,-0.06321403650075759,0.01810888977422439,-0.16139283877889962,1.9987402220451551,161.65091385376004,62.519142194102315,0.6381564073057453,0.9253679443805133,0.06531433524626037,0.03776554316085856,0.17839217264343424,1.99926,0.178375267941851,132.13469871035545,6.0810731537489,0.0381739968127922,0.42246556706491706,1.9993002220451552,-0.6849673625539225,-0.06889334406179252,0.012205329083722936,1.9997500000000001,-0.22135133630565118,1026.5888177570846,-297.9576510160609,0.011618223638759024,1.9997500000000001,0.37815256280427817,96.0,1.3879726066972542
O=Cc1cccc2c1OCC2,-497.29121596998937,2.437140539010905,1652.8188592045135,1065.989101902207,0.15950416834077927,5.067582620500885,0.15042585206940823,0.08928275969298397,-0.2397086117623922,-0.06114309237642426,148.161,1285.0976313831434,-0.40489956573454433,-0.12109919208274997,0.01816,-0.2246495851328976,1.9987699999999997,144.1456482242875,75.18999013549421,0.6319859949316317,0.9511125072928529,0.09632285717812092,0.03844027764752155,0.1864789133492972,1.9992704388064857,0.1961222412448608,146.70085223235694,12.239548552533195,0.038779238875585646,0.4145935997927005,1.9993108776129715,-0.7316623616576541,-0.06598795029497723,0.01211140896863131,1.99975,-0.22273537281281702,1046.5128591081123,-280.7830684320223,0.011357020903773114,1.999749561193514,0.341113932269983,91.0,1.3879726066972542
O=Cc1cccc2c1OCCC2,-536.522770216975,3.031598650872032,2014.5112115820116,1420.9777181028617,0.19001489301849847,5.302751837583541,0.14953387818600922,0.09127481723638228,-0.2408086954223915,-0.05825906094962695,162.1878,1132.7978611711792,-0.4088227495637865,-0.12489552058084699,0.01885158395135372,-0.21288181871394699,1.99879,151.34533213308993,70.74448808910994,0.638427894428134,0.9286520348477906,0.09960443936012943,0.03852169687153516,0.18836767607194496,1.9992603655272356,0.20309833656128282,153.58460644396644,11.06148315119509,0.038732540846187546,0.41469786036996953,1.9993103655272355,-0.7315773984373038,-0.07164845963122003,0.012004142642002035,1.9997498781575882,-0.22623579518659565,1056.0741538437137,-280.7747745897802,0.011282436848236491,1.9997498781575882,0.3434491118712105,79.0,1.3879726066972542
O=Cc1cccc2c1OCCO2,-572.3847003879976,3.1413318283744553,1936.3256884464295,1280.251947677994,0.16524060721841347,4.655149834492422,0.14898283758051528,0.08827316738097803,-0.2372560049614933,-0.06070967019953725,164.16039999999998,1470.0783914759063,-0.3440809518250184,-0.11395399565941726,0.018502443492029282,-0.20476627972129433,1.9988099999999998,150.49148398942225,69.95253893043957,0.6394498602135193,0.9249997646867685,0.09294460319864978,0.03872565666630749,0.182003689602003,1.9992706108730072,0.20036070592643473,152.04022490118237,11.735853904367877,0.03879161876911864,0.4151090471445504,1.9993109163095109,-0.717531266522143,-0.06856130294539323,0.012147941349095175,1.999749694563496,-0.22103581311749093,1061.140849605027,-285.4200808014258,0.01134519242056223,1.999749694563496,0.3428119805504907,93.5,1.3879726066972542
O=Cc1cccc2cccc(Br)c12,-3071.667868,1.0749,2935.0669,1599.489,0.157991,4.5232,0.163355,0.08052500000000001,-0.24388,-0.08283,235.0797,1506.1855,-0.250574,-0.139604,0.01937,-0.18655,1.99876,159.1321,58.6127,0.6682662051604783,0.848175,0.14106,0.0388,0.25389,1.99924,0.190694,153.5449,8.3433,0.04013,0.40744,1.9993,-0.676654,-0.05469,0.01217,1.99974,-0.222514,1009.92585,-274.1718,0.01175,1.99974,0.3592668344870988,25.0,0.9634398649569116
O=Cc1cccc2cccc(Cl)c12,-957.79255,0.9945,2469.3870500000003,1350.7735,0.15852,4.4912,0.163575,0.080735,-0.24431,-0.08284,190.6287,1339.6100000000001,-0.26235,-0.135936,0.0193,-0.18708,1.99877,159.261,59.3574,0.6648835745752045,0.8555385,0.136672,0.03759,0.25553,1.99925,0.19036,154.0756,7.6874,0.03934,0.41292,1.99931,-0.686465,-0.0510815,0.01184,1.99975,-0.222177,1020.8383,-282.0013,0.01162,1.99974,0.3565135305223411,45.0,1.0668259850449504
O=Cc1cccc2cccc(F)c12,-597.378262,0.5673,2173.3699,1450.351,0.159826,4.3871,0.163755,0.080145,-0.2439,-0.08361,174.1741,1450.351,-0.304202,-0.117887,0.01925,-0.18975,1.9988,156.9234,63.0159,0.6543423536815607,0.875036,0.127277,0.03632,0.24374,1.99927,0.190861,150.3397,7.6472,0.03834,0.4119,1.99932,-0.713649,-0.053885,0.01135,1.99975,-0.219387,1057.1633,-296.3262,0.01128,1.99975,0.3503775959723096,93.0,0.9634398649569116
O=Cc1cccc2cccnc12,-514.307695,1.57,1888.2459,1425.37,0.15496,5.1765,0.16906000000000002,0.08273,-0.25179,-0.08633,157.1714,1170.839,-0.29562,-0.116144,0.01943,-0.21765,1.9988,165.9945,63.5005,0.6387665198237885,0.874907,0.173448,0.03562,0.30765,1.99926,0.206366,159.1602,6.3114,0.03806,0.41776,1.99932,-0.710006,-0.083033,0.01104,1.99975,-0.220268,1091.4625,-301.2816,0.01126,1.99975,0.3436123348017621,87.5,1.3760900883317666
O=Cc1cccc2ccncc12,-514.3029392307152,2.014129607355509,1838.5880916843457,1152.2897610932257,0.15495105092664152,4.977275550700046,0.1753377228040566,0.08226648090250943,-0.25760420370656606,-0.09307124190154717,157.1714,1421.1249909422813,-0.28744752972507576,-0.06738387873410856,0.018164203706566042,-0.18782213085913219,1.9987709872683395,172.02689218270655,63.5581388119441,0.6443798546534546,0.9222805380583706,0.13022161514960373,0.037120413214301914,0.2841812550969064,1.9992970381949813,0.18847157744199983,122.15070902618628,5.702539721333403,0.038384331023169814,0.41877280322392446,1.9993190127316602,-0.6799694113954182,-0.11571072350559014,0.01196742014479246,1.9997409872683394,-0.20605393660321117,1009.5219320143677,-304.46356392936514,0.01164420370656604,1.9997409872683394,0.3675257270669824,96.5,1.311871906682946
O=Cc1cccc2ccoc12,-496.1042407374763,1.4702794504979635,1557.471171798695,1247.5963962753071,0.1358595923337906,4.000077275457134,0.1614096217775125,0.08917623480322115,-0.2505858565807336,-0.07223338697429137,146.1452,1200.4282895817614,-0.30677504062444255,-0.09756117922676931,0.018,-0.2209541964721742,1.99876,147.5711340298004,73.98841332433027,0.6301454559971559,0.9423502922384507,0.10649334997277699,0.0377618192672831,0.19745922985076045,1.9992727622795108,0.198022216675741,142.74396387052695,12.107783530583724,0.0387360687923652,0.4162572651290183,1.9993213811397554,-0.7043773730270391,-0.05488714318911801,0.012096241655353442,1.9997499999999997,-0.21209457123530923,1061.9439671756704,-294.326921570475,0.011457954816820775,1.9997486188602445,0.34249178758603216,99.0,1.2881781604031348
O=Cc1cccc2ccsc12,-819.125424,1.2191,1815.7752,1255.805,0.132851,3.8016,0.15973500000000002,0.084415,-0.24415,-0.07532,162.2058,1234.52,-0.30733,-0.089641,0.01933,-0.18657,1.99872,159.9868,65.73,0.6431718061674009,0.91543,0.08496,0.03778,0.19546,1.99925,0.182346,130.7378,11.2822,0.03877,0.42128,1.9993,-0.715235,-0.057332,0.01233,1.99975,-0.20977,1025.925,-286.7288,0.01157,1.99975,0.341567023285085,92.0,1.3879726066972542
O=Cc1cccc2cnccc12,-514.302226,2.0204,1916.4941,1400.514,0.154826,1.67,0.17535499999999998,0.083175,-0.25853,-0.09218,157.1714,1301.654,-0.348888,-0.100895,0.01815,-0.19389,1.99878,167.2409,66.6672,0.645689112649465,0.905636,0.128383,0.03598,0.25623,1.99926,0.193125,146.2588,12.2762,0.03821,0.41967,1.99931,-0.71051,-0.062706,0.01165,1.99975,-0.212406,1062.0789,-287.7804,0.01149,1.99975,0.34502831969792325,95.0,1.3879726066972542
O=Cc1cccc2sccc12,-819.1284598230634,1.7943518602672923,1805.6846773791874,1326.8707137830384,0.13285933822479112,2.6399988637163556,0.1595003152392762,0.0832487530030651,-0.24274906824234133,-0.07625156223621114,162.2058,1368.5415120423866,-0.3232926242448794,-0.07127719511757784,0.017879405233426165,-0.17167784299721503,1.9987505947665738,165.1288311732677,64.99123967275843,0.6409785205565424,0.9414769488344842,0.09216995850925296,0.03652654243231218,0.20985208168300845,1.9992600000000003,0.18468161671326394,123.20735527581347,6.684571203218313,0.03813118953314767,0.41998014674373385,1.999309702616713,-0.6840058173501303,-0.06258710259069267,0.011844758132590675,1.9997500000000001,-0.21819957009281024,993.8817670806168,-289.8314571131454,0.011586728783843911,1.9997402973832872,0.3718203651496525,98.0,1.3879726066972542
O=Cc1ccccc1-c1ccc(Cl)cc1,-1035.061774,0.5479,4365.142,1798.5215,0.194609,3.2234,0.16374,0.08992,-0.25366,-0.07382,216.6665,1617.462,-0.285274,-0.0814135,0.0184,-0.16529,1.99877,172.6442,62.0432,0.6681875393329137,0.876685,0.0832965,0.03831,0.19555,1.99925,0.1797765,146.00394999999997,8.12775,0.03846,0.41274,1.9993,-0.712429,-0.075102,0.01226,1.99975,-0.216194,1049.9379,-289.65805,0.01151,1.99975,0.3493942731277533,42.0,1.3126748825968737
O=Cc1ccccc1-c1ccc(Oc2ccccc2)cc1,-881.251513975636,3.4267381745734395,8633.208394759906,2325.0120654742377,0.2940618570966613,3.2535504999272438,0.1507977402539108,0.08318178652105346,-0.23397952677496425,-0.06761595373285731,274.3184,2037.357797962543,-0.296796014458999,-0.0782026359500357,0.01869703902850186,-0.16436974917981578,1.998785912293173,172.3758364167337,62.01543803750013,0.6690708374184051,0.8751297866626897,0.07667477482691537,0.039068438643878454,0.19950392583515875,1.9992623087356285,0.17846161963163934,144.93411012580253,7.6434307484185595,0.038478401867721945,0.41280547909257576,1.9993013852413772,-0.7136842869175846,-0.10606789105937084,0.01247906766675844,1.9997495382528743,-0.21921455198025827,1041.6765895501699,-285.79504481146404,0.011495857839035792,1.9997495382528743,0.3517290501541847,54.0,1.3879726066972542
O=Cc1ccccc1-c1cccc(C(F)(F)F)c1,-912.091060455409,1.8231215963058278,5264.293947903957,1802.9521390843997,0.21171178403694174,3.8494998845571207,0.1704007628629834,0.09371372064648012,-0.26411448350946354,-0.07668704221650327,250.2197,1700.4190879948928,-0.2802210716028765,-0.07993092981437902,0.018316079815291392,-0.16526823944587418,1.99877,172.75999577834966,62.01826804760077,0.6693612480104316,0.8772168637208198,0.08518322302104439,0.03813,0.19431488258592047,1.99925,0.1803870070579861,145.56803758564678,8.29980798152914,0.03847,0.4129352816623775,1.9993,-0.7076131149738085,-0.06701755870703975,0.01223,1.9997500000000001,-0.2144579671503404,1051.9146418335797,-291.3120002440271,0.01153,1.9997500000000001,0.3491667701014112,67.0,1.3879726066972542
O=Cc1ccccc1-c1cccnc1,-591.5610898575741,1.5705486557838402,2803.476180224921,1628.9173176999373,0.19095505773261767,3.456733835407012,0.16847515176344002,0.09289660826577821,-0.26137176002921825,-0.07557854349766183,183.2092,1698.336988428541,-0.29005551564539267,-0.07671390183751683,0.018255219794040344,-0.1646651917433525,1.99877,173.73803944172545,61.88913308611562,0.6675517313307631,0.8750830481743137,0.08250793238862353,0.03819326927914121,0.19327098550977875,1.9992531868039731,0.17967445269113214,143.60424659219206,8.22550204357379,0.03851673072085878,0.4131674713204764,1.9993023901029798,-0.7004505285840454,-0.0681141098932891,0.012267087833771367,1.9997492032990065,-0.21379032467156742,1048.3941832153937,-291.970670493486,0.011575411956616703,1.9997492032990065,0.35336147977910265,48.5,1.2696356012770242
O=Cc1ccccc1-c1ccncc1,-591.5609765063181,1.23013557842712,2814.609591173382,1496.3429206769927,0.19094642609908458,3.569262509401887,0.1722195783708547,0.09421108360959758,-0.26643066198045223,-0.07800849476125712,183.2092,1573.4408460953675,-0.2734239648039457,-0.07910200613246932,0.018238365345126163,-0.16590638198293026,1.998769455115042,173.11016568041705,62.160346343394416,0.6682094641237867,0.8726850745447963,0.0893942866736725,0.03787945511504205,0.1979752690994591,1.9992521795398317,0.18274572863681288,144.5487801955002,8.379027645410282,0.03844416700890657,0.41365596651410325,1.9993016346548738,-0.6974532215648085,-0.06390529031234672,0.012191795398317806,1.999749455115042,-0.21260430624380858,1052.8494466811178,-293.88164110626565,0.011561603327560817,1.999749455115042,0.35188871752399686,55.0,1.2845864866092154
O=Cc1ccccc1-c1ccsc1,-896.377233,1.5774,2869.2618,1578.2945,0.16884,3.166,0.15955999999999998,0.08943,-0.24899,-0.07013,188.2436,1719.6335,-0.301166,-0.079227,0.01818,-0.16374,1.99878,170.2298,62.097,0.664175582127124,0.883166,0.083835,0.03829,0.1954,1.99925,0.180814,146.3263,7.6491,0.03838,0.41392,1.9993,-0.717924,-0.077067,0.01224,1.99975,-0.218119,1047.9881,-289.3049,0.01148,1.99975,0.3481749528005035,53.0,1.3879726066972542
O=Cc1ccccc1C#Cc1ccccc1,-651.5612063568935,1.03487107557956,5207.087683218067,1766.7393681568979,0.21520007830883878,3.2407630881032525,0.15878630960075704,0.07831180443619487,-0.23709811403695194,-0.08047450516456219,206.24339999999998,1942.3435284519098,-0.27201969690719213,-0.07529196968770822,0.017997747417718906,-0.16763860046832962,1.9988011262911403,177.82901821602758,58.882917171626396,0.6458953057409031,0.8370909169359444,0.12694602473815272,0.0361053248861517,0.23849138933191041,1.999244505164562,0.19932411373525588,139.18267935317064,8.086451582410456,0.03779266244307585,0.41946351549368655,1.9992933788734215,-0.7017424144861842,-0.06529961293804844,0.011711399531670387,1.9997488737088593,-0.20979186850833698,1042.8453985187243,-291.8744120300649,0.011480409860794759,1.9997488737088593,0.3512872983656643,91.0,1.3126748825968737
O=Cc1ccccc1C(F)(F)F,-681.4691605677166,1.0729121375507502,1860.1254575263881,1123.600328853649,0.12579506349805966,3.786298860995865,0.18175133662251827,0.09696304436583969,-0.278714380988358,-0.08478829225667858,174.1221,1040.0663549229082,-0.25162367579014977,-0.0902603234886684,0.01910414612833929,-0.16942721075586456,1.9987896230792421,170.9139949231316,61.68033882650114,0.6749603957026046,0.8618473616271974,0.11958181975113412,0.03729885763781575,0.2067404841817679,1.9992803769207583,0.20917068550888682,146.43603759438943,9.805499652002704,0.03858243838501787,0.41681758481480197,1.9993203769207584,-0.6628594219352756,-0.04893641932911142,0.011935453751082802,1.9997498115396213,-0.20607095891952748,1073.9705198747647,-304.2047227072078,0.011533003766155042,1.9997498115396213,0.35029589632750713,94.0,1.3879726066972542
O=Cc1ccccc1C(F)F,-582.3495037425848,2.7049896952670185,1610.25399118806,1046.654865052304,0.133233950818842,4.538412414946713,0.17898616351464847,0.09755312229375902,-0.2765392858084075,-0.08143304122088943,156.1316,1175.3555672764753,-0.2807804941943701,-0.044855144846505324,0.018685548953006448,-0.17015557907014311,1.9987622135577752,171.2663538569098,61.553478880487326,0.6602714078343468,0.9093235029251201,0.09144900062892346,0.03767182365766121,0.1982882312022499,1.9992777864422246,0.1926647837855394,130.60512914986478,6.71664110431012,0.03857914221974913,0.4203215835318992,1.99932,-0.6824144903816791,-0.06202071391769731,0.012287186533485374,1.99975,-0.2106977384982055,1032.7487078520292,-304.4043327343476,0.011896040764586347,1.9997422135577752,0.3899660885386735,88.0,1.3879726066972542
O=Cc1ccccc1C1CC1,-461.3849438703701,1.1287391153395752,1721.3158609670832,1493.7743548765088,0.1825050693355037,2.9291216533093842,0.1619433609758477,0.09601053690113326,-0.257953897876981,-0.06593282407471444,146.1884,1334.6249245982071,-0.3468215996606136,-0.04731899990623607,0.01816081454249496,-0.16612180092701456,1.9987636048474982,173.70797658619284,60.28081295222898,0.6591181984927168,0.9033872977817603,0.0756958289015382,0.03767826661240761,0.1882795659047346,1.9992627903050033,0.18454732250074085,131.33610360695596,6.563662127852901,0.03821906427004702,0.4186189768523001,1.9993127903050032,-0.6880873317336134,-0.07164499226386203,0.012209185457505038,1.9997499999999997,-0.2156643424025066,1032.4719805096909,-299.2338329919476,0.011628249727552071,1.9997436048474981,0.38058325781700475,80.0,1.3879726066972542
O=Cc1ccccc1COC1CCCCO1,-729.2736316564227,2.137345976261033,4681.960217968561,1788.5526762643444,0.28499324144849497,1.97606847202301,0.16038703781791633,0.09600423061089915,-0.2563912684288155,-0.06438280720701715,220.2676,2272.737366150687,-0.34825565363615574,-0.044470331082507766,0.017722965928835367,-0.1710889886317152,1.9987616032085131,167.11564753764128,63.91335991239982,0.649680340911309,0.9273598190246766,0.05904127609276013,0.037650098137847414,0.1739712751932788,1.99926,0.17413250358934834,129.35384257663492,6.30807521681624,0.03793881129645069,0.41717204313458556,1.9993083967914869,-0.7018683059446145,-0.0798818972060154,0.012224509089443366,1.99975,-0.22381905140786817,1014.263517649435,-295.58740245133436,0.011570508461957962,1.9997416032085131,0.3815167049278296,83.0,1.3879726066972542
O=Cc1ccccc1I,-642.102229192657,0.7286632240223938,1771.2700221662253,1251.7753166021935,0.10784908343864924,3.1570367620842252,0.17066776256300156,0.09123848781153303,-0.2619062503745346,-0.07942927475146852,232.0204,1431.5592355588856,-0.3921418780634368,-0.07331650010629373,0.020908290099412596,-0.20083266766988778,1.9986435020563802,178.1996528924069,58.93240510772356,0.6515829152178105,0.8599079253492998,0.09982188799130964,0.03874105346588346,0.20561453024644666,1.9992443775704751,0.20114529870490774,130.20535574740302,7.654815133183371,0.038736908416177156,0.42128766054746425,1.9992917510281902,-0.6882799718032402,-0.07916386920183408,0.012474281873892063,1.9997491244859051,-0.20563755746565673,1035.1754792939184,-294.3625247868713,0.011611285986652328,1.9997491244859051,0.3492745573008042,99.0,1.3879726066972542
O=Cc1ccccc1OC(F)(F)F,-756.5759023819107,0.46966951684122127,2395.3243265761657,1049.4087465935338,0.13118183090380636,3.3296807319988946,0.17568078010607277,0.09801706948227461,-0.27369784958834736,-0.07766371062379815,190.12149999999997,1286.6840710496183,-0.38141425161976583,-0.1045576994020834,0.018770800522567802,-0.2100002629538839,1.998769371188598,155.51914034670074,70.01777387584379,0.6401575618266504,0.9044057203297928,0.1109399202434341,0.03805623745529918,0.191961253126581,1.9992809077116551,0.2110074883791007,149.2885365226169,11.755657126332778,0.03861786534142847,0.41606389013221673,1.999321000678406,-0.6875656501718205,-0.05567191904052398,0.01211380255778551,1.9997495461441726,-0.21091291353676642,1077.0886552014974,-297.4451706800982,0.011451883189796999,1.9997495461441726,0.3456165669585017,93.5,1.3879726066972542
O=Cc1ccccc1OCCN1CCOCC1,-784.5081307602544,1.851092080370954,6821.682383884758,1812.5449596944588,0.3037487071238995,4.006931041719709,0.14986265863751214,0.08793759105812256,-0.23780024969563468,-0.06192506757938959,235.2822,2056.7258701706796,-0.4416266802537679,-0.1165871215651129,0.018379279871368382,-0.21768438637136744,1.9987999596630066,151.9737296736009,70.87440806522827,0.6405492223093399,0.9220534815087638,0.10200558272940623,0.03845556674584211,0.18757732087032328,1.999260161890772,0.20533321015422332,153.05872507204631,11.247455364587019,0.03873434249396499,0.4141981411977369,1.9993099792120332,-0.7280004979649976,-0.07005794729773554,0.012024442464984682,1.999749995094933,-0.2249038305559877,1058.5123019384696,-281.4600474518567,0.011309194512564631,1.999749991433943,0.34182668597776344,74.0,1.3879726066972542
O=Cc1ccccc1OCc1ccccc1,-689.8560554668011,2.601692857659688,4140.281541886368,1846.828211449556,0.23855512310281687,4.7287519967043306,0.15474024709006115,0.09339633104691678,-0.24813657813697793,-0.06134391604314439,212.24760000000003,1610.3031532526106,-0.42724021997573536,-0.11765189229658295,0.01859923035381729,-0.21635382355475657,1.998781324535753,152.97414320100708,70.26119432057703,0.6434135550480558,0.9293789404304791,0.09994010422129676,0.038656433937693926,0.18539195639452696,1.999260173200066,0.2040800887094519,153.21881959029048,10.938602663432517,0.03872836475372424,0.41375758607385293,1.999310086600033,-0.7305865626031502,-0.06954201927112347,0.012072113930303875,1.9997500000000001,-0.2248868531402982,1059.105235758451,-282.536176963872,0.011316260737628125,1.9997499133999672,0.3442539552330979,95.0,1.3879726066972542
O=Cc1ccccc1Oc1ccc(Cl)cc1,-1110.1545599251283,0.6378484337971615,5327.750916761342,1793.8889552643782,0.19980019214532455,3.157741198799289,0.15895793785392115,0.0887823742527222,-0.24774031210664332,-0.07017556360119895,232.66589999999997,1765.1610071281475,-0.4160931888990226,-0.11038203247763673,0.018852731610965172,-0.21481121770559702,1.9987702276342467,156.13043501697442,68.84375406718011,0.6429516747520393,0.9367272813289704,0.10283505858429332,0.03864185288772141,0.19238011134810618,1.9992706829027411,0.204909779938778,151.39391349062,11.07007097258706,0.03872801491926536,0.41469665405181744,1.999320455268494,-0.7365795336131575,-0.07216015479458052,0.012147967198648428,1.9997497723657525,-0.21792142252795443,1068.390852346276,-290.4284578464903,0.011373869782200664,1.9997497723657525,0.3432356225276363,97.0,1.3879726066972542
O=Cc1ccccc1Oc1cccc(Cl)c1,-1110.1550036263143,1.7498536802397044,4869.964768883742,1931.0837495198316,0.19978949168108942,3.7044343171384773,0.1612708471981843,0.09063817699319111,-0.2519090241913754,-0.07063267020499318,232.6659,1799.9256147782662,-0.4031884027691689,-0.10907516045537893,0.018845635398638223,-0.2137891150340444,1.99877,156.88173732855927,68.3363398077022,0.6451851037389087,0.9279361242183204,0.10328172695665908,0.038535211799546075,0.19221605899773037,1.99927,0.2050862670204993,151.974179207724,11.053795610937815,0.03868478820045393,0.4151798713895597,1.99932,-0.7306311477943528,-0.06954209982692694,0.012125211799546076,1.99975,-0.21767034571747615,1070.3534991631086,-290.9733349294236,0.011385211799546074,1.99975,0.343147004391003,98.0,1.3879726066972542
O=Cc1ccccc1Oc1ccccc1,-650.6333928829359,2.3546321578114475,3556.201921109114,1553.9982058827447,0.20815556384340236,4.00248093705359,0.15572698873925944,0.0904826159746255,-0.24620960471388492,-0.06524437276463395,198.2208,1796.7483968011704,-0.42239638587329775,-0.11104663034868481,0.018748244419174262,-0.2155573761325983,1.9987798083062334,155.62780655801302,69.21100545573918,0.6424989218083159,0.9339921910169021,0.10147702382363621,0.038649217812111884,0.19032263401371172,1.9992713115194378,0.20451613009659775,151.5710568627978,10.83192212076583,0.038737857219584906,0.41452001475950856,1.9993206507035641,-0.7340070621355668,-0.0732480191337077,0.012128356436030163,1.999749626724776,-0.22031180334399553,1064.3206096413412,-288.10277703797,0.011363332388972308,1.999749626724776,0.34460844269010904,97.0,1.3879726066972542
O=Cc1ccccc1Oc1cnccn1,-682.6824028664159,1.6012732685276014,3032.4651310480003,1656.725728689005,0.1841662336800052,3.779283772266704,0.16709009662871133,0.09296473482299852,-0.2600548314517098,-0.0741253618057128,200.1964,1575.307849264202,-0.375683437377475,-0.048333319169661326,0.018189084605721467,-0.20514475105133723,1.9987458936342852,166.2649427678345,66.12768195036593,0.6731670798346685,0.9128598574182625,0.09235513601748072,0.038609424651441196,0.19251634801162493,1.9992758936342856,0.19827262842062154,132.79848082400878,10.305598731143583,0.039313722800008666,0.4223079339086039,1.999321787268571,-0.6793166449068081,-0.05854748340342248,0.012367340857136666,1.9997500000000001,-0.21008582024013694,1033.966164525285,-293.5907299706148,0.0119066607656972,1.9997441063657146,0.40514491108275863,99.0,1.3879726066972542
O=Cc1ccccc1S(=O)(=O)c1ccccc1,-1123.841691836596,4.301053476363832,3911.5218192439975,1848.4561218961865,0.21745535113569175,4.183894918241229,0.18037636061284437,0.09297982737262318,-0.2733561879854675,-0.08739653324022116,246.2802,1500.6252486412457,-0.23551397190734613,-0.09363824410868767,0.020722235244645875,-0.18062016061961353,1.9987308423506025,165.95360929356977,63.374839010426214,0.6805505634062964,0.7873031928481105,0.13085045055684677,0.03716033883140963,0.22622591067371764,1.999240844440569,0.2077461647559676,153.66416982965575,8.48727688597112,0.03854959841813568,0.42029719681624433,1.9993004224815305,-0.6415988718670523,-0.05485439913220049,0.011746695386555131,1.9997499994775085,-0.2088928206939628,1086.589637566292,-309.9088243359443,0.011467944021446647,1.9997499994775085,0.35086272997322104,94.0,1.0668259850449504
O=Cc1ccccc1[N+](=O)[O-],-549.106377,3.7227,1591.3502,1142.9985,0.122472,4.4899,0.19495500000000002,0.087865,-0.28282,-0.10709,151.1214,1012.37,-0.218662,-0.115915,0.01922,-0.20945,1.99875,168.8247,64.9603,0.6553650094398993,0.841678,0.184037,0.0357,0.29752,1.99928,0.220272,150.9998,10.2564,0.03833,0.42252,1.99933,-0.648363,-0.04133,0.01108,1.99975,-0.204568,1079.4854,-303.8089,0.01145,1.99975,0.3512429200755192,86.0,1.3879726066972542
O=Cc1ccccn1,-360.9444789848478,0.6949243191609192,894.0783479214842,924.9108923300367,0.10467483533806497,3.6315211854705596,0.17342868411188672,0.09480913446931588,-0.2682378185812026,-0.07861954964257085,107.1116,867.9609401083526,-0.06297421013188856,-0.10621610385588919,0.02727971148977196,0.06044593974630297,1.998839992963165,165.763052340897,42.02406132371669,0.595971866781949,0.8597079742070003,0.11420015513921941,0.039150084442017966,0.1993602040682101,1.9993100070368348,0.2199179023393305,131.35369060224858,3.5204726451033928,0.03924029554706286,0.4119340398008988,1.9993400140736695,-0.6674805411523919,-0.07674634312806683,0.012000654425639209,1.999749992963165,-0.20298755102375404,1043.446568016378,-301.6895617095973,0.011400478504768455,1.999749992963165,0.3385673149390491,95.0,1.2055514423795428
O=Cc1cccn1-c1ccc(Cl)cc1,-1013.0425113142883,0.8066323487545677,3578.3886109051637,1475.6731606921041,0.17583839814915725,3.5731136465352695,0.153650162562811,0.09551131674493774,-0.24916147930774876,-0.05813884581787328,205.64330000000007,1577.1433657455782,-0.24926052301299845,0.03263256557087184,0.02297780792748872,0.0353159568136691,1.998860185903036,111.36958555362366,63.87077171600728,0.6410759197733443,0.9979942601552672,0.06869971366595476,0.03592123170995486,0.12739167230855888,1.9992396281939295,0.184688966477819,124.76480702922962,21.246619873324327,0.03616877620658,0.3757800616947585,1.9992796281939293,-0.7407155943160255,-0.09549447745170705,0.012821115418212676,1.9997600000000004,-0.23043602309459646,955.0077574981611,-236.08754322693537,0.01206144846036951,1.9997500000000004,0.4016511371388572,17.0,1.3879726066972542
O=Cc1cccn1-c1ccc(F)cc1,-652.617597,1.9858,3048.9626,1651.5535,0.177017,3.8981,0.149035,0.095635,-0.24467,-0.0534,189.1887,1487.4234999999999,-0.248251,0.047279,0.02338,0.03988,1.99887,111.3385,62.2582,0.645689112649465,0.982619,0.045801,0.03767,0.11048,1.99922,0.158033,134.1368,21.8452,0.03712,0.37162,1.99926,-0.764316,-0.078183,0.01291,1.99976,-0.229257,1001.9566,-254.4219,0.0116,1.99975,0.3340937696664569,99.0,1.1109847771625294
O=Cc1cccnc1C(F)(F)F,-697.4881787516318,2.412642988742552,1815.326104828776,1032.898772774923,0.11359113872238046,3.4762714962923997,0.1901072990999074,0.09450702698329633,-0.2846143260832037,-0.09560027211661105,175.1099,823.4871404562264,-0.3111333458356721,-0.12493990087671364,0.019670979619799772,-0.21867917090070427,1.9988198911533557,166.43663821050794,65.67857687579718,0.6698749468569609,0.8436697128318812,0.13936360149162155,0.03755299328272152,0.22259054423322214,1.9992901632699667,0.21973909731476562,149.9600264958288,9.7085225780756,0.038463972902521286,0.41645432608320376,1.999330163269967,-0.646822990199797,-0.06083431580733117,0.01189538790889873,1.9997499455766778,-0.20195545026708325,1098.2282792275746,-315.0697727981344,0.011554245019132332,1.9997499455766778,0.3488642259827974,76.0,1.0180107051043732
O=Cc1cccnc1F,-460.05107868412483,1.8753087275882867,1070.4414327284182,947.8332378814538,0.0978807674724828,2.526672522642057,0.18437945100369826,0.09556425426290135,-0.2799437052665996,-0.08881519674079692,125.1021,1006.5237524453548,-0.41963500287065586,-0.23833948777798844,0.018310716382473242,-0.28990164121519024,1.9987801790956183,141.88747145421033,76.41761130639128,0.6292815366599596,0.9000526811620791,0.125087632538416,0.039130745737098654,0.2093581826570574,1.9992903581912367,0.21288398838776326,149.43736566016858,11.89535481707487,0.03961471519532688,0.41271137702356164,1.9993403581912368,-0.6695724754749685,-0.06051909208411868,0.012038596589678917,1.9997498209043816,-0.20911202638160317,1089.4135322141599,-304.06774536188186,0.01147519377293101,1.9997498209043816,0.34208174620673476,96.0,1.1828347465536813
O=Cc1ccn(-c2ccccc2)c1,-553.5194699195778,1.7049532022387486,2929.9298135989084,1466.4301895263084,0.1844058607796622,4.94143333569042,0.14555968576283945,0.09857999892168645,-0.2441396846845259,-0.046979686841153,171.1982,1535.2357613709207,-0.5244277282578287,-0.09466817631079898,0.018136156795086206,-0.22632337454495682,1.998823509799693,123.22719165102248,64.9681064189725,0.5938759424141983,1.0696042801176606,0.06745408641241965,0.03789105879815733,0.13999547405152468,1.99922,0.18987446719863468,137.20783001130155,15.2873505438122,0.03791105879815733,0.4094489816945905,1.99926,-0.7633956804773406,-0.0767375591216514,0.012594568597850214,1.99976,-0.23421677260658452,979.9192330990525,-262.66695516795255,0.011448078397543103,1.99975,0.3304694352349243,33.0,1.3879726066972542
O=Cc1ccnc(-c2ccccn2)c1,-607.5942692667486,1.3905850719047117,3256.0350574060762,1339.5369249109258,0.1787806333707473,3.1688035159600143,0.17383379803577936,0.08666790340231487,-0.26050170143809426,-0.08716589463346451,184.19700000000003,1350.973062265577,-0.10565109549631643,-0.041948993426870515,0.017836981339880893,-0.16601601536302954,1.998807442371098,182.14437036478483,53.3924894626448,0.614061823228312,0.909147453370752,0.11099697258506365,0.037827672886706375,0.22282823276044528,1.99927,0.20246224589267114,132.35117059698672,6.076151802172778,0.03854836443353186,0.42594237102771104,1.99931,-0.6843249696037191,-0.06345317570678546,0.012178133917923358,1.9997500000000001,-0.1969243480252661,1064.1187405752285,-313.9616930466424,0.011567903402314865,1.99974,0.33994984039473547,97.0,1.3879726066972542
O=Cc1ccnc(Br)c1,-2934.3406051144243,4.3215739516359974,2016.1984402758512,1021.696265464592,0.09577906679090993,1.8063333794863792,0.18998493303540176,0.09108130699502202,-0.28106624003042374,-0.09890362604037972,186.0077,1029.7131983221336,-0.1055232933016484,-0.06095915512408886,0.018023778606066222,-0.16065532463630466,1.9988000000000001,179.11614254939616,52.98638890025792,0.6148229836121542,0.8805474712167449,0.11286676946150959,0.037294370232322294,0.21496702323222966,1.9992700000000003,0.2067286451979347,132.39501949554713,7.76688620430515,0.0385943702323223,0.4259336260403797,1.99931,-0.6534380503045205,-0.04178351109504982,0.012173110696966891,1.9997500000000001,-0.18916140785267893,1072.6958958826033,-320.1153805124372,0.01164311069696689,1.99974,0.3402197959773804,99.0,1.3879726066972542
O=Cc1ccnc(C(F)(F)F)c1,-697.4900383740833,5.045638941407661,2153.239775639423,1142.803226261289,0.11337789928226069,2.8646024264935197,0.19909784170695857,0.09518093527333107,-0.29427877698028965,-0.10391690643362753,175.1099,1163.9607580820045,-0.13814888482336957,-0.06385528777240553,0.01808489207884137,-0.16776151076608964,1.9988100000000002,185.51431368259279,53.7228791152892,0.614357475424361,0.866416524925679,0.12041076257345101,0.037055611509855174,0.2223112228895791,1.99927,0.20742036691892624,132.0253906602798,7.499558308657159,0.03855561150985517,0.42462906472666895,1.99931,-0.6428789919897671,-0.04084791355896811,0.012114388490144828,1.9997499999999997,-0.18811517965605,1077.0555829082916,-321.6120210135407,0.011648776980289658,1.99974,0.34079168393665515,99.0,1.254684715944833
O=Cc1ccnc(Cl)c1,-820.465085,4.782,1477.2716,1171.769,0.096169,3.0491,0.19222,0.09391,-0.28613,-0.09831,141.5567,808.117,-0.105354,-0.060053,0.01784,-0.16114,1.9988,180.6229,52.6347,0.6151667715544368,0.874885,0.112856,0.03728,0.21404,1.99927,0.206915,132.7304,8.0003,0.03859,0.42584,1.99931,-0.640275,-0.040174,0.01219,1.99975,-0.188984,1072.6554,-319.163,0.01165,1.99974,0.3406230333543109,99.0,1.3879726066972542
O=Cc1ccnc(Cl)c1Br,-3393.8567453579726,3.160518132346315,2214.6138260689486,1178.505005961162,0.0874838824526456,0.4677640740052782,0.1937298977614285,0.08873424920051018,-0.28246414696193867,-0.10499564856091832,220.4528,1324.6601637496742,-0.18975973466873639,-0.08013257098198212,0.020702100270596553,-0.17799512533824566,1.9986708250184497,176.9609792975937,54.453597296437586,0.6478976523718177,0.809845678683519,0.13048050151797114,0.03811475055349295,0.2270595839358362,1.9992611000245994,0.2156525616311297,138.82184163520202,7.9015210900064385,0.038789700664191545,0.4237502482165227,1.9993108250184497,-0.6456696968151928,-0.05284296798746147,0.012194300319795928,1.9997497249938498,-0.1896506102094383,1092.3576281878945,-324.04086949133693,0.011615675350545534,1.9997497249938498,0.3475940243381826,60.0,0.5090053525521866
O=Cc1ccnc(Cl)c1Cl,-1279.980501828595,3.4247977308121027,1888.5211291551348,1361.297337004188,0.08784407621056825,0.48241997812114823,0.1946064213003054,0.08977788262500785,-0.2843843039253132,-0.10482853867529755,176.0018,1352.5280801673466,-0.1819547222763635,-0.0909699071911411,0.02011799496906698,-0.17915748270616777,1.9987004996855666,173.99203551886396,56.47067570747495,0.6462280304591427,0.822776640065222,0.12978921158727982,0.03777973757988411,0.22344285347407583,1.99927074952835,0.21500538664761493,143.93242720210506,9.211891476223181,0.03877222971905127,0.42219680864181297,1.9993204996855667,-0.6437279812673512,-0.045869386594934565,0.012036745755150267,1.9997497501572163,-0.19090655329727113,1103.1397810482326,-324.83837695524704,0.011568994340200355,1.9997497501572163,0.34647142455661284,77.0,0.5090053525521866
O=Cc1ccnc(Cl)c1F,-919.5599585124252,3.6626508223200283,1667.960246811621,939.0776030699283,0.08925839762109321,0.5911857589391313,0.1948366176194185,0.09206071696901837,-0.2868973345884368,-0.10277590065040015,159.54719999999998,1073.6968633936865,-0.19516536607871018,-0.13442166876622588,0.018750692965941618,-0.22621062407999534,1.9987799999999998,156.66707826708858,65.82462231216093,0.6317294502456416,0.8747471652654764,0.1263037820983389,0.03866286787607345,0.211453145473098,1.9993006929659416,0.21516901295589347,150.50642121588203,12.044914716779926,0.039434696303234484,0.4176101648982532,1.9993406929659414,-0.6509528249453387,-0.03991761513816125,0.012102819869919967,1.999749653517029,-0.19133932230930992,1118.1888055644108,-325.18780412992834,0.011546929659416198,1.999749653517029,0.3432290707967265,84.5,0.6422932433046077
O=Cc1ccnc(F)c1,-460.049092,3.8573,1183.4008,850.043,0.097522,0.9211,0.193565,0.097725,-0.29129,-0.09584,125.1021,835.635,-0.088493,-0.051861,0.01751,-0.15923,1.99883,182.7236,50.0014,0.6161107614852108,0.866723,0.107966,0.03726,0.20799,1.99927,0.206194,131.6531,7.7814,0.03861,0.42491,1.99931,-0.642016,-0.040622,0.0122,1.99975,-0.190568,1068.1077,-319.7263,0.01162,1.99974,0.33967904342353683,99.0,1.3879726066972542
O=Cc1ccnc(F)c1Cl,-919.5648618945329,3.459828068191593,1562.8943189224879,1139.7807017404575,0.08933576243256916,0.6868400476801357,0.19564471054514007,0.09144717551918337,-0.28709188606432345,-0.10419753502595673,159.54720000000003,1022.5407607211143,-0.16285836660317488,-0.06901737258450077,0.01978825096239107,-0.1807620169368133,1.9987303587374954,175.46886328163154,55.11322523470917,0.6439521178829036,0.8137224215708903,0.12674451192857109,0.03764654657464953,0.22037604773332747,1.9992710762124863,0.21198482663162146,145.56219076532284,10.186045758262598,0.03872520092440325,0.42100695303912455,1.999320717474991,-0.6288639119120671,-0.04356018475369422,0.012027892224895805,1.9997496412625049,-0.19055012208367658,1108.6575575743739,-325.5472161754698,0.011571120862353181,1.9997496412625049,0.34569572567929374,18.0,0.3211466216523038
O=Cc1ccnc(F)c1F,-559.1402394866416,3.5779374019541996,1333.640362951774,947.7423714345595,0.09056724077496128,0.7485508035771112,0.1957688191017706,0.09503688145064552,-0.29080570055241617,-0.1007319376511251,143.0926,938.1727363867618,-0.19401247949067438,-0.12281697922030273,0.0185614675526374,-0.22704573942832879,1.99881,158.555906056489,63.50523994043377,0.6317284807553963,0.8607289336702603,0.12112846529183337,0.03872494839483582,0.20395169446794512,1.999300733776319,0.2140198668930509,151.09912814733227,12.57485393132651,0.039448062348874886,0.4163802064206567,1.9993407337763185,-0.6340305685119448,-0.03929953980965032,0.01217320797373661,1.9997496331118403,-0.19138705996022232,1118.1264677290121,-324.9324354425056,0.011557704651346356,1.9997496331118403,0.3414283431961104,98.0,0.8301519742044904
O=Cc1ccnc(N2CCOCC2)c1,-647.0072684725213,9.997103428511988,3517.465739867587,1622.032984541147,0.2261175655454586,1.8145881740624434,0.15013287511094617,0.07353802676953798,-0.22367090188048414,-0.07659484834140819,192.21699999999998,1601.8419253756365,-0.020542945394408717,-0.036769585218815404,0.021053722165227103,-0.13590516605864633,1.998870277392931,181.9188282463486,51.95992012005527,0.6157963118956523,0.9193264765375315,0.06989968384158683,0.04373838674373552,0.23307867540353558,1.99935,0.19590936954946428,128.7272411028624,6.224901558220174,0.038645898724241304,0.42726792919996714,1.9992999999999999,-0.6916217453608036,-0.2907792528865555,0.012750728358633794,1.9997499999999997,-0.1982048475754599,1049.4042847002638,-309.785710559958,0.011569722607068733,1.9997399999999999,0.33885014561799603,93.0,1.3879726066972542
O=Cc1ccnc2c([N+](=O)[O-])cccc12,-718.4868983756788,4.860241488070437,2982.0883164477045,1511.9083939708137,0.1602935542329326,3.8474951827956594,0.19623428105604807,0.07941303129848214,-0.27564731235453016,-0.11682124975756594,202.169,1636.5428418955255,-0.15656440993512483,-0.05346246455572602,0.018730660395655404,-0.15975570936771238,1.998790165098914,181.749336295114,60.12085293347098,0.6413136978840352,0.8837651423100369,0.14727442370537952,0.03729554232932605,0.3036806565167104,1.9992998349010864,0.19915919217900563,124.98404899379888,3.0996717949689936,0.03802016509891385,0.42403596659232273,1.9993298349010864,-0.6432530145218192,-0.12143070885869499,0.01188983490108615,1.999740165098914,-0.19522904375970584,1045.4723942746289,-326.46973194460185,0.0116983490108615,1.999740165098914,0.3697045165964461,79.0,1.3879726066972542
O=Cc1ccnc2ccc(Br)cc12,-3087.699144,1.461,3726.2312,1396.181,0.145981,1.3174,0.18373,0.0791,-0.26283,-0.10463,236.0675,1606.926,-0.143207,-0.082987,0.01871,-0.16516,1.99879,174.0463,62.2839,0.644430459408433,0.849091,0.139769,0.0366,0.26929,1.99927,0.201028,150.1567,10.204,0.03798,0.42286,1.99932,-0.682602,-0.075839,0.01183,1.99975,-0.198207,1104.0324,-315.0949,0.01156,1.99975,0.34408432976714914,99.0,1.1512985958567945
O=Cc1ccncc1Br,-2934.335575,1.9329,1690.7281,1118.49,0.095992,0.8398,0.19049,0.09178999999999998,-0.28228,-0.0987,186.0077,1141.316,-0.230699,-0.061566,0.0205,-0.1883,1.99867,179.2065,57.459,0.644745122718691,0.811658,0.125514,0.03823,0.22271,1.99927,0.213029,142.077,7.8887,0.03851,0.42254,1.99931,-0.643478,-0.065654,0.01225,1.99975,-0.194313,1097.9931,-320.0094,0.01159,1.99975,0.34455632473253617,99.0,1.1512985958567945
O=Cc1ccncc1C(F)(F)F,-697.486813112259,2.143714337064329,1827.5766942345904,1192.6392301681676,0.11361887586341099,1.2741952396938956,0.19688435397299114,0.09249610569981316,-0.2893804596728043,-0.10438824827317798,175.10989999999998,1118.5625067988285,-0.10138255170871252,-0.06689776623192911,0.01956364458582284,-0.1561073940275567,1.9987996163593866,179.82986538302222,57.4773615066172,0.6702317406216263,0.8064024461622702,0.13899422615675175,0.0372293991950168,0.22828782835629724,1.9992903836406126,0.21731213784981762,148.95819754127146,8.641840207738875,0.03840055011685558,0.41920930875096546,1.9993303836406127,-0.621687893552232,-0.048344472890096454,0.011955345624517217,1.9997498081796932,-0.1911448233834318,1114.3130244673273,-329.0290817061903,0.0116132356011461,1.9997498081796932,0.34906857597035107,93.0,1.0668259850449504
O=Cc1ccncc1Cl,-820.4591810758654,2.045401202234742,1327.7667173837035,1001.145647459757,0.09630605489320375,0.9092439132544441,0.19044863230143536,0.09239490080301649,-0.2828435331044518,-0.09805373149841887,141.5567,1159.7934656757402,-0.22515149751785601,-0.07288126235019915,0.019960877878114604,-0.18907757195695438,1.9987004183799275,176.14587906773073,59.226513003894965,0.6423976658526641,0.8232347392892969,0.12437695117779161,0.038061378494561364,0.2204457534904721,1.9992712551397824,0.21228631682371468,146.07944950352368,9.088284426377378,0.038592297490935595,0.4208069140648002,1.9993208367598547,-0.6384437888835808,-0.06218217321639365,0.01213878597847718,1.9997495816200723,-0.19480825535944074,1106.518248604605,-321.1520226432717,0.011562551397824541,1.9997495816200723,0.345465348462123,99.0,1.1698411549829049
O=Cc1ccncc1F,-460.0373741569528,2.2154885353424283,1078.7133749037348,1111.6678534233818,0.09762917833858646,0.9808791627460176,0.189040814220006,0.09401126665521845,-0.28305208087522443,-0.09502954756478754,125.10209999999998,1007.6678733959068,-0.24857242238456492,-0.1249375627409671,0.018693582274661877,-0.23445627518183124,1.99878,159.66141148433402,67.48983721717582,0.6298784514213328,0.8696303179782716,0.12106866020432915,0.03909134490329144,0.2099747846344464,1.999291343352998,0.21250526447646081,152.21811165963965,11.474251950447995,0.039389107531921,0.4161029779941831,1.9993308955686653,-0.6449888712207145,-0.05854238764964932,0.01221567245164572,1.999749552215667,-0.19661837044139438,1116.4877615443806,-320.61160666446983,0.011528507902321964,1.999749552215667,0.341658633521378,98.0,1.3879726066972542
O=Cc1ccsc1,-665.7589869219755,1.1821185542026913,885.7816785088096,894.7337087091644,0.08268649249157814,3.098815408880868,0.16457711801683858,0.10294214251915934,-0.26751926053599795,-0.06163497549767925,112.14600000000002,945.384528789583,-0.3884358106843582,-0.09422871982840648,0.018169500490046418,-0.2116345265696236,1.9987665834150077,128.9560100318659,51.548905933525546,0.6068740886569962,0.9766942752036515,0.07877553519899443,0.038149500490046416,0.16031966203666848,1.9992300000000003,0.1981273576216968,132.5729717012115,15.957721611636927,0.03848366633996906,0.4154139862787004,1.9992734165849924,-0.7151705015713563,-0.06666117027720987,0.012524165849922643,1.9997500000000001,-0.21731178745481178,995.4748115595276,-279.4190008606601,0.011530000000000002,1.9997500000000001,0.33442548623433216,95.5,1.3879726066972542
O=Cc1ccsc1Br,-3239.151687681405,0.8408766918742161,1611.921233623057,957.8915925800733,0.07428591091270437,3.0021756809527353,0.16708650441054748,0.09480823892002682,-0.2618947433305743,-0.07227826549052069,191.04210000000003,1061.45778799238,-0.4256873330525929,-0.1162301289580609,0.021479708946902046,-0.23093697936979668,1.9985828987218714,136.18555242472524,54.80078510736639,0.6348081358167945,0.9200379361650295,0.0901622031824495,0.038147828910873746,0.17733546714607085,1.9992228987218712,0.19379544467302856,136.00573410160158,16.127940598317416,0.038528702070167606,0.41395491837989423,1.9992728987218713,-0.702934760925653,-0.06394605286078447,0.01231318977496909,1.9997500000000001,-0.21184388604210408,1029.813129352213,-286.8799541430558,0.011555221242100563,1.9997485506390646,0.3416608037123007,99.0,1.3879726066972542
O=Cc1ccsc1Cl,-1125.2743917917587,0.8411161975450152,1282.504214384004,958.0069677829653,0.07471055441647392,3.013471450809444,0.16775183140263342,0.09585113828631796,-0.26360296968895136,-0.07190069311631547,146.59109999999998,1137.3537887165087,-0.4297000557614849,-0.12423870283200089,0.020865148492105412,-0.232273466041048,1.9986209901005263,133.12462314096072,56.792970597171696,0.6349936751018547,0.9304129925357206,0.09009597100610058,0.0381536634178944,0.17429237786472607,1.9992319802010523,0.19470200027568238,138.95998931385384,16.774043632731125,0.03857910904736752,0.4124599006989492,1.9992819802010524,-0.7048396638522727,-0.06296317619948702,0.012232871306841975,1.9997499999999997,-0.2136444139093812,1034.0115612781624,-286.8939846769808,0.01148574261368395,1.9997490098994735,0.3405186687671562,98.0,1.3879726066972542
O=Cc1cn(-c2ccccc2)nc1-c1ccc(Br)cc1,-3373.557627,1.8628,10907.0913,2498.896,0.250296,3.616,0.154515,0.09013499999999999,-0.24465,-0.06438,327.1797,2707.137,-0.566075,-0.168136,0.01824,-0.23969,1.99879,109.3719,70.1176,0.6334172435494021,1.005407,0.076794,0.0384,0.15087,1.99924,0.181423,146.3382,14.9587,0.03749,0.40596,1.99928,-0.751058,-0.07278,0.01262,1.99976,-0.227373,1021.3741,-278.9679,0.01151,1.99975,0.33456576463184395,86.0,1.2227191706500702
O=Cc1cn(Cc2ccccc2)nc1-c1cccs1,-1160.220551043063,2.6104627891041856,6626.99673497083,2393.7553155461537,0.25520967985298776,4.682413283593449,0.13865988338300964,0.08681427455977223,-0.22547415794278186,-0.0518456088232374,268.3326,2202.6402223006503,-0.48339899324914815,-0.1464822366289435,0.018353648502234657,-0.2307278213588897,1.9988136298024735,105.25036826705552,71.42641200273735,0.6254456612878738,0.9562874300462008,0.069599025255248,0.03823296626330645,0.13771203232507792,1.9992390880932958,0.18976422296009973,142.32239460554484,17.046997792218136,0.03717789277738873,0.408244439408604,1.9992722731920591,-0.7251871708565918,-0.0875384374266026,0.012685476115165538,1.999753185098763,-0.219488733911773,972.1504705906722,-261.457765699373,0.011823476107011,1.9997431850987633,0.3816247557383363,60.0,1.3879726066972542
O=Cc1cn2ccc(Cl)cc2n1,-951.8085179765218,2.3653866968061243,2824.471192232639,1557.011285001945,0.1279343067377727,4.241822398548493,0.1606229131763806,0.08351464633194881,-0.2441375595083294,-0.07710826684443178,180.59329999999997,1125.7331404074262,-0.15424339614974203,-0.07869922794613674,0.027829078108740312,0.014954616155043432,1.9988700368756502,113.21514820759742,48.15551404461323,0.5712683389198877,1.0328024609456297,0.10824758229708357,0.037110036875650385,0.17439575260146042,1.9992700368756504,0.20357987393338242,139.48396417857026,9.150060524860214,0.037541733155568205,0.4052949312564815,1.9993100368756502,-0.7486429955839652,-0.056610340192434265,0.012023392559835642,1.9997599631243494,-0.21540681186907723,1040.158805970454,-298.33283953959443,0.011362360041624796,1.9997499631243494,0.33003829965734643,81.0,0.5090053525521866
O=Cc1cn2cccc(Br)c2n1,-3065.683354535343,2.8533923517126505,2978.296549435028,1312.9983041091891,0.12767047614048174,5.400190175127426,0.16081502700306793,0.08430694422089255,-0.2451219712239605,-0.0765080827821754,225.04429999999996,1749.8094271269874,-0.12742064587996205,-0.07441810869451024,0.02777924391409734,0.0165560035459431,1.99887,113.82543278278553,48.824921666593255,0.5737800493807577,1.0055419126219978,0.1083468280260014,0.03701013501533976,0.17476318636201832,1.9992700270030679,0.20258848032781376,139.34857789753767,9.125854537603185,0.03749126914419375,0.4055542930793097,1.9993100270030677,-0.739988138822824,-0.056657874560403346,0.012002511285319538,1.9997599729969318,-0.21551221306693746,1040.4609938778383,-298.1687283204895,0.011351728196348929,1.999749972996932,0.33005334793025826,90.0,1.339157326756677
O=Cc1cnc(C2CC2)nc1,-493.441848,2.1157,2054.8906,1261.239,0.158468,2.0383,0.177375,0.094225,-0.2716,-0.08315,148.164,1041.893,-0.569358,-0.18249,0.01581,-0.27675,1.99884,170.8334,69.8174,0.6057268722466961,1.020366,0.104632,0.03844,0.19779,1.99927,0.203601,136.5423,10.3789,0.03892,0.41238,1.99932,-0.727744,-0.076544,0.01243,1.99975,-0.209039,1054.4131,-295.1916,0.01163,1.99975,0.3381843926998112,98.0,1.3879726066972542
O=Cc1cnc(Cl)c(C(F)(F)F)c1,-1157.0122276481793,4.489808485204355,2674.891598835073,1186.1727433150954,0.10498940225978227,2.2394405432542466,0.19680765231488645,0.09464130270988491,-0.2914489550247714,-0.10216634960500157,209.555,1368.296487182341,-0.431745882434466,-0.1528214571302619,0.017066225537393467,-0.2353038985302146,1.9988133195480438,166.61553563274924,66.41712500608696,0.610550625239423,0.9631254126770266,0.12466107709709737,0.03771971050891446,0.22437323683630483,1.9992733195480437,0.20722121394267123,135.15510616395375,10.342642913821463,0.03883307141282737,0.41798958644130635,1.9993133195480437,-0.6885739621184672,-0.057618377892859715,0.012136432316740282,1.9997500000000001,-0.1971193862336622,1065.4031541860788,-308.6308559847154,0.011646639096087092,1.9997466804519566,0.33936633208949163,77.0,0.9634398649569116
O=Cc1cnc(Cl)c(Cl)c1,-1279.9846331004305,3.670989030957867,2091.160742899732,1119.79745897453,0.08781067393263411,1.3916528177950958,0.19135341345923515,0.09470858714154444,-0.2860620006007796,-0.09664482631769072,176.0018,1228.2099823900708,-0.3899276652474404,-0.15333190505047703,0.0168366955302766,-0.22704539166133283,1.9988227391260813,159.32293152054243,65.04660826857622,0.6102074027946214,0.9698348513676593,0.11725490267346933,0.03813299989987006,0.2189670448974939,1.99927,0.20565286951297568,136.0375954684502,10.354142940169279,0.038852043395544836,0.4184439564041953,1.9993127391260814,-0.6938530461469615,-0.0654063923361316,0.012216565143382221,1.9997499999999997,-0.19937505793618332,1061.0100223821298,-306.9426113543267,0.011642739126081308,1.9997472608739186,0.3390367193607481,97.5,1.1109847771625294
O=Cc1cnc(Cl)c(F)c1,-919.5627414164994,3.7793973705342956,1805.6561986891677,1024.2706090450088,0.08909433311622027,1.483189730618558,0.19164760422884297,0.0951274105769696,-0.2867750148058126,-0.09652019365187336,159.54720000000003,1316.8065219461037,-0.36835430302824657,-0.15016521959072493,0.016385530024789895,-0.2256579586642683,1.9988523137510332,158.12580190696536,64.02616806766231,0.611341448862034,0.968875592914989,0.11602863419627338,0.03807784377582281,0.2173501445000705,1.9992700000000003,0.20452301409420162,136.79496217235817,10.26693539046294,0.03891396126962534,0.4172710600495798,1.9993123137510331,-0.6953042216050145,-0.06404422171973326,0.012227020016526598,1.9997500000000001,-0.20026932926845636,1060.1276886394735,-307.2112183284893,0.011650000000000002,1.9997476862489671,0.34021088330348676,98.0,1.1109847771625294
O=Cc1cnc2cc(Cl)ccc2c1,-973.8287756093512,3.5469780817912504,3325.8138940123627,1509.1276520964027,0.14626009846608634,2.3241528859031773,0.18057993134339945,0.08486543605685179,-0.26544536740025126,-0.09571449528654766,191.6165,1424.092294449722,-0.5196715432727189,-0.1523949040105178,0.01714163038266175,-0.2470165858433097,1.9988247538347843,165.66943514913663,67.46804578272547,0.612079439489,1.0573777088159202,0.1341178188469535,0.037839015339136674,0.26005376048604517,1.99926,0.20051708039082838,132.66359496327038,8.907609399238995,0.03884655368697837,0.4164044631302163,1.99931,-0.7448336331471139,-0.08583654685524494,0.0119617998521942,1.9997499999999997,-0.20684470173586117,1048.2349366136239,-298.8274021708497,0.011573769173920844,1.9997452461652157,0.33885365556704994,99.0,1.1883837141090154
O=Cc1cnc2ccc(Br)cc2c1,-3087.7042721748217,2.8319008746238885,4281.47741618962,1278.4713223695965,0.14586603496428732,2.0918778960736986,0.1801794057140291,0.08317687026863102,-0.2633562759826601,-0.09700253544539808,236.0675,1430.932642286944,-0.4687410530499564,-0.1508805243573963,0.017168059375140342,-0.2441303848209875,1.9988250874107183,166.6051861308565,66.91067339292933,0.6109243178551477,1.0285884834749108,0.13512248460266962,0.037880174821436595,0.26309806044427536,1.9992600000000003,0.20119458975764826,132.60117155848883,8.620415830151444,0.03883613633933784,0.4175681121423118,1.99931,-0.7311973319745241,-0.0868574069280332,0.011966136339337841,1.9997500000000001,-0.20453372268608822,1053.2588371325646,-302.38696418626705,0.011585437053591479,1.9997449125892817,0.34062578384890796,94.0,1.3126748825968737
O=Cc1cnc2ccc(Br)cc2c1Cl,-3547.222816,1.8262,4927.5622,1962.999,0.137722,2.3788,0.185185,0.08066499999999999,-0.26585,-0.10452,270.5126,1665.575,-0.52616,-0.216816,0.01953,-0.26098,1.99872,160.2419,71.1899,0.643801132787917,0.961983,0.146938,0.03798,0.26451,1.99927,0.20832,143.3457,9.9072,0.03879,0.41411,1.99932,-0.731085,-0.087401,0.01183,1.99975,-0.202624,1096.0819,-313.2755,0.01155,1.99975,0.34565764631843926,82.0,0.6422932433046077
O=Cc1cnc2ccc(F)cc2c1Cl,-1072.925264829511,1.4757665747190905,3153.2266944996304,1248.057099214134,0.13913488592589168,2.5443144884333764,0.18473443183018884,0.08216561658587973,-0.26690004841606857,-0.10256881524430914,209.607,1663.0471766405756,-0.49745031888269386,-0.21346348286963518,0.019477656897382917,-0.26004704691369435,1.9987194120236156,161.2990773753027,71.2357343648425,0.642931287193185,0.9450875080692333,0.1452914690606695,0.038042939881923296,0.2641232945808867,1.9992711759527695,0.2073095794610609,142.4023929166539,9.705563320576886,0.038857029307851246,0.41398360708460197,1.9993211759527694,-0.7123293335663419,-0.08735787881916929,0.0118511803542301,1.9997494120236152,-0.2023750675536736,1094.9187697620316,-313.9018053738429,0.011556463338770482,1.9997494120236152,0.347859666250047,97.0,1.3879726066972542
O=Cc1cnc2ccc(F)cn12,-591.3920449124104,1.5639890492964506,1851.3112617688275,1201.6280381158028,0.1294949543428164,1.686359071904416,0.16086030062587095,0.08891978594489267,-0.2497800865707636,-0.07194051468097828,164.13869999999997,1045.6017190799982,-0.516958978205989,0.002124389164281027,0.02255004743603486,-0.013090349840757128,1.9988999999999997,105.23335836131288,69.51066394861348,0.6123350816317349,0.9931489610493212,0.0875441545494486,0.035320192115941194,0.12149081708570054,1.9992300011859008,0.19283520144091806,133.38594175120568,21.10000192770541,0.03518021820576037,0.37057999999999996,1.9992800011859004,-0.707431251994445,-0.09215923246313586,0.012000084198961885,1.9997599999999995,-0.25078961045812864,959.8530783985765,-221.728538837114,0.01170999525639651,1.9997499999999997,0.36909523051721593,83.0,1.2227191706500702
O=Cc1cnc2cccc(Cl)n12,-951.802021,0.9132,1993.4655,1395.037,0.128142,2.6025,0.15721,0.08732000000000001,-0.24453,-0.06989,180.5933,1374.216,-0.470173,0.002324,0.02301,-0.02767,1.99883,91.7033,66.8803,0.6257079924480805,0.998965,0.098241,0.03668,0.14754,1.99927,0.192481,122.6158,25.1203,0.03776,0.36947,1.99931,-0.697686,-0.060008,0.01264,1.99975,-0.219975,973.9317,-259.4505,0.01208,1.99974,0.3843612334801762,49.0,1.1109847771625294
O=Cc1cnc2ccccc2c1,-514.3071734825162,1.7561178018734795,2116.520043276517,1434.9737327522846,0.15467499046334582,3.3774312400268287,0.17496442780074867,0.08634370340071021,-0.26130813120145885,-0.08862072440003844,157.1714,1282.9092924597749,-0.47803533782539653,-0.1491810140642288,0.01721555630482771,-0.24433815624685673,1.99883,166.08627815253286,67.34451114538055,0.6124906329996556,1.0242442781045014,0.12727693121919592,0.03822504768327095,0.25469084481197823,1.99926,0.19942566968465308,132.40308032853073,8.497872035396881,0.038850222521931085,0.4168178065695365,1.99931,-0.7317655242308851,-0.09583615326319182,0.012055206627507437,1.99975,-0.2087128425002784,1044.5298553597927,-296.921817002599,0.011565079472118244,1.9997449841055763,0.33897280146264225,98.5,1.3879726066972542
O=Cc1cnc2ccccc2c1Cl,-973.8258771321788,1.2321787202647347,2611.030974102287,1761.4818219838319,0.1465538657869497,4.014885828265675,0.18082611347084193,0.08397091938152826,-0.2647970328523702,-0.09685519408931367,191.6165,1264.3030034095598,-0.5372062742651099,-0.21294695868949381,0.01952863979384275,-0.2612731447422506,1.9987194523024063,159.84718109381342,71.43418677736918,0.6425016198134543,0.9548464262797833,0.1399019662886413,0.038263286185562656,0.25709852817799356,1.9992705476975938,0.20634701558827706,142.50131743431413,9.822608775914516,0.03886353292087798,0.4131889769074299,1.9993210953951874,-0.7206062434680056,-0.09289460426438625,0.01190233223368714,1.9997494523024062,-0.20530739255789227,1088.39367436472,-309.2788522375848,0.011545335532625718,1.9997494523024062,0.34700190095388617,99.0,1.3879726066972542
O=Cc1cncc(-c2cc(C(F)(F)F)cc(C(F)(F)F)c2)c1,-1264.6633260436809,2.975860945435385,8163.651265842829,2107.213013309592,0.2083375739956611,2.0530528119028917,0.18615745734460185,0.09314742978273674,-0.2793048871273386,-0.0930100275618651,319.2058,2027.3194406179264,-0.3696928005153748,-0.14657500548333718,0.017719668710573646,-0.22396658622839322,1.9988322991977072,170.4149565347917,64.30724959487225,0.614386642535013,0.9341368649380459,0.11470371122013201,0.03873127512891751,0.22595154611902735,1.99928,0.2046698978516023,135.69681771125246,8.526333294157507,0.03871667673350348,0.4201484242850966,1.9993122991977073,-0.673500399902234,-0.08840954785731622,0.01228667673350348,1.9997500000000001,-0.20157389459490296,1062.5440088241035,-305.46331222487106,0.011611495988535083,1.999747700802293,0.34003818241620043,99.0,1.1109847771625294
O=Cc1cncc(-c2cccc(Cl)c2)c1,-1051.0846730153198,1.7356459308177674,4495.9175739180455,1791.056094386301,0.18257282597927205,2.6788617096495972,0.1742773125340156,0.08987278510549501,-0.2641500976395106,-0.08440452742852059,217.6543,1619.7582048174204,-0.36698824979230427,-0.14258033432755796,0.017705485324939055,-0.22249014360877895,1.9988327086483135,170.35662574746857,64.44540440553398,0.612499210424047,0.9384497741957204,0.10785465674155523,0.03902020786101429,0.2211279739856594,1.9992727086483133,0.20243445576519287,135.26403658453066,8.276613970771901,0.03875899455234948,0.42000962128458846,1.99931,-0.6799643768285051,-0.09640786819945625,0.012355690193492487,1.99975,-0.2044691755179067,1056.1043880453738,-302.0864222601308,0.011590834593253298,1.9997472913516865,0.339937181142692,90.0,1.1883837141090154
O=Cc1cncc(Br)c1,-2934.3384690230596,2.0551804808828638,1998.876346798286,1089.1296545488476,0.09593728278684797,1.4891774596387983,0.18550590819591628,0.09386860218533517,-0.27937451038125144,-0.09163730601058111,186.0077,1110.8431163491737,-0.32871075645010345,-0.16031356251386294,0.017441346994709443,-0.2207727939885095,1.9988328956284203,161.431196213343,63.719093459493294,0.6121070147561147,0.918939615418253,0.11304971343926568,0.038751077595767555,0.2237989207634123,1.9992728956284203,0.20475178174917752,135.32929680526385,9.133921447693615,0.0387965994536662,0.4202360606557824,1.99931,-0.6714094390296943,-0.08619257312146862,0.012319495082086475,1.9997499999999997,-0.19974891027125719,1062.0985940380504,-307.4962653998876,0.011625791256840538,1.9997471043715795,0.3396832819216785,99.0,1.3879726066972542
O=Cc1cncc(Cl)c1,-820.4623110152722,2.0358928373429563,1502.485349142653,1020.4297053303285,0.09631737785092301,1.540084181984228,0.185155440701117,0.09394016874539296,-0.27909560944650996,-0.09121527195572403,141.55669999999998,944.0999152411425,-0.32398858686933485,-0.15895310465387635,0.017287343380071766,-0.2208392981697488,1.99884286304059,163.52604881918623,63.945289248701926,0.6128283447781078,0.9167206485061925,0.11254713312033733,0.038770165136529686,0.22334220971219815,1.99927286304059,0.2045538684103262,135.68637272137173,9.091850756461977,0.03881298689298761,0.4200729043247227,1.9993128630405899,-0.6707467979659464,-0.08678363199253958,0.012328712974168304,1.9997499999999997,-0.20016009143175945,1062.3577572272281,-307.47322020308934,0.011618589121771036,1.9997471369594093,0.34064523093500565,98.0,1.3879726066972542
O=Cc1cncc(Cl)c1Cl,-1279.977879509257,1.4750447882125501,1890.4915152218782,1274.1035747585631,0.08796809262626552,2.0059498287280655,0.18896049015376454,0.09148550406675802,-0.2804459942205226,-0.09747498608700654,176.00179999999997,1057.3863204596903,-0.4086449494341348,-0.19667554933223447,0.019602043557319076,-0.23749798373296782,1.9987389645761968,159.25237901953346,67.68119133644505,0.6432202482870055,0.8701542072485118,0.1228309612043283,0.03902621254281798,0.22648329783911741,1.9992820708476058,0.2104337475901103,141.95575778808296,10.288398218247913,0.0391349320421327,0.416598609802467,1.9993220708476058,-0.66324793064323,-0.08406866518050825,0.012283433219152042,1.9997489645761968,-0.19659587767279751,1090.318838038814,-314.39049420183176,0.011618991866483923,1.9997489645761968,0.34821525388720215,99.0,1.3126748825968737
O=Cc1cncc(F)c1,-460.03944668732106,1.8872173854534178,1165.3450538629809,993.966128283559,0.09742633612316072,1.5019849109015855,0.18391665557143883,0.09387817727922498,-0.2777948328506638,-0.09003847829221384,125.10210000000001,954.4050899354274,-0.29684108507073803,-0.15627894483831598,0.016892257517314525,-0.22018847829221386,1.9988624916385285,163.13331589881196,63.357894272546055,0.6115455124380388,0.9113857088285328,0.11117041826584052,0.038832290963202176,0.22261677271214764,1.9992724916385285,0.203592254140685,136.68947630486886,8.971402691691418,0.03885983277056174,0.4190898327705618,1.9993124916385283,-0.6698012592456805,-0.08858178394560635,0.012344816047617915,1.9997500000000001,-0.20148149178271177,1061.5026719138323,-307.29153773617963,0.011624983277056175,1.9997475083614722,0.33897131408029935,98.0,1.3879726066972542
O=Cc1cncc(F)c1Cl,-919.553391,2.1002,1509.4959,1269.945,0.089084,1.8858,0.186985,0.09110499999999999,-0.27809,-0.09588,159.5472,1096.771,-0.385531,-0.1576,0.01897,-0.24032,1.99875,163.6825,66.264,0.6368785399622404,0.881829,0.119064,0.03902,0.23157,1.9993,0.199439,127.1551,10.8251,0.04003,0.4124,1.99934,-0.620403,-0.054664,0.01214,1.99974,-0.182838,1085.9353,-328.9289,0.01183,1.99974,0.3700440528634361,96.0,1.3879726066972542
O=Cc1cncc(I)c1,-658.1241925720085,1.8801923793659197,2043.0425523555214,1302.0316853009106,0.09569317667681615,1.547612953197222,0.1809856794907263,0.09017683457882444,-0.2711625140695507,-0.09080884491190185,233.0082,938.2135302161696,-0.33544215388871557,-0.16246176547650582,0.01765226496908767,-0.22156320509273697,1.9988299999999999,160.3309933665371,63.50110694712431,0.6130683629629141,0.9239321042528333,0.11307005166538692,0.038798890119010485,0.22382109880989512,1.9992729218562597,0.20496205314142094,134.98326593792174,9.087366223834081,0.0387972026939719,0.4202862967063368,1.9993099999999997,-0.6740671692031979,-0.0880249804407868,0.012327202693971896,1.99975,-0.20018900378269386,1060.6127422549903,-306.85101731706055,0.011618765568778944,1.9997470781437403,0.33956768181654573,99.0,1.3879726066972542
O=Cc1cncc2ccccc12,-514.305856453837,0.27786916091843417,1833.4365272892787,1356.3899115952352,0.15487626323018802,2.4327884302827463,0.174746486174743,0.08345034004760549,-0.2581968262223485,-0.0912961461271375,157.17139999999998,1258.5639817826923,-0.3762365347018143,-0.1310195848138168,0.01798340047605513,-0.22407955887144132,1.9988002266984033,168.101111625186,71.03146762269189,0.6401878547452093,0.9194637555595899,0.1326535654458102,0.037113967222064316,0.28177952133295436,1.9992799999999995,0.18872655237044655,129.22570893851747,4.604204054983069,0.038142040285633075,0.4166482492214958,1.9993199999999998,-0.6771843459939124,-0.1094445945961108,0.011633967222064319,1.9997401133492017,-0.2154649060070343,1021.3718459642877,-300.8310949835158,0.011589433253990809,1.9997401133492017,0.36897562659077465,97.5,1.3879726066972542
O=Cc1cnccc1Br,-2934.336998,1.805,1693.6203,1306.739,0.096053,3.2071,0.182215,0.09140499999999999,-0.27362,-0.09081,186.0077,1031.636,-0.457934,-0.165076,0.02019,-0.24654,1.99869,166.3316,66.9073,0.6426998112020138,0.857372,0.117453,0.03922,0.22128,1.99927,0.209185,140.6967,9.1036,0.03885,0.41725,1.99931,-0.666788,-0.096872,0.01247,1.99975,-0.201475,1080.8453,-307.0856,0.01162,1.99975,0.34455632473253617,49.0,0.9634398649569116
O=Cc1cnccc1C(F)(F)F,-697.4870627782786,0.8330584408271584,1827.409952223197,1218.2917418412055,0.11363247618547626,2.814460825746947,0.18840484301294616,0.09077845135758926,-0.2791832943705354,-0.09762639165535689,175.10990000000004,1384.7287523115672,-0.32298903730324274,-0.1626869444720915,0.019406853443750042,-0.219671843310118,1.9988281219205362,164.72906391833612,69.53707345801527,0.6682849995223877,0.8577546287010345,0.13360833434637098,0.03826749589404763,0.2358451212568439,1.9992912520529764,0.21311039799705714,146.5491389062124,9.835836529008805,0.03867378900654755,0.41387980291428605,1.9993312520529765,-0.6465919670295565,-0.08853555631149468,0.012217545165476108,1.9997493739735122,-0.19812202122812786,1100.170479791389,-318.9014563711,0.011667561589285601,1.9997493739735122,0.3520369427087881,92.0,1.3879726066972542
O=Cc1cnccc1Cl,-820.4608233334077,1.5971399587007733,1323.4937047944056,1040.7619773964245,0.09637333423188564,3.075002063445304,0.18188361818694934,0.0919914970570845,-0.27387511524403385,-0.08989212112986485,141.5567,1126.8175905836135,-0.444511199070987,-0.17284370956783832,0.019601656856948365,-0.2468100874632695,1.99872,163.96720684574925,68.39186845893379,0.6414525906659044,0.868270763286566,0.11591840541460664,0.039093604708664784,0.21900561306708158,1.999282267451444,0.20792929716190223,143.43812549057836,10.342694900558978,0.03900357610370513,0.41526185874005644,1.9993222674514441,-0.6589060449052224,-0.09074925113237788,0.012341860388446953,1.999748866274278,-0.2011303962902267,1089.3222816386278,-308.9418618204842,0.011607209417329572,1.999748866274278,0.3474605689301146,92.0,1.3879726066972542
O=Cc1coc(-c2ccccc2)n1,-589.398855119068,0.989455238701594,2956.8788635071264,1378.7857434527107,0.16027603953987107,3.8017731387367357,0.15808874383755878,0.09339383646214071,-0.2514825802996995,-0.06469490737541807,173.1708,1298.454241084797,-0.19641610490337597,-0.06549357235744578,0.026293873562097045,-0.028868385538804574,1.9988800000000002,99.46410499220396,51.71058267526055,0.5696538600168808,0.9840754754755441,0.08196177481266656,0.0379033257805759,0.13032445645208196,1.9992900000000002,0.20413858844244745,139.66609678089702,11.771414590440692,0.03730595139682001,0.40169073527279553,1.9993200000000002,-0.7378042664998663,-0.06282594400323559,0.012614003286635327,1.9997598249589172,-0.21342372987070368,1043.4946117693178,-295.83093493987724,0.01145085254714238,1.9997498249589172,0.32775524152403446,99.0,1.3879726066972542
O=Cc1coc2ccccc12,-496.103715,1.6195,1665.9334,1107.015,0.135889,3.0369,0.157635,0.09407499999999999,-0.25171,-0.06356,146.1452,1123.788,-0.380862,-0.085747,0.01846,-0.25501,1.9988,113.1151,73.0374,0.6104468219005664,0.966881,0.079897,0.03715,0.15908,1.99926,0.191288,145.3673,15.5035,0.03743,0.41326,1.9993,-0.734249,-0.066699,0.01254,1.99976,-0.222465,1032.0108,-280.6384,0.0115,1.99975,0.33307111390811833,98.5,1.3879726066972542
O=Cc1csc(Br)c1,-3239.152001868434,2.0787840354930083,1946.1671958533068,1050.0841243149362,0.07422928480669302,2.571914804413647,0.1660526894916962,0.09539021531246596,-0.26144290480416216,-0.07066247417923022,191.0421,953.5898138824775,-0.38972944247935243,-0.08946458848521198,0.01846366277094693,-0.2041283206489911,1.9987568313854733,127.28317651362823,52.1551503141046,0.6066210098406776,0.9880757077854914,0.08553551172009245,0.03803415692736732,0.16756280152108302,1.9992299999999998,0.1987424295195677,130.8082686363224,16.862466243123407,0.03855683138547346,0.41654491489415213,1.9992731686145264,-0.7162577667993181,-0.060715645359367104,0.012498517530738822,1.9997499999999997,-0.2111753105590012,997.6913796551933,-281.30826946584455,0.011570494156420391,1.9997499999999997,0.33551203965085125,99.0,1.3879726066972542
O=Cc1csc2cc(Br)ccc12,-3392.5259841836914,2.9017329590220284,3805.532294667544,1807.0594129527663,0.12437475757950807,2.938264444805825,0.16229870764392557,0.08706574670837258,-0.24936445435229812,-0.07523296093555298,241.1019,1753.437830974876,-0.39367916770466826,-0.06034173819639546,0.019491663694310563,-0.20145347176824924,1.99871,127.5021716045231,58.65081418836095,0.6323115594338407,0.9709709592459144,0.08468992680316144,0.03652025944824848,0.1821119961856407,1.9992302772823851,0.18554839359246766,126.78464648897312,14.526523718092264,0.0377691503187081,0.4143237927827083,1.999280277282385,-0.7072766758238048,-0.06702479935751479,0.012036377494857165,1.99975,-0.21663909762267833,992.6206322479379,-272.60622830546146,0.01161722717614906,1.99975,0.3667022282759159,97.0,1.3879726066972542
O=Cc1csc2ccc(Br)cc12,-3392.5258373853703,2.612887169888286,3570.2814461258354,1828.5862899578024,0.12442091839538338,4.168389882866389,0.16269679815555066,0.08749188475464185,-0.2501886829101925,-0.0752049134009088,241.10189999999997,1617.338066229382,-0.4080839236921755,-0.06464008971910706,0.019482622763673085,-0.20266539018567373,1.9987099999999998,126.08222126388372,58.96011320112983,0.6304846806175345,0.9471437484429972,0.08799356143927237,0.03645213028198801,0.18370063143204166,1.999230327845459,0.18728438085701485,126.75506134470346,14.8453167328144,0.037721802436528874,0.41396819185550016,1.999280327845459,-0.6876303933588956,-0.06520742443349951,0.012027212600100978,1.99975,-0.21479630438957212,993.5642038564865,-272.9236942134219,0.011665082318112968,1.99975,0.36725084700154353,96.5,1.3879726066972542
O=Cc1csc2ccc(Cl)cc12,-1278.6498370035963,2.5200673252975547,2731.1405432417455,1742.4536521935822,0.1248088291086814,4.130736614347315,0.1625910539665216,0.08798333197054238,-0.250574385937064,-0.07460772199597922,196.6509,1602.8503746003587,-0.4089908716357584,-0.06508283173910569,0.019462335241240664,-0.2029908961606626,1.99871,126.37695545074294,58.90729229851881,0.632447010235091,0.9515010580602274,0.08745653541010853,0.03646234341798636,0.18324728373307572,1.9992303336058916,0.18717241488381034,126.70896276939297,14.798112985952077,0.03773167620620331,0.4138320588725691,1.9992803336058915,-0.6917703475250245,-0.06583535796939394,0.01203700572372199,1.99975,-0.2155132387583079,993.2555764677711,-272.64889432763164,0.011654995911627152,1.99975,0.3666448400484329,98.0,1.3879726066972542
O=Cc1csc2ccccc12,-819.1285324635027,0.9584305372429379,1809.553407312219,1315.1658396536236,0.13317668229621202,2.8532853043108903,0.15621906097424312,0.08866929541742369,-0.24488835639166678,-0.06754976555681942,162.2058,986.0528949562432,-0.40062363685077207,-0.06160831687861697,0.01940151934393942,-0.2008724807511414,1.99871,126.76510182549231,58.1669542572286,0.6312564325345182,0.96478411520383,0.07973896849754586,0.036682154751515345,0.17796819237652117,1.999230379835985,0.18342970981068607,126.26385802278482,14.478679521876998,0.037839495899621364,0.4133849589962136,1.9992803798359848,-0.7090359740238029,-0.07019169372022376,0.012067976555681943,1.99975,-0.21883746873083504,988.0560103141396,-270.5264195729492,0.011595821804166602,1.99975,0.36562257191366,98.0,1.3879726066972542
O=Cc1cscc1Br,-3239.1537546987606,0.6363729528528879,1700.5811717593376,1038.505003273814,0.07415625909793147,2.9606032160914717,0.16906538952576103,0.09709097268426391,-0.2661563622100249,-0.0719744168414971,191.0421,908.3646764083593,-0.423578860597169,-0.0945847169262542,0.020433339024111683,-0.22499151002398404,1.9986126678048222,135.17108504523642,56.29908378633111,0.6367210740061748,0.9153160906084151,0.09654407467944028,0.03824802902296958,0.17614957319162375,1.9992326678048222,0.2015985663626897,136.4578491222756,15.623029727143608,0.03857071390012697,0.41554451073933985,1.999281333902411,-0.6850155702797063,-0.06243533614946691,0.012548674633756356,1.9997499999999997,-0.2122705048650109,1034.914341251209,-285.1770885966422,0.011581359510913745,1.9997486660975885,0.3418939929116924,99.0,1.3879726066972542
O=Cc1nc(Br)ccc1Br,-5507.735069639714,1.2501031166088188,3659.239908125306,1241.1034709032147,0.08700021247700289,3.3182320052455623,0.1855063812915117,0.08800836199817755,-0.2735147432896893,-0.09749801929333418,264.90380000000005,1241.8813971894053,-0.11907285674478618,-0.1061532169205156,0.02974821793481463,0.04505901948216196,1.9986897943770943,153.271518726505,45.750732125558244,0.6217844063674955,0.8092239448424076,0.14630177006943326,0.03906595608284858,0.2323778403228435,1.999329862918063,0.22324332956313295,121.59705017141712,6.867334335447847,0.04009643586962926,0.4072031795369741,1.9993699314590316,-0.6113966369875236,-0.054377359131116604,0.011965346195556125,1.9997400000000003,-0.1730657055241616,1065.7387446970595,-326.41302224735995,0.011960891032592689,1.9997400000000003,0.3755396574490591,98.0,1.3879726066972542
O=Cc1nc(Br)ccc1F,-3033.4366247341736,0.9662490375324974,2387.4172459609854,1036.9048941792205,0.08852720577318615,3.5794329035811887,0.1872400417672826,0.09110302580270377,-0.2783430675699864,-0.09613701596457885,203.9982,1435.5674946600523,-0.13008138912232994,-0.16532873788573052,0.027519842444772416,-0.009733633284137306,1.9988098424447722,137.75212100606865,53.635890038568995,0.6098472413897259,0.8757578173330639,0.14513669514578195,0.04002960135497958,0.21819526382926963,1.99935,0.21864145185026218,122.3665085732891,7.892401210397824,0.04134518980860728,0.39944719045705124,1.99939,-0.6503151847912608,-0.03338092676422319,0.01198008353456525,1.9997401575552276,-0.17669660782693117,1088.9000621437312,-333.59610443624445,0.011557247540468772,1.99974,0.3521761878210215,98.5,1.3879726066972542
O=Cc1nc(Cl)ccc1Br,-3393.8595981537296,1.2036748087410654,2667.437109663939,1349.308835982546,0.0874031740786227,3.382111405813401,0.18487653746915872,0.08808825132671708,-0.2729647887958758,-0.09678828614244162,220.45279999999997,1379.560838822416,-0.11622590389049814,-0.10668262010298682,0.029618259213772768,0.04591803916486803,1.9986897911056527,154.89827395805665,46.09488188793669,0.6219506566179126,0.808573130271624,0.1454825539756359,0.03907589174450373,0.2315487512534703,1.999329860737102,0.22324592752919048,121.5988104819128,6.777176026732104,0.04009637916464735,0.4071924147916032,1.999369930368551,-0.6067409759895571,-0.05475583582522282,0.01196550088447805,1.9997399999999999,-0.1732776141088041,1065.8802435862362,-326.2546629917137,0.01196090520883816,1.9997399999999999,0.3759998979496618,97.33333333333331,1.3879726066972544
O=Cc1nc(Cl)ccc1Cl,-1279.982997943455,0.8276979355150036,2123.6560257634655,1437.4766713268734,0.08770341979075673,3.4998627910712816,0.18588104200391803,0.08951784858013499,-0.27539889058405304,-0.09636319342378306,176.0018,1023.5574668779212,-0.10963795301680115,-0.11949606043725339,0.029067401295315456,0.04320651668964147,1.9987198000996396,152.75925398578866,47.58482649145569,0.6210116307851261,0.8259014962959169,0.1434417016130013,0.03897320338774812,0.22727832575684967,1.99932990004982,0.21974235761048488,120.4047545390717,6.865183307118148,0.04037250373648689,0.40444803587027417,1.9993799000498198,-0.6162330914497569,-0.040640172500807314,0.011768595715495026,1.99974,-0.17538038460634942,1076.5521268862317,-331.36859210862,0.01171339830612594,1.99974,0.36916162685611076,97.0,1.3879726066972544
O=Cc1nc(Cl)ccc1F,-919.5611195143841,0.8796197489498548,1772.8907561208173,981.9318671795744,0.08891409715263085,3.640784749210467,0.1865549251311785,0.0911771311088561,-0.2777320562400346,-0.09537779402232241,159.54719999999998,1024.0657440058342,-0.12789994708912952,-0.16539469731149176,0.027349046748804152,-0.009049541649514787,1.9988196822496012,139.09791195535516,54.17762184165823,0.608578838917471,0.8741853410650752,0.1443401139539064,0.040039673112045024,0.21753521546890806,1.9993498411248005,0.2186060715083324,122.35145953025673,7.808962312337249,0.04134490685606581,0.3994259276068974,1.9993998411248006,-0.6450467368383769,-0.03382783708594885,0.011980485763154277,1.999740158875199,-0.17698599495926642,1088.7168815893574,-333.24526423760597,0.011557308259168132,1.9997399999999999,0.3528021293661567,97.0,1.3879726066972542
O=Cc1nc2ccccc2cc1Cl,-973.8232670897088,0.6655470245446474,2814.12263696341,1279.7047418041159,0.1462700786544117,5.050964208765997,0.17762438325747698,0.08337635051675958,-0.26100073377423655,-0.09424803274071739,191.6165,1363.607401423511,-0.14297628258098907,-0.13125793627756122,0.02867656519224431,0.04594230686246972,1.9987597853245154,156.1600267157328,48.19406940755077,0.6208374661889469,0.892680950013786,0.15275696775969105,0.0389547404506241,0.2547114287725885,1.9993398926622576,0.21719686598056062,116.8851669954078,5.542475089405429,0.04040044694092949,0.40352980111649306,1.9993798926622577,-0.6714946758530475,-0.05009399826485719,0.011648801694873962,1.9997400000000003,-0.17824263763169057,1065.318504648234,-327.62001080046144,0.011703327470013328,1.9997400000000003,0.3686592959289275,98.0,1.3879726066972542
O=Cc1ncc(Br)cc1Br,-5507.732149,0.6844,3461.9937,1429.929,0.087125,2.8552,0.18301,0.08796,-0.27097,-0.09505,264.9038,1177.589,-0.22496,-0.112981,0.02924,0.03435,1.9987,162.3534,47.6554,0.6222466960352423,0.873092,0.143932,0.03926,0.22956,1.99933,0.221815,121.7229,6.5169,0.04024,0.40494,1.99937,-0.636832,-0.056402,0.01194,1.99974,-0.176508,1059.9471,-322.2004,0.01195,1.99974,0.37539332913782253,98.0,1.1109847771625294
O=Cc1ncc(Br)cc1C(F)(F)F,-3270.878348,1.3331,3642.3092,1158.198,0.104586,3.6983,0.19139,0.09004000000000001,-0.28143,-0.10135,254.006,1330.695,-0.033386,-0.109233,0.02839,0.06367,1.99883,155.6442,47.7214,0.6504090623033354,0.855458,0.15129,0.03737,0.22764,1.99933,0.207042,136.4644,12.6713,0.03942,0.39421,1.99937,-0.639068,-0.001941,0.01246,1.99974,-0.161504,1167.8783,-361.85,0.0121,1.99974,0.33196979232221524,99.0,0.9634398649569116
O=Cc1ncc(C(F)(F)F)cc1Cl,-1157.0066044967948,2.026992906876421,2977.2056575911224,1035.2103026177292,0.10487054555335534,1.3126975218479981,0.19113097663434014,0.08737314616907838,-0.2785041228034185,-0.10375783046526177,209.55499999999998,1109.232681478879,-0.11611910285684057,-0.12956438254006974,0.028908671617500232,0.03657720775289873,1.998729860170263,161.70220797085622,45.73142621983918,0.6220216983745136,0.8287933441102848,0.15250022347492642,0.038895105959211376,0.2408432269530345,1.999339860170263,0.22129487665600578,120.10734868314935,6.032087685611485,0.040474476725395704,0.40385987103935084,1.9993799300851314,-0.6078268619064384,-0.039077725381334985,0.011685733019209516,1.9997399999999999,-0.1729989771806733,1084.2558994516535,-337.1748347484031,0.011732307190657489,1.9997399999999999,0.3689746991632936,24.0,0.8301519742044904
O=Cc1ncc(C(F)(F)F)cc1F,-796.5851165329371,2.349941877456999,2608.108342604387,1120.3230270721754,0.10601647021420255,1.6032926792689537,0.1919999404284051,0.08901275632960476,-0.28101269675800983,-0.10298718409880034,193.1004,1181.4805761328987,-0.1199892892186319,-0.17488878342535935,0.02727957039752999,-0.014922220185250613,1.99882957039753,147.16819809321896,52.00122223620183,0.6103766048314587,0.8732727769549247,0.15427890835199706,0.03987689712466475,0.23167696758009862,1.99935,0.22064250939602278,122.15055307131803,7.0838552795921546,0.0414091642802046,0.39898920953302713,1.999399785198765,-0.6325397559861115,-0.0316283816056306,0.011883747279040263,1.99974,-0.17383869767661203,1099.2903183271258,-339.89508182584945,0.011579666055575184,1.99974,0.35314515694193294,76.0,0.7456793633926465
O=Cc1ncc(Cl)cc1F,-919.554069,2.3181,1838.0611,1132.356,0.089043,3.9397,0.184245,0.090245,-0.27449,-0.094,159.5472,959.624,-0.177542,-0.160509,0.02702,-0.0223,1.99881,141.0186,55.7135,0.6104468219005664,0.907091,0.141223,0.0396,0.21346,1.99934,0.208989,141.9716,14.779,0.04053,0.39064,1.99939,-0.661138,-0.019912,0.01265,1.99975,-0.171358,1166.3138,-347.3631,0.012,1.99974,0.3252045311516677,98.0,1.1883837141090154
O=Cc1ncc(Cl)cc1[N+](=O)[O-],-1024.639868931108,3.3330465518723673,2362.1378273875184,1144.92422640392,0.10161527481491739,4.734536557515506,0.20254483775244997,0.08844642542465558,-0.29099126317710555,-0.11409841232779434,186.5543,1274.1587946605598,-0.07891242297225784,-0.10402933556859816,0.0282781826868816,0.039700533314870064,1.9987724758590164,148.8250113319462,51.67432085386546,0.6334674541803863,0.8610612658633955,0.1798989937421294,0.036909938239359945,0.2628116204615821,1.99934,0.22770670259335798,127.43961414830753,9.269341339350468,0.03931390691639445,0.40709252806395874,1.9993800000000002,-0.6186875176229703,-0.01722035379678553,0.011805724229512855,1.999748762070492,-0.17613914982514323,1092.4302877248178,-337.4128177333192,0.011925899955735455,1.99974,0.3869581640303057,23.0,0.6422932433046077
O=Cc1nccc(Br)c1F,-3033.4327688626813,1.6942793514651255,2090.4108240240475,1117.824158916499,0.08872343635783562,4.017451156924012,0.1840377621357784,0.09163890087127011,-0.2756766630070485,-0.0923988612645083,203.9982,849.9574761493222,-0.10274153491100321,-0.17593311584566942,0.027350870519900383,-0.0016072543325031904,1.99881985491335,140.4704057044668,53.31558975776138,0.6102917729177165,0.878098249091734,0.1400287604123161,0.040491004627696045,0.21313256764428354,1.9993500000000002,0.22071986496009086,121.063934949521,7.084055620098469,0.04144578150829374,0.400549890211456,1.99939985491335,-0.6289029348807115,-0.03602818980592014,0.012039575718904212,1.99974014508665,-0.17567221669786162,1083.8301696344517,-332.2101832577307,0.011556383812602808,1.99974,0.3535921910468645,97.0,0.9015725489977664
O=Cc1ncccc1Br,-2934.3360143181358,1.3064790457473525,1591.6425114893625,1343.3173587825968,0.09593139911724706,4.184591258791574,0.17536708534092668,0.08911723955124012,-0.2644843248921668,-0.08624984578968657,186.00769999999997,1034.5612458217217,-0.15372527466319788,-0.10902246368144894,0.029518334903214767,0.04236655327327055,1.9986997828134627,164.1716386082253,45.386531953647335,0.6217940642496982,0.8126459744294809,0.13312496151392658,0.03966652501540473,0.21997613773877334,1.999329855208975,0.2208616591194725,121.30664828620552,5.536607555246838,0.04020587345579312,0.4063149070150625,1.9993699276044874,-0.6064476715328473,-0.06394828833881123,0.012055936432016913,1.99974,-0.17823204386619695,1057.801333552214,-321.63117181108294,0.011940941141661218,1.99974,0.3753640112532218,99.0,1.3879726066972542
O=Cc1ncccc1C(F)(F)F,-697.487062,2.154,1743.2639,1327.381,0.113421,5.1473,0.186285,0.09204500000000002,-0.27833,-0.09424,175.1099,1232.569,-0.014991,-0.092054,0.02884,0.07227,1.99882,160.1328,44.6478,0.643801132787917,0.830293,0.13758,0.03826,0.22006,1.99934,0.218226,118.8556,5.1592,0.03936,0.40526,1.99938,-0.614937,-0.035206,0.01233,1.99974,-0.178418,1080.8183,-338.6566,0.01212,1.99974,0.41897419760855886,89.5,1.0668259850449504
O=Cc1ncccc1Cl,-820.4594595395542,1.3021424083054127,1276.3979490132147,1048.172000118507,0.09623849636373187,4.286936359260699,0.17607107761932894,0.09047674335631278,-0.2665478209756417,-0.08559433426301616,141.5567,955.1164717632358,-0.1445454620399868,-0.12120444521653222,0.028987481818659323,0.03999687623005726,1.9987397094406145,161.66580846206443,46.79766296821613,0.6214813710478104,0.8294395013786368,0.130610868957521,0.03961418881229075,0.21574692448558883,1.9993299031468716,0.21737064044619586,120.09254921808082,5.587131778162696,0.04049215489659251,0.4035964643477122,1.9993799031468715,-0.6157089165448094,-0.05136542413557973,0.011878426222178419,1.9997400000000003,-0.1805945534836194,1068.124952384147,-326.46928926626504,0.011683293006368577,1.9997400000000003,0.3685465416392894,99.0,1.3879726066972542
O=Cc1ncccc1F,-460.0380815275405,1.101496220523316,1051.4009818512723,869.3774825404822,0.09739718922179454,4.458817296029707,0.17615680578737836,0.0921771764637819,-0.2683339822511603,-0.08397962932359644,125.10210000000001,1037.3445696813164,-0.15437853246508856,-0.16581682398239983,0.027338997041860037,-0.011025360512967654,1.9988297134405317,146.8593891804748,53.093524607096185,0.6102939987329855,0.874549721637354,0.1302631858009282,0.04078168977541173,0.20539893787906077,1.9993500000000002,0.21639712967888736,122.15026345461541,6.487252701174485,0.04148552874683767,0.3987251488159063,1.9993900000000002,-0.6421326586240513,-0.04628761958979755,0.012089456462462516,1.9997401432797346,-0.18260770390505887,1079.8324196197248,-327.913601667501,0.011516590867776904,1.9997400000000003,0.35250266403768393,94.0,1.364207569966279
O=Cc1ncccc1[N+](=O)[O-],-565.1212793577722,3.9517709448551384,1469.9226503966602,981.7650242304994,0.1100576763408948,5.900177261594475,0.19616838170447395,0.08969789918048027,-0.28586628088495425,-0.10647048252399366,152.1092,1087.0010196259752,-0.0029113861836545943,-0.09667558358167977,0.028554917309905378,0.05143740482103115,1.9987804387444092,151.96909128391422,48.79306235988457,0.6334152257583714,0.8102764217468926,0.1681681210082661,0.03751707730670248,0.2528766609684549,1.9993495612555914,0.22847833218527341,126.26563846047695,7.861808337934093,0.0393978062779551,0.40947672968370014,1.9993800000000004,-0.5946564474370886,-0.0259676536353812,0.011947094169326378,1.9997495612555913,-0.17780286536037626,1088.766417564836,-338.1390444587299,0.011886672287541304,1.9997400000000005,0.3911533100969825,93.0,0.9015725489977664
O=Cc1occc1Br,-2916.130494456293,1.643284408023763,1338.4625621435011,849.5973810800783,0.0772961264723968,3.828028171130585,0.1696328744573879,0.09607271450703728,-0.26570558896442514,-0.07356015995035063,174.98150000000004,851.7081735414082,-0.23484353912317335,0.04233933602077248,0.02973329944201509,0.17071473775621848,1.9985175654060763,104.10760536274725,46.124511159355976,0.6033668974197609,0.948047750712968,0.08122024339687428,0.03677853192812251,0.12827534903889923,1.99926,0.17667826708025927,127.89659216968398,22.454319776691943,0.037277143831420334,0.3622235827650999,1.9993024345939236,-0.6709832918741376,-0.05789102678304762,0.01264877185364846,1.9997575654060764,-0.20272482727817218,1053.5648587706078,-277.7105629629443,0.011911126472396802,1.9997500000000001,0.3498597475617439,99.0,1.231986739226834
O=Cc1sc2ccccc2c1Br,-3392.5241860891715,0.6275901935085985,3027.780328644278,1706.535762504364,0.12458016055708608,4.08005026719464,0.16889021200654333,0.07805411815577742,-0.24694433016232073,-0.0908360938507659,241.1019,1571.2888395927814,-0.3839024743727067,-0.041205630500820344,0.022567117290955806,-0.342231755040229,1.9986101372718594,102.65303163400328,53.13820477401059,0.6458205276540124,0.981536593903198,0.1302062719292999,0.035972491739191516,0.2071300625371752,1.9991704118155778,0.19585031479549783,138.075978536418,15.503335475220904,0.03869921806029464,0.39860408866183616,1.9992202745437184,-0.7395221571929016,-0.05396511383166934,0.012120137271859248,1.99975,-0.2095981855520024,1015.8077633544459,-287.56633058471175,0.011772470893466452,1.9997498627281407,0.34459153620513033,99.0,0.8301519742044904
O=Cc1scc(Br)c1Br,-5812.547205,2.3735,2657.6759,1266.889,0.065653,3.7014,0.179205,0.09118500000000002,-0.27039,-0.08802,269.9382,1266.889,-0.382966,-0.023566,0.02119,-0.35121,1.99864,121.5079,57.3724,0.6417558212712398,0.93943,0.108265,0.03671,0.20278,1.9992,0.182226,124.5538,21.5531,0.04051,0.39097,1.99924,-0.65019,-0.05035,0.01223,1.99975,-0.188702,1022.0061,-277.5685,0.01205,1.99974,0.36784140969163,97.5,0.7879156687985684
O=Cc1scc2c1OCCO2,-893.212341,1.2553,1813.31965,1406.9299999999998,0.132033,4.1587,0.14973999999999998,0.08949,-0.23923,-0.06025,170.1826,1231.0639999999999,-0.413687,-0.032197,0.0195,-0.37577,1.99883,102.6024,74.9073,0.6297199496538703,1.006185,0.095209,0.03774,0.16966,1.9992,0.174727,125.1947,21.7345,0.04104,0.38249,1.99925,-0.706553,-0.052882,0.01228,1.99975,-0.209676,995.3144,-266.906,0.01153,1.99974,0.3469949653870359,21.0,0.9907252850306424
O=Cc1sccc1Br,-3239.156420204313,0.44446915568585965,1671.404521183853,869.6366943175918,0.0744489535581005,3.609595323456031,0.17612482340504937,0.09285191741434648,-0.2689767408193958,-0.08327290599070289,191.0421,965.3285659599252,-0.3585820048255325,-0.03711985869221265,0.021308452270832303,-0.3668166975763071,1.9986399999999998,111.74523331356816,53.875639358954615,0.6444006974672319,0.9044809169449496,0.12457496112683204,0.03598341365278667,0.196805924212947,1.9991703439398147,0.194793262725761,137.62370205008105,17.89190151555049,0.039091668208347696,0.3968466975763071,1.9992203439398148,-0.6993333821478608,-0.05955811482888355,0.01225914015046239,1.9997598280300921,-0.21595454849929874,986.3629377034363,-265.9635633285572,0.011754127277780513,1.9997498280300923,0.33987033311369574,99.0,1.1698411549829049
O=Cc1sccc1Cl,-1125.275597,1.9545,1241.7876,948.661,0.074518,4.2837,0.173255,0.094165,-0.26742,-0.07909,146.5911,969.284,-0.372712,-0.023678,0.02053,-0.36398,1.99869,119.8138,59.6338,0.6389238514789175,0.944608,0.10294,0.03668,0.19082,1.9992,0.179393,127.8905,21.4091,0.04058,0.38783,1.99925,-0.665811,-0.044463,0.01208,1.99975,-0.197508,1026.9714,-279.4292,0.01177,1.99974,0.3629641283826306,99.0,1.2696356012770242
