,UMAP1,UMAP2
Br/C=C/c1ccc(Br)cc1,11.472148,0.9276348
Br/C=C\c1ccc(Br)cc1,11.4695835,0.9354406
Cc1cc(C(C)(C)C)cc(C)c1Br,8.915562,-1.9426751
Cc1ccc2c(Br)c(C)ccc2c1Br,10.3796835,-0.20722717
Cc1cccc(Cl)c1Br,2.0310576,3.2234378
Cc1cccc(F)c1Br,0.8422906,-2.1525722
FC(F)(F)c1cc(Cl)c(Br)c(Cl)c1,2.6781528,4.8252296
Fc1cccc(Cl)c1Br,-0.2598619,-1.4716368
Brc1c(OCc2ccccc2)ccc2ccccc12,3.2530339,-2.2944584
CC(C)(C)c1cc(C(C)(C)C)c(Br)c(C(C)(C)C)c1,8.46784,-1.8800173
Brc1c(-c2ccccc2)cc(-c2ccccc2)cc1-c1ccccc1,5.8201494,1.3125889
Brc1c(-c2ccccc2)ccc2ccccc12,7.8444514,-2.032409
Brc1c2ccccc2cc2c1ccc1ccccc12,7.7287526,-2.317956
Brc1c2ccccc2c(-c2ccc3ccccc3c2)c2ccccc12,7.5776143,-2.1950893
Brc1c2ccccc2c(-c2cccc3ccccc23)c2ccccc12,7.6286387,-2.0561721
Brc1c2ccccc2c(-c2ccccc2)c2ccccc12,7.695234,-2.329816
Brc1c2ccccc2cc2ccccc12,7.648928,-2.0940847
Cc1cc(Br)cc(C)c1C,9.289322,12.779079
Cc1cc(Br)cc(C)c1Cl,11.085735,12.230322
Cc1cc(Br)cc(C)c1F,10.235903,12.924753
Cc1cc(Br)cc(C)c1OCc1ccccc1,7.2909794,10.449046
Cc1cc(Br)cc(C)c1-c1ccccc1,8.369215,11.117683
Cc1cc(Br)cc(Cl)c1Cl,12.616999,11.322041
Cc1cc(Br)cc(F)c1C,10.734633,11.737917
Cc1c(Cl)cc(Br)cc1Cl,12.919742,11.289261
Clc1cc(Br)cc(Cl)c1Cl,12.938364,11.000303
FC(F)(F)Oc1c(Cl)cc(Br)cc1Cl,12.806504,10.512856
Cc1cc(Cl)c(Cl)cc1Br,7.720058,1.1546407
Fc1cc(Cl)c(Cl)cc1Br,-0.1691742,-1.9594566
Fc1cc(Br)cc(C(F)F)c1F,12.36119,11.38045
Fc1cc(Br)cc(Cl)c1Cl,13.030788,11.023795
Fc1cc(Br)cc(Cl)c1F,12.626799,11.688048
Cc1c(F)cc(Br)cc1F,12.272204,11.73765
Fc1cc(Br)cc(F)c1F,12.364267,11.720309
Fc1cc(Br)cc(F)c1OC(F)(F)F,13.078595,10.282098
Fc1cc(Br)cc(F)c1OCc1ccccc1,9.329525,11.33185
Cc1cc(F)c(F)cc1Br,8.464233,0.632811
Fc1cc(Br)c(OC(F)(F)F)cc1F,3.6244023,1.5221578
Fc1cc(Br)c(OCc2ccccc2)cc1F,3.4274487,-0.2760047
FC(F)(F)c1cc(Br)cc(OCC2CC2)c1,9.684288,9.080879
FC(F)(F)c1cc(Br)cc(OCc2ccccc2)c1,8.9844885,8.689264
Brc1cc(OCc2ccccc2)cc(OCc2ccccc2)c1,7.4561996,7.7886024
CC(C)(C)c1cc(Br)cc(C(C)(C)C)c1,8.138349,10.688258
CC(C)c1cc(Br)cc(C(C)C)c1,8.84879,11.421871
CC(=O)c1cc(Br)cc(C(F)(F)F)c1,12.718569,6.791979
O=C(c1cc(Br)cc(C(F)(F)F)c1)C(F)(F)F,12.36841,6.714132
CC(C)(C)OC(=O)c1cc(Br)cc(C(F)(F)F)c1,10.691539,6.4546876
FC(F)(F)c1cc(Br)cc(C(F)(F)F)c1,7.17288,3.7862449
CS(=O)(=O)c1cc(Br)cc(C(F)(F)F)c1,6.988541,3.7296765
CC(C)(C)Sc1cc(Br)cc(SC(C)(C)C)c1,7.7997565,6.7749305
Brc1cc(-c2ccccc2)cc(-c2ccccc2)c1,8.850488,7.34775
FC(F)(F)c1cc(Br)cc(-c2cnco2)c1,11.47502,8.003266
FC(F)(F)c1ccc(C(F)(F)F)c(Br)c1,4.5963273,3.1319287
CC(=O)c1ccc(OCC2CC2)c(Br)c1,1.982216,0.97772205
CC(C)(C)c1ccc(OCc2ccccc2)c(Br)c1,3.169209,-0.40647718
FC(F)(F)c1ccc(OCc2ccccc2)c(Br)c1,2.8802361,0.19928622
FC(F)(F)Oc1ccc(OCc2ccccc2)c(Br)c1,3.0220802,0.00043983368
CC(C)(C)c1ccc(-c2ccc(C(C)(C)C)cc2Br)cc1,6.1240835,7.391833
Brc1cc2c3ccccc3c(Br)cc2c2ccccc12,11.452114,0.29043576
Brc1cc2ccc3ccccc3c2c2ccccc12,7.5191813,-1.6194584
Fc1cc(Br)cc2ccccc12,10.501159,9.194025
Brc1cc(-c2ccccc2)c2ccccc2c1,9.199291,7.2872624
Brc1cc2ccccc2c2ccccc12,7.5281496,-1.1545
CC(=O)c1cc(Br)ccc1C,12.220822,7.84468
CC(=O)c1cc(Br)ccc1Cl,12.682193,7.364706
O=C(c1ccccc1)c1cc(Br)ccc1F,11.629663,7.109484
CC(C)(C)c1cc(Br)ccc1OCc1ccccc1,5.885007,9.0756645
CC(C)c1cc(Br)ccc1Cl,10.330489,12.050695
Cc1ccc(Br)cc1C(F)(F)F,11.671708,11.496446
CC(C)(C)OC(=O)c1ccc(Br)cc1C(F)(F)F,10.953242,4.5488124
Fc1ccc(Br)cc1C(F)(F)F,12.100512,11.065871
FC(F)(F)c1cc(Br)ccc1N1CCCCC1,6.488426,9.062495
FC(F)(F)c1cc(Br)ccc1OCc1ccccc1,6.8556557,9.176285
CS(=O)(=O)c1ccc(Br)cc1C(F)(F)F,12.496106,8.525248
O=S(=O)(c1ccc(Br)cc1C(F)(F)F)N1CCOCC1,7.0299125,5.4230614
Cc1ccc(Br)cc1C(F)F,11.023659,12.474588
Cc1ccc(Br)cc1C,10.169121,13.153272
CC(=O)c1ccc(Br)cc1C,12.790956,5.7182755
Cc1cc(Br)ccc1C(=O)N(C)C,8.567803,7.486028
Cc1cc(Br)ccc1C(=O)N1CCCC1,8.4208355,7.3703933
Cc1cc(Br)ccc1C(=O)N1CCOCC1,8.246892,7.442135
Cc1cc(Br)ccc1C(=O)OC(C)(C)C,11.2975025,4.893286
Cc1cc(Br)ccc1C(F)(F)F,12.039258,10.926264
Cc1cc(Br)ccc1Cl,11.000231,12.367791
Cc1cc(Br)ccc1F,11.149395,12.995869
Cc1cc(Br)ccc1N(C)C,6.393895,10.875619
Cc1cc(Br)ccc1N1CCCC1,5.5313964,10.386737
Cc1cc(Br)ccc1N1CCCCC1,5.911262,10.110541
Cc1cc(Br)ccc1N1CCN(C(=O)OC(C)(C)C)CC1,6.0193543,7.7912555
Cc1cc(Br)ccc1N1CCNCC1,5.88401,9.750079
Cc1cc(Br)ccc1N1CCOCC1,6.3305554,10.131179
Cc1cc(Br)ccc1OCc1ccccc1,5.983806,10.072607
Cc1cc(Br)ccc1S(=O)(=O)N(C)C,7.5103335,5.712388
Cc1cc(Br)ccc1-c1ccccc1,9.461251,9.877537
Cc1cc(Br)ccc1-n1cccn1,9.478737,10.182135
Fc1ccc(Br)cc1Cc1cc2ccccc2s1,6.62957,7.5964217
Clc1ccc(Br)cc1Cc1ccc(O[C@H]2CCOC2)cc1,6.4633756,6.0916867
Cc1ccc(Br)cc1Cc1ccc2c(c1)OCCO2,6.480016,7.8850574
CC(=O)c1ccc(Br)cc1Cl,13.480004,5.382046
CN(C)C(=O)c1ccc(Br)cc1Cl,8.367334,7.028594
O=C(c1ccc(Br)cc1Cl)N1CCOCC1,6.590917,5.784729
CC(C)(C)OC(=O)c1ccc(Br)cc1Cl,10.845605,4.286345
Clc1cc(Br)ccc1CN1CCCCC1,5.672893,6.1372814
Clc1ccc(Br)cc1Cl,12.693591,11.500763
CN(C)c1ccc(Br)cc1Cl,7.2718873,10.490611
CC(C)(C)OC(=O)N1CCN(c2ccc(Br)cc2Cl)CC1,6.536684,7.6596155
Clc1cc(Br)ccc1N1CCOCC1,6.751578,10.204665
FC(F)(F)Oc1ccc(Br)cc1Cl,12.688135,10.952699
Clc1cc(Br)ccc1OCc1ccccc1,6.6317534,10.143814
Clc1cc(Br)ccc1Oc1ccccc1,7.8708496,7.989322
CS(=O)(=O)c1ccc(Br)cc1Cl,13.445817,8.440375
Cc1ccc(Br)cc1F,11.551548,12.348935
CC(C)(C)C(=O)c1ccc(Br)cc1F,12.1436205,4.7009807
CC(C)C(=O)c1ccc(Br)cc1F,12.50572,5.273302
O=C(c1ccc(Br)cc1F)C(F)(F)F,14.042297,5.2245264
O=C(c1ccc(Br)cc1F)C1CC1,13.298314,5.380344
CN(C)C(=O)c1ccc(Br)cc1F,8.578891,6.6928487
O=C(c1ccc(Br)cc1F)N1CCCC1,8.249406,6.6693525
O=C(c1ccc(Br)cc1F)N1CCOCC1,7.679714,6.238322
CC(C)(C)OC(=O)c1ccc(Br)cc1F,12.124351,4.9524884
O=C(OCc1ccccc1)c1ccc(Br)cc1F,7.8842216,5.0032897
CC(C)c1ccc(Br)cc1F,10.634723,12.269394
Fc1cc(Br)ccc1C(F)F,12.595919,10.462819
O=C(Cc1ccc(Br)cc1F)N1CCCC1,8.397964,7.3090816
CC(C)(C)[Si](C)(C)OCCc1ccc(Br)cc1F,7.1793942,9.320549
Fc1cc(Br)ccc1CN1CCCC1,5.48998,6.877015
Fc1cc(Br)ccc1CN1CCCCC1,5.533097,6.4566035
Fc1ccc(Br)cc1F,12.15933,12.392842
O=S1(=O)CCCN1c1ccc(Br)cc1F,9.2597,9.465663
CC(C)(C)OC(=O)N1CCN(c2ccc(Br)cc2F)CC1,6.0931854,7.904032
Fc1cc(Br)ccc1N1CCOCC1,5.735437,9.9571705
Fc1cc(Br)ccc1OC1CCOCC1,7.7215276,11.628029
Fc1cc(Br)ccc1OCc1ccccc1,6.972326,11.049655
CS(=O)(=O)c1ccc(Br)cc1F,13.555893,8.3789
Cc1nc(-c2c[nH]c(-c3ccc(Br)cc3F)n2)n(C(C)C)n1,7.7053485,5.189489
Fc1cc(Br)ccc1-c1ccccc1,9.7971735,8.544139
Fc1cc(Br)ccc1-c1cccnc1,10.8148575,7.5328665
Fc1cc(Br)ccc1-c1ncc[nH]1,9.152266,8.246058
Fc1cc(Br)ccc1-n1cccc1,6.191054,7.024365
CN(C)c1cc(Br)ccc1F,8.226522,9.6230135
O=C1CCCN1c1cc(Br)ccc1F,8.8141365,10.644728
FC(F)(F)Oc1cc(Br)ccc1CN1CCCCC1,5.9845924,6.1690702
Cc1ccc(Br)cc1OCc1ccccc1,7.9744444,9.804042
Fc1ccc(Br)cc1OCc1ccccc1,8.46668,11.22389
Brc1ccc(OCc2ccccc2)c(OCc2ccccc2)c1,6.267715,8.08249
CC(C)(C)OC(=O)c1ccc(Br)cc1Oc1cnc2[nH]ccc2c1,7.3662596,5.3510447
Cc1ccc(Br)cc1-c1ccccc1,9.185747,11.5832
Fc1ccc(Br)cc1-c1cccnc1,10.779994,8.746699
Cc1ccc(Br)cc1-n1c(C)ccc1C,6.4791503,7.816066
Cc1ccc(Br)c(C)c1F,8.5716095,0.48479232
Cc1c(Br)ccc(C(F)(F)F)c1F,6.8351808,0.6081427
Cc1c(Br)ccc(Cl)c1F,7.9523907,0.8464491
Cc1c(Br)ccc(F)c1F,8.775312,0.76648116
C[Si](C)(C)c1c(Br)ccc(F)c1F,6.9459705,0.9980044
Cc1ccc(Br)c2ccccc12,7.8753963,-1.1043006
Clc1ccc(Br)c2ccccc12,7.7465863,-0.8261973
Fc1ccc(Br)c2ccccc12,8.059232,-1.0042033
Brc1ccc(OCc2ccccc2)c2ccccc12,8.12573,-1.2879343
Brc1ccc(-c2ccccc2)c2ccccc12,7.439258,-1.2718006
O=C1Nc2ccccc2/C1=C/c1ccc(Br)cc1,9.689642,4.9522715
O=C(/C=C/c1ccc(Br)cc1)c1ccccc1,9.912792,4.608092
Brc1ccc(/C=C/c2ccc(Br)cc2)cc1,11.979659,0.188441
Brc1ccc(/C=C/c2ccccc2)cc1,9.017831,6.385175
CN(C)c1ccc(/N=N/c2ccc(Br)cc2)cc1,8.412525,5.3912115
Brc1ccc(/N=N/c2ccccc2)cc1,10.631401,4.467992
O=C(/C=C/c1ccccc1)c1ccc(Br)cc1,10.200876,4.148229
O=C(C(=O)c1ccc(Br)cc1)c1ccccc1,11.486614,3.9341109
O=C(CC(=O)c1ccc(Br)cc1)c1ccccc1,10.217758,3.760202
O=C(CCc1ccccc1)c1ccc(Br)cc1,10.307554,4.0799465
O=C(CN1C(=O)CSC1=O)c1ccc(Br)cc1,11.490694,3.9996247
O=C(CSc1nnc(-c2ccccc2)o1)c1ccc(Br)cc1,8.432137,4.4680133
O=C(Cc1ccccc1)c1ccc(Br)cc1,10.745521,4.0465226
O=C(Cc1ccccc1F)c1ccc(Br)cc1,10.816161,3.9768245
O=C(Cc1ccccn1)c1ccc(Br)cc1,11.437835,4.0548816
O=C(Cc1nc2ccccc2[nH]1)c1ccc(Br)cc1,9.210723,4.4439745
CN(Cc1ccccc1)C(=O)c1ccc(Br)cc1,8.527082,6.8570495
O=C(OCc1ccccc1)c1ccc(Br)cc1,8.911757,4.95794
CC(=O)c1ccc(OC(=O)c2ccc(Br)cc2)cc1,9.862071,3.929211
Cc1cc(C)cc(C(=O)c2ccc(Br)cc2)c1,10.010126,4.068986
Cc1ccc(C(=O)c2ccc(Br)cc2)cc1C,10.577653,4.255253
O=C(c1ccc(Br)cc1)c1ccc(F)c(F)c1,12.318929,3.7507641
CC(C)(C)c1ccc(C(=O)c2ccc(Br)cc2)cc1,9.565572,4.042231
O=C(c1ccc(Br)cc1)c1ccc2ccccc2c1,9.602929,4.316933
O=C(c1ccc(Br)cc1)c1cccc(Br)c1,11.765475,0.9660153
Cc1cccc(C(=O)c2ccc(Br)cc2)c1,11.021384,4.0485473
O=C(c1ccccc1)c1ccc(Br)cc1,11.497366,4.2478147
Cc1ccccc1C(=O)c1ccc(Br)cc1,11.340759,4.0641913
O=C(c1ccc(Br)cc1)c1ccccc1Cl,11.323394,3.9500806
O=C(c1ccc(Br)cc1)c1ccccn1,11.856526,4.5405164
O=C(c1ccc(Br)cc1)c1cccnc1,12.350455,4.1559334
O=C(c1ccc(Br)cc1)c1ccco1,12.171734,4.879612
O=C(c1ccc(Br)cc1)c1cccs1,12.053197,4.4033194
O=C(c1ccncc1)c1ccc(Br)cc1,12.60708,4.0792885
O=C(c1ccc(Br)cc1)c1cnc(-c2ccccc2)s1,9.532916,4.060139
O=C(c1ccc(Br)cc1)c1cncnc1,12.811387,4.2162685
O=C(c1ccc(Br)cc1)c1ccsc1,12.127378,4.427179
O=C(c1ccc(Br)cc1)c1ncco1,12.3789625,4.202242
Brc1ccc(C(c2ccc[nH]2)c2ccc[nH]2)cc1,5.6023493,6.621734
Brc1ccc(C(c2ccccc2)N2CCNCC2)cc1,6.7579756,7.270515
Brc1ccc(C2(c3ccccc3)c3ccccc3-c3ccccc32)cc1,6.989535,6.743542
Brc1ccc(C2=CCCC2)cc1,9.324403,8.797252
Brc1ccc(C2=CCCCC2)cc1,8.455139,9.040462
Brc1ccc(C2=CCNCC2)cc1,5.603088,7.0226173
Brc1ccc(C2=CCOCC2)cc1,9.817185,9.2338
Brc1ccc(C2CC2)cc1,9.961089,13.514427
Brc1ccc(C2CCC2)cc1,9.145775,13.402327
Brc1ccc(C2CCCC2)cc1,8.505094,12.758584
Brc1ccc(C2CCCCC2)cc1,8.189874,12.154011
Brc1ccc(C2CCCCN2)cc1,5.421637,7.1847525
Brc1ccc(C2CCCCO2)cc1,9.609933,12.985946
CC(C)(C)OC(=O)N1CCCC(c2ccc(Br)cc2)C1,6.552099,8.89874
Brc1ccc(C2CCCN2)cc1,8.682812,12.84482
CC(C)(C)OC(=O)N1CCCC1c1ccc(Br)cc1,6.760042,8.974326
Brc1ccc(C2CCCNC2)cc1,5.2969723,7.023465
Brc1ccc(C2CCCO2)cc1,9.292851,13.244437
Brc1ccc(C2CCNCC2)cc1,6.453704,8.488936
Brc1ccc(C2CCO2)cc1,9.703966,13.069238
Brc1ccc(C2CCOCC2)cc1,8.844009,12.583514
O=S1(=O)CCC(c2ccc(Br)cc2)N1,10.986179,9.961146
Brc1ccc(C2COC2)cc1,10.380174,13.00764
Brc1ccc(C2CCOC2)cc1,9.503334,12.670892
Brc1ccc(C2CO2)cc1,10.712781,12.883169
Brc1ccc(C2OCCCO2)cc1,10.326273,12.984955
Brc1ccc(C=C(c2ccccc2)c2ccccc2)cc1,8.136962,6.185545
Brc1ccc(CC2CC2)cc1,9.423233,13.4251795
O=C1c2ccccc2C(=O)N1CCCc1ccc(Br)cc1,7.6106424,3.506258
CN(CCc1ccc(Br)cc1)C(=O)OC(C)(C)C,7.0783143,9.397056
Brc1ccc(CCN2CCCCC2)cc1,5.1322865,6.345886
Brc1ccc(CCN2CCOCC2)cc1,5.1985693,6.2498407
CS(=O)(=O)CCc1ccc(Br)cc1,10.675718,10.399598
C[Si](C)(C)N(Cc1ccc(Br)cc1)[Si](C)(C)C,6.835964,7.3682256
Brc1ccc(CN2CCC2)cc1,4.9452214,6.8645787
Brc1ccc(CN2CCCC2)cc1,5.114769,6.818016
O=S1(=O)CCCN1Cc1ccc(Br)cc1,9.663388,10.0992565
Brc1ccc(CN2CCNCC2)cc1,5.11969,6.6068144
O=S1(=O)CCN(Cc2ccc(Br)cc2)CC1,9.040862,9.894043
O=C1C(=O)N(Cc2ccc(Br)cc2)c2ccccc21,10.813842,5.7566886
Brc1ccc(COC2CCOCC2)cc1,8.17142,11.283746
Brc1ccc(COCc2ccccc2)cc1,8.2062025,11.057623
CS(=O)(=O)Cc1ccc(Br)cc1,11.179302,10.183698
O=S(=O)(Cc1ccc(Br)cc1)N1CCOCC1,6.247456,5.7605634
O=S(=O)(Cc1ccc(Br)cc1)c1ccccc1,8.802875,5.3777385
Brc1ccc(CSc2nc3ccccc3o2)cc1,6.1720834,6.288745
Brc1ccc(Cc2ccc[nH]2)cc1,4.843547,6.6536775
Brc1ccc(Cc2ccccc2)cc1,8.233191,11.905669
Brc1ccc(Cc2nc3ccccc3[nH]2)cc1,5.6556053,6.3952737
Brc1ccc(Cn2cccn2)cc1,10.196684,12.4809885
Cc1nccn1Cc1ccc(Br)cc1,5.3996286,6.822035
Brc1ccc(Cn2ccnc2)cc1,5.7010465,7.1048083
Brc1ccc(Cn2cncn2)cc1,11.043027,11.106926
CN(C(=O)OCc1ccccc1)c1ccc(Br)cc1,6.4164724,8.961223
CS(=O)(=O)N(c1ccc(Br)cc1)S(C)(=O)=O,11.700416,9.414304
C[Si](C)(C)N(c1ccc(Br)cc1)[Si](C)(C)C,6.178137,8.633544
Cc1cccc(N(c2ccc(Br)cc2)c2cccc(C)c2)c1,6.2867074,7.8662324
CN(c1ccccc1)c1ccc(Br)cc1,5.6068215,9.616927
Brc1ccc(N(c2ccccc2)c2ccccc2)cc1,6.0652566,8.278635
O=C1C(Br)CCN1c1ccc(Br)cc1,11.614543,0.74345136
Brc1ccc(N2CCCC2)cc1,5.636171,10.782255
O=C1CCCN1c1ccc(Br)cc1,7.3417473,10.315459
O=C1CCCCN1c1ccc(Br)cc1,8.291333,9.149602
CS(=O)(=O)N1CCN(c2ccc(Br)cc2)CC1,5.9363837,8.8940735
Brc1ccc(N2CCNCC2)cc1,5.336145,10.402641
O=C1CNCCN1c1ccc(Br)cc1,8.160255,9.517209
Brc1ccc(N2CCOCC2)cc1,5.4536934,10.477452
O=C1COCCN1c1ccc(Br)cc1,8.684782,8.543731
O=S1(=O)CCN(c2ccc(Br)cc2)CC1,6.223783,10.074323
CC1(C)c2ccccc2N(c2ccc(Br)cc2)c2ccccc21,6.5259624,6.19239
Brc1ccc(N=C(c2ccccc2)c2ccccc2)cc1,7.7467136,6.4258895
Brc1ccc(N=C=Nc2ccc(Br)cc2)cc1,11.95286,0.33302915
[N-]=[N+]=Nc1ccc(Br)cc1,10.751432,10.109862
O=S=Nc1ccc(Br)cc1,12.545618,5.4541173
Brc1ccc(OC2CC2)cc1,6.371678,12.154399
Brc1ccc(OC2CCC2)cc1,6.0250554,11.651338
Brc1ccc(OC2CCCC2)cc1,5.9450827,11.552006
Brc1ccc(OC2CCCCC2)cc1,5.663215,10.620376
Brc1ccc(OC2CCCCO2)cc1,6.1428523,11.377956
Brc1ccc(OC2CCOCC2)cc1,5.863882,10.55804
Brc1ccc(OCC2CC2)cc1,5.6789374,11.481168
Brc1ccc(OCC2CCCCC2)cc1,5.6701236,10.354137
Brc1ccc(OCC2CCN(CC3CC3)CC2)cc1,5.4762673,7.756844
Brc1ccc(OCCN2CCCC2)cc1,5.4974747,9.065531
Brc1ccc(OCCN2CCCCC2)cc1,5.4363832,8.672096
Brc1ccc(OCCN2CCOCC2)cc1,5.442476,8.459031
Brc1ccc(OCCc2ccccc2)cc1,5.8568277,9.963266
Brc1ccc(OCCc2ccncc2)cc1,6.017649,9.514694
Brc1ccc(OCc2ccccc2)cc1,5.9626207,10.475258
Fc1ccccc1COc1ccc(Br)cc1,6.1401405,10.368604
Brc1ccc(OCc2cscn2)cc1,6.758897,9.08998
C[Si](C)(C)Oc1ccc(Br)cc1,6.393314,11.267343
Brc1ccc(Oc2ccc(Br)cc2)cc1,11.540038,0.31656256
CC(=O)c1ccc(Oc2ccc(Br)cc2)cc1,10.037288,6.4788733
FC(F)(F)c1ccc(Oc2ccc(Br)cc2)nc1,8.90552,5.7936974
Brc1ccc(Oc2ccccc2)cc1,6.878575,11.183032
Fc1ccccc1Oc1ccc(Br)cc1,6.3602486,10.842892
Brc1ccc(Oc2ncccn2)cc1,10.692039,7.991057
CS(=O)(=O)c1ccc(Br)cc1,13.019627,9.275148
O=S(=O)(c1ccc(Br)cc1)C1CCCC1,12.584513,8.86049
O=S(=O)(c1ccc(Br)cc1)C1CCNCC1,6.0481653,5.4602804
O=S(=O)(CC1CC1)c1ccc(Br)cc1,12.613321,9.182707
O=S(=O)(CCCN1CCCC1)c1ccc(Br)cc1,6.5732946,5.4181776
O=S(=O)(c1ccc(Br)cc1)N1CCC1,12.458629,9.16845
O=S(=O)(c1ccc(Br)cc1)N1CCCC1,7.1135373,5.774074
O=S(=O)(c1ccc(Br)cc1)N1CCCCC1,7.059333,5.3901606
O=S(=O)(c1ccc(Br)cc1)N1CCCCCC1,7.049264,5.6426773
O=S(=O)(c1ccc(Br)cc1)N1CCNCC1,6.2712283,5.6012053
O=S(=O)(c1ccc(Br)cc1)N1CCOCC1,6.827114,5.610943
O=S(=O)(c1ccc(Br)cc1)N1CCSCC1,6.298944,5.6338444
O=S(=O)(c1ccc(Br)cc1)c1ccc(Br)cc1,11.937053,0.6828946
O=S(=O)(c1ccccc1)c1ccc(Br)cc1,12.515368,8.941513
O=S(=O)(c1ccc(Br)cc1)n1cccc1,6.966592,5.4526925
CS(=O)c1ccc(Br)cc1,7.8614087,7.7112107
FS(F)(F)(F)(F)c1ccc(Br)cc1,12.918547,9.780334
Brc1ccc(SC2CC2)cc1,7.0775847,10.556347
Brc1ccc(SC2CCCC2)cc1,7.895174,7.9165373
O=C(CCSc1ccc(Br)cc1)c1cccs1,9.389245,5.1634216
Brc1ccc(SCc2ccccc2)cc1,7.5356464,7.2037454
Brc1ccc(Sc2ccc(Br)cc2)cc1,11.709638,0.16952288
Brc1ccc([C@@]23CNC[C@@H]2C3)cc1,8.575704,12.103897
C[Si](C)(C)c1ccc(Br)cc1,9.733838,11.641238
Cc1c[nH]c(-c2ccc(Br)cc2)n1,8.527219,7.918226
Brc1ccc(-c2nnc[nH]2)cc1,8.776984,6.9342237
Cc1cc(-c2ccc(Br)cc2)[nH]n1,9.836358,9.031625
FC(F)(F)c1cc(-c2ccc(Br)cc2)[nH]n1,10.63761,7.7099705
O=C(c1ccccc1)c1c[nH]cc1-c1ccc(Br)cc1,8.653825,6.122708
Brc1ccc(-c2cc(-c3ccccc3)cc(-c3ccccc3)c2)cc1,7.392127,5.83055
Brc1ccc(-c2cc(-c3ccccn3)nc(-c3ccccn3)c2)cc1,8.04307,5.2344136
Brc1ccc(-c2cc(-c3ccccc3)nc(-c3ccccc3)n2)cc1,8.213795,4.93621
Brc1ccc(-c2cc3ccccc3[nH]2)cc1,8.386117,6.9375095
O=c1oc2ccccc2cc1-c1ccc(Br)cc1,9.843246,5.480693
Brc1ccc(-c2cc3ccccn3c2)cc1,8.656381,6.6036186
Brc1ccc(-c2cc[nH]n2)cc1,9.079776,9.558098
Brc1ccc(-c2ccc(Br)cc2)cc1,11.57268,0.5323037
CC(=O)c1ccc(-c2ccc(Br)cc2)cc1,10.168606,5.060045
O=C(c1ccccc1)c1ccc(-c2ccc(Br)cc2)cc1,8.667128,4.7891855
CC(C)(C)c1ccc(-c2ccc(Br)cc2)cc1,7.882349,6.8072076
FC(F)(F)c1ccc(-c2ccc(Br)cc2)cc1,9.53534,6.2450976
O=S(=O)(Oc1ccc(-c2ccc(Br)cc2)cc1)C(F)(F)F,8.359232,5.6629057
CS(=O)(=O)c1ccc(-c2ccc(Br)cc2)cc1,9.308069,5.5545626
Brc1ccc(-c2ccc(-c3ccc(Br)cc3)cc2)cc1,11.966781,0.47044298
Brc1ccc(-c2ccc(-c3ccccc3)cc2)cc1,7.967006,6.2372475
Brc1ccc(-c2ccc(-n3c4ccccc4c4ccccc43)cc2)cc1,6.9556365,5.7904015
CC(=O)c1ccc(-c2ccc(Br)cc2)s1,10.344678,5.080892
Brc1ccc(-c2ccc(-c3ccccc3)s2)cc1,8.439113,5.9327655
Brc1ccc(-c2ccc3c(c2)c2ccccc2n3-c2ccccc2)cc1,6.9619303,6.39007
Brc1ccc(-c2ccc3ccccc3c2)cc1,8.835662,6.4310637
Brc1ccc(-c2ccc3ccccc3n2)cc1,9.555951,5.697008
Fc1cccc(-c2ccc(Br)cc2)c1,10.196551,8.728732
Brc1ccc(-c2cccc(-c3ccc(Br)cc3)c2)cc1,11.837613,0.41005155
Brc1ccc(-c2cccc(-c3ccccc3)c2)cc1,8.287445,6.4572463
Brc1ccc(-c2cccc3ccccc23)cc1,8.952177,6.7865324
Brc1ccc(-c2cccc3c2oc2ccccc23)cc1,8.344086,6.1594615
Brc1ccc(-c2ccccc2)cc1,9.805259,8.958841
Brc1ccc(-c2ccccc2-c2ccc(Br)cc2)cc1,11.966232,0.6664957
Brc1ccc(-c2ccccn2)cc1,10.141416,8.533535
CC(C)(C)OC(=O)n1cccc1-c1ccc(Br)cc1,7.767727,6.974449
Brc1ccc(-c2cccnc2)cc1,10.531182,8.110978
Brc1ccc(-c2cccs2)cc1,9.911254,8.604456
Cn1ccc(-c2ccc(Br)cc2)n1,8.508313,8.816169
Brc1ccc(-c2ccn[nH]2)cc1,10.329527,9.337345
Brc1ccc(-c2ccncc2)cc1,11.53852,6.267195
Cn1nccc1-c1ccc(Br)cc1,9.922926,9.294758
Brc1ccc(-c2ccno2)cc1,11.08438,8.799559
Brc1ccc(-c2ccon2)cc1,11.194442,9.403983
Cc1cccn2cc(-c3ccc(Br)cc3)nc12,8.519466,6.064074
Cc1ccc2nc(-c3ccc(Br)cc3)cn2c1,8.855144,5.9524913
Clc1ccc2nc(-c3ccc(Br)cc3)cn2c1,9.179206,5.5825353
Brc1ccc(-c2cn3cccnc3n2)cc1,9.726835,6.041051
Brc1ccc(-c2cnc3ccccc3n2)cc1,10.304986,4.5005813
Brc1ccc(-c2cncnc2)cc1,11.303835,8.039703
Cn1cc(-c2ccc(Br)cc2)cn1,8.330605,9.316714
CC(C)(C)OC(=O)n1cc(-c2ccc(Br)cc2)cn1,8.152817,6.3213296
Cc1nc(-c2ccc(Br)cc2)co1,9.24282,9.062425
Cc1nc(-c2ccc(Br)cc2)cs1,9.417415,8.02936
Brc1ccc(-c2csc(N3CCCCC3)n2)cc1,6.881897,6.138016
Brc1ccc(-c2csc(N3CCOCC3)n2)cc1,7.2091184,6.4077578
FC(F)(F)c1ccc(-c2nc(-c3ccc(Br)cc3)cs2)cc1,8.42599,5.2713394
Brc1ccc(-c2ccsc2)cc1,9.88805,8.914071
Cc1cc(-c2ccc(Br)cc2)n[nH]1,8.554859,9.438532
FC(F)(F)c1cc(-c2ccc(Br)cc2)n[nH]1,9.755866,8.621907
Cc1nc(-c2ccc(Br)cc2)n[nH]1,8.982957,9.501905
Brc1ccc(-c2nc[nH]n2)cc1,9.748008,9.791314
Brc1ccc(-c2nn[nH]n2)cc1,11.185747,9.314916
CC(=O)c1sc(-c2ccc(Br)cc2)nc1C,10.3991785,4.3469944
Brc1ccc(-c2nc(-c3ccccc3)nc(-c3ccccc3)n2)cc1,8.955075,4.5280023
Cc1nc(-c2ccc(Br)cc2)c(C)s1,9.021701,7.721373
Brc1ccc(-c2nc3ccccc3[nH]2)cc1,9.089433,6.3633857
Brc1ccc(-c2nc3ccccc3n2-c2ccccc2)cc1,7.9882107,5.8836637
Clc1ccc2oc(-c3ccc(Br)cc3)nc2c1,9.749379,4.7082705
Brc1ccc(-c2nc3ccccc3o2)cc1,10.07463,5.363237
Brc1ccc(-c2nc3ccccc3s2)cc1,10.158162,5.019296
Brc1ccc(-c2cn3ccccc3n2)cc1,9.304663,6.2583
Brc1ccc(-c2c[nH]cn2)cc1,8.583433,9.461051
Brc1ccc(-c2ncc[nH]2)cc1,9.154437,8.520917
Brc1ccc(-c2nccc3ccccc23)cc1,9.708433,6.0678415
Brc1ccc(-c2ncccn2)cc1,11.018097,5.171138
Cn1ccnc1-c1ccc(Br)cc1,8.468862,8.068393
Brc1ccc(-c2ncco2)cc1,10.461572,8.843189
Brc1ccc(-c2nccs2)cc1,10.538562,8.768844
Cn1cnc(-c2ccc(Br)cc2)n1,9.201532,9.3257475
Brc1ccc(-c2ncno2)cc1,11.5636635,8.735351
Brc1ccc(-c2cocn2)cc1,10.513369,9.263001
Brc1ccc(-c2cscn2)cc1,10.04894,8.7497
Cc1nnc(-c2ccc(Br)cc2)o1,11.240706,8.558424
Brc1ccc(-c2nnc(-c3ccc(Br)cc3)o2)cc1,12.123677,0.44055635
Brc1ccc(-c2nnc(-c3cccc4ccccc34)o2)cc1,8.753682,4.6868224
Brc1ccc(-c2nnc(-c3ccccc3)o2)cc1,9.83479,5.1196594
O=C1c2ccccc2-c2nnc(-c3ccc(Br)cc3)cc21,9.769325,3.7886357
Brc1ccc(-c2nnn[nH]2)cc1,11.841919,8.883661
Cc1nc(-c2ccc(Br)cc2)no1,11.183333,8.813504
CC(C)(C)c1nc(-c2ccc(Br)cc2)no1,10.009946,7.05082
Brc1ccc(-c2noc(-c3ccccc3)n2)cc1,8.852569,5.236789
Brc1ccc(-c2ncon2)cc1,11.545114,8.995498
Brc1ccc(-c2cnco2)cc1,10.233539,8.88219
Brc1ccc(-c2nnco2)cc1,11.456233,8.741571
Cc1cc(-c2ccc(Br)cc2)on1,10.768853,8.449527
Cc1noc(-c2ccc(Br)cc2)n1,11.528824,8.591688
Cc1cc(=O)n(-c2ccc(Br)cc2)[nH]1,8.667312,8.899616
O=c1c2ccccc2[nH]c(=S)n1-c1ccc(Br)cc1,9.451467,5.652264
Cc1cc(C(=O)C(F)(F)F)c(C)n1-c1ccc(Br)cc1,9.677769,5.429183
Cc1ccc(C)n1-c1ccc(Br)cc1,5.6625896,7.133634
Brc1ccc(-n2c(-c3ccccc3)nc3ccccc32)cc1,7.540199,6.1723084
Brc1ccc(-n2c3ccccc3c3ccccc32)cc1,8.362116,6.808408
Cc1ccn(-c2ccc(Br)cc2)n1,8.969443,9.624548
Brc1ccc(-n2cccc2)cc1,6.0176888,7.02106
Brc1ccc(-n2ccnn2)cc1,11.68421,9.919171
Cc1cn(-c2ccc(Br)cc2)cn1,6.556593,7.2213793
Brc1ccc(-n2ccnc2)cc1,7.33052,7.7776794
Brc1ccc(-n2cnnc2)cc1,11.742584,9.898661
Cc1cc(C)n(-c2ccc(Br)cc2)n1,8.138835,9.889173
O=c1c2ccccc2cnn1-c1ccc(Br)cc1,9.5232935,6.107906
O=C1CCCc2c1cnn2-c1ccc(Br)cc1,9.80381,6.67412
Fc1ccnn1-c1ccc(Br)cc1,10.117983,10.055269
Brc1ccc(-n2nccn2)cc1,10.730596,9.088815
Cc1nnnn1-c1ccc(Br)cc1,11.764715,9.549181
FC(F)(F)c1ccc(Br)c(C(F)(F)F)c1,4.558971,3.134457
FC(F)(F)c1cc(-c2ccccc2)ccc1Br,4.759813,2.781953
Cc1cc(C(F)(F)F)ccc1Br,7.198081,0.94111985
Cc1cc(OC(F)(F)F)ccc1Br,8.412598,1.159088
Cc1cc(OCc2ccccc2)ccc1Br,9.101296,-1.1710078
Cc1cc(S(C)(=O)=O)ccc1Br,6.4753585,0.7788948
Cc1cc(-c2ccccc2)ccc1Br,7.841017,-0.75130874
Cc1cc(-n2c(C)ccc2C)ccc1Br,5.201584,-0.90596145
Cc1cc(-n2cccc2)ccc1Br,5.2091455,-1.144484
Clc1cc(OCc2ccccc2)ccc1Br,1.5414691,3.194614
Fc1cc(CN2CCOCC2)ccc1Br,1.7802286,-0.87160635
Fc1cc(N2CCOCC2)ccc1Br,1.6134869,-2.4696755
Fc1cc(OC2CCCCO2)ccc1Br,1.6523936,-2.298101
Fc1cc(OCC2CC2)ccc1Br,1.5249721,-2.5079615
Fc1cc(OCc2ccccc2)ccc1Br,1.6816671,-2.2681496
CS(=O)(=O)c1ccc(Br)c(F)c1,0.1288876,-0.14147942
FC(F)(F)Oc1cc(OCc2ccccc2)ccc1Br,3.0546489,-0.29139316
FC(F)(F)c1ccc(Br)c(OCc2ccccc2)c1,3.4712348,0.6493543
Cc1cccc2ccc(Br)cc12,10.222359,9.229262
Brc1ccc2ccc3ccc(Br)cc3c2c1,11.530143,0.815417
Brc1ccc2c3ccc(Br)cc3c3ccccc3c2c1,11.892057,0.35490406
Brc1ccc2ccc3ccccc3c2c1,9.487609,7.8759875
Brc1ccc2ccc(Br)cc2c1,11.372892,0.757343
Brc1ccc2cc3cc(Br)ccc3cc2c1,11.831617,0.403731
Brc1ccc2cc3ccccc3cc2c1,9.513954,7.0056553
Brc1ccc2cc(Br)ccc2c1,11.393268,0.69403666
CC(=O)c1ccc2cc(Br)ccc2c1,11.43699,5.1444
Brc1ccc2cc(OCc3ccccc3)ccc2c1,7.5865602,6.8440356
O=S(=O)(Oc1ccc2cc(Br)ccc2c1)C(F)(F)F,9.67779,5.5023584
CC(C)(C)[Si](C)(C)Oc1ccc2cc(Br)ccc2c1,6.9490075,7.1590443
Clc1c(OCc2ccccc2)ccc2cc(Br)ccc12,7.664398,6.3789797
Brc1ccc2c(ccc3cc(Br)ccc32)c1,11.76516,0.22384843
Brc1ccc2c(ccc3ccccc32)c1,9.442718,7.694356
Brc1ccc2ccccc2c1,10.493219,9.652633
Brc1ccc2c(Br)cccc2c1,11.391504,0.6488887
Fc1c(Br)ccc2ccccc12,0.63746375,-1.7288741
Brc1ccc2c3cccc4cccc(c5cccc1c52)c43,7.582064,-1.5560193
C=C(C)c1cccc(Br)c1,10.826469,11.262632
CC(=O)c1cccc(Br)c1,12.568429,7.700214
CC(C)C(=O)c1cccc(Br)c1,12.332137,7.6816216
O=C(c1cccc(Br)c1)C(F)(F)F,13.137919,7.1573253
O=C(c1cccc(Br)c1)C(F)F,12.875551,7.0042977
O=C(c1cccc(Br)c1)C1CC1,11.781787,7.343751
O=C(c1cccc(Br)c1)C1CCCC1,11.47424,6.931265
O=C(c1cccc(Br)c1)C1CCCCC1,10.845659,6.6745014
O=C(c1cccc(Br)c1)C1CCOCC1,11.076637,6.6951127
O=C(CC(=O)c1cccc(Br)c1)c1ccccc1,10.713782,6.4060884
O=C(CCc1ccccc1)c1cccc(Br)c1,10.267961,6.6002946
O=C(Cc1ccccc1)c1cccc(Br)c1,10.734318,6.6382065
CC(C)N(C(=O)c1cccc(Br)c1)C(C)C,9.23189,7.3441687
CN(Cc1ccccc1)C(=O)c1cccc(Br)c1,9.463483,7.0926013
O=C(c1cccc(Br)c1)N1CCCC1,9.806589,7.6116824
O=C(c1cccc(Br)c1)N1CCCCC1,9.482794,7.409841
O=C(c1cccc(Br)c1)N1CCOCC1,9.709686,7.493216
CC(C)(C)OC(=O)c1cccc(Br)c1,10.449243,7.292457
O=C(OCc1ccccc1)c1cccc(Br)c1,8.172241,3.6369689
O=C(c1cc(Cl)cc(Cl)c1)c1cccc(Br)c1,11.083184,5.9213905
O=C(c1cc(F)cc(F)c1)c1cccc(Br)c1,11.353157,6.204254
O=C(c1cccc(Br)c1)c1cccc(C(F)(F)F)c1,11.247084,6.0643954
O=C(c1ccccc1)c1cccc(Br)c1,11.533536,6.5942054
Cc1ccccc1C(=O)c1cccc(Br)c1,11.020344,6.7253995
O=C(c1cccc(Br)c1)c1ccccc1Cl,11.456089,6.3500834
O=C(c1cccc(Br)c1)c1ccccn1,11.455267,6.7408686
O=C(c1cccc(Br)c1)c1cccs1,12.018748,6.7223396
O=C(c1ccsc1)c1cccc(Br)c1,11.596859,6.538648
CC(C)(c1cccc(Br)c1)C(F)(F)F,9.846104,11.1367655
FC(c1cccc(Br)c1)C(F)(F)F,11.963989,11.244866
CC(C)(C)c1cccc(Br)c1,9.850928,12.593942
FC(F)(F)c1cccc(Br)c1,12.220223,10.807417
FC(F)c1cccc(Br)c1,11.969718,11.894281
CC1(c2cccc(Br)c2)COC1,10.368967,12.207379
Brc1cccc(C2=CCCC2)c1,9.930295,9.807151
CC1(C)COC(c2cccc(Br)c2)=N1,8.229058,3.9765213
O=C1CN=C(c2cccc(Br)c2)c2oc3ccccc3c2N1,8.831881,5.694555
Brc1cccc(C2=NCCO2)c1,7.9655023,4.678973
FC1(F)CC1c1cccc(Br)c1,10.862297,11.679538
Brc1cccc(C2CCCCC2)c1,9.098966,11.677833
Brc1cccc(C2CCCN2)c1,9.335514,10.778486
CC(C)(C)OC(=O)N1CCC(c2cccc(Br)c2)CC1,6.9796686,8.463785
Brc1cccc(C2CO2)c1,11.209661,12.008166
Brc1cccc(C2COC2)c1,10.517366,12.320779
Brc1cccc(C2OCCCO2)c1,9.562636,10.985376
CN(C)C(=O)Cc1cccc(Br)c1,9.540062,10.643978
O=C(Cc1cccc(Br)c1)N1C(=O)OC[C@@H]1Cc1ccccc1,6.8561826,8.130128
O=C(Cc1cccc(Br)c1)N1CCCC1,9.174003,10.413498
O=C(Cc1cccc(Br)c1)c1ccccc1,10.865456,6.673482
FC(F)(F)CCc1cccc(Br)c1,10.333126,11.588319
O=C1c2ccccc2C(=O)N1CCc1cccc(Br)c1,8.352245,4.1609817
Brc1cccc(CCN2CCCC2)c1,5.4868193,7.628356
CC(C)(C)[Si](C)(C)OCCc1cccc(Br)c1,7.006508,9.450176
CN(Cc1cccc(Br)c1)C(=O)OC(C)(C)C,7.5354075,9.961487
CC(C)N(Cc1cccc(Br)c1)C(C)C,5.2618175,6.67659
Brc1cccc(CN2CCCC2)c1,5.62924,7.567655
Brc1cccc(CN2CCCCC2)c1,5.6793957,8.179125
O=C1CCCCN1Cc1cccc(Br)c1,8.891146,10.766669
Brc1cccc(CN2CCOCC2)c1,5.546779,7.376611
CC(C)(C)OCc1cccc(Br)c1,8.9549055,11.521303
CC(C)(C)OC(=O)N1CCC(OCc2cccc(Br)c2)CC1,6.7402186,8.1597
Brc1cccc(COC2CCOCC2)c1,8.673742,11.197114
FC(F)(F)COCc1cccc(Br)c1,10.898652,11.373834
Brc1cccc(COc2ccccc2)c1,6.0794625,7.1688194
CS(=O)(=O)Cc1cccc(Br)c1,11.621227,10.267328
Brc1cccc(Cc2ccccc2)c1,9.29437,11.405004
CN(C(=O)OC(C)(C)C)c1cccc(Br)c1,7.8840714,9.069799
CN(C)c1cccc(Br)c1,8.137445,9.433106
CN(c1cccc(Br)c1)S(C)(=O)=O,10.357568,10.411223
Cc1ccc(N(c2ccc(C)cc2)c2cccc(Br)c2)cc1,7.381723,7.0207987
Brc1cccc(N(c2ccccc2)c2ccccc2)c1,7.7004952,7.3941298
O=C1C=CC(=O)N1c1cccc(Br)c1,10.7945175,5.4468045
Brc1cccc(N2CCC2)c1,8.059172,9.555114
O=C1CCN1c1cccc(Br)c1,9.637016,10.069688
Brc1cccc(N2CCCC2)c1,7.748089,9.312591
O=C1CCCN1c1cccc(Br)c1,9.23124,10.008037
Brc1cccc(N2CCCCC2)c1,7.7294345,9.131176
O=S1(=O)CCCN1c1cccc(Br)c1,8.917153,9.711556
CC(C)(C)OC(=O)N1CCN(c2cccc(Br)c2)CC1,7.1071444,7.330779
O=C1NCCN1c1cccc(Br)c1,8.881268,9.987012
Brc1cccc(N2CCOCC2)c1,7.8267484,9.307931
Brc1cccc(N=C(c2ccccc2)c2ccccc2)c1,8.64084,5.5065184
FC(F)(F)Oc1cccc(Br)c1,12.283173,11.247811
Brc1cccc(OC2CC2)c1,8.898906,10.110664
Brc1cccc(OC2CCC2)c1,8.857622,10.147699
Brc1cccc(OC2CCCC2)c1,8.488771,10.105288
Brc1cccc(OC2CCCCC2)c1,8.422279,9.774327
Brc1cccc(OC2CCCCO2)c1,8.438077,9.862728
CC(C)(C)OC(=O)N1CCC(Oc2cccc(Br)c2)CC1,7.025289,7.8911676
CC(C)(C)OC(=O)N1CC(Oc2cccc(Br)c2)C1,7.6621633,8.596306
FC(F)(F)COc1cccc(Br)c1,10.260733,10.113953
Brc1cccc(OCC2CC2)c1,8.685084,9.9898815
Brc1cccc(OCC2CCCCO2)c1,8.189404,9.479418
Brc1cccc(OCC2CCN(CC3CC3)CC2)c1,5.702139,6.184893
Brc1cccc(OCCN2CCCCC2)c1,5.296213,6.4743137
Brc1cccc(OCc2ccccc2)c1,8.876383,9.907205
CC(C)(C)[Si](C)(C)Oc1cccc(Br)c1,8.093629,9.00839
C[Si](C)(C)Oc1cccc(Br)c1,8.454206,9.680892
Brc1cccc(Oc2ccccc2)c1,8.776443,9.47063
CS(=O)(=O)c1cccc(Br)c1,6.9761143,4.4596353
CC(C)S(=O)(=O)c1cccc(Br)c1,7.2182794,4.1609287
O=S(=O)(c1cccc(Br)c1)C(F)(F)F,6.779707,3.9271727
CN(C)S(=O)(=O)c1cccc(Br)c1,11.839966,9.07872
O=S(=O)(c1cccc(Br)c1)N1CCCCC1,11.477568,8.914074
O=S(=O)(c1cccc(Br)c1)N1CCCCCC1,10.492446,7.9633994
O=S(=O)(c1cccc(Br)c1)N1CCOCC1,9.508513,6.885789
CS(=O)c1cccc(Br)c1,9.608227,8.358515
FS(F)(F)(F)(F)c1cccc(Br)c1,12.902278,9.953072
CC(C)(C)Sc1cccc(Br)c1,9.015893,7.9895535
FC(F)(F)Sc1cccc(Br)c1,12.325357,10.618433
Brc1cccc(SC2CC2)c1,8.460335,9.301239
Brc1cccc(SC2CCC2)c1,8.405502,8.258026
Brc1cccc(SC2CCCC2)c1,8.123414,8.578936
FC(F)(F)CSc1cccc(Br)c1,9.808501,8.167867
C[Si](C)(C)c1cccc(Br)c1,9.946963,12.143832
Brc1cccc(-c2c[nH]nn2)c1,10.943857,10.575042
Brc1cccc(-c2cc(-c3ccccc3)cc(-c3ccccc3)c2)c1,7.383922,6.2373366
Brc1cccc(-c2cc3ccccc3[nH]2)c1,8.987444,6.728856
Brc1cccc(-c2ccc3ccccc3c2)c1,9.30415,6.517922
Brc1cccc(-c2cccc(-c3cccc(Br)c3)c2)c1,12.040952,0.47987136
Brc1cccc(-c2cccc(-c3ccccc3)c2)c1,8.552209,6.784223
Brc1cccc(-c2ccccc2)c1,10.351964,10.54057
Brc1cccc(-c2ccccc2-c2cccc(Br)c2)c1,11.782889,0.5233839
Brc1cccc(-c2ccccn2)c1,10.866268,9.346264
Brc1cccc(-c2cccnc2)c1,11.138513,7.838744
Brc1cccc(-c2ccncc2)c1,11.4415865,7.695104
Brc1cccc(-c2ccno2)c1,7.621216,4.2848163
Brc1cccc(-c2cnc[nH]2)c1,9.026334,9.094766
Brc1cccc(-c2cnco2)c1,10.842703,9.694594
Cc1nc(-c2cccc(Br)c2)cs1,10.345845,8.93004
Brc1cccc(-c2cscn2)c1,10.502018,9.232033
Brc1cccc(-c2cc[nH]n2)c1,10.014666,10.446112
Brc1cccc(-c2nn[nH]n2)c1,7.6362753,4.3749466
Brc1cccc(-c2nc(-c3ccccc3)nc(-c3ccccc3)n2)c1,8.244115,5.404299
Brc1cccc(-c2nc3ccccc3[nH]2)c1,9.723947,6.7232385
Brc1cccc(-c2nc3ccccc3n2-c2ccccc2)c1,7.930065,6.2643766
Brc1cccc(-c2nc3ccccc3o2)c1,10.168456,6.3079553
Brc1cccc(-c2nc3ccccc3s2)c1,10.219984,6.185771
O=c1oc(-c2cccc(Br)c2)nc2ccccc12,10.749822,6.1764455
Brc1cccc(-c2cn3ccccc3n2)c1,9.366026,6.9389257
Brc1cccc(-c2ncccn2)c1,11.43521,7.6748137
Brc1cccc(-c2nccs2)c1,10.678052,8.561873
Cc1nnc(-c2cccc(Br)c2)o1,7.446179,4.130329
Brc1cccc(-c2nnco2)c1,7.318664,3.9859931
Brc1cccc(-c2nnn[nH]2)c1,6.608179,4.0165167
Cc1nc(-c2cccc(Br)c2)no1,7.9371977,3.877432
Brc1cccc(-c2ncon2)c1,7.511264,4.2130184
Cc1noc(-c2cccc(Br)c2)n1,7.867858,3.4611413
Cc1ccc(C)n1-c1cccc(Br)c1,7.159011,7.7555137
Brc1cccc(-n2c3ccccc3c3ccccc32)c1,8.79592,6.845101
Brc1cccc(-n2cccc2)c1,8.060086,8.143663
Brc1cccc(-n2cccn2)c1,10.7989435,10.28594
Brc1cccc(-n2cncn2)c1,11.843742,10.51731
Brc1cccc(-n2cnnc2)c1,12.21963,8.663991
Cc1cc(C)n(-c2cccc(Br)c2)n1,8.550769,9.137851
Cc1ccnn1-c1cccc(Br)c1,10.313616,10.25267
CC(=O)c1nnn(-c2cccc(Br)c2)c1C,10.794875,6.572596
C[Si](C)(C)c1cccc(Br)c1OS(=O)(=O)C(F)(F)F,3.6921544,1.9013098
Brc1cccc2cccc(Br)c12,10.764633,0.6528704
Brc1cccc2cccc(-c3ccccc3)c12,6.6249638,0.39913055
Brc1cccc2cc3cccc(Br)c3cc12,11.131128,0.28918964
Brc1cccc2cc3c(Br)cccc3cc12,11.278478,0.34757474
Brc1cccc2cc3ccccc3cc12,7.261738,-1.7150465
FC(F)(F)c1ccc2c(Br)cccc2c1,7.1972227,-0.37353817
Brc1cccc2c1ccc1cc3ccccc3cc12,7.4132395,-1.8056815
Brc1cccc2ccccc12,7.750831,-1.4098656
Brc1cccc2c(Br)cccc12,11.021637,0.27208126
Brc1ccccc1,11.083939,12.930007
O=C1/C(=C/c2ccccc2Br)COc2ccccc21,5.459245,0.62915987
FC(F)(F)C(F)(F)c1ccccc1Br,4.6248894,2.752721
CC(C)(C)c1ccccc1Br,8.207636,0.4330657
CC(F)(F)c1ccccc1Br,6.124295,1.7855737
FC(F)(F)c1ccccc1Br,4.980758,2.8510258
CC1(c2ccccc2Br)CC1,7.933627,0.42008603
CC1(c2ccccc2Br)CCO1,6.4539165,1.5353948
FC(F)(F)C1(c2ccccc2Br)CC1,6.2386193,1.4845701
CC1(C)COC(c2ccccc2Br)=N1,6.8937063,2.019218
CC(C)(C)[C@H]1COC(c2ccccc2Br)=N1,6.413154,1.5535452
Brc1ccccc1C1CC1,8.150947,0.66330963
Brc1ccccc1C1CCNCC1,5.3469033,-0.955607
Brc1ccccc1C1CO1,8.56143,0.7022757
Brc1ccccc1CC1CCCCN1,5.243074,-0.80266374
Brc1ccccc1CC1CCCN1,5.540402,-0.52090234
CC(C)(C)[Si](C)(C)OCCc1ccccc1Br,6.1161346,0.72863257
Brc1ccccc1CN1CCCC1,5.167218,-0.9535108
Brc1ccccc1CN1CCOCC1,5.624565,-0.30152133
CC(C)(C)OCc1ccccc1Br,7.7833104,0.16223118
Brc1ccccc1COc1ccccc1,5.321941,-0.28002542
CS(=O)(=O)Cc1ccccc1Br,6.5915337,1.2727482
O=S(=O)(Cc1ccccc1Br)c1ccccc1,6.463107,2.582675
C[Si](C)(C)Cc1ccccc1Br,7.2808833,0.481773
Brc1ccccc1Cc1ccccc1,7.426639,0.91484237
Brc1ccccc1Cn1ccnc1,5.3372,-0.3733204
CN(c1ccccc1Br)S(C)(=O)=O,5.3859954,1.699961
Brc1ccccc1N(c1ccccc1)c1ccccc1,4.455057,-0.38359755
Brc1ccccc1N1CCCC1,4.1874924,-1.8355819
Brc1ccccc1N1CCCCC1,4.017564,-1.7127172
Brc1ccccc1N1CCNCC1,4.1272078,-1.6394645
Brc1ccccc1N1CCOCC1,4.1030583,-1.7742988
Brc1ccccc1N=C(c1ccccc1)c1ccccc1,4.9646873,0.27104795
CC(C)(C)Oc1ccccc1Br,4.025457,-1.070021
FC(F)(F)Oc1ccccc1Br,3.7651613,1.3930764
Brc1ccccc1OC1CC1,3.8226461,-0.70302314
Brc1ccccc1OC1CCC1,3.8327937,-0.85862017
Brc1ccccc1OC1CCCC1,3.6272361,-0.80685234
Brc1ccccc1OC1CCCCC1,3.8374815,-1.0483875
Brc1ccccc1OC1CCCCO1,3.2631059,-1.0933942
Brc1ccccc1OCc1ccccc1,3.1314688,-1.359312
CC(C)(C)[Si](C)(C)Oc1ccccc1Br,3.6840641,-0.74386436
CC(C)[Si](Oc1ccccc1Br)(C(C)C)C(C)C,3.8857985,0.0870424
Brc1ccccc1Oc1ccccc1,3.9550128,-0.75278676
Brc1ccccc1Oc1cnccn1,3.0425425,1.412971
CS(=O)(=O)c1ccccc1Br,3.67233,3.3841624
CC(C)S(=O)(=O)c1ccccc1Br,3.7639122,3.100873
CN(C)S(=O)(=O)c1ccccc1Br,3.376482,3.250662
O=S(=O)(c1ccccc1Br)N1CCCCC1,3.2836282,3.0841162
O=S(=O)(c1ccccc1Br)N1CCOCC1,3.1138644,3.1510205
Brc1ccccc1SC1CC1,1.8395747,3.1279616
Brc1ccccc1[C@@H]1CCCN1,5.0455604,-0.6089015
C[Si](C)(C)c1ccccc1Br,7.120202,0.88376915
Brc1ccccc1-c1c[nH]cn1,8.191683,-0.53974265
Brc1ccccc1-c1cc[nH]n1,8.064698,0.48790604
Brc1ccccc1-c1ccc(-c2ccccc2)cc1,6.379033,0.0746596
Brc1ccccc1-c1ccc2c(c1)c1ccccc1n2-c1ccccc1,6.406745,6.300425
Brc1ccccc1-c1ccc2ccccc2c1,6.7258883,-0.31870306
Brc1ccccc1-c1ccccc1,7.61477,1.1927028
Brc1ccccc1-c1ccccc1Br,11.188701,0.5262004
Brc1ccccc1-c1ccccn1,7.5405617,0.19680724
Brc1ccccc1-c1cccnc1,7.2085767,0.31841192
Brc1ccccc1-c1cccs1,7.2257953,0.48391905
Brc1ccccc1-c1ccncc1,6.3931274,-0.14924209
Brc1ccccc1-c1cnco1,7.3703566,1.0170869
Brc1ccccc1-c1nn[nH]n1,7.2145367,1.9188398
Brc1ccccc1-c1nc(-c2ccccc2)nc(-c2ccccc2)n1,5.8169355,1.21579
Brc1ccccc1-c1nc2ccccc2[nH]1,7.6256785,-0.6742024
Brc1ccccc1-c1nc2ccccc2o1,6.6055794,0.7912581
Brc1ccccc1-c1nc2ccccc2s1,6.5799627,1.9902114
Brc1ccccc1-c1ncc[nH]1,8.221619,-0.713174
Brc1ccccc1-c1ncccn1,7.190816,0.99899507
Brc1ccccc1-c1ncco1,7.4014807,1.1086297
Brc1ccccc1-c1nccs1,7.5639563,0.33359098
Brc1ccccc1-c1nnco1,6.6363516,2.6000159
Brc1ccccc1-c1nnn[nH]1,6.5834365,4.055067
Brc1ccccc1-c1noc(-c2ccccc2)n1,7.3574824,2.901814
Cc1ccc(C)n1-c1ccccc1Br,5.022159,-0.055666313
Brc1ccccc1-n1c2ccccc2c2ccccc21,4.968283,0.080756836
Brc1ccccc1-n1cccc1,4.745412,-0.4894992
Brc1ccccc1-n1cccn1,4.407126,0.02538869
Brc1ccccc1-n1ccnc1,4.6483603,0.16011055
C/C=C/c1ccc(Br)cc1,10.035607,9.354994
C=CC(=O)c1ccc(Br)cc1,12.880955,5.646522
C=CCC(C#N)c1ccc(Br)cc1,10.00837,10.781026
C=CCCC(=O)c1ccc(Br)cc1,12.162582,4.7455587
C=CCCCc1ccc(Br)cc1,8.501718,12.980478
C=CCCCc1ccccc1Br,7.5047083,0.5752972
C=CCCOc1ccc(Br)cc1,6.1288733,11.636674
C=CCCOc1cccc(Br)c1,8.66652,10.00907
C=CCCc1ccc(Br)cc1,9.623416,13.496981
C=CCCc1cccc(Br)c1,9.97439,12.210989
C=CCCc1ccccc1Br,7.9575014,0.5876579
C=CCOCCc1ccc(Br)cc1,8.346966,11.762798
C=CCOCc1cccc(Br)c1,9.780363,12.09275
C=CCOc1ccc(Br)cc1,6.1555085,11.998456
C=CCOc1ccc(F)cc1Br,2.5980318,-1.420849
C=CCOc1ccc(Br)cc1C=O,10.909757,7.6151843
C=CCOc1ccccc1Br,2.521473,-1.8860644
C=CCSCc1ccc(Br)cc1,6.275752,7.0004897
C=CCc1ccc(Br)cc1,10.035913,13.576717
C=CCc1cccc(Br)c1,10.781195,12.583589
C=CCc1ccccc1Br,8.65368,0.5985904
C=COc1ccc(Br)cc1,8.006647,8.28871
C=Cc1cc(Br)ccc1F,11.143659,12.107199
C=Cc1cc(Cl)ccc1Br,7.9239335,0.99078184
C=Cc1cc(F)ccc1Br,8.499014,0.979749
C=Cc1ccc(F)c(Br)c1,0.32455775,-1.4681373
C=Cc1ccc(Br)c(F)c1,0.32191584,-1.506185
C=Cc1ccc(Br)cc1,10.595176,9.76734
C=Cc1ccc(F)cc1Br,8.0936985,0.35238564
C=Cc1ccc(Br)cc1C,10.322609,9.441508
C=Cc1ccc(Br)cc1Cl,11.112052,9.038963
C=Cc1ccc(Br)cc1F,11.036742,9.376087
C=Cc1cccc(Br)c1,10.8513775,10.977309
C=Cc1ccccc1Br,8.172168,0.84587044
C=C(C)CCc1ccc(Br)cc1,8.777422,12.957703
C=C(C)CCc1cccc(Br)c1,9.210224,12.510506
C=C(C)CCc1ccccc1Br,8.025701,0.30065438
C=C(C)COc1ccc(Br)cc1,5.925511,11.822548
C=C(C)COc1ccc(C)cc1Br,3.1888003,-1.7090341
C=C(C)COc1cccc(Br)c1,8.621887,9.859896
C=C(C)COc1ccccc1Br,3.2430515,-1.7903312
C=C(C)Cc1cccc(Br)c1,10.05743,12.357879
C=C(C)Cc1ccccc1Br,8.057511,0.24791701
C=C(C)c1ccc(Br)cc1,10.496186,9.61642
C=C(C)c1ccccc1Br,8.203082,0.76354325
CC(C)=CCOc1ccc(Br)cc1,5.6124024,11.105967
CC(C)=Cc1ccccc1Br,7.525908,0.9889998
CC(=O)/C=C/c1cccc(Br)c1,12.221928,7.299835
CC(=O)C1(c2ccc(Br)cc2)CC1,10.287048,8.859892
CC(=O)CCc1cccc(Br)c1,10.267866,8.564341
CC(=O)Cc1ccc(Br)cc1,10.7526865,8.287156
CC(=O)Cc1ccc(Cl)cc1Br,7.1122184,0.38103187
CC(=O)Cc1ccc(F)cc1Br,7.230795,0.40540764
CC(=O)Cc1cccc(Br)c1,10.760907,8.264866
CC(=O)Cc1ccccc1Br,7.674036,-0.07331215
CC(=O)OCCCc1ccc(Br)cc1,8.528961,11.965259
CC(=O)OCCOc1ccc(Br)cc1,6.4079394,11.28306
CC(=O)OCc1cccc(Br)c1,10.758919,11.90383
CC(=O)Oc1c(C(C)C)cc(Br)cc1C(C)C,7.6761537,10.374888
CC(=O)Oc1cc(F)cc(Br)c1,11.880656,10.462854
CC(=O)Oc1ccc(OC(C)=O)c(Br)c1,4.077442,0.73969495
CC(=O)Oc1ccc(Br)cc1,10.4755745,12.879872
CC(=O)Oc1ccc(-c2ccc(Br)cc2)cc1,8.535412,6.8005643
CC(=O)Oc1ccc(Cl)cc1Br,4.0508776,1.0483185
CC(=O)Oc1ccc(Br)cc1C,9.41601,12.364981
CC(=O)Oc1ccc(Br)cc1Cl,11.325843,11.259213
CC(=O)Oc1cccc(Br)c1,11.419629,11.282029
CC(=O)Oc1ccccc1C(=O)c1ccc(Br)cc1,10.222997,3.805771
CC(=O)Sc1ccc(Br)cc1,10.856913,8.323434
CC(=O)[C@@H](Cc1ccc(Cl)cc1)c1cccc(Br)c1,8.472078,6.8293915
CC(=O)c1c(F)cc(Br)cc1F,13.910745,5.9825435
CC(=O)c1cc(Br)c(F)cc1F,-0.080704845,0.444224
CC(=O)c1ccc(C)c(Br)c1,6.292224,-1.1200956
CC(=O)c1ccc(Cl)c(Br)c1,2.5217226,3.7280786
CC(=O)c1ccc(F)c(Br)c1,0.24418962,0.35693726
CC(=O)c1ccc(Br)c(C(F)(F)F)c1,4.2219944,3.631371
CC(=O)c1ccc(Br)c(C)c1,6.1237783,-1.1931051
CC(=O)c1ccc(Br)c(Cl)c1,2.8147962,3.6312287
CC(=O)c1ccc(Br)c(F)c1,0.46570617,0.47351053
CC(=O)c1ccc(Br)c(F)c1F,0.21208858,0.65172315
CC(=O)c1ccc(Br)c2ccccc12,6.7012568,-1.6537097
CC(=O)c1ccc(Br)cc1,13.291565,5.467487
CC(=O)c1cccc(Br)c1C,6.317266,-1.4316752
CC(=O)c1cccc(Br)c1Cl,2.458113,3.901911
CC(=O)c1cccc(Br)c1F,0.29719383,0.71194154
CC(=O)c1nnn(Cc2ccc(Br)cc2)c1C,10.027662,7.131483
CC(=O)c1sc2nc(-c3ccc(Br)cc3)cn2c1C,8.502732,5.3504987
CC(C)C(=O)Cc1ccc(Br)cc1,10.08347,8.353687
CC(C)C(=O)c1ccc(Br)cc1,12.503347,4.8879895
CC(C)(c1ccc(Br)cc1)C(F)(F)F,9.922206,11.466916
CC(OS(C)(=O)=O)(c1ccc(Br)cc1)C(F)(F)F,10.428611,9.513454
CC(c1ccc(Br)cc1)C(F)(F)F,10.594041,11.589886
CC(C)C(C#N)c1ccc(Br)cc1,10.166951,10.69237
CC(C)CC(=O)c1ccc(Br)cc1,12.101368,4.8561273
CC(C)CCSc1ccc(Br)cc1,7.5150533,7.52612
CC(C)(C)COS(=O)(=O)c1ccc(Br)cc1,12.411144,8.963244
CC(C)COc1ccc(F)c(Br)c1,1.5503798,-1.5542938
CC(C)COc1ccc(Br)c(F)c1,1.3982137,-2.5645857
CC(C)(C)COc1ccc(Br)cc1,5.6278043,10.843286
CC(C)COc1ccc(Br)cc1,5.8665223,11.448174
CC(C)COc1ccc2cc(Br)ccc2c1,7.928743,7.611618
CC(C)COc1cccc(Br)c1,8.689965,9.944477
CC(C)COc1ccccc1Br,3.499077,-1.3213409
CC(C)CS(=O)(=O)c1ccccc1Br,3.753539,3.0377069
CC(C)(C)Cc1ccc(Br)cc1,8.628517,13.100783
CC(F)(F)Cc1ccc(Br)cc1,10.996509,12.728421
CC(C)Cc1ccc(Br)cc1,9.319562,13.474851
CC(C)Cc1cccc(Br)c1,9.807437,12.545084
CC(C)N(C(=O)c1ccc(Br)cc1)C(C)C,8.183601,7.0259733
CC(C)N1CCN(c2ccc(Br)cc2)CC1,5.520394,8.9645195
Cc1cc(C(=O)OC(C)C)ccc1Br,6.097911,-1.1956667
CC(C)OC(=O)c1ccc(Br)cc1,11.929544,5.1236596
CC(C)OC(=O)c1cccc(Br)c1,7.909298,3.565178
CC(C)(C)OCc1ccc(Br)cc1,8.4937,12.409107
CC(C)OCc1ccc(Br)cc1,8.798702,12.402399
CC(C)OCc1cccc(Br)c1,9.739242,12.289691
Cc1cc(C)c(OC(C)C)c(Br)c1,3.9459672,-1.3578371
Cc1cc(Br)cc(C)c1OC(C)C,7.437128,11.396266
CC(C)Oc1c(Cl)ccc(Br)c1F,0.67440844,-1.5588433
CC(C)Oc1cc(Br)ccc1Cl,9.161339,9.607175
CC(C)Oc1cc(Br)ccc1F,9.776455,12.137013
Cc1cc(Br)cc(OC(C)C)c1,8.256887,10.282334
Cc1ccc(Br)c(OC(C)C)c1,2.6043916,-1.918369
CC(C)(C)Oc1cc(F)ccc1Br,3.284281,-0.70018506
CC(C)Oc1cc(F)ccc1Br,3.1646247,-0.904158
Cc1ccc(OC(C)C)cc1Br,7.625927,-0.25506958
Cc1cc(OC(C)C)ccc1Br,9.467055,-0.88837326
CC(C)Oc1ccc(Br)c(F)c1,1.0525625,-2.4551454
CC(C)Oc1ccc(Br)c2ccccc12,7.820939,-1.2818325
CC(C)(C)Oc1ccc(Br)cc1,7.516898,12.327443
CC(C)Oc1ccc(Br)cc1,7.335859,12.318893
CC(C)Oc1ccc(C(C)(C)C)cc1Br,3.6722991,-0.84388113
CC(C)Oc1ccc(C(F)(F)F)cc1Br,3.1140661,0.7651592
Cc1ccc(OC(C)C)c(Br)c1,3.931451,-1.1245656
CC(C)Oc1ccc(Cl)cc1Br,3.749109,-0.1545514
CC(C)Oc1ccc(F)cc1Br,2.6947498,-1.2666172
CC(C)Oc1ccc(Br)cc1C(F)(F)F,7.2472014,9.317623
Cc1cc(Br)ccc1OC(C)C,7.8686275,12.448151
CC(C)Oc1ccc(Br)cc1Cl,7.581702,11.365283
CC(C)Oc1ccc(Br)cc1F,7.607964,11.912253
CC(C)Oc1ccc2cc(Br)ccc2c1,8.736299,7.754881
CC(C)Oc1ccc2ccccc2c1Br,3.6163702,-2.4790916
CC(C)Oc1cccc(Br)c1,8.648388,10.032698
CC(C)Oc1cccc(Br)c1F,1.0953764,-1.7457485
CC(C)Oc1ccccc1Br,3.7024856,-0.8689528
CC(C)S(=O)(=O)c1ccc(Br)cc1,12.906214,9.184478
CC(C)(C)S(=O)/N=C/c1ccc(Br)cc1,9.598967,4.457185
CC(C)S(=O)c1ccc(Br)cc1,7.2993426,7.1376224
CC(C)SCc1ccc(Br)cc1,6.057198,7.09066
CC(C)SCc1ccccc1Br,5.918309,-0.20191373
CC(C)(C)Sc1ccc(Br)cc1,6.703739,7.088059
CC(C)Sc1ccc(Br)cc1,6.7190733,7.3247056
CC(C)Sc1cccc(Br)c1,8.932733,8.236823
Cc1c(Br)ccc(O[Si](C(C)C)(C(C)C)C(C)C)c1Cl,6.184227,7.7056785
CC(C)[Si](Oc1ccc(Br)cc1)(C(C)C)C(C)C,6.0301228,8.680104
CC(C)(C)[Si](C)(C)Oc1ccc(Br)cc1,6.0885143,9.392364
CC(C)c1cc(C(C)C)c(Br)c(C(C)C)c1,8.852264,-2.1160717
CC(C)c1cc(OCc2ccccc2)ccc1Br,9.020783,-1.4929477
CC(C)c1ccc(C(C)C)c(Br)c1,8.036429,-0.010533368
CC(C)c1ccc(Cl)c(Br)c1,1.5858569,3.6881475
CC(C)(C)c1ccc(Br)cc1,8.777488,13.159858
CC(F)(F)c1ccc(Br)cc1,11.574541,12.014046
CC(C)c1ccc(Br)cc1,9.384639,13.411258
CC(C#N)c1ccc(Br)cc1,11.347125,11.127564
CC(F)c1ccc(Br)cc1,10.86661,13.1416645
CC(N=C=O)c1ccc(Br)cc1,10.86825,12.019946
CC(N=C=S)c1ccc(Br)cc1,10.271271,8.338367
CC(C)c1cccc(C(C)C)c1Br,8.795678,-1.8751646
CC(C)c1ccccc1Br,8.474162,0.41116825
CC1(C)COC(c2ccc(Br)cc2)=N1,9.9873705,7.866865
CC1(c2ccc(Br)cc2)CC1(F)F,9.923763,12.02277
CC1(c2ccc(Br)cc2)CC1,8.967937,13.352162
CC1(c2ccc(Br)cc2)CCO1,8.687538,12.5687275
CC1(c2ccc(Br)cc2)COC1,9.449368,12.62833
CC1CCN(Cc2ccc(Br)cc2)CC1,4.9389186,6.44649
C=C(CC)c1ccc(Br)cc1,9.782551,9.820631
CCC(=O)Cc1ccc(Br)cc1,10.444405,8.603876
CCC(=O)c1cc(Br)ccc1F,12.001725,7.317005
CCC(=O)c1ccc(Br)c(C)c1,6.187276,-1.3856915
CCC(=O)c1ccc(Br)cc1,12.758435,5.071246
CCC(=O)c1ccc(Br)cc1C,12.269039,5.226661
CCC(=O)c1ccc(Br)cc1F,13.137407,5.357607
CCC(=O)c1cccc(Br)c1,12.347816,7.7043505
CCC(C)Oc1ccc(Br)cc1,5.7685204,11.270503
CCC(C)(C)c1ccc(Br)cc1,8.440569,12.774114
CCC(F)(F)c1ccc(Br)cc1,11.115009,11.960138
CCC(C)c1ccc(Br)cc1,9.136354,13.375253
CCC(C(=O)OC)c1ccc(Br)cc1,8.903706,11.5872135
CCCC(=O)c1cc(Br)ccc1F,11.747849,7.3421106
CCCC(=O)c1ccc(Br)cc1,12.691135,5.172634
CCCC(=O)c1ccc(Br)cc1F,12.778918,4.8208256
CCCC(=O)c1cccc(Br)c1,11.75831,7.269166
CCCCC(=O)c1ccc(Br)cc1,11.840976,4.396697
CCCCC(CC)COc1ccc(Br)cc1,5.771723,9.3164835
CCCCCC(=O)c1ccc(Br)cc1,11.225949,4.168952
CCCCCC1CCC(c2ccc(Br)cc2)CC1,6.439891,8.542579
CCCCCCC(=O)c1ccc(Br)cc1,10.625147,3.8803577
CCCCCCCCC(=O)c1ccc(Br)cc1,9.837368,3.8903234
CCCCCCCCCCCCc1ccc(Br)cc1,6.5028315,8.992843
CCCCCCCCCCc1ccc(Br)cc1,6.634006,8.9858885
CCCCCCCCCc1ccc(Br)cc1,6.950053,9.444552
CCCCCCCCOc1ccc(Br)cc1,5.8825116,9.472744
CCCCCCCCc1ccc(Br)cc1,7.4121075,10.337875
CCCCCCCCc1cccc(Br)c1,7.961139,10.64987
CCCCCCCc1ccc(Br)cc1,7.686477,10.994625
CCCCCCOc1ccc(Br)c(F)c1F,1.4307529,-1.7710953
CCCCCCOc1ccc(Br)cc1,5.50089,10.103573
CCCCCCOc1cccc(Br)c1,8.494307,9.529139
CCCCCCc1ccc(Br)cc1,8.108645,11.803727
CCCCCOc1ccc(Br)cc1,5.7396116,11.145142
CCCCCOc1ccc(-c2ccc(Br)cc2)cc1,7.2110467,6.524895
CCCCCOc1cccc(Br)c1,8.166944,9.683925
CCCCCc1ccc(Br)cc1,8.349599,12.507001
CCCCCc1ccc(C(=O)c2ccc(Br)cc2)cc1,9.234489,4.1612315
CCCCCc1ccc(-c2ccc(Br)cc2)cc1,7.6751432,6.6642737
CCCCN(C)Cc1ccccc1Br,5.192535,-0.33032998
CCCCOCCOc1ccc(Br)cc1,6.1918135,9.897236
CCCCOc1c(C)cc(Br)cc1C,7.650818,11.248221
CCCCOc1cc(C)c(Br)c(C)c1,9.323311,-1.8540952
CCCCOc1ccc(Br)c(C)c1,9.38201,-1.1058191
CCCCOc1ccc(Br)c(F)c1,1.4377686,-2.5334237
CCCCOc1ccc(Br)c(OCCCC)c1,2.8737953,-1.0235329
CCCCOc1ccc(Br)cc1,5.6121044,11.212126
CCCCOc1ccc(C=O)cc1Br,2.045641,1.0664498
CCCCOc1ccc(Br)cc1F,6.9390025,11.447269
CCCCOc1ccc2cc(Br)ccc2c1,8.116306,7.296608
CCCCOc1cccc(Br)c1,8.6139765,10.112476
CCCCOc1ccccc1Br,3.2900116,-1.829977
CCCCS(=O)(=O)c1ccc(Br)cc1,12.748361,9.132062
CCCCS(=O)(=O)c1cccc(Br)c1,7.3826194,4.408857
CCCCS(=O)c1cccc(Br)c1,9.600895,7.767066
CCCCSc1ccc(Br)cc1,8.22224,8.1113825
CCCCSc1cccc(Br)c1,8.205009,8.550161
CCCCc1ccc(Br)cc1,9.061149,13.150866
CCCCc1ccc(C(=O)c2ccc(Br)cc2)cc1,9.447572,3.9616911
CCCCc1ccc(-c2ccc(Br)cc2)cc1,7.9173036,6.7958517
CCCOC(=O)c1cccc(Br)c1,7.9444222,3.6276834
CCCOc1c(Br)cc(C=O)cc1OC,2.9008303,1.127084
CCCOc1c(C)cc(Br)cc1C,7.6608644,11.813726
CCCOc1cc(Br)cc(C=O)c1,11.278804,6.80732
CCCOc1cc(Br)ccc1C=O,12.400566,5.197347
CCCOc1cc(C)c(Br)c(C)c1,9.260175,-1.836264
CCCOc1cc(F)ccc1Br,2.5426753,-1.8490556
CCCOc1ccc(Br)c(C)c1,9.556317,-1.0368826
CCCOc1ccc(Br)cc1,6.211345,12.030161
CCCOc1ccc(-c2ccc(Br)cc2)cc1,7.453416,6.879009
CCCOc1ccc(C)cc1Br,2.931163,-1.8610027
CCCOc1ccc(C=O)cc1Br,2.411483,1.5902162
CCCOc1ccc(F)cc1Br,2.776103,-1.2544867
CCCOc1ccc(Br)cc1C=O,10.515047,7.6105604
CCCOc1ccc(Br)cc1Cl,9.504368,11.588498
CCCOc1ccc2cc(Br)ccc2c1,8.511366,7.7459364
CCCOc1cccc(Br)c1,8.553639,9.835749
CCCOc1ccccc1Br,3.185049,-1.6629304
CCCS(=O)(=O)c1ccc(Br)cc1,12.890108,9.254774
CCCS(=O)(=O)c1cccc(Br)c1,7.130284,4.571318
CCCS(=O)(=O)c1ccccc1Br,3.6655102,3.0239537
CCCSc1ccc(Br)cc1,7.027455,7.479711
CCCSc1cccc(Br)c1,8.625479,8.22913
CCC[C@H]1CC[C@H](c2ccc(Br)cc2)OC1,7.47076,10.609474
CCCc1ccc(Br)cc1,9.8628845,13.542288
CCCc1ccc(-c2ccc(Br)cc2)cc1,8.087144,7.2199593
CCCc1cccc(Br)c1,10.433691,12.792618
CCCc1ccccc1Br,8.565839,0.33686987
CCN(CC)C(=O)Cc1ccc(Br)cc1,8.603074,10.796175
CCN(CC)C(=O)c1ccc(Br)c(OC)c1,2.45394,-0.16135325
CCN(CC)C(=O)c1ccc(Br)cc1,8.219713,6.9806237
CCN(CC)C(=O)c1ccc(Br)cc1C,8.105953,7.619293
CCN(CC)C(=O)c1ccc(Br)cc1Cl,9.433699,8.61682
CCN(CC)C(=O)c1ccc(Br)cc1F,8.078449,6.670872
CCN(CC)C(=O)c1cccc(Br)c1,9.483937,7.7243295
CCN(CC)CCOc1ccc(Br)cc1,5.5026965,9.291183
CCN(CC)S(=O)(=O)c1cc(C)cc(Br)c1,11.284206,8.868891
CCN(CC)S(=O)(=O)c1ccc(Br)cc1,7.059182,5.445818
CCN(CC)S(=O)(=O)c1cccc(Br)c1,9.773072,7.3931007
CCN(CC)S(=O)(=O)c1ccccc1Br,3.3422062,2.9046485
CCN(CC)c1ccc(C)c(Br)c1,6.7921658,-0.6655441
CCN(CC)c1ccc(Br)c(F)c1,1.81394,-2.516508
CCN(CC)c1ccc(/N=N/c2ccc(Br)cc2)cc1,8.15455,5.4920306
CCN(CC)c1ccc(Br)cc1,5.370559,10.761491
CCN(CC)c1cccc(Br)c1,7.6496763,9.478039
CCN1CCN(c2ccc(Br)cc2)CC1,5.36952,9.528954
CCOC(=O)/C(C#N)=C(\C)c1ccc(Br)cc1,9.780233,5.2225795
CCOC(=O)/C(C#N)=C/c1ccc(Br)cc1,10.695058,4.86079
CCOC(=O)/C(C#N)=C/c1ccccc1Br,7.4386463,2.2061088
CCOC(=O)/C=C/c1cc(C(F)(F)F)ccc1Br,6.3649106,0.13251841
CCOC(=O)/C=C/c1ccc(F)c(Br)c1,0.8731862,-0.052994568
CCOC(=O)/C=C/c1ccc(Br)c(Cl)c1,2.8548155,3.3492076
CCOC(=O)/C=C/c1ccc(Br)cc1,10.383341,5.5871964
CCOC(=O)/C=C/c1ccc(-c2ccc(Br)cc2)cc1,8.247468,5.207283
CCOC(=O)/C=C/c1ccc(Br)cc1F,11.211819,4.503395
CCOC(=O)/C=C/c1cccc(Br)c1,8.47361,4.104967
CCOC(=O)/C=C/c1ccccc1Br,7.587124,2.0338128
C=C(C(=O)OCC)c1ccc(Br)cc1,9.01655,5.201113
CCOC(=O)C(=[N+]=[N-])c1ccc(Br)cc1,9.786376,6.7238793
CCOC(=O)C(=O)CC(=O)c1ccc(Br)cc1,11.65199,3.8444743
CCOC(=O)C(=O)CC(=O)c1cccc(Br)c1,11.277324,6.4386797
CCOC(=O)C(=O)c1cc(Br)ccc1F,11.747724,7.0378265
CCOC(=O)C(=O)c1ccc(Br)cc1,12.687325,4.240212
CCOC(=O)C(=O)c1ccc(Br)cc1C,12.084561,4.109443
CCOC(=O)C(=O)c1ccc(Br)cc1F,13.080031,4.596788
CCOC(=O)C(=O)c1cccc(Br)c1,11.935206,6.4799004
CCOC(=O)C(=O)c1cccc(Br)c1F,0.38430768,0.5305942
CCOC(=O)C(Cc1ccc(Br)cc1)C(C)=O,9.324364,7.2968354
CCOC(=O)C(Cc1ccc(Br)cc1)C(=O)OCC,7.2046833,9.454181
CCOC(=O)C(C)(CCc1ccc(Br)cc1)S(C)(=O)=O,6.867842,8.769052
CCOC(=O)C(C)(C)c1ccc(Br)cc1,8.0323715,11.454733
CCOC(=O)C(F)(F)c1ccc(Br)cc1,11.47225,9.536275
CCOC(=O)C(C)c1ccc(Br)cc1,8.811846,11.318643
CCOC(=O)C(C#N)c1ccc(Br)cc1,11.37839,10.005191
CCOC(=O)C(F)(F)c1cccc(Br)c1,7.8018603,3.698392
CCOC(=O)C(C)c1cccc(Br)c1,9.498008,11.140386
CCOC(=O)C(F)(F)c1cccc(Br)c1F,0.5988872,-0.8070709
CCOC(=O)C(F)(F)c1ccccc1Br,5.1784043,2.1082895
CCOC(=O)C1(c2ccc(Br)cc2)CC1,8.574602,11.950328
CCOC(=O)C1=C(C)NC(=O)NC1c1ccc(F)c(Br)c1,1.8812207,-0.14669196
CCOC(=O)C1=C(C)NC(=O)NC1c1cccc(Br)c1,8.351965,6.656071
CCOC(=O)C1=C(C)NC(=O)NC1c1ccccc1Br,5.1851397,0.8866161
CCOC(=O)CC(=O)Cc1ccc(Br)cc1,9.729947,6.8299556
CCOC(=O)CC(=O)Cc1cccc(Br)c1,10.053879,7.469102
CCOC(=O)CC(=O)c1cc(Br)ccc1F,10.858042,6.812415
CCOC(=O)CC(=O)c1ccc(Br)c(OC)c1F,2.663622,1.0945851
CCOC(=O)CC(=O)c1ccc(Br)cc1,11.749609,4.096299
CCOC(=O)CC(=O)c1cccc(Br)c1,11.911714,6.974852
CCOC(=O)CCC(=O)c1ccc(Br)cc1,10.505415,3.9729419
CCOC(=O)CCCCCCC(=O)c1ccc(Br)cc1,9.001468,4.2803283
CCOC(=O)CCCOc1ccc(Br)cc1,5.804784,9.930998
CCOC(=O)CCCOc1cccc(Br)c1,8.577244,9.531576
CCOC(=O)CCCc1ccc(Br)cc1,8.0591755,11.347911
CCOC(=O)CCc1c(Cl)cccc1Br,6.0828366,1.3590086
CCOC(=O)CCc1ccc(Br)cc1,8.685259,11.813006
CCOC(=O)CCc1ccc(OC)cc1Br,7.055715,-0.095098466
CCOC(=O)CCc1cccc(Br)c1,8.893111,11.388515
CCOC(=O)CCc1ccccc1Br,7.330441,0.31081882
CCOC(=O)COc1c(C=O)cc(Br)cc1OC,9.5550585,6.71328
CCOC(=O)COc1ccc(Br)cc1,6.142926,10.821436
CCOC(=O)COc1ccc(Br)cc1C(C)=O,10.490988,6.650973
CCOC(=O)COc1ccc(Br)cc1F,7.5248647,11.3179245
CCOC(=O)COc1ccc2cc(Br)ccc2c1,8.231983,7.113651
CCOC(=O)COc1cccc(Br)c1,8.608819,9.773251
CCOC(=O)COc1ccccc1Br,3.5126214,-0.7931507
CCOC(=O)CS(=O)(=O)c1ccc(Br)cc1,12.824972,9.10353
CCOC(=O)Cc1ccc(C)c(Br)c1,7.342347,-0.111127384
CCOC(=O)Cc1ccc(Br)c(F)c1,0.97328293,-1.4690896
CCOC(=O)Cc1ccc(Br)cc1,9.478306,11.541306
CCOC(=O)Cc1ccc(Br)cc1F,10.680404,10.783208
CCOC(=O)Cc1ccc(Br)cc1OC,8.174182,9.276605
CCOC(=O)Cc1cccc(Br)c1,9.968562,11.153551
CCOC(=O)Cc1ccccc1Br,6.3531265,1.2794434
CCOC(=O)c1cc(-c2ccccc2Br)n[nH]1,7.6203012,2.1576996
CCOC(=O)c1c(-c2ccc(Br)cc2)cn2ccccc12,7.930687,6.0613923
CCOC(=O)c1c2ccccc2c(Br)c2ccccc12,7.63128,-2.0668716
CCOC(=O)c1cc(Br)cc(C(F)(F)F)c1,7.3670564,3.541054
CCOC(=O)c1cc(Br)ccc1Cl,7.837052,4.2673764
CCOC(=O)c1cc(Br)ccc1F,7.893728,4.3530855
CCOC(=O)c1cc(Br)ccc1OC,7.5068893,8.768239
CCOC(=O)c1cc(Br)ccc1OC(F)(F)F,7.722778,3.8736591
CCOC(=O)c1cc(C)cc(Br)c1,8.215149,3.7957544
CCOC(=O)c1cc(Cl)cc(Br)c1,8.260187,4.103075
CCOC(=O)c1cc(F)cc(Br)c1,7.6895084,4.2814245
CCOC(=O)c1cc(OC)c(Br)c(OC)c1,1.1726093,-1.6424366
CCOC(=O)c1cc(OCC)c(Br)c(OCC)c1,1.874913,-1.4238088
CCOC(=O)c1cc(OCC)c(Br)cc1F,2.1627932,0.10222557
CCOC(=O)c1cc(-c2ccc(Br)cc2)[nH]c1-c1ccccc1,7.3923326,6.0553436
CCOC(=O)c1cc(-c2ccc(Br)cc2)nn1C,8.728665,5.943971
CCOC(=O)c1cc(C)nn1-c1ccc(Br)cc1,8.841012,6.276148
CCOC(=O)c1cc(C)nn1-c1cccc(Br)c1,9.783309,6.680369
CCOC(=O)c1ccc(C)c(Br)c1,7.6090217,1.5576025
CCOC(=O)c1ccc(C#N)c(Br)c1,5.8717184,3.3652596
CCOC(=O)c1ccc(Cl)c(Br)c1,2.7436233,4.0174313
CCOC(=O)c1ccc(F)c(Br)c1,0.5959103,-0.42350584
CCOC(=O)c1ccc(OC)c(Br)c1,1.9146752,-0.15398768
CCOC(=O)c1ccc(OC(C)C)c(Br)c1,2.3288372,0.08174858
CCOC(=O)c1ccc(Br)c(C(F)(F)F)c1,4.158951,3.2818744
CCOC(=O)c1ccc(Br)c(C)c1,6.376647,-1.4153664
CCOC(=O)c1ccc(Br)c(Cl)c1,2.513098,3.5889
CCOC(=O)c1ccc(Br)c(F)c1,0.9291815,0.11304795
CCOC(=O)c1ccc(Br)c2ccccc12,6.924388,-1.435249
CCOC(=O)c1ccc(Br)cc1,12.249288,4.9819403
CCOC(=O)c1ccc(C(=O)c2ccc(Br)cc2)cc1,9.50351,3.8980184
CCOC(=O)c1ccc(Br)cc1C,11.825889,5.3486233
CCOC(=O)c1ccc(Br)cc1CC,11.540642,4.9263535
CCOC(=O)c1ccc(Br)cc1Cl,13.049877,6.0038643
CCOC(=O)c1ccc(Br)cc1F,12.796939,5.2208924
CCOC(=O)c1ccc(Br)cc1OC,11.628707,5.809309
CCOC(=O)c1ccc2cc(Br)ccc2c1,10.506186,5.1110573
CCOC(=O)c1ccc2ccccc2c1Br,7.0111194,-0.80436033
CCOC(=O)c1cccc(Br)c1,7.798325,3.7248976
CCOC(=O)c1cccc2c(Br)cccc12,7.349441,-0.96099436
CCOC(=O)c1coc(-c2ccc(Br)cc2)n1,10.048645,6.1511006
CCOC(=O)c1coc(-c2ccccc2Br)n1,6.7827044,1.6675539
CCOC(=O)c1csc(-c2ccc(Br)cc2)n1,9.840843,5.4301605
CCOC(=O)c1csc(-c2cccc(Br)c2)n1,9.853739,5.7986884
CCOC(=O)c1csc(-c2ccccc2Br)n1,6.412684,0.6425736
CCOC(=O)c1csc2nc(-c3ccc(Br)cc3)cn12,8.698453,5.625758
CCOC(=O)c1ncoc1-c1ccc(Br)cc1,10.048758,5.6827345
CCOC(=O)c1ncoc1-c1cccc(Br)c1,8.932113,4.637605
CCOC(=O)c1cn(Cc2ccc(Br)cc2)nn1,9.650952,7.0129566
CCOC(=O)c1nnn(-c2ccc(Br)cc2)c1C,10.246154,7.5505567
CCOC(=O)c1cc(-c2ccccc2Br)no1,7.516418,2.5441902
CCOC(=O)c1nc(-c2ccc(Br)cc2)no1,9.070978,4.765302
CCOC(COc1cc(Br)ccc1F)OCC,7.529716,10.077252
CCOC(COc1cc(F)ccc1Br)OCC,2.9765148,-0.75145185
CCOC(COc1ccc(Br)cc1)OCC,5.8102255,9.787106
CCOC(CSc1ccc(Br)cc1)OCC,7.4240856,6.8818474
CCOC(CSc1ccccc1Br)OCC,2.263995,2.8160317
CCOC(Cc1ccc(Br)cc1)OCC,7.690234,11.062652
CCOC(C)Oc1ccc(Br)cc1,6.263787,11.469008
CCOC(C)(OCC)c1ccc(Br)cc1,7.6358967,10.847409
CCOC(OCC)c1ccc(Br)cc1,8.58801,11.561587
CCOC(OCC)c1ccc(F)cc1Br,5.6705647,1.4962344
CCOC(C)(OCC)c1cccc(Br)c1,8.212508,10.822789
CCOC(OCC)c1cccc(Br)c1,8.880097,11.488127
CCOC(OCC)c1ccccc1Br,6.0799804,1.4040098
CCOCCOc1ccccc1Br,3.0191605,-1.3328266
CCOCOc1ccccc1Br,3.3394356,-1.4947546
CCOCc1ccc(Br)cc1,9.727263,12.918157
CCOCc1ccccc1Br,8.028489,0.6286
CCOc1c(Br)cccc1OC,3.5315268,-1.4135399
CCOc1c(C)cc(Br)cc1C,8.081112,12.480516
CCOc1c(Cl)cc(Br)cc1Cl,11.892542,11.253746
CCOc1c(Cl)ccc(Br)c1F,0.5413974,-1.4348866
CCOc1c(F)cc(Br)cc1F,10.395155,11.824067
CCOc1c(F)cccc1Br,3.759321,-0.22717887
CCOc1cc(Br)c(F)cc1F,0.716299,-1.9130609
CCOC(=O)c1cc(Br)cc(OCC)c1,10.191613,7.0528474
CCOc1cc(Br)ccc1C#N,12.977892,6.2567143
CCOc1cc(Br)ccc1Cl,9.461014,9.784034
CCOc1cc(Br)ccc1F,9.849964,11.558815
CCOc1cc(Br)ccc1OC,6.7915435,11.752166
CCOc1ccc(Br)cc1OCC,6.741829,11.123557
CCOc1cc(F)c(Br)cc1F,0.809536,-2.321972
CCOc1cc(F)c(Br)cc1OC,1.4497553,-1.8864564
CCOc1cc(F)ccc1Br,2.787935,-1.4196879
CCOc1cc(C(=O)N(CC)CC)ccc1Br,3.1104124,-0.034142483
CCOc1cc(C(=O)OC)ccc1Br,1.8098606,-0.30822352
CCOc1cc(S(C)(=O)=O)ccc1Br,2.0380151,-0.3438288
CCOc1ccc(F)c(Br)c1,1.1757406,-1.3439642
CCOc1ccc(Br)c(C(F)(F)F)c1,4.182055,1.8549358
CCOc1ccc(Br)c(C)c1,9.700729,-0.95150626
CCOc1ccc(Br)c(F)c1,1.2564441,-2.5909598
CCOc1ccc(Br)c(Cl)c1F,1.6087317,3.779964
CCOc1ccc(Br)cc1,6.439446,12.238233
CCOc1ccc(C(=O)c2cc(Br)ccc2Cl)cc1,8.837131,5.8753185
CCOc1ccc(C(=O)c2ccc(Br)cc2)cc1,9.564391,4.574439
CCOc1ccc(Cc2cc(Br)ccc2Cl)cc1,5.780134,6.036196
CCOc1ccc(-c2ccc(Br)cc2)cc1,7.6885405,7.2171273
CCOc1ccc(C(F)(F)F)cc1Br,2.6705577,-0.076600336
CCOc1ccc(C(C)(C)OC)cc1Br,3.44952,-1.0145073
CCOc1ccc(C=O)cc1Br,1.5803665,1.1613318
CCOc1ccc(Cl)cc1Br,4.0039196,0.10741003
CCOc1ccc(F)cc1Br,3.9863079,-0.0020104465
CCOc1ccc(S(=O)(=O)N2CCN(C)CC2)cc1Br,3.175944,0.4344394
CCOc1ccc(Br)cc1C#N,7.579428,8.280106
CCOc1ccc(Br)cc1C(F)(F)F,7.23902,9.820254
CCOc1ccc(Br)cc1C,6.216882,11.867947
CCOc1ccc(Br)cc1C=O,10.797635,7.6512165
CCOc1ccc(Br)cc1CC,5.898257,11.192975
CCOc1ccc(Br)cc1F,7.4652076,12.079381
CCOc1ccc(Br)cc1OC,6.8281465,11.777018
CCOc1ccc2cc(Br)ccc2c1,8.687556,8.118059
CCOc1ccc2ccccc2c1Br,3.663111,-2.5617604
CCOc1cccc(Br)c1,8.900722,10.246968
CCOc1cccc(F)c1Br,-0.030031942,-1.8560556
CCOc1ccccc1Br,2.802959,-1.820711
CCS(=O)(=O)c1ccc(Br)c(Cl)c1,2.8267326,3.7009788
CCS(=O)(=O)c1ccc(Br)cc1,12.970809,9.189655
CCS(=O)(=O)c1ccccc1Br,3.661975,3.0598383
CCSCc1ccccc1Br,5.9850607,-0.14631729
CCSc1ccc(Br)c(Cl)c1,1.5564849,3.5027068
CCSc1ccc(Br)cc1,8.4680605,8.217611
CCSc1ccc(Br)cc1Cl,8.546173,7.966421
CCSc1cccc(Br)c1,8.911999,8.560393
CCSc1ccccc1Br,1.6455902,3.042049
CCc1cc(Br)cc(CC)c1C#N,12.602384,6.1765966
CCc1cc(Br)ccc1C,9.59473,13.16015
CCc1cc(Br)ccc1C#N,13.163136,6.48395
CCc1cc(Br)ccc1C=O,13.218141,5.482078
CCc1cc(Br)ccc1Cl,11.219301,12.280102
CCc1cc(Br)ccc1F,10.960384,13.061003
CCc1cc(Br)ccc1OC,5.915518,11.747064
CCc1cc(C#N)ccc1Br,6.3043427,0.28808108
CCc1cc(C)cc(CC)c1Br,8.891183,-1.8674734
CCc1cc(Br)cc(CC)c1,9.312167,12.232177
CCc1cc(F)ccc1Br,8.955602,0.51536
CCc1cc(OC)ccc1Br,9.642271,-0.8626757
CCc1cc(OCc2ccccc2)ccc1Br,8.798497,-0.9578572
CCc1ccc(F)c(Br)c1,0.4851836,-2.0188813
CCc1ccc(OC)c(Br)c1,3.988863,-0.9508453
CCc1ccc(Br)c(F)c1,0.58584774,-2.2204344
CCc1ccc(Br)cc1,10.487218,13.513293
CCc1ccc(-c2ccc(Br)cc2)cc1,8.46952,7.410892
CCc1cccc(Br)c1,10.643487,12.779251
CCc1cccc(CC)c1Br,8.769228,-1.5661262
CCc1ccccc1Br,8.719673,0.23123221
CCc1nnc(-c2cccc(Br)c2)o1,8.2572775,3.8536444
CCc1nc(-c2ccc(Br)cc2)no1,11.080822,8.469687
C/C(=C\C(=O)c1ccc(Br)cc1)N(C)C,9.11925,6.047221
CN(C)/C=C/C(=O)c1ccc(Br)cc1,9.329245,6.3659825
CN(C)/C=C/C(=O)c1cccc(Br)c1,9.308264,7.234985
CN(Cc1ccc(Br)cc1)C(=O)OC(C)(C)C,7.196506,9.619215
CON(C)C(=O)c1cc(Br)ccc1Cl,10.801426,10.809352
CON(C)C(=O)c1cc(Br)ccc1F,9.637704,9.310193
Cc1cc(C(=O)N(C)C)ccc1Br,6.39328,-0.5982134
CN(C)C(=O)c1ccc(Br)c(Cl)c1,2.3620422,3.2534971
CN(C)C(=O)c1ccc(Br)c(F)c1,1.0207574,-0.42179197
CN(C)C(=O)c1ccc(Br)cc1,8.764149,7.0574923
CON(C)C(=O)c1cccc(Br)c1F,0.78111625,-0.5928286
CN(C)CCOc1cccc(Br)c1,5.2062454,6.916258
CN(C)CCOc1ccccc1Br,3.8573442,-0.89866257
CN(C)CCc1cccc(Br)c1,5.710498,7.416936
CN(C)Cc1c(F)cc(Br)cc1F,6.1153746,6.76257
CN(C)Cc1c(F)cccc1Br,5.428078,-0.808248
Cc1ccc(Br)c(CN(C)C)c1,5.392277,-0.48044166
CN(C)Cc1ccc(Br)cc1,5.869618,7.253234
CN(C)Cc1ccc(Br)cc1F,5.6576996,6.9425673
CN(C)Cc1cccc(Br)c1,5.801257,7.4714527
CN(C)S(=O)(=O)c1ccc(Br)cc1,12.638014,8.992711
CN(CC1CC1)S(=O)(=O)c1ccc(Br)cc1,7.0957017,5.4598436
Cc1cc(Br)cc(C)c1N(C)C,7.168149,8.364605
Cc1cc(N(C)C)cc(C)c1Br,9.549664,-1.7088189
Cc1ccc(N(C)C)cc1Br,7.2782393,-0.6016448
CN(C)c1ccc(Br)c(C(F)(F)F)c1,3.443062,2.2886894
Cc1cc(N(C)C)ccc1Br,9.756521,-1.0800912
CN(C)c1ccc(Br)c2ccccc12,8.235468,-1.2158139
CN(C)c1ccc(Br)cc1,5.6682096,11.234302
CC(=O)N(C)c1ccc(Br)cc1,7.2477612,7.459003
CN(C(=O)OC(C)(C)C)c1ccc(Br)cc1,6.4649906,10.07969
CN(C)c1ccccc1Br,4.2382774,-1.669998
CN1CCC(c2ccc(Br)cc2)C1,6.299625,8.673587
CN1CCC(c2ccc(Br)cc2)CC1,5.068977,6.8207664
CN1CCC(c2cccc(Br)c2)CC1,5.5192037,8.039932
CN1CCCC1c1ccc(Br)cc1,5.002926,6.941898
CN1CCN(C(=O)Cc2ccc(Br)cc2)CC1,5.399278,6.320607
CN1CCN(C(=O)c2ccc(Br)cc2)CC1,5.6862397,5.9589467
CN1CCN(C(=O)c2ccc(Br)cc2C(F)(F)F)CC1,6.151351,5.8701606
Cc1cc(Br)ccc1C(=O)N1CCN(C)CC1,5.671863,5.9460006
CN1CCN(C(=O)c2ccc(Br)cc2F)CC1,5.896288,5.7932534
CN1CCN(CC(=O)c2ccc(Br)cc2)CC1,7.2435536,5.694989
CN1CCN(CCCOc2ccc(Br)cc2)CC1,5.286712,8.056588
CN1CCN(Cc2cccc(Br)c2)CC1,5.646029,7.9306197
CN1CCN(S(=O)(=O)c2ccc(Br)cc2)CC1,6.1225305,5.5185328
Cc1cc(Br)ccc1S(=O)(=O)N1CCN(C)CC1,6.236991,5.6640472
CN1CCN(S(=O)(=O)c2cccc(Br)c2)CC1,6.51461,6.261112
Cc1cc(Br)cc(N2CCN(C)CC2)c1,7.4884973,8.521856
CN1CCN(c2ccc(Br)cc2F)CC1,5.674254,9.233056
CN1CCN(c2cccc(Br)c2)CC1,7.5108633,8.843682
CN1CCN(c2ccccc2Br)CC1,4.480589,-1.4158256
CO/C=C/c1ccc(Br)cc1,8.351059,9.092752
CO/N=C/c1cc(Br)cc(F)c1F,8.27431,4.839156
COC(=O)/C=C/C(=O)c1ccc(Br)cc1,12.121408,3.8907719
COC(=O)/C=C/c1cc(Br)ccc1F,8.06783,4.331798
COC(=O)/C=C/c1ccc(OC)c(Br)c1,2.1063547,0.60627574
COC(=O)/C=C/c1ccc(Br)c(F)c1,0.70119655,-0.34946147
COC(=O)/C=C/c1ccc(Br)cc1,11.009811,6.379433
COC(=O)/C=C/c1ccc(F)cc1Br,7.057427,1.2622077
COC(=O)/C=C/c1cccc(Br)c1,8.271314,3.9176748
COC(=O)/C=C/c1ccccc1Br,7.579168,1.7387712
COC(=O)C(=[N+]=[N-])c1ccc(Br)cc1,9.86865,6.9847054
COC(=O)C(=O)/C=C/c1ccc(Br)cc1,11.405082,4.1366563
COC(=O)C(=O)/C=C/c1cccc(Br)c1,11.587589,6.151662
COC(=O)C(=O)/C=C/c1ccccc1Br,6.276381,-0.6375658
COC(=O)C(=O)c1ccc(Br)cc1,13.193668,4.4995093
COC(=O)C(=O)c1cccc(Br)c1,12.390116,7.1772757
COC(=O)C(C)(C)COc1ccc(Br)cc1C#N,7.243743,7.710326
COC(=O)C(C)(C)c1ccc(Br)cc1,8.758397,11.686502
COC(=O)C(F)(F)c1ccc(Br)cc1,11.907044,9.870647
COC(=O)C(C)c1ccc(Br)cc1,9.392004,12.416573
COC(=O)C(C#N)c1ccc(Br)cc1,11.33565,9.977867
COC(=O)C(C(=O)OC)c1ccc(Br)cc1,9.280246,10.773929
COC(=O)C(c1ccc(Br)cc1)C(C)C,8.415165,11.5813465
COC(=O)C(C)(C)c1ccc(Br)cc1F,10.021178,10.8854475
COC(=O)C(C)(C)c1cccc(Br)c1,9.052906,11.3418455
COC(=O)C(C)c1cccc(Br)c1,9.891653,11.47458
COC(=O)C(CC(=O)c1ccc(Br)cc1)c1ccccc1,9.334183,4.042985
COC(=O)C(C)(C)c1ccccc1Br,6.1915007,1.2163938
COC(=O)C1(c2ccc(Br)cc2)CC(=O)C1,9.910398,7.9360876
COC(=O)C1(c2ccc(Br)c(F)c2)CC1,1.0902858,-1.4714823
COC(=O)C1(c2ccc(Br)cc2)CC1,9.19503,11.877599
COC(=O)C1(c2cccc(Br)c2)CC1,9.731897,11.769604
COC(=O)C1(c2ccccc2Br)CC1,6.448344,1.2166815
COC(=O)C1(c2ccc(Br)cc2)CCC(=O)CC1,9.199465,7.443714
COC(=O)C1(c2ccc(Br)cc2)CCC1,8.348202,11.486314
COC(=O)C1(c2ccc(Br)cc2)CCCC1,7.9189353,10.873812
COC(=O)C1=C(C)NC(=O)NC1c1cccc(Br)c1,9.342868,6.737512
COC(=O)C1CC(=O)N(c2ccc(Br)cc2)C1,6.883422,9.606295
COC(=O)CC(=O)c1ccc(Br)cc1,12.533318,4.4464493
COC(=O)CC(=O)c1cccc(Br)c1,12.077865,7.0461454
COC(=O)CC(C)c1ccc(Br)cc1,8.590535,11.352549
COC(=O)CCC(=O)c1ccc(Br)cc1,11.383682,4.6371493
COC(=O)CCCSc1ccc(Br)cc1,7.220022,6.35081
COC(=O)CCCc1ccc(Br)cc1,8.930428,11.851108
COC(=O)CCS(=O)(=O)c1ccc(Br)cc1,12.440541,9.186671
COC(=O)CCc1ccc(Br)cc1,8.866252,11.767436
COC(=O)CCc1ccc(OCc2cc(F)ccc2Br)cc1,5.635879,0.49744743
COC(=O)CCc1ccc(C(=O)OC)cc1Br,7.4203844,1.7032987
COC(=O)CCc1ccc(Br)cc1F,10.229485,11.003587
COC(=O)CCc1cccc(Br)c1,9.91716,12.056816
COC(=O)CCc1ccccc1Br,7.301135,0.7878002
COC(=O)CN(C(=O)OC(C)(C)C)c1ccc(Br)cc1,6.4757295,8.444862
COC(=O)COc1ccc(Br)cc1C=O,10.813055,7.40704
COC(=O)CS(=O)(=O)c1ccc(Br)cc1,12.848117,9.004055
COC(=O)CS(=O)c1ccc(Br)cc1,7.802064,6.650754
COC(=O)CSc1cccc(Br)c1,9.645507,7.8183007
COC(=O)Cc1cc(Br)ccc1F,9.92133,12.110311
COC(=O)Cc1cc(Br)ccc1OC,6.2480264,10.927607
COC(=O)Cc1cc(F)c(F)cc1Br,5.700903,1.3102123
COC(=O)Cc1cc(F)cc(Br)c1,11.256236,10.409292
COC(=O)Cc1cc(F)ccc1Br,6.5874357,1.2005433
COC(=O)Cc1cc(OC)c(OC)cc1Br,4.066565,-0.81908494
COC(=O)Cc1ccc(F)c(Br)c1,0.78870034,-1.5219914
COC(=O)Cc1ccc(OC)c(Br)c1,2.4394717,-1.4201806
COC(=O)Cc1ccc(Br)c(F)c1,0.7636303,-1.5593758
COC(=O)Cc1ccc(Br)c(OC)c1,2.6432142,-1.2800202
COC(=O)Cc1ccc(Br)cc1,10.223247,12.097852
COC(=O)Cc1ccc(C(=O)OC)cc1Br,6.9594436,2.1676147
COC(=O)Cc1ccc(C(F)(F)F)cc1Br,6.169541,2.010095
COC(=O)Cc1ccc(F)cc1Br,6.454752,1.1305444
COC(=O)Cc1ccc(Br)cc1C,9.529481,11.419996
COC(=O)Cc1ccc(Br)cc1Cl,11.313987,10.8440485
COC(=O)Cc1ccc(Br)cc1F,11.099599,10.758757
COC(=O)Cc1cccc(Br)c1,10.539661,11.36074
COC(=O)Cc1cccc(Cl)c1Br,2.7071228,3.0719492
COC(=O)Cc1cccc(Br)c1OC,3.7677503,-0.46335644
COC(=O)Cc1ccccc1Br,6.5652432,1.2749904
COC(=O)[C@@H]1CCC[C@H]1C(=O)c1ccc(Br)cc1,10.271501,3.7665672
COC(=O)c1cc(-c2cccc(Br)c2)n[nH]1,9.647636,6.4352746
COC(=O)c1c(C)cc(C)c(Br)c1C,8.57565,-2.0068657
COC(=O)c1c(C)cc(Br)cc1C,12.220279,6.4567456
COC(=O)c1c(C)cc(Br)cc1Cl,12.839699,6.856534
COC(=O)c1c(C)cc(Br)cc1F,12.998437,6.6755905
COC(=O)c1c(C)cc(Br)cc1OC,10.953814,7.272824
COC(=O)c1c(F)cc(Br)cc1Cl,13.334876,8.068848
COC(=O)c1c(F)cc(Br)cc1F,13.504994,6.1984444
COC(=O)c1c(F)cc(Br)cc1OC,11.978285,6.79963
COC(=O)c1c(F)ccc(Br)c1F,0.36207905,-0.5699269
COC(=O)c1c(OC)ccc(Br)c1OC,2.875275,-0.9533049
COC(=O)c1cc(Br)c(F)c(F)c1F,0.03383551,-0.42829198
COC(=O)c1cc(Cl)c(Br)cc1C(=O)OC,2.754368,3.5901763
COC(=O)c1cc(Br)c(C)cc1C,7.9425006,1.2999382
COC(=O)c1cc(Br)c(F)cc1C,0.53622925,-0.67819995
COC(=O)c1cc(Br)c(Cl)cc1Cl,2.8538675,4.275149
COC(=O)c1cc(Br)c(OC)cc1Cl,1.8553696,0.38555068
COC(=O)c1cc(Br)c(C)cc1F,7.8300743,1.7503715
COC(=O)c1cc(Br)c(F)cc1F,0.20878947,-0.65013343
COC(=O)c1cc(Br)c(OC)cc1F,1.535939,-0.10861574
COC(=O)c1cc(Br)c(C)cc1OC,8.799245,-0.51772225
COC(=O)c1cc(Br)c(F)cc1OC,0.94879115,-1.3498335
COC(=O)c1cc(Br)c(OC)cc1OC,2.4418135,-0.8094096
COC(=O)c1cc(Br)cc(C(=O)OC)c1,7.766349,3.462305
COC(=O)c1cc(Br)cc(C(F)(F)F)c1,7.0663686,3.6378355
COC(=O)c1cc(Br)cc(S(C)(=O)=O)c1,6.8678927,3.72156
COC(=O)c1cc(Br)cc(OC)c1Cl,10.725938,7.8057394
COC(=O)c1cc(Br)cc(C)c1OC,7.764343,8.429385
COC(=O)c1cc(Br)cc(OC)c1OC,9.894981,7.290407
COC(=O)c1cc(Br)cc2ccccc12,9.95619,7.570338
COC(=O)c1ccc(Br)cc1C(=O)OC,11.806595,8.524338
COC(=O)c1cc(Br)ccc1C(F)(F)F,12.588392,8.899422
COC(=O)c1cc(Br)ccc1C=O,13.567162,5.573935
CCc1ccc(Br)cc1C(=O)OC,8.180997,4.0363684
COC(=O)c1cc(Br)ccc1Cl,7.8255787,4.454379
COC(=O)c1cc(Br)ccc1F,7.66534,4.46044
COC(=O)c1cc(Br)ccc1OC,7.6343727,8.690428
COC(=O)c1cc(Br)ccc1OC(C)C,7.5217695,8.827943
COC(=O)c1cc(Br)ccc1OC(F)(F)F,7.6313157,3.5638452
COC(=O)c1cc(Br)ccc1OC(F)F,7.459863,3.917565
COC(=O)c1cc(Br)ccc1OCc1ccccc1,6.8384504,8.812168
COC(=O)c1cc(Br)ccc1-n1cccc1,8.235845,7.16052
COC(=O)c1cc(C)c(OC)c(Br)c1,2.635211,0.54202765
COC(=O)c1cc(C)c(Br)c(C)c1,7.487678,-1.4906224
COC(=O)c1cc(C)cc(Br)c1,7.983409,3.7730446
COC(=O)c1cc(Br)cc(C=O)c1,12.88618,7.1605134
COC(=O)c1cc(Cl)c(Br)c(Cl)c1,2.4850593,4.5737114
COC(=O)c1cc(Cl)cc(Br)c1F,-0.06618795,-0.24274546
COC(=O)c1cc(F)c(C)c(Br)c1,7.4075313,1.5875509
COC(=O)c1cc(F)c(F)c(Br)c1,0.18920735,-0.25369203
COC(=O)c1cc(F)c(Br)c(F)c1,-0.83999574,-0.8861878
COC(=O)c1cc(F)c(Br)cc1Cl,0.454875,0.062298253
COC(=O)c1cc(F)c(Br)cc1F,0.5430744,0.27998173
COC(=O)c1cc(F)c(Br)cc1OC,1.0912017,-0.23977807
COC(=O)c1cc(F)cc(Br)c1,7.596583,4.2088737
COC(=O)c1cc(F)cc(Br)c1C,7.598631,1.3043303
COC(=O)c1cc(Br)c(OC)c(OC)c1,2.3194156,0.32751685
COC(=O)c1cc(OC)c(Br)c(OC)c1,1.4839497,-1.5172501
COC(=O)c1cc(Br)cc(OC(F)(F)F)c1,7.6311064,3.7429109
COC(=O)c1cc2ccccc2cc1Br,6.090505,2.9323351
COC(=O)c1ccc(C)c(Br)c1,7.6657195,1.7697779
COC(=O)c1ccc(C#N)c(Br)c1,5.786649,3.4949157
COC(=O)c1ccc(C(C)(C)C)c(Br)c1,7.6326623,1.80153
COC(=O)c1ccc(C(F)(F)F)c(Br)c1,4.935315,3.1805918
COC(=O)c1ccc(CSC(C)=O)c(Br)c1,7.1431704,1.8799036
COC(=O)c1ccc(Cl)c(Br)c1,2.7353122,3.744889
COC(=O)c1ccc(F)c(Br)c1,0.36583483,-0.5597397
COC(=O)c1ccc(OC)c(Br)c1,1.8148876,0.08603496
COC(=O)c1ccc(OC(C)C)c(Br)c1,2.2413008,0.017696774
COC(=O)c1ccc(OC(F)(F)F)c(Br)c1,3.1930335,2.0273466
COC(=O)c1ccc(OC(F)F)c(Br)c1,1.7301413,0.6178662
COC(=O)c1ccc(Br)c(C#N)c1,5.557627,3.8206878
COC(=O)c1ccc(Br)c(C(F)(F)F)c1,4.2229004,3.3174906
COC(=O)c1ccc(Br)c(C)c1,6.330133,-1.1729609
COC(=O)c1ccc(Br)c(COC(C)=O)c1,6.1527367,-0.64838403
COC(=O)c1ccc(Br)c(Cl)c1,2.4883916,3.8523183
COC(=O)c1ccc(Br)c(F)c1,0.6751048,0.21350716
COC(=O)c1ccc(Br)c(OC(C)C)c1,2.0269156,-0.137794
COC(=O)c1ccc(Br)c(OC(F)(F)F)c1,3.303474,2.2467868
COC(=O)c1ccc(Br)c(OC(F)F)c1,3.3092437,1.8429087
COC(=O)c1ccc(Br)c(OC)c1,2.001656,0.14833958
COC(=O)c1ccc(Br)c(OC2CCCCO2)c1,3.0327067,0.40831813
COC(=O)c1ccc(Br)c(OCC(F)(F)F)c1,2.7122242,0.88544124
COC(=O)c1ccc(Br)c(OCC(F)F)c1,2.4196808,0.62195605
COC(=O)c1ccc(Br)c(C)c1C,6.6204534,-1.0393032
COC(=O)c1ccc(Br)c(OC)c1C,2.6130128,0.44935519
COC(=O)c1ccc(Br)c(F)c1F,0.280909,0.054374054
COC(=O)c1ccc(Br)c2ccccc12,6.87089,-1.4446727
COC(=O)c1ccc(Br)cc1,12.5903635,5.281188
COC(=O)c1ccc(-c2ccc(Br)c(C)c2)cc1,7.21695,-0.8100867
COC(=O)c1ccc(-c2ccc(Br)cc2)cc1,9.377595,5.683826
COC(=O)c1ccc(Br)cc1C(C)C,11.6123,4.964649
COC(=O)c1ccc(Br)cc1C(F)(F)F,12.850412,6.1365533
COC(=O)c1ccc(Br)cc1C,12.375474,5.4184556
COC(=O)c1ccc(Br)cc1C=O,13.000621,5.244721
CCc1cc(Br)ccc1C(=O)OC,12.087862,5.2872167
COC(=O)c1ccc(Br)cc1Cl,13.302434,6.1581764
COC(=O)c1ccc(Br)cc1F,13.187596,5.4914927
COC(=O)c1ccc(Br)cc1OC(C)C,11.5870075,5.406925
COC(=O)c1ccc(Br)cc1OC(F)(F)F,12.918647,5.537586
COC(=O)c1ccc(Br)cc1OC(F)F,12.585322,5.6105843
COC(=O)c1ccc(Br)cc1OC,12.061384,6.352531
COC(=O)c1ccc(Br)cc1OCC(C)C,11.247386,5.69278
COC(=O)c1ccc(Br)cc1S(C)(=O)=O,12.723909,8.728834
COC(=O)c1ccc2cc(Br)ccc2c1,11.156524,5.6103034
COC(=O)c1ccc2c(Br)cccc2c1,7.099022,-0.74290043
COC(=O)c1ccc2ccccc2c1Br,7.087946,-1.1318507
COC(=O)c1cccc(Br)c1,7.5045233,3.805817
COC(=O)c1cccc(COc2cccc(Br)c2)c1,9.12017,5.570754
COC(=O)c1cccc(CSc2ccc(Br)cc2)c1,7.692389,4.7257657
COC(=O)c1cccc(Br)c1Cl,2.69145,3.9880812
COC(=O)c1cccc(Br)c1F,0.39540792,-0.39832005
COC(=O)c1cccc(Br)c1OC,2.8674047,0.48187584
COC(=O)c1cccc2ccc(Br)cc12,10.233672,7.2046504
COC(=O)c1cccc2cc(Br)ccc12,9.939453,6.695047
COC(=O)c1cccc2c(Br)cccc12,7.3669186,-0.8307046
COC(=O)c1cccn1-c1ccc(Br)cc1,9.0591345,7.4116654
COC(=O)c1conc1-c1cccc(Br)c1,8.157803,4.1223507
COC(=O)c1cc(-c2ccc(Br)cc2)no1,9.027577,5.253155
COC(c1ccc(Br)cc1)(C(F)(F)F)C(F)(F)F,11.606994,10.356001
COC(COc1cc(F)ccc1Br)OC,3.4206483,-0.009598639
COC(COc1ccc(Br)cc1)OC,6.1251936,10.977796
COC(OC)c1c(Br)cccc1C=O,6.3499417,-0.9017703
COC(OC)c1c(F)cccc1Br,6.7148085,0.9598437
COC(OC)c1ccc(Br)c(F)c1,0.9095055,-1.9001921
COC(C)(C)c1ccc(Br)cc1,8.896035,12.580904
COC(F)(F)c1ccc(Br)cc1,11.501155,11.769469
COC(C)c1ccc(Br)cc1,8.983254,13.362749
COC(OC)c1ccc(Br)cc1,9.936499,12.719629
COC(OC)c1ccc(Br)cc1F,10.946869,10.779378
COC(C)(OC)c1ccccc1Br,6.8678074,1.1908858
COC(C#N)c1ccccc1Br,6.3302784,1.8932097
COC(OC)c1ccccc1Br,8.109726,0.40959328
COCCCOc1cc(C(=O)OC)ccc1Br,2.2750716,-0.07082829
COCCCOc1ccc(Br)cc1,6.1476936,11.234629
COCCCOc1ccccc1Br,3.3087184,-1.3121227
COCCCc1ccc(Br)cc1,8.423182,12.761519
COCCN(C)Cc1ccc(Br)cc1,4.821007,6.548585
COCCOCCOCCOc1ccc(Br)cc1,6.1564083,8.82522
COCCOCc1ccc(Br)cc1,8.837838,12.196246
COCCOc1c(Cl)ccc(Br)c1F,0.9116525,-1.3230375
COCCOc1cc(Br)cc(C(=O)OC)c1,10.447458,7.2180943
COCCOc1ccc(Br)cc1,6.560924,12.01457
COCCOc1ccc(C=O)cc1Br,2.222015,1.4753178
COCCOc1ccc(Br)cc1F,7.435233,11.670209
COCCOc1ccccc1Br,3.5561516,-1.5366684
COCCc1ccc(Br)cc1,9.378224,13.229171
COCCc1ccccc1Br,8.357445,-0.08363992
COCOCc1cccc(Br)c1,10.109852,11.8231125
COCOCc1ccccc1Br,6.6625433,1.4631437
COCOc1c(Br)cccc1OC,3.723124,-0.7929942
COCOc1c(C)cc(Br)cc1C,7.8716536,11.348413
COCOc1c(F)cc(Br)cc1F,11.753729,11.566307
COCOc1cc(Br)c2ccccc2c1,7.4735208,-1.4940101
COCOc1cc(Br)ccc1Cl,11.333056,11.498761
COCOc1cc(Br)ccc1F,9.8082075,12.175144
COCOc1cc(Br)ccc1OC,6.858295,11.354208
COCOc1cc(C)c(Br)c(C)c1,9.309979,-1.9292474
COCOc1cc(F)ccc1Br,3.2354753,-1.1534747
COCOc1cc(OC)ccc1Br,2.8855824,-1.6739006
COCOc1cc(OC(F)(F)F)ccc1Br,2.654258,-0.6961761
COCOc1ccc(C)c(Br)c1,7.6978745,-0.37556377
COCOc1ccc(F)c(Br)c1,1.0749296,-1.3935273
COCOc1ccc(Br)c(C)c1,9.469696,-0.6810574
COCOc1ccc(Br)c(OC)c1,2.2929742,-2.1742637
COCOc1ccc(Br)c2ccccc12,8.39591,-1.2755893
COCOc1ccc(Br)cc1,6.419659,12.154026
COCOc1ccc(C)cc1Br,3.5101314,-1.5954995
COCOc1ccc(C(F)(F)F)cc1Br,3.2055442,0.6892487
COCOc1ccc(F)cc1Br,2.205208,-1.3317319
COCOc1ccc(Br)cc1C#N,7.214273,8.097623
COCOc1ccc(Br)cc1C(C)C,6.547409,10.888337
COCOc1ccc(Br)cc1C=O,11.397404,7.498925
COCOc1ccc(Br)cc1Cl,10.158007,11.326362
COCOc1ccc(Br)cc1F,8.515503,12.05918
COCOc1ccc(Br)cc1OC,6.781292,11.233695
COCOc1ccc(Br)cc1OC1CCC1,7.4588485,10.183057
COCOc1ccc2cc(Br)ccc2c1,8.800842,7.7297273
COCOc1cccc(Br)c1,9.285921,10.254986
COCOc1cccc(C(F)(F)F)c1Br,3.4759383,1.040063
COCOc1cccc(F)c1Br,-0.05584818,-1.6415207
COCOc1cccc(Br)c1F,1.0638869,-1.5532566
COCc1c(Cl)ccc(Br)c1F,0.05955548,-1.146285
COCc1cc(Br)ccc1F,10.598334,12.66207
COCc1cc(Br)ccc1OC,6.1131673,11.588005
COCc1cc(Br)ccc1Sc1ccccc1CN(C)C,7.0064263,6.5166907
COCc1cc(C)c(Br)c(C)c1,8.606652,-1.7209626
COCc1cc(C)cc(Br)c1OC,3.9525034,-0.9473694
COCc1cc(Cl)ccc1Br,7.9237533,1.0378
COCc1cc(F)cc(Br)c1,11.338812,11.125521
COCc1cc(OC)ccc1Br,9.524401,-0.8858251
COCc1cc(C(=O)OC)ccc1Br,6.153265,-0.52568597
COCc1cc(C(F)(F)F)ccc1Br,6.932152,0.91435623
COCc1ccc(Cl)c(Br)c1,1.5257794,3.704604
COCc1ccc(F)c(Br)c1,0.6357942,-1.9072721
COCc1ccc(OC)c(Br)c1,2.8290682,-1.7443886
COCc1ccc(Br)c(Cl)c1,1.7953186,3.8302405
COCc1ccc(Br)c(F)c1,0.55898625,-1.9177617
COCc1ccc(Br)cc1,10.4230585,13.202568
COCc1ccc(F)cc1Br,7.7956457,0.8535598
COCc1ccc(Br)cc1F,10.916447,11.737359
COCc1ccc2ccccc2c1Br,8.256518,-2.0839565
COCc1cccc(Br)c1,10.944216,12.450048
COCc1cccc(OC)c1Br,2.3175583,-2.1755433
COCc1ccccc1Br,8.473001,0.41107655
CON(C)C(=O)Cc1ccc(Br)cc1,8.627334,10.888132
CON(C)C(=O)c1c(F)cc(Br)cc1F,8.079358,6.230034
CON(C)C(=O)c1cc(Cl)cc(Br)c1,10.822569,7.2385945
CON(C)C(=O)c1ccc(Cl)c(Br)c1,2.2114053,3.5432389
CON(C)C(=O)c1ccc(Br)c(C)c1,6.5074096,-0.8455691
CON(C)C(=O)c1ccc(Br)c(F)c1,0.9246282,-0.44901016
CON(C)C(=O)c1ccc(Br)cc1,9.504844,6.481206
CON(C)C(=O)c1ccc(Br)cc1C,8.6152315,7.312227
CON(C)C(=O)c1ccc(Br)cc1F,8.307965,6.2786593
CON(C)C(=O)c1cccc(Br)c1,10.680084,7.779672
COc1c(Br)ccc(F)c1C#N,1.328613,0.31463704
COc1c(Br)ccc(F)c1C=O,1.8812989,1.572345
COc1c(Br)ccc(Cl)c1F,3.639548,0.4937077
COc1c(Br)ccc(F)c1F,3.7022195,-0.13681485
COc1c(Br)ccc(OC(F)(F)F)c1F,3.439828,0.53781897
COc1c(F)ccc(Br)c1OC,3.2925289,-0.72575694
COc1c(Br)ccc2c(OC)c(Br)ccc12,11.181215,0.24013294
COc1c(Br)ccc2ccccc12,3.1337476,-0.3160484
COc1c(Br)cccc1C(C)=O,2.559898,1.5805883
COc1c(Br)cccc1C#N,2.3227465,0.6134205
COc1c(C)cc(C)cc1Br,3.847326,-1.0565313
COc1c(C)cc(Br)cc1C,8.679036,12.850602
COc1c(C)cc(Br)cc1Cl,10.622645,11.859794
COc1c(C)cccc1Br,4.077224,-0.65763843
COc1c(C=O)ccc(Br)c1F,0.6338233,0.72583896
COc1c(Br)cccc1C=O,2.0964868,1.7081983
COc1c(Cl)cc(F)cc1Br,3.8282607,0.89656085
COc1c(Cl)cc(Br)cc1Cl,12.494893,11.347334
COc1c(Cl)ccc(Br)c1Cl,2.1212485,4.1606956
COc1c(Cl)ccc(Br)c1F,0.14265797,-1.640927
COc1c(F)c(F)c(Br)c(F)c1F,-0.47711802,-1.3359882
COc1c(F)cc(Br)cc1F,11.319052,11.850937
COc1c(F)cccc1Br,3.9005997,-0.0024635224
COc1cc(Br)cc(C=O)c1OC,11.71123,7.410073
COc1cc(Br)cc(OC)c1OC,8.316614,9.924029
COc1ccc(Br)c(C(C)C)c1OC,9.1537285,-1.1961961
COc1ccc(Br)c(C)c1OC,9.288126,-0.6999788
COc1cccc(Br)c1OC,3.6479864,-1.4606498
COc1c(C(C)=O)cc(Br)cc1N(C)C,9.216589,7.4359274
COc1c(C(C)(C)C)cc(Br)cc1C(C)(C)C,7.4774156,10.453087
COC(=O)c1cc(OC)cc(Br)c1OC,2.4909003,0.47891948
COc1cc(Br)c(OC)c2ccccc12,2.804108,-0.2021283
COc1cc(Br)c(OC)cc1C,2.3911576,-1.8519412
COc1cc(Br)c(F)cc1Cl,0.034485616,-1.4968876
COc1cc(Br)c(F)cc1F,0.17424151,-1.9407873
COc1cc(C)c(Br)cc1OC,8.927397,-0.65834475
COc1cc(F)c(Br)cc1OC,1.2921883,-2.3179517
COc1cc(Br)c2ccccc2c1,7.3690267,-1.1554078
COC(=O)c1cc(Br)cc(OC)c1,10.799096,8.185942
COc1cc(Br)cc(C(F)(F)F)c1,10.959809,9.808492
COc1cc(Br)cc(C)c1C#N,12.587874,6.1744432
COc1cc(Br)cc(F)c1C#N,13.52991,6.5074453
COc1cc(Br)cc(F)c1C(C)=O,12.758296,5.7579284
COc1cc(Br)cc(OC)c1C(C)=O,10.262106,8.368698
COc1cc(Br)cc(C)c1C=O,12.593998,5.426147
COc1cc(Br)cc(F)c1C=O,13.178026,5.507655
COc1cc(Br)cc(OC)c1Cl,9.246787,9.741493
COc1cc(Br)cc(C)c1F,9.453245,11.01674
COc1cc(Br)cc(F)c1F,10.593546,11.212816
COc1cc(Br)cc(OC)c1F,8.872322,10.33278
COc1cc(Br)cc(OC)c1OCc1ccccc1,7.1635528,9.588621
COc1cc(Br)ccc1C,8.8699,10.4005165
COc1cc(Br)ccc1C#N,13.126787,6.4189143
COc1cc(Br)ccc1C(=O)N1CCOCC1,8.492563,7.8036776
COc1cc(Br)ccc1C(=O)OC(C)(C)C,10.894728,5.907509
COc1cc(Br)ccc1C(F)F,10.564272,9.926782
COc1cc(Br)ccc1C=O,12.84304,5.4436297
COc1cc(Br)ccc1CN1CCCCC1,5.7613516,7.0820265
COc1cc(Br)ccc1Cl,11.773579,11.842859
COc1cc(Br)ccc1F,10.202944,11.597552
COc1ccc(Br)cc1OC,7.7799788,12.111747
COc1cc(Br)ccc1OC(C)C,7.8735533,10.16748
COc1cc(Br)ccc1OC(F)F,10.490293,10.60328
COc1cc(Br)ccc1OC1CCN(C)CC1,7.3495975,8.4440975
COc1cc(Br)ccc1OCc1ccccc1,6.455956,9.880046
COc1cc(Br)ccc1Oc1ccccc1,7.881747,8.778388
COc1cc(Br)ccc1-c1cnc(C)o1,8.584279,8.431868
COc1cc(Br)ccc1-c1cnco1,9.305149,8.739142
COc1cc(Br)ccc1-n1cnc(C)c1,7.5551972,7.828546
COc1cc(Br)cc(C#N)c1,12.299274,8.658759
COc1cc(C#N)ccc1Br,1.436911,0.37571058
COc1cc(C(C)=O)c(OC)cc1Br,1.9695555,0.49817896
COc1cc(C)c(C)cc1Br,3.9453526,-1.1168449
COc1cc(C)c(Cl)cc1Br,3.8479476,-0.17969014
COc1cc(C)c(Br)cc1C,9.638633,-0.79015243
COc1cc(C)c(Br)cc1C=O,5.7615056,-0.6679979
COc1cc(C)c(Br)cc1Cl,8.314042,0.51051927
COc1cc(C)c(Br)cc1F,9.230909,-0.09187757
COc1cc(C)cc(Br)c1,9.035606,10.344142
COc1cc(C)ccc1Br,2.849669,-2.0511413
COc1cc(C=O)c(F)cc1Br,1.6440643,1.0489314
COc1cc(Br)cc(C=O)c1,12.403773,7.528631
COc1cc(C=O)cc(OC)c1Br,1.1797695,-0.6644187
COc1cc(C=O)cc(Br)c1OC,2.1676009,1.2224952
COc1cc(C=O)ccc1Br,1.187323,0.97081864
COc1cc(C=O)ccc1OCc1ccccc1Br,5.6823893,0.57728887
COc1cc(Cl)c(Cl)c(Br)c1,1.9587644,3.3812544
COc1cc(Cl)c(Br)c(Cl)c1,1.8729659,3.5825665
COc1cc(Cl)c(Br)cc1C,1.2540013,3.674726
COc1cc(Cl)cc(Br)c1,10.263214,10.1124115
COc1cc(Cl)cc(Br)c1Cl,2.069826,4.0813346
COc1cc(Cl)ccc1Br,2.0832736,-1.3183593
COc1cc(F)c(C)cc1Br,3.4332507,-1.13965
COc1cc(F)c(C(C)C)cc1Br,2.5575266,-1.8251876
COc1cc(F)c(C=O)cc1Br,1.2376677,1.2479107
COc1cc(F)c(Cl)cc1Br,3.3738463,0.22743285
COc1cc(F)c(Br)cc1C=O,0.18629639,-0.31321663
COc1cc(F)cc(Br)c1,9.853413,10.157106
COc1cc(F)ccc1Br,3.3338928,-0.516358
COc1cc(Br)c(Cl)c(OC)c1,1.8582054,3.1960151
COc1cc(C)c(Br)c(OC)c1,2.4420974,-2.5521681
COc1cc(OC)c(Br)c(OC)c1,1.4495343,-2.3825984
COc1cc(OC)c(C=O)cc1Br,1.4247701,0.5088496
COc1cc(OC)c(Br)cc1Cl,2.2306314,-2.1472025
COc1cc(OC)c(OC)cc1Br,2.1984262,-2.1372106
COc1cc(Br)cc(OC)c1,8.668604,10.241697
COc1cc(Br)cc(OCc2ccccc2)c1,8.3593235,9.393916
COc1cc(OCc2ccccc2)ccc1Br,2.18059,-1.3300904
COc1cc(Br)cc(OC(F)(F)F)c1,9.880811,9.834884
COc1cc(C(=O)OC(C)(C)C)cc(OC)c1Br,1.3528051,-1.3665425
COc1cc(C(C)=O)ccc1Br,1.4756725,0.85946196
COc1cc(C(=O)N2CCN(C)CC2)ccc1Br,2.8792472,-0.13288443
COc1cc(C(=O)OC(C)(C)C)ccc1Br,2.171063,0.08144483
COc1cc(C(F)(F)F)ccc1Br,3.7601318,0.8505098
COc1cc(N2CCN(C(=O)OC(C)(C)C)CC2)ccc1Br,2.6928396,-0.38221845
COc1cc(OC(F)(F)F)ccc1Br,2.2215214,-0.9975312
COc1cc(OC(F)F)ccc1Br,2.2359874,-1.5797395
COc1cc(OC2CCN(C(=O)OC(C)(C)C)CC2)ccc1Br,2.707565,-0.39818498
COc1cc(Oc2ccccc2)ccc1Br,2.4335134,-1.9121366
COc1cc(S(C)(=O)=O)ccc1Br,1.8916936,-0.2273708
COc1cc(-n2ccnc2)ccc1Br,2.098447,-0.97944987
COc1ccc(C(=O)c2ccc(Br)cc2)cc1OC,9.27279,4.722361
COc1cc2cc(OC)c(Br)cc2cc1Br,10.889263,0.3614439
COc1cc2ccccc2c(Br)c1OC,3.6565366,-2.2580533
COc1cc2ccccc2cc1Br,2.2535713,-0.67210126
COc1ccc(C)c(Br)c1,7.8115897,-0.2992402
COc1ccc(C#N)c(Br)c1,5.4503207,3.8788526
COc1ccc(C(F)(F)F)c(Br)c1,4.382944,3.2693853
CCc1ccc(OC)cc1Br,7.887201,-0.4342977
COc1ccc(F)c(Br)c1,0.9453882,-1.5654923
COc1ccc(N2CCCCC2)c(Br)c1,4.100501,-1.473766
COc1ccc(OC)c(Br)c1,2.740114,-1.6864653
COc1ccc(OC(F)(F)F)c(Br)c1,3.1846604,2.1583571
COc1ccc(Br)c(C#N)c1,6.0185795,3.058184
COc1ccc(Br)c(C(C)C)c1,9.339431,-1.1714697
COc1ccc(Br)c(C)c1,9.533011,-0.6605477
C=Cc1cc(OC)ccc1Br,9.032142,-0.7215521
COc1ccc(Br)c(CN(C)C)c1,5.7466097,-0.3042608
COc1ccc(Br)c(Cl)c1,1.6528778,3.511265
COc1ccc(Br)c(F)c1,0.998625,-2.440158
COc1ccc(Br)c(OC(F)(F)F)c1,3.111166,-0.07086773
COc1ccc(Br)c(OC)c1,2.3929622,-2.2521574
COc1ccc(Br)c(OCc2ccccc2)c1,2.634116,-1.1800905
COc1ccc(Br)c(SC)c1,1.4152813,2.888783
COc1ccc(Br)c(-c2ccc3ccccc3c2)c1,7.650091,-0.81569314
COc1ccc(C=O)c(F)c1Br,-0.30300868,-0.963903
COc1ccc(OC)c(OC)c1Br,1.7328084,-2.0196826
COc1ccc(Br)c(C)c1C,9.67722,-0.82759166
COc1ccc(Br)c(OC)c1C,3.0380728,-1.5086159
COc1ccc(Br)c(OC)c1C=O,1.6966457,1.2940328
COc1ccc(Br)c(Cl)c1Cl,1.973632,4.217479
COc1ccc(Br)c(Cl)c1F,1.321473,3.8372922
COc1ccc(Br)c(OC)c1OC,2.8029723,-1.7559496
COc1ccc(Br)c2ccccc12,8.674649,-1.0852344
COc1ccc(/C=C/c2ccc(Br)cc2)cc1,8.092634,6.0014744
COc1ccc(Br)cc1,6.5985603,12.287404
COc1ccc(C(=O)c2ccc(Br)c(F)c2)cc1,1.4425968,0.09135262
COc1ccc(C(=O)c2ccc(Br)cc2)cc1,10.008965,4.660302
COc1ccc(C(=O)c2cccc(Br)c2)cc1,10.139738,6.525756
COc1ccc(CCC(=O)c2ccc(Br)cc2)cc1,8.955683,4.4952803
COc1ccc(CN(C)S(=O)(=O)c2ccccc2Br)cc1,3.3985138,2.7086499
COc1ccc(COCc2c(Cl)cccc2Br)cc1,5.2593155,0.7556181
COc1ccc(COc2ccc(F)c(Br)c2)cc1,1.5763261,-1.3108541
COc1ccc(COc2cccc(Br)c2)cc1,7.926576,8.290389
COc1ccc(CSc2ccc(Br)cc2)cc1,6.2449126,9.445869
COc1ccc(N(c2ccc(Br)cc2)c2ccc(OC)cc2)cc1,6.1653166,7.4131355
COc1ccc(Oc2ccc(Br)cc2)cc1,6.2177835,10.276633
COc1ccc(-c2ccc(Br)c3ccccc23)cc1,7.851175,-1.3235737
COc1ccc(-c2ccc(Br)cc2)cc1,7.7484984,7.2593226
COc1ccc(-c2nc(-c3ccc(Br)cc3)no2)cc1,8.8342285,4.882243
COc1ccc(Br)cc1B1OC(=O)CN(C)CC(=O)O1,7.3155665,8.396019
COc1ccc(C)cc1Br,4.0942073,-0.76987296
COc1ccc(C(C)=O)cc1Br,1.7869157,0.9102585
COc1ccc(C(=O)C(F)(F)F)cc1Br,1.3318318,1.2084948
COc1ccc(C(C)(C)C)cc1Br,2.5883784,-1.7075869
COc1ccc(C(F)(F)F)cc1Br,3.3886888,0.7921341
COc1ccc(Cl)cc1Br,4.0587344,0.35931727
COc1ccc(F)cc1Br,4.2193418,-0.017567473
COc1ccc(OC(C)=O)cc1Br,2.5153658,-1.2802819
COc1ccc(OC(F)(F)F)cc1Br,1.8753563,-1.1010256
COc1ccc(OCc2ccccc2)cc1Br,2.2159836,-1.3770932
COc1ccc(-c2ccc(OC)c(Br)c2)cc1Br,11.215054,0.2937113
COc1ccc(-c2ccccc2)cc1Br,2.6879241,-0.95450413
COc1ccc(-c2ccccn2)cc1Br,2.8624718,0.21180686
COc1ccc(-c2ccncc2)cc1Br,2.1329832,0.3249173
COc1ccc(-c2nn[nH]n2)cc1Br,2.0900412,-0.04839396
COc1ccc(Br)cc1C(C)=O,10.726334,7.6409564
COc1ccc(Br)cc1C(C)C,6.0934973,11.483861
COc1ccc(Br)cc1C(F)F,10.613302,12.625963
COc1ccc(Br)cc1C,6.496168,12.21309
COc1ccc(Br)cc1C1CCCN1,7.451777,9.493902
COc1ccc(Br)cc1CC#N,7.092741,11.016235
COc1ccc(Br)cc1CN(C)C,5.843284,9.774486
COc1ccc(Br)cc1CN1CCOCC1,5.4452085,8.92345
COc1ccc(Br)cc1F,7.127417,12.384569
COc1ccc(C(=O)c2ccc(Br)cc2)cc1F,9.885436,4.4281516
COc1ccc(Br)cc1OC(C)=O,6.7873316,11.675542
COc1ccc(Br)cc1OC(C)C,6.684919,11.509475
COc1ccc(Br)cc1OC(F)(F)F,7.548635,10.910346
COc1ccc(Br)cc1OC1CCCC1,7.28714,10.899882
C=C(C)COc1cc(Br)ccc1OC,6.9897995,10.985444
COc1ccc(Br)cc1OCc1ccccc1,6.2104726,9.895483
COc1ccc(Br)cc1OS(C)(=O)=O,8.210907,11.386066
COc1ccc(Br)cc1O[Si](C)(C)C(C)(C)C,6.1326733,8.950352
COc1ccc(Br)cc1-c1cnco1,8.249719,8.85783
COc1ccc(COc2ccc(Br)cc2)cn1,6.2529025,9.37299
COc1ccc2ccc(OC)c(Br)c2c1,2.9456265,-2.5371299
COc1ccc2ccc(Br)cc2c1,9.113683,7.764992
COc1ccc2cc(Br)ccc2c1,8.897145,8.351017
COc1ccc2c(Br)cccc2c1,7.279809,-1.4359531
COc1ccc2c(C)c(C(=O)c3ccc(Br)cc3)oc2c1,8.617969,4.8872886
COc1ccc2cc(Br)ccc2c1Br,10.56831,0.11003552
COc1ccc2cc(C(C)=O)ccc2c1Br,3.8166537,-2.1513543
COc1ccc2ccccc2c1Br,3.2555213,-2.5046985
COc1ccc2cc(Br)ccc2c1Cl,9.264734,7.5992103
COc1cccc(Br)c1,9.481546,10.206682
COc1cccc(C(=O)c2ccc(Br)cc2)c1,10.415402,4.4210854
COc1cccc(C(=O)c2cccc(Br)c2)c1,10.345179,6.1084123
COc1cccc(SCC(=O)c2ccc(Br)cc2)c1,9.175755,4.2561264
COc1cccc(C)c1Br,2.816802,-2.168197
COc1cccc(F)c1Br,-0.18475187,-1.8201588
COc1cccc(OC)c1Br,0.93900365,-2.016775
COc1cccc(Br)c1C#N,5.373272,3.4368143
COc1cccc(Br)c1C(F)(F)F,4.811299,3.2339633
COc1cccc(Br)c1C,7.999816,-0.052960526
COc1cccc(Br)c1OC(C)C,3.4416573,-1.5123329
COc1cccc(C=O)c1OCc1ccccc1Br,5.309832,0.92284024
COc1cccc(OC)c1-c1ccc(Br)cc1,7.8830914,7.0046854
COc1cccc(OC)c1-c1ccccc1Br,5.50027,0.3501259
COc1cccc2ccc(Br)cc12,8.833239,8.411905
COc1cccc2cc(Br)ccc12,9.064098,7.639416
COc1ccccc1Br,4.1608686,-0.25939533
COc1ccccc1CCC(=O)c1ccc(Br)cc1,9.919339,4.560275
COc1ccccc1-c1ccc(Br)cc1,8.155123,7.6675153
CS(=O)c1ccccc1Br,1.5116409,3.2599335
CSC(=CC(=O)c1cccc(Br)c1)SC,10.589918,5.8465323
CSCc1ccc(Br)cc1,6.469194,7.372132
CSc1c(Br)ccc(Cl)c1F,2.079689,3.144208
CSc1c(C)cc(Br)cc1C,7.4148097,7.659331
CSc1c(Br)cccc1C=O,2.4674587,3.4716773
CSc1c(Cl)ccc(Br)c1F,0.6977794,-0.8063585
CSc1c(F)cc(Br)cc1F,8.51094,7.8700123
CSc1cc(Br)ccc1C,9.148712,8.581519
CSc1cc(Br)ccc1Cl,8.843546,8.606911
CSc1cc(Br)ccc1F,9.220715,8.920317
COc1ccc(Br)cc1SC,7.588536,9.859958
CSc1cc(Cl)ccc1Br,1.6497654,3.173623
CSc1cc(F)cc(Br)c1,9.183351,9.409251
CSc1ccc(Br)c(C)c1,9.466886,-0.58029807
CSc1ccc(Br)c(F)c1,1.0087308,-2.4602025
CSc1ccc(Br)c(Cl)c1Cl,1.9771532,3.667997
CSc1ccc(Br)c(Cl)c1F,2.0827177,3.2516387
CSc1ccc(Br)cc1,6.9176745,11.378927
CSc1ccc(C)cc1Br,1.579463,3.1636949
CSc1ccc(Cl)cc1Br,1.6697733,3.2031367
CSc1ccc(F)cc1Br,1.5294456,2.9210541
CSc1ccc(Br)cc1C(F)(F)F,8.219968,7.5921874
CSc1ccc(Br)cc1C,7.121998,7.536069
CSc1ccc(Br)cc1Cl,9.250208,8.140771
CSc1ccc(Br)cc1F,8.1081505,8.152972
CSc1cccc(Br)c1,8.855546,9.693266
CSc1cccc(Br)c1F,0.86367977,-0.95583975
CSc1ccccc1Br,1.387503,3.313687
Cc1c(C)c(C)c(Br)c(C)c1C,9.057676,-1.6790372
Cc1cccc(Br)c1C,8.638322,0.1920069
Cc1c(Br)cccc1CC#N,7.0486965,1.0807941
COCOc1ccc(Br)c(C)c1C,9.409587,-1.0949076
COC(=O)c1cccc(Br)c1C,7.867496,1.6646078
CCOC(=O)c1cccc(Br)c1C,7.7380476,1.6390553
Cc1c(Br)cccc1N=C=O,8.218594,0.49312848
Cc1c(Br)cccc1OCc1ccccc1,7.0884295,-0.48947763
Cc1cc(C)c(Br)cc1C,8.763718,-0.025525834
Cc1cc(Cl)c(Br)cc1C,1.3079883,3.8288932
Cc1cc(Br)c(C)cc1Cl,8.532601,0.6009051
Cc1cc(Br)c(Cl)cc1Cl,1.8777848,4.021827
Cc1cc(Br)c(C)cc1F,9.2348795,0.2853865
Cc1cc(Br)c(F)cc1F,0.013724672,-2.3993247
CC(=O)c1cc(C)cc(Br)c1,12.236583,7.8608704
Cc1cc(Br)cc(C(F)(F)F)c1,12.072586,10.749005
Cc1cc(Br)cc(C(F)F)c1,11.757913,11.012322
Cc1cc(Br)cc(S(=O)(=O)N(C)C)c1,11.626624,9.347225
[C-]#[N+]c1c(C)cc(Br)cc1C,12.166354,8.34658
Cc1cc(C)c(Br)c(C)c1,8.79404,-1.7329332
Cc1cc(C)c(C)c(Br)c1C,8.90813,-1.6662325
Cc1cc(C)cc(Br)c1,10.350628,12.465838
Cc1cc(Cl)cc(Br)c1,11.512419,11.220855
Cc1cc(F)c(F)c(Br)c1,0.3743485,-1.6224531
Cc1cc(F)c(Br)cc1F,0.2175928,-2.0540476
Cc1cc(F)cc(Br)c1,11.552272,11.577619
Cc1cc(OCCCS(C)(=O)=O)cc(C)c1Br,9.1344385,-1.9490073
Cc1cc(OCc2ccccc2)cc(C)c1Br,9.198045,-1.876994
Cc1cc(-c2ccccc2)cc(C)c1Br,8.565763,-2.1045165
Cc1cc(Br)c2ccccc2c1,7.9178195,-1.2133676
Cc1cc2ccccc2cc1Br,7.431638,-1.1553441
Cc1ccc(C)c(Br)c1,8.686781,0.1007737
Cc1ccc(C(F)(F)F)c(Br)c1,4.8875084,2.7698562
Cc1ccc(Cl)c(Br)c1,1.4844257,3.8934839
Cc1ccc(N(C)C)c(Br)c1,4.543748,-1.4878685
Cc1ccc(N2CCN(C(=O)OC(C)(C)C)CC2)c(Br)c1,3.6255455,-0.24229516
Cc1ccc(OC(F)(F)F)c(Br)c1,3.8339517,1.6175705
Cc1ccc(OCC2CC2)c(Br)c1,3.728242,-1.2382635
Cc1ccc(OCc2ccccc2)c(Br)c1,3.2169678,-0.8369526
Cc1ccc(S(C)(=O)=O)c(Br)c1,3.6358645,3.327387
Cc1ccc(-c2cnco2)c(Br)c1,7.1128206,0.3196416
Cc1ccc(-n2cccc2)c(Br)c1,4.6363635,-0.92735946
Cc1ccc(Br)c(C)c1,8.983631,0.074548475
Cc1ccc(Sc2ccccc2Br)c(C)c1,2.0306368,3.0584574
Cc1ccc(Br)c(F)c1,0.3287664,-2.3295305
Cc1ccc(Br)cc1,10.44249,13.502843
Cc1ccc(C(=O)c2ccc(Br)cc2)cc1,10.859637,4.3730345
Cc1ccc(C(=O)c2cccc(Br)c2)cc1,11.050016,6.446646
Cc1ccc(CCC(=O)c2ccc(Br)cc2)cc1,10.048313,4.2741475
Cc1ccc(N(c2ccc(C)cc2)c2ccc(Br)cc2)cc1,6.123639,7.6422005
Cc1ccc(Oc2ccc(Br)cc2)cc1,6.138256,10.33892
Cc1ccc(S(=O)(=O)/N=C/c2ccc(Br)cc2)cc1,9.704226,3.911221
Cc1ccc(S(=O)(=O)Oc2ccccc2Br)cc1,4.3398337,1.9515387
Cc1ccc(S(=O)(=O)c2ccc(Br)cc2)cc1,12.324094,8.770608
Cc1ccc(-c2ccc(Br)cc2)cc1,8.741914,7.65138
Cc1ccc(-c2nc(-c3ccc(Br)cc3)no2)cc1,9.013708,5.3481903
Cc1ccc(C(C)(C)C)cc1Br,7.9935107,-0.13401775
Cc1ccc(C(F)(F)F)cc1Br,7.149748,1.4066763
Cc1ccc(CN2CCCC2)cc1Br,5.425782,-0.9983832
Cc1ccc(N2CCCCC2)cc1Br,6.6476407,-0.586541
Cc1ccc(OCc2ccccc2)cc1Br,7.2842093,-0.32943356
Cc1ccc(O[Si](C)(C)C(C)(C)C)cc1Br,6.794447,-0.2261469
Cc1ccc(S(C)(=O)=O)cc1Br,6.867333,1.7999282
Cc1ccc(S(=O)(=O)N2CCCCC2)cc1Br,6.346575,1.1672972
Cc1ccc(-c2ccccc2)cc1Br,7.595553,-0.37898198
Cc1ccc(-c2nccs2)cc1Br,6.940505,-1.1031759
Cc1ccc(-n2cccn2)cc1Br,7.3855143,-0.41656718
COC(=O)c1cc(Br)ccc1C,7.94407,4.177262
COC(=O)Cc1cc(Br)ccc1C,9.283427,12.270979
Cc1ccc(Br)cc1OCC1CC1,8.127338,10.02987
COCOc1cc(Br)ccc1C,8.70453,10.183369
Cc1ccc2cccc(Br)c2c1,7.621465,-1.1558344
Cc1ccc2c(Br)cccc2c1,7.7604923,-1.3018391
Cc1ccc2ccccc2c1Br,8.294111,-2.0069637
Cc1ccc2c(F)cccc2c1Br,7.995773,-1.9336954
Cc1cccc(Br)c1,10.92656,12.821837
Cc1cccc(C(=O)c2cccc(Br)c2)c1,11.291529,6.5296173
Cc1cccc(-c2c(F)cccc2Br)c1,6.6547527,0.23875122
Cc1cccc(C)c1Br,8.665082,-1.3120189
Cc1cccc(CC#N)c1Br,7.999213,-0.6481908
Cc1cccc2cccc(Br)c12,7.7924824,-0.82304376
Cc1cccc2c(Br)cccc12,7.686433,-1.3007172
Cc1ccccc1Br,8.857857,0.26640338
Cc1ccn2cc(-c3cccc(Br)c3)nc2c1,9.113286,6.6796336
Cc1cnc(-c2ccc(Br)cc2)nc1,10.429118,5.3852897
Cc1cc(C)n(-c2ccccc2Br)n1,4.838438,0.049698807
Cc1nnc(-c2ccccc2Br)o1,6.981211,2.249719
C=C(Cl)CCc1ccc(Br)cc1,9.432572,11.932775
Cc1cccc(Br)c1Cl,1.4830672,4.101798
Clc1cccc(Br)c1Cl,2.3103502,4.0842223
Clc1c(Br)cccc1CN1CCOCC1,2.618465,3.3177826
Clc1cc(Cl)c(Br)cc1Cl,2.2662313,4.5897164
CC(=O)c1cc(Cl)cc(Br)c1,12.8731,7.186896
Clc1cc(Br)cc(-c2ccccc2)c1,11.239809,9.631499
Clc1cc(Br)cc(-n2c3ccccc3c3ccccc32)c1,7.2399564,6.059753
Cc1cc(Cl)cc(C)c1Br,8.727539,-1.3721867
N#CCc1cc(Cl)ccc1Br,5.7664323,1.9962915
Clc1cc(Cl)c(Cl)c(Br)c1,2.3209558,4.3803396
Clc1cc(Cl)cc(Br)c1,13.071881,11.037255
Fc1cc(Cl)cc(F)c1Br,-1.0121926,-1.2868257
Cc1cc(Br)c(F)cc1Cl,0.13799198,-1.650947
Clc1cc(Br)cc(OCc2ccccc2)c1,9.259956,9.420043
FC(F)(F)Oc1cc(Cl)cc(Br)c1,13.060217,10.748946
Cc1ccc(Cl)cc1Br,8.251956,0.92243576
CC(C)(C)c1ccc(Cl)cc1Br,7.6533165,0.2769415
CC(C)c1ccc(Cl)cc1Br,7.6310945,0.33378577
FC(F)c1ccc(Cl)cc1Br,4.1614423,3.0278685
CC(C)(C)[Si](C)(C)OCCc1ccc(Cl)cc1Br,5.506725,1.1300473
Clc1ccc(Cl)c(Br)c1,1.988984,4.4483595
Fc1ccc(Cl)cc1Br,-0.35495758,-1.8111727
FC(F)(F)Oc1ccc(Cl)cc1Br,3.7885196,2.016395
FC(F)(F)COc1ccc(Cl)cc1Br,3.6200185,1.0074103
Clc1ccc(OCc2ccccc2)c(Br)c1,3.3658319,0.16512692
Clc1ccc(-c2cnco2)c(Br)c1,7.0581303,0.79211664
Clc1ccc(-n2ccnc2)c(Br)c1,4.618364,0.3993763
Clc1ccc(-n2cnnn2)c(Br)c1,4.56778,1.8271264
Clc1ccc(-n2cc(Cl)nn2)c(Br)c1,4.0670977,1.3499621
Cc1cc(Cl)ccc1Br,8.766778,0.8790278
O=C1CCCc2ccc(OCc3cc(Cl)ccc3Br)cc21,5.515152,0.8737822
Clc1ccc(Br)c(Cl)c1,2.0076034,4.3337536
Fc1cc(Cl)ccc1Br,-0.20004973,-1.997942
Cc1ccn(-c2cc(Cl)ccc2Br)n1,4.371723,1.2723378
Cc1ccnn1-c1cc(Cl)ccc1Br,4.5372596,0.4357789
FC(F)(F)c1ccc(Cl)c(Br)c1Cl,2.493701,4.526013
Cc1c(Cl)ccc(Br)c1C,8.665367,0.45372415
Cc1c(Cl)ccc(Br)c1F,-0.048860796,-1.9051018
Clc1ccc(Br)c(Cl)c1Cl,2.3627806,4.301194
O=C(/C=C/c1ccc(Cl)cc1)c1ccc(Br)cc1,9.793156,3.8392642
Clc1ccc(Br)cc1,11.718111,12.639451
O=C(/C=C/c1ccc(Br)cc1)c1ccc(Cl)cc1,9.635061,4.0398936
O=C(c1ccc(Cl)cc1)c1ccc(Br)cc1,11.787125,3.956438
O=C(c1ccc(Cl)cc1)c1cccc(Br)c1,11.547104,6.289804
Clc1ccc(C2(c3ccc(Br)cc3)CCNCC2)cc1,6.8462014,7.1581116
O=C(CCc1ccc(Cl)cc1)c1ccc(Br)cc1,9.3751745,3.9596665
Clc1ccc(OCc2cccc(Br)c2)cc1,8.237468,7.0507574
Clc1ccc(Oc2ccc(Br)cc2)cc1,7.1941757,10.546889
Clc1ccc(Sc2ccc(Br)cc2)cc1,8.691414,7.527473
Clc1ccc(-c2ccc(Br)cc2)cc1,9.639306,7.953424
Clc1ccc(-c2ccccc2Br)cc1,7.5148077,1.4288161
Clc1ccc(-c2nc(-c3ccc(Br)cc3)no2)cc1,8.852239,4.9912553
CC(C)(C)c1ccc(Cl)c(Br)c1,1.7001561,3.610315
FC(F)(F)c1ccc(Cl)c(Br)c1,2.5348942,4.2241464
FC(F)(F)Oc1ccc(Cl)c(Br)c1,2.3312397,4.2493486
N#CCc1cc(Br)ccc1Cl,12.1618595,10.337335
Clc1ccc2nc(-c3cccc(Br)c3)[nH]c2c1,9.732106,6.0269256
Clc1ccc2cc(Br)ccc2c1,10.767862,9.179941
Clc1ccc2ccccc2c1Br,1.9739081,3.0001235
Clc1cccc(Br)c1,12.280439,11.84179
O=C(c1cccc(Cl)c1)c1cccc(Br)c1,11.279331,5.996097
N#CCc1cccc(Cl)c1Br,2.1685486,3.4698613
Clc1cccc(Cl)c1Br,2.212696,4.5533414
FC(F)(F)c1c(Cl)cccc1Br,4.711429,3.061043
Clc1cccc2cccc(Br)c12,7.0308223,0.17908047
Clc1ccccc1Br,1.7765895,4.168025
Cn1c(-c2ccccc2Br)cc2ccccc21,5.280654,-0.061591826
Cn1c(-c2ccccc2Br)nc2ccccc21,5.36394,0.22163975
C=C(F)c1ccc(Br)cc1,10.913786,9.388849
FC(F)=Cc1ccc(Br)cc1,10.320557,9.419982
O=C(c1ccc(Br)cc1)C(F)F,13.790445,4.886883
FC(F)(F)C(F)(c1ccc(Br)cc1)C(F)(F)F,12.061223,10.577073
FC(F)(F)C(F)(F)Oc1ccc(Br)cc1,10.936671,11.816752
FC(c1ccc(Br)cc1)C(F)(F)F,11.957616,11.592204
FC(F)C(F)(F)Oc1ccc(Br)cc1,11.534585,11.796057
FC(F)(F)C1(c2ccc(Br)cc2)CC1,10.631737,11.600827
FC(F)(F)C1(c2ccc(Br)cc2)N=N1,11.552804,5.385246
FC(F)(F)CCc1ccc(Br)cc1,10.090398,11.860121
Fc1cc(Br)cc(F)c1OCC(F)(F)F,12.366864,10.907238
CS(=O)(=O)c1ccc(Br)c(OCC(F)(F)F)c1,2.666806,0.6517392
FC(F)(F)COc1ccc(Br)cc1,9.597344,12.292985
FC(F)(F)Cc1cc(Cl)ccc1Br,6.043422,1.7483305
FC(F)Cc1ccc(Br)cc1,11.279954,12.525165
FC(F)Cc1cccc(Br)c1,0.46825105,-1.318361
Cc1cc(Br)cc(C)c1OC(F)F,10.0460205,11.875462
FC(F)Oc1c(Cl)cc(Br)cc1Cl,12.82043,10.857869
N#Cc1ccc(Br)cc1OC(F)F,13.727481,7.070606
FC(F)(F)Oc1cc(Br)ccc1Cl,12.604682,11.283185
FC(F)Oc1cc(Br)ccc1Cl,12.290005,11.527126
Fc1ccc(Br)cc1OC(F)(F)F,12.198656,11.877866
Fc1ccc(Br)cc1OC(F)F,11.925179,12.200707
FC(F)Oc1ccc(Br)cc1OC(F)F,12.384519,10.633015
FC(F)Oc1cc(Cl)cc(Br)c1,12.002517,10.182812
Fc1cc(OC(F)F)c(F)cc1Br,-0.06443993,-1.6740289
Fc1cc(Br)cc(OC(F)F)c1,12.213453,10.471895
Fc1ccc(Br)c(OC(F)F)c1,3.6550074,0.7165103
Cc1cc(OC(F)F)ccc1Br,9.046602,-0.13220944
FC(F)Oc1ccc(Br)c(Cl)c1,1.7226455,3.9594388
Fc1cc(OC(F)F)ccc1Br,0.28430706,-2.2057462
FC(F)(F)Oc1ccc(Br)cc1,11.844113,12.478686
FC(F)Oc1ccc(Br)cc1,11.139119,12.625354
FC(F)(F)Oc1ccc(Oc2ccc(Br)cc2)cc1,6.871605,9.953326
FC(F)(F)Oc1ccc(-c2ccc(Br)cc2)cc1,9.534267,7.277221
FC(F)Oc1ccc(Cl)cc1Br,3.6638145,1.7373416
FC(F)Oc1ccc(Br)cc1Cl,12.19323,11.026905
Fc1cc(Br)ccc1OC(F)F,11.963466,12.170392
FC(F)Oc1ccc2cc(Br)ccc2c1,9.992989,8.12307
FC(F)Oc1cccc(Br)c1,11.845358,11.370945
Fc1cccc(OC(F)F)c1Br,-0.70354664,-1.5939019
Fc1c(Br)cccc1OC(F)F,0.4850778,-1.5441816
FC(F)Oc1ccccc1Br,3.7542896,0.727706
O=S(=O)(Oc1ccc(Br)cc1)C(F)(F)F,12.30017,10.798508
O=S(=O)(c1ccc(Br)cc1)C(F)F,13.405808,8.75128
FC(F)(F)Sc1ccc(Br)cc1,12.187371,5.9299493
FC(F)Sc1ccc(Br)cc1,9.575981,8.153511
Fc1cc(Br)cc(F)c1C(F)(F)F,13.712966,8.064272
Cc1cc(C(F)F)ccc1Br,8.041107,0.94150454
FC(F)(F)c1ccc(Br)c(CN2CCOCC2)c1,4.9584727,-0.4478598
FC(F)c1ccc(Br)c(Cl)c1,2.0331442,4.430172
FC(F)(F)c1ccc(Br)cc1,12.465828,11.315385
FC(F)c1ccc(Br)cc1,11.999345,11.928833
FC(F)c1ccc2ccccc2c1Br,7.3219876,-1.4898134
FC(F)(F)c1cccc(C(F)(F)F)c1Br,4.2994165,3.1628177
Fc1cccc(C(F)F)c1Br,-0.25757653,-1.3279389
Fc1c(Br)cccc1C(F)F,-0.09066862,-1.1289197
FC(F)c1ccccc1Br,6.3329735,2.200611
FC(F)(F)c1nn2cc(-c3ccc(Br)cc3)nc2s1,8.97628,5.266203
FC1(c2ccc(Br)cc2)COC1,10.203378,12.341561
FC1(F)CC(c2ccc(Br)cc2)C1,9.540614,12.091713
FC1(F)CC1c1ccc(Br)cc1,10.489336,12.231823
O=C(CF)c1ccc(Br)cc1,13.571222,5.2963223
O=C(CF)c1cccc(Br)c1,12.5534,7.507949
COc1cc(C=O)cc(Br)c1OCCCF,2.7019198,1.1377301
FCCOc1ccc(Br)cc1,6.4074492,11.737898
FCCc1ccc(Br)cc1,10.56619,13.1927595
O=S(=O)(CF)c1ccc(Br)cc1,13.359773,8.847544
FCc1ccc(Br)cc1,10.979634,13.126254
FCc1cccc(Br)c1,11.417117,12.539462
FCc1ccccc1Br,6.220767,2.2010508
Cc1cc(C)c(Br)c(C)c1F,8.649191,-1.473907
N#CCc1cccc(Br)c1F,0.29994398,-0.86243695
Fc1c(Cl)c(F)c(Br)c(F)c1Cl,-0.7919428,-1.4068618
Fc1c(F)c(F)c(Br)c(F)c1F,-0.6917155,-1.4612882
Fc1c(F)c(F)c2c(F)c(Br)c(F)c(F)c2c1F,-1.0624593,-0.90721107
Cc1c(F)c(F)cc(Br)c1F,-0.36780977,-2.0776482
Fc1cc(Br)c(F)c(F)c1F,-0.73389715,-1.9810679
Fc1cccc(Br)c1F,-0.26995632,-1.7196882
Fc1c(Br)cccc1OCc1ccccc1,1.2969363,-1.5894107
Fc1cc(Br)c(Cl)c(C(F)(F)F)c1,2.709556,4.2393203
Fc1cc(Br)c(F)cc1Cl,-0.6897227,-1.9965844
Fc1cc(Cl)c(Br)cc1F,1.9584628,4.468977
Fc1cc(F)c(Br)cc1F,-0.50065964,-2.2267473
Fc1cc(OCc2ccccc2)c(F)cc1Br,1.1668005,-1.9518481
Fc1cc(-c2ccccc2)c(F)cc1Br,0.8273467,-1.1690829
CC(=O)c1cc(F)cc(Br)c1,12.959326,7.4779835
CC(C)C(=O)c1cc(F)cc(Br)c1,11.906859,7.0071654
CC(C)(C)OC(=O)c1cc(F)cc(Br)c1,11.125333,6.96808
CC(C)(C)c1cc(F)cc(Br)c1,10.388546,10.913911
CC(F)(F)c1cc(F)cc(Br)c1,12.204352,10.807036
Fc1cc(Br)cc(N2CCOCC2)c1,8.372751,9.601347
CC(C)(C)[Si](C)(C)Oc1cc(F)cc(Br)c1,8.421562,8.802568
Fc1cc(Br)cc(-c2ccccc2)c1,11.105021,9.886631
Fc1cc(Br)cc(F)c1CN1CCCC1,6.0719857,6.6059256
Fc1cc(Br)cc(F)c1CN1CCOCC1,6.243202,6.464873
Fc1cc(Br)cc(F)c1N1CCOCC1,7.6521034,10.651425
Fc1cc(Br)cc(F)c1OCC1CC1,10.319932,11.449571
C[Si](C)(C)c1c(F)cc(Br)cc1F,11.830509,9.74254
CC(=O)c1cc(F)c(Br)cc1F,0.62796336,0.73251826
Cc1cc(F)cc(Br)c1Cl,1.799877,4.2524376
Cc1cc(F)cc(C)c1Br,8.700106,-1.5136343
N#CCc1cc(F)ccc1Br,6.140047,2.064731
Cc1cc(Br)c(Cl)cc1F,1.5498729,4.1192107
Fc1cc(Cl)cc(Br)c1,12.800538,11.1722765
Fc1cc(F)c(F)c(Br)c1,-0.42166167,-1.4870634
Fc1cc(F)c(Br)c(F)c1,-0.7272845,-1.3167077
Fc1cc(F)c(F)c(Br)c1F,-1.1105089,-1.1065645
Fc1cc(F)c(OCc2ccccc2)cc1Br,1.1718488,-1.6777022
Fc1cc(F)cc(Br)c1,12.504932,11.313384
Fc1cc(Br)cc(OCC(F)(F)F)c1,10.61147,9.893563
Fc1cc(Br)cc(OCc2ccccc2)c1,9.232731,9.401804
CC(C)(C)Oc1cc(F)cc(Br)c1,10.118028,10.1819515
Fc1ccc(C(F)F)c(Br)c1,4.423993,2.9437358
Fc1ccc(C2CC2)c(Br)c1,7.5380373,0.77508026
Fc1ccc(F)c(Br)c1,-0.37039453,-1.9177394
CN(C)c1ccc(F)cc1Br,4.377674,-1.3428576
Fc1ccc(N2CCCC2)c(Br)c1,4.415566,-1.6856264
Fc1ccc(OC(F)(F)F)c(Br)c1,3.8143103,1.9086242
Fc1ccc(OCC(F)(F)F)c(Br)c1,3.8449953,0.9427478
Fc1ccc(OCc2ccccc2)c(Br)c1,2.9024248,-1.1337606
Fc1ccc(Br)c(C(F)F)c1,4.375427,2.4496818
Cc1cc(F)ccc1Br,9.095871,0.5817558
Fc1ccc(Br)c(F)c1,-0.123382,-2.235714
Fc1ccc(Br)c(OCC(F)(F)F)c1,3.1036425,-0.2988663
Fc1ccc(Br)c(OCc2ccccc2)c1,2.7899642,-0.9809649
Fc1ccc(Br)c(F)c1C(F)(F)F,-0.19698057,-0.60434765
Cc1c(F)ccc(Br)c1C,9.273617,0.14639315
Cc1c(F)ccc(Br)c1Cl,1.6695567,4.160361
Fc1ccc(Br)c(F)c1F,-0.34379387,-1.7847812
Fc1ccc(Br)cc1,11.390962,12.931529
O=C(Cc1ccccc1Br)c1ccc(F)cc1,6.630468,-0.29086125
O=C(c1ccc(F)cc1)c1cc(Br)ccc1Cl,11.567544,6.0288324
O=C(c1ccc(F)cc1)c1ccc(Br)cc1,11.680997,3.9226062
O=C(c1ccc(F)cc1)c1cccc(Br)c1,11.2939625,6.452125
O=C(Cc1ccc(F)cc1)c1ccc(Br)cc1,10.805766,4.0958004
Fc1ccc(COc2ccc(Br)cc2)cc1,5.947925,10.252446
Fc1ccc(COc2ccc(Br)cc2Cl)cc1,6.822978,10.268416
Fc1ccc(Oc2ccc(Br)cc2)cc1,6.7574596,10.722416
Fc1ccc(Oc2cccc(Br)c2)cc1,8.9312725,9.084798
O=S(=O)(c1ccc(F)cc1)c1ccc(Br)cc1,12.343551,8.933207
Fc1ccc(-c2ccc(Br)cc2)cc1,9.690182,8.741655
Cc1ccc(Br)cc1C(=O)c1ccc(-c2ccc(F)cc2)s1,8.153025,5.6123314
Cc1ccc(Br)cc1Cc1ccc(-c2ccc(F)cc2)s1,7.3667145,6.343342
Fc1ccc(-c2cccc(Br)c2)cc1,10.464748,9.768867
Fc1ccc(-c2ccccc2Br)cc1,7.7110496,1.1809521
Fc1ccc(-c2nc(-c3ccc(Br)cc3)no2)cc1,9.02948,5.012938
CC(C)(C)c1ccc(F)c(Br)c1,1.2523435,-1.7872226
Fc1ccc(CN2CCOCC2)cc1Br,2.1043653,-0.8346739
Fc1ccc(OCc2ccccc2)cc1Br,1.549256,-1.4442182
CS(=O)(=O)c1ccc(F)c(Br)c1,-0.18248826,-0.48709673
Fc1ccc(-c2nc3ccccc3s2)cc1Br,1.3797164,0.15263633
N#CCc1cc(Br)ccc1F,11.91687,10.662478
C=CCCc1cc(Br)ccc1F,10.09232,12.604727
Fc1ccc(Br)cc1N1CCOCC1,8.138856,9.367977
Fc1ccc(Br)cc1OCC1CC1,9.525057,12.200854
C=CCCOc1cc(Br)ccc1F,9.079958,11.948876
Fc1ccc2cc(Br)ccc2c1,10.47771,9.483835
Fc1ccc2c(Br)cccc2c1,7.6501813,-1.3970033
Fc1cccc(Br)c1,12.210406,12.144321
O=C(c1cccc(F)c1)c1cccc(Br)c1,11.444285,6.234724
Fc1cccc(Oc2ccccc2Br)c1,3.9808064,-0.6053988
Fc1cccc(F)c1Br,-0.87776345,-1.3682246
Fc1cccc(Br)c1OCc1ccccc1,3.3302662,-0.5999471
C[Si](C)(C)c1c(F)cccc1Br,7.0630994,0.9347593
Fc1cccc(Br)c1-c1cnco1,6.1605263,0.3913892
Fc1cccc2c(Br)cccc12,7.925914,-1.2764343
Fc1ccccc1Br,-0.047665376,-2.2311003
N#C/C(=C(/C#N)c1ccc(Br)cc1)c1ccc(Br)cc1,11.884384,0.7748578
N#C/C=C/c1ccc(Br)cc1,11.639718,8.214733
N#CC(C#N)=Cc1cccc(Br)c1,6.5685654,3.8844895
N#CC(=O)c1ccc(Br)cc1,13.867216,5.437233
N#CC(=O)c1cccc(Br)c1,13.281344,6.9860044
N#CC(C(=O)c1cccs1)c1ccc(Br)cc1,10.6942835,5.778764
N#CC(C#N)CC(=O)c1ccc(Br)cc1,13.476942,4.5127354
CC(C)(C#N)Cc1cccc(Br)c1,10.621112,10.807802
CC(C)(C#N)c1cc(Br)ccc1F,11.343422,10.600523
Cc1cc(C(C)(C)C#N)ccc1Br,7.2112765,0.46503863
CC(C)(C#N)c1ccc(Br)cc1,10.461916,10.903147
N#CC(F)(F)c1ccc(Br)cc1,12.920943,9.739594
N#CC(C#N)c1ccc(Br)cc1,12.380427,9.602761
CC(=O)C(C#N)c1ccc(Br)cc1,11.895173,7.816258
CC(C)(C#N)c1ccc(Br)cc1F,11.634878,10.701625
CC(C)(C#N)c1cccc(Br)c1,11.155011,10.39028
CC(C#N)c1cccc(Br)c1,11.451613,10.638128
COC(=O)C(C#N)c1cccc(Br)c1,11.537584,9.604379
CC(C)(C)OC(=O)C(C#N)c1cccc(Br)c1,11.138609,9.4196
N#CC(c1ccccc1)c1ccc(Br)cc1,10.211626,10.438611
CC(C)(C#N)c1ccccc1Br,7.700356,0.7420056
CC(C#N)c1ccccc1Br,6.120595,2.0188673
COC(=O)C(C#N)c1ccccc1Br,6.0158253,1.7799153
CN(C)C(C#N)c1ccccc1Br,5.589387,0.00944936
Cc1cc(C2(C#N)CC2)ccc1Br,6.907837,0.5986377
N#CC1(c2ccccc2Br)CC1,6.2555103,1.9445529
N#CC1(c2ccc(Br)cc2)CCC(=O)CC1,10.545837,8.084411
N#CC1(c2ccc(Br)cc2)CCC1,10.555562,10.677559
N#CC1(c2ccc(Br)cc2F)CCC1,11.503419,10.350173
N#CC1(c2cccc(Br)c2)CCC1,11.258466,10.248401
N#CC1(c2ccc(Br)cc2)CCCC1,9.794048,10.87301
N#CC1(c2ccc(Br)cc2)CCCCC1,9.372112,10.934789
N#CC1(c2cccc(Br)c2)CCCCC1,10.160024,10.3132715
CC(C)(C)OC(=O)N1CCC(C#N)(c2ccc(Br)cc2)CC1,6.8626685,8.506414
CC(C)(C)OC(=O)N1CCC(C#N)(c2cccc(Br)c2)CC1,6.8997693,8.555487
CC(C)(C)OC(=O)N1CCC(C#N)(c2ccccc2Br)CC1,5.2363462,1.2417635
N#CC1(c2ccc(Br)cc2)CCOCC1,9.49532,10.801112
N#CC1(c2cccc(Br)c2)CCOCC1,10.063111,10.595902
N#CC1CCN(Cc2ccc(Br)cc2)CC1,5.248965,6.3004403
N#CCC(=O)c1ccc(Br)cc1,13.735855,5.407343
N#CCC(=O)c1cccc(Br)c1,12.954981,7.1991587
N#CCC(CC#N)c1ccc(Br)cc1,11.148364,10.070132
N#CCCC(=O)c1cccc(Br)c1,12.212351,7.111968
N#CCCCC(=O)c1ccc(Br)cc1,12.0807,4.203076
N#CCCCCC(=O)c1ccc(Br)cc1,11.825753,3.8524342
N#CCCCCC(=O)c1cccc(Br)c1,11.16297,6.610855
N#CCCCc1ccccc1Br,6.17043,1.5658432
N#CCCOc1ccc(Br)cc1,6.7865796,10.863361
N#CCCOc1ccccc1Br,3.5616412,-0.10018347
COc1cc(Br)c(CCC#N)cc1OC,9.037035,-0.96670955
N#CCCc1ccc(Br)cc1,11.287204,11.485412
N#CCCc1ccc(F)cc1Br,7.082545,0.78977454
N#CCCc1cccc(Br)c1,11.245571,11.07441
N#CCCc1ccccc1Br,6.786491,1.4106796
N#CCOc1cccc(Br)c1,11.0758,10.502418
N#CCOc1ccccc1Br,3.730812,-0.1967425
N#CCS(=O)(=O)c1ccc(Br)cc1,13.319137,8.765324
N#CCc1c(Cl)cccc1Br,5.998366,1.8790787
N#CCc1c(F)cc(Br)cc1F,13.39672,8.793113
N#CCc1c(F)cccc1Br,6.060431,1.9464048
COc1ccc2cc(Br)ccc2c1CC#N,9.239901,6.9879103
N#CCc1cc(Br)ccc1C#N,13.711705,7.4493074
Cc1cc(Br)cc(CC#N)c1,11.472418,10.3147955
N#CCc1cc(F)cc(Br)c1,12.400507,10.42018
COc1cc(Br)c(CC#N)cc1OC,4.4061084,-0.25311166
COc1cc(Br)cc(CC#N)c1,9.5447,10.062444
COc1ccc(Br)c(CC#N)c1,9.25958,-0.5294763
N#CCc1cc(C(F)(F)F)ccc1Br,5.736328,2.1253474
N#CCc1ccc(F)c(Br)c1,0.19908628,-1.1555436
COc1ccc(CC#N)cc1Br,3.5673323,0.22533341
Cc1cc(CC#N)ccc1Br,7.4934354,0.94637764
N#CCc1ccc(Br)c(Cl)c1,2.0802064,3.9282677
N#CCc1ccc(Br)c(F)c1,0.09423849,-1.2157782
COc1cc(CC#N)ccc1Br,2.1627297,-1.5153354
N#CCc1ccc(Br)c(F)c1F,-0.13317329,-0.7964955
N#CCc1ccc(Br)c2ccccc12,7.143277,-1.1547309
N#CCc1ccc(Br)cc1,11.748855,11.015278
Cc1ccc(CC#N)c(Br)c1,6.151541,1.7386442
COC(=O)c1ccc(CC#N)c(Br)c1,7.522227,1.9471209
N#CCc1ccc(Cl)cc1Br,5.734285,2.045986
N#CCc1ccc(F)cc1Br,6.565838,1.3568232
COc1ccc(CC#N)c(Br)c1,7.5261097,-0.12671609
N#CCc1ccc(Br)cc1C(F)(F)F,6.7746124,4.408067
Cc1cc(Br)ccc1CC#N,11.308243,10.916854
N#CCc1ccc(Br)cc1Cl,12.523984,10.314776
N#CCc1ccc(Br)cc1F,12.411214,10.15806
COc1cc(Br)ccc1CC#N,9.663405,9.968483
N#CCc1cccc(Br)c1,11.854051,10.780049
N#CCc1ccccc1Br,6.7324176,1.5093373
N#CCc1nc(-c2ccc(Br)cc2)cs1,9.536712,5.770333
N#CSCC(=O)c1ccc(Br)cc1,13.4233265,4.722624
CC(C)(C)OC(=O)N1CCN(c2cccc(Br)c2C#N)CC1,8.153231,4.912488
N#Cc1c(Br)cccc1N1CCOCC1,7.589136,4.887316
Cc1cc(F)cc(Br)c1C#N,5.2194448,3.5593019
Cc1cc(Br)cc(C)c1C#N,12.892119,6.36019
Cc1cccc(Br)c1C#N,5.6758084,3.5495017
Cc1nccc(-c2ccc(Br)cc2)c1C#N,9.913209,5.3973427
Cc1cc(Cl)c(C#N)c(Br)c1,5.3051915,3.839448
N#Cc1c(Cl)cc(Br)cc1Cl,13.86503,7.1421156
N#Cc1c(Cl)ccc(Br)c1Cl,2.7711987,4.0746765
N#Cc1c(Cl)ccc(Br)c1F,-0.44682258,-0.24420841
N#Cc1c(F)c(F)c(Br)c(F)c1F,-0.8962879,-0.651996
Cc1cc(F)c(C#N)c(Br)c1,5.343884,3.6675508
N#Cc1c(F)cc(Br)cc1F,13.999434,7.307717
Cc1c(Br)ccc(F)c1C#N,7.321764,2.252979
N#Cc1c(F)ccc(Br)c1F,-0.21617623,-0.29273185
N#Cc1c(F)cccc1Br,5.3606787,3.7844756
Cc1cc(C)c(C#N)cc1Br,7.235806,2.062224
Cc1cc(F)c(C#N)cc1Br,6.936051,2.2197702
N#Cc1cc(Br)c2ccccc2c1,6.881099,-0.5965113
N#Cc1cc(Br)cc(C#N)c1,6.256118,3.8945792
N#Cc1cc(Br)cc(C(F)(F)F)c1,6.337042,3.6833506
N#Cc1cc(Br)cc(N2CCOCC2)c1,10.432367,6.5604806
N#Cc1cc(Br)cc(F)c1F,6.409114,3.9363961
Cc1ccc(Br)cc1C#N,6.8517847,4.0459366
N#Cc1ccc(Br)cc1C#N,6.0615034,4.0656824
N#Cc1cc(Br)ccc1C=O,13.780883,6.3746443
CC(C)Cc1ccc(Br)cc1C#N,7.4211,3.9393263
N#Cc1cc(Br)ccc1F,6.490647,3.8363361
CN(C)c1ccc(Br)cc1C#N,8.69868,8.155627
N#Cc1cc(Br)ccc1N1CCCC1,8.130003,8.67651
N#Cc1cc(Br)ccc1N1CCCCC1,7.959744,8.239141
CC(C)(C)OC(=O)N1CCN(c2ccc(Br)cc2C#N)CC1,6.981291,6.5925255
N#Cc1cc(Br)ccc1N1CCOCC1,8.229971,8.089949
COc1ccc(Br)cc1C#N,7.3291698,7.6927457
CC(C)Oc1ccc(Br)cc1C#N,7.516674,8.340881
N#Cc1cc(Br)ccc1OC(F)(F)F,6.746365,3.8137388
N#Cc1cc(Br)ccc1OC1CCC(F)(F)CC1,7.256223,8.283935
N#Cc1cc(Br)ccc1OC1CCOCC1,7.4889817,8.241512
N#Cc1cc(Br)ccc1OC1COC1,7.484737,7.906651
CC(C)COc1ccc(Br)cc1C#N,7.2297673,8.326064
CC(C)(C)OC(=O)N1CCC(COc2ccc(Br)cc2C#N)CC1,6.9827633,7.03525
N#Cc1cc(Br)ccc1OCc1ccccc1,7.3244543,8.491522
N#Cc1cc(Br)ccc1O[C@@H]1CCOC1,7.3795824,8.108397
N#Cc1cc(Br)ccc1-n1cccn1,8.578565,4.912263
Cc1cn(-c2ccc(Br)cc2C#N)cn1,11.264385,6.951335
N#Cc1cc(Br)ccc1-n1ccnc1,11.90343,7.0000615
Cc1cc(C#N)cc(C)c1Br,7.205424,-1.0715972
Cc1cc(C#N)c(F)cc1Br,6.2262115,0.4527269
Cc1cc(Br)cc(C#N)c1,6.6299124,4.325837
Cc1ccc(Br)c(C#N)c1,5.9124966,3.3351254
N#Cc1cc(Cl)cc(Br)c1,6.343706,4.2848425
N#Cc1cc(Cl)cc(Br)c1F,-0.3130436,0.091519
N#Cc1cc(Cl)ccc1Br,5.5263524,3.387817
COc1c(F)cc(C#N)cc1Br,2.374588,1.1602645
N#Cc1cc(F)c(Br)c(F)c1,-1.0666426,-0.8824908
N#Cc1cc(F)c(Br)cc1Cl,0.05510037,0.13087025
N#Cc1cc(F)c(Br)cc1F,-0.008881264,0.07480564
N#Cc1cc(F)cc(Br)c1,6.2832417,4.260101
N#Cc1cc(F)cc(F)c1Br,-0.2460048,-0.37786362
COc1c(Br)cc(F)cc1C#N,2.135928,1.0462321
CC(C)Oc1cc(Br)cc(C#N)c1,12.133682,9.216449
N#Cc1cc(N2CCOCC2)ccc1Br,7.351342,7.776305
Cc1ccc(C#N)cc1Br,6.8721676,2.1256697
N#Cc1ccc(Cl)c(Br)c1,2.695544,4.2345357
N#Cc1ccc(F)c(Br)c1,-0.28555506,-0.31565073
CN(C)c1ccc(C#N)cc1Br,3.185348,0.23322555
CC(C)(C)OC(=O)N1CCN(c2ccc(C#N)cc2Br)CC1,3.4802413,0.88794893
COc1ccc(C#N)cc1Br,1.3760402,0.15409558
N#Cc1ccc(OCC(F)(F)F)c(Br)c1,2.3865623,0.8225986
N#Cc1ccc(OCc2ccccc2)c(Br)c1,2.6289327,0.7626989
N#Cc1ccc(Oc2ccccc2)c(Br)c1,3.944556,0.68884766
N#Cc1ccc(Br)c(C#N)c1,5.0839224,3.6787713
N#Cc1ccc(Br)c(C(F)(F)F)c1,4.623357,3.441442
Cc1cc(C#N)ccc1Br,6.4731393,0.26921985
N#Cc1ccc(Br)c(Cl)c1,3.0408356,3.806146
N#Cc1ccc(Br)c(OC(F)(F)F)c1,3.6241262,2.537893
N#Cc1ccc(Br)c(OCc2ccccc2)c1,4.0318685,0.22393134
Cc1c(Br)ccc(C#N)c1F,6.2359567,0.28067416
N#Cc1ccc(Br)c2ccccc12,6.5802283,-1.0144464
N#Cc1ccc(Br)cc1,13.427627,7.8692355
N#Cc1ccc(C(=O)c2ccc(Br)cc2)cc1,12.198212,3.7766266
N#Cc1ccc(C(=O)c2cccc(Br)c2)cc1,11.591684,6.077139
N#Cc1ccc(Oc2ccc(Br)cc2)cc1,8.956364,5.908509
Cc1ccc(C#N)c(Br)c1,5.810731,3.6109796
CC(=O)c1ccc(C#N)c(Br)c1,5.0395436,4.127493
N#Cc1ccc(Cl)cc1Br,5.4343376,3.5021415
N#Cc1ccc(F)cc1Br,5.2637577,3.6893928
N#Cc1ccc(OCc2ccccc2)cc1Br,6.354,4.2706614
CC(C)c1cc(Br)ccc1C#N,12.97749,6.3655343
N#Cc1ccc(Br)cc1C(F)(F)F,6.1227646,4.5162625
N#Cc1ccc(Br)cc1Cl,13.903325,7.2074847
N#Cc1ccc(Br)cc1F,13.8969755,7.4849453
N#Cc1ccc(Br)cc1N1CCCCC1,10.812331,5.5735517
N#Cc1ccc(Br)cc1N1CCOCC1,11.105795,5.687753
N#Cc1ccc(Br)cc1OCc1ccccc1,10.84591,5.555611
N#Cc1ccc(Br)cc1Oc1ccccc1,11.666009,5.6626024
N#Cc1ccc2cc(Br)ccc2c1,12.247841,5.8836627
N#Cc1cccc(Br)c1,6.529344,4.0972543
Cc1cccc(C#N)c1Br,6.313879,2.539687
N#Cc1cccc(C#N)c1Br,5.4212275,3.610121
N#Cc1cccc(F)c1Br,-0.02794302,-0.27489647
N#Cc1cccc(Br)c1C(F)(F)F,5.1141624,3.4389524
Cc1c(Br)cccc1C#N,7.0799346,1.8680186
N#Cc1cccc(Br)c1Cl,2.910693,3.8626564
N#Cc1cccc(Br)c1F,-0.07472746,-0.18049046
N#Cc1cccc(Br)c1OCc1ccccc1,3.1703825,1.251381
N#Cc1cccc2c(Br)cccc12,7.105327,-0.04279595
N#Cc1ccccc1Br,5.7358456,3.5536985
N#Cc1ccccc1C(=O)c1ccc(Br)cc1,11.67531,4.057488
N#Cc1ccccc1C(=O)c1cccc(Br)c1,11.175979,6.2927947
N#Cc1ccccc1Oc1ccc(Br)cc1,8.920654,6.3512163
COC(=O)C(=[N+]=[N-])c1cccc(Br)c1,10.927551,6.5209103
COC(=O)C(=[N+]=[N-])c1ccccc1Br,6.244485,0.34337753
[N-]=[N+]=Nc1cccc(Br)c1,11.438923,8.850402
O=C(C(=O)c1ccc(Br)cc1)c1ccc(Br)cc1,12.077914,0.68598986
CC(C)(C)C(=O)CCc1ccc(Br)cc1,9.658916,8.787023
CC(C)(C)C(=O)c1ccc(Br)cc1,11.938604,4.628943
O=C(Cc1ccccc1Br)C(F)(F)F,5.8158135,0.9993014
O=C(c1cc(Br)ccc1F)C(F)(F)F,12.698494,7.3716035
O=C(c1ccc(F)c(Br)c1)C(F)(F)F,-0.40968275,0.91297865
O=C(c1ccc(Br)cc1)C(F)(F)F,13.688235,4.778076
CC(C)(C)OC(=O)C(C)(C)Sc1ccc(Br)cc1,7.6293187,6.471105
CC(C)(C)OC(=O)C1(c2ccc(Br)cc2)CC1,7.716623,10.767401
CC(C)(C)OC(=O)Cc1ccc(Br)cc1,8.444936,11.099486
CN(C)C(=O)Cc1ccccc1Br,7.4363785,-0.16225225
CN(CCc1ccccc1Br)C(=O)OC(C)(C)C,5.5720344,0.86439663
CN(Cc1ccccc1Br)C(=O)OC(C)(C)C,6.157881,0.6394774
CC(C)(C)OC(=O)N(C(=O)OC(C)(C)C)c1ccccc1Br,4.550989,1.1590911
CN(C(=O)OC(C)(C)C)c1ccccc1Br,4.868604,0.54966974
CC(C)(C)OC(=O)N1CC(F)(c2ccc(Br)cc2)C1,7.3438606,9.533796
CC(C)(C)OC(=O)N1CC(COc2ccc(Br)cc2)C1,6.1934533,9.19062
CC(C)(C)OC(=O)N1CC(Oc2ccc(Br)cc2)C1,6.103548,8.218336
CC(C)(C)OC(=O)N1CC(Sc2ccc(Br)cc2)C1,7.3985887,5.56108
CC(C)(C)OC(=O)N1CCC(COc2ccc(Br)cc2)CC1,6.339708,7.742509
CC(C)(C)OC(=O)N1CCC(Cc2ccc(Br)cc2)CC1,6.4759088,8.300405
CC(C)(C)OC(=O)N1CCC(Oc2ccc(Br)cc2)CC1,6.08624,8.008823
CC(C)(C)OC(=O)N1CCC(Oc2ccccc2Br)CC1,3.1615305,0.1521353
CC(C)(C)OC(=O)N1CCC(c2ccc(Br)cc2)CC1,6.3970904,8.304479
O=C(Cc1ccc(Br)cc1)N1CCCC1,8.729799,11.246092
CC(C)(C)OC(=O)N1CCN(CCCOc2ccc(Br)cc2)CC1,6.3678393,7.481448
CC(C)(C)OC(=O)N1CCN(Cc2ccc(Br)cc2)CC1,6.317789,6.1218686
CC(C)(C)OC(=O)N1CCN(c2ccc(Br)cc2)CC1,5.699054,7.9362726
CC(C)(C)OC(=O)N1CCN(c2ccccc2Br)CC1,3.296536,-0.53112805
CC(C)(C)OC(=O)N1CCOC(c2ccc(Br)cc2)C1,6.646795,8.095848
O=C(Cc1ccc(Br)cc1)N1CCOCC1,8.228883,11.210555
Cc1ccc(OCC(=O)OC(C)(C)C)c(Br)c1,2.6030061,-0.7475822
CC(C)(C)OC(=O)COc1ccc(C(F)(F)F)cc1Br,3.1986463,0.66417205
CC(C)(C)OC(=O)COc1ccc2cc(Br)ccc2c1,7.228235,6.913151
CC(C)(C)OC(=O)COc1cccc(Br)c1,8.140783,9.546439
CC(C)(C)OC(=O)Cc1cccc(Br)c1,8.673907,11.051813
CC(C)(C)OC(=O)Cc1ccccc1Br,5.881909,1.0874323
CC(C)(C)OC(=O)c1c(F)cc(Br)cc1F,12.012149,5.127201
Cc1ccc(Br)cc1C(=O)OC(C)(C)C,7.9382176,4.186477
O=C(c1cc(Br)ccc1Cl)N1CCOCC1,8.564875,7.0786805
O=C(c1cc(Br)ccc1F)C1CC1,11.856252,7.501509
CC(C)(C)OC(=O)N1CCC(C(=O)c2cc(Br)ccc2F)CC1,7.7310634,5.73006
Cc1ccc(C(=O)OC(C)(C)C)cc1Br,6.403635,-0.71955794
Cc1cc(C(=O)C2CC2)ccc1Br,6.233064,-1.3729736
Cc1cc(C(=O)N2CCOCC2)ccc1Br,6.3925138,-1.2830726
Cc1cc(C(=O)OC(C)(C)C)ccc1Br,6.3526287,-1.1689229
O=C(c1ccc(Br)c(F)c1)N1CCCC1,1.3807743,-0.68650955
CC(C)(C)OC(=O)c1ccc(Br)c(F)c1,1.3448256,-0.17418583
O=C(c1ccccc1)c1ccc(Br)c(F)c1,0.803403,0.3198205
CC(C)(C)OC(=O)c1ccc(Br)c(OCc2ccccc2)c1,2.9604828,0.1672715
O=C(c1ccc(Br)cc1)C1CC1,12.217148,5.5175653
O=C(c1ccc(Br)cc1)C1CCCC1,11.7188015,4.3831663
O=C(c1ccc(Br)cc1)C1CCCCC1,11.2728815,4.1440434
O=C(c1ccc(Br)cc1)C1CCN(C(=O)C(F)(F)F)CC1,9.336458,3.8745022
CC(C)(C)OC(=O)N1CCC(C(=O)c2ccc(Br)cc2)CC1,8.230047,4.7898746
O=C(c1ccc(Br)cc1)C1CCNCC1,9.7271,4.938832
O=C(c1ccc(Br)cc1)C1CCOCC1,11.311046,4.344968
CC(=O)CC(=O)c1ccc(Br)cc1,12.469728,4.5451035
O=C(CC(F)(F)F)c1ccc(Br)cc1,13.2753725,4.6177297
O=C(CCC1OCCCO1)c1ccc(Br)cc1,10.813001,3.9722733
O=C(CN1CCOCC1)c1ccc(Br)cc1,10.362039,4.3025107
CC(=O)OCC(=O)c1ccc(Br)cc1,12.390435,4.698795
CS(=O)(=O)CC(=O)c1ccc(Br)cc1,12.993055,4.2954865
O=C(c1ccc(Br)cc1)N1CCCC1,8.290621,6.852111
O=C(c1ccc(Br)cc1)N1CCCCC1,8.286751,6.761686
CC(C)(C)OC(=O)N1CCN(C(=O)c2ccc(Br)cc2)CC1,7.390999,5.6477547
O=C(c1ccc(Br)cc1)N1CCNCC1,7.719181,6.6894283
O=C(c1ccc(Br)cc1)N1CCS(=O)(=O)CC1,10.521344,3.8953629
CC(C)(C)OC(=O)c1ccc(Br)cc1,11.48316,4.8386836
O=C(c1ccc(Br)cc1)c1ccc(Br)cc1,11.890488,0.9172536
O=C(Cc1ccccc1Br)c1ccccc1,6.800005,-0.39103338
O=C(c1ccc(Br)cc1)n1cccc1,10.869387,5.239938
O=C/C=C(/Cl)c1ccc(Br)cc1,12.89083,4.4631987
O=C/C=C/c1ccc(Br)cc1,12.625215,5.008568
O=C/C=C/c1cccc(Br)c1,12.58287,7.3598204
O=C/C=C/c1ccccc1Br,6.37837,-1.1936326
O=C1C=CC(=O)N1c1ccc(Br)cc1,10.109465,5.4245725
O=C1CC(=O)CC(c2cccc(Br)c2)C1,10.272162,7.564954
O=C1CC(=O)N(c2ccc(Br)cc2)C(=O)N1,11.2613535,7.8432703
CC1(C)C(=O)CC1c1ccc(Br)cc1,9.801571,8.804622
O=C1CC(c2ccc(Br)cc2)C1,10.414581,8.308289
O=C1CC(c2cccc(Br)c2)C1,10.693482,8.647892
O=C1CC(c2ccccc2Br)C1,6.845419,0.17401487
O=C1CC(c2ccc(Br)cc2)N1,10.330193,11.418609
O=C1CCC(c2ccc(Br)cc2)C1,10.327964,8.601722
O=C1CCC(Oc2ccc(Br)cc2)CC1,6.5877385,10.515019
O=C1CCC(c2ccc(Br)cc2)CC1,10.117602,8.642502
O=C1CCC(c2ccc(Br)cc2)N1,9.843038,11.417932
O=C1CCCC(c2ccc(Br)cc2)N1,9.083881,11.089132
O=C1CCCC1c1ccc(Br)cc1,10.284474,8.198389
O=C1CCCCC1c1ccc(Br)cc1,9.857889,8.4306345
Cc1c(Br)cccc1N1CCCCC1=O,7.0931873,-0.44500503
O=C1CCCCN1c1ccccc1Br,5.230838,0.24399762
O=C1CCCN1c1ccc(Br)c(F)c1,1.3671771,-2.19932
O=C1CCCN1c1ccccc1Br,4.5926604,-0.28525937
O=C1CCN(S(=O)(=O)c2ccc(Br)cc2)CC1,10.907652,4.265677
O=C1CCN(c2ccc(Br)cc2)CC1,6.7315803,10.498619
O=C1CCN(c2cccc(Br)c2)CC1,9.854261,8.633006
O=C1c2ccccc2C(=O)N1Cc1ccc(Br)cc1,8.941285,4.9110036
O=C1c2ccccc2C(=O)N1c1ccc(Br)cc1,9.398249,5.1438756
CC(=O)C1=C(C)NC(=O)CC1c1ccc(Br)cc1,9.424374,6.59873
CC1(c2cccc(Br)c2)NC(=O)NC1=O,9.994709,11.013651
O=C1C=C(c2ccc(Br)cc2)C(=O)N1,12.667314,4.3684363
CC1(c2ccc(Br)cc2)NC(=O)NC1=O,9.434144,10.512777
O=C1NC(=O)/C(=C\c2ccc(Br)cc2)S1,10.666478,4.434131
O=C1C=C(c2ccc(Br)cc2)CN1,11.540397,5.1631474
O=C1CC(c2ccc(Br)cc2)CN1,9.526886,11.623433
O=C1CC(c2cccc(Br)c2)CN1,10.123658,10.767585
O=C1NCC(c2ccc(Br)cc2)O1,10.784129,10.390471
O=C1CC(c2ccc(Br)cc2)CCN1,9.028579,11.114948
O=C1NCCCC1c1ccc(Br)cc1,8.936959,10.9110155
O=C1CN(Cc2ccc(Br)cc2)CCN1,5.2552896,6.4633727
O=C1NCCN1c1ccc(Br)cc1,6.6027207,10.69142
O=C1NC(c2ccc(Br)cc2)CO1,11.141994,10.301377
O=C1OCCN1c1ccccc1Br,4.2789288,0.114176765
O=C=Nc1ccc(Br)c(F)c1,0.015967889,-2.0300758
O=C=Nc1ccc(Br)cc1,11.444434,12.229551
O=C=Nc1ccccc1Br,3.9489536,0.22125375
O=CC(=O)c1ccc(Br)cc1,13.593726,4.73444
N#CC(C=O)c1ccc(Br)cc1,12.4734745,7.7094254
O=CCCc1ccc(Br)cc1,10.761854,8.350861
O=CCCc1cccc(Br)c1,10.651846,8.262846
O=CCCc1ccccc1Br,8.259244,-0.028573839
O=CCc1ccc(Br)cc1,10.984354,8.28517
O=CCc1cccc(Br)c1,11.351839,8.350646
O=CCc1ccccc1Br,7.6188807,0.7190596
O=Cc1c(Br)ccc2ccccc12,6.4864817,-1.5626806
Cc1c(C)c(C=O)c(C)c(C)c1Br,7.1377673,-1.7798266
Cc1cc(Br)cc(C)c1C=O,13.034607,5.498198
Cc1cc(Br)cc(Cl)c1C=O,13.752746,5.177036
Cc1cc(Br)cc(F)c1C=O,13.8604555,5.3313746
Cc1ccc(Br)c(C)c1C=O,6.4166217,-1.3661653
Cc1onc(-c2ccc(Br)cc2)c1C=O,11.401817,5.1010785
O=Cc1c(Cl)cc(Br)cc1Cl,13.728894,5.2531805
O=Cc1c(Cl)ccc(Br)c1F,-0.20537722,0.68713355
O=Cc1c(F)c(F)c(Br)c(F)c1F,-0.99006045,-0.42863366
O=Cc1c(F)c(F)cc(Br)c1F,-0.35720378,0.65885216
O=Cc1c(F)cc(F)c(Br)c1F,-0.93964577,-0.8304663
O=Cc1c(F)cc(Br)cc1Cl,14.012339,5.8860583
O=Cc1c(F)cc(Br)cc1F,13.940353,6.054887
Cc1c(Br)ccc(F)c1C=O,6.269575,-1.2429792
O=Cc1c(F)ccc(Br)c1F,-0.2729664,0.5867067
COc1ccc(Br)c(F)c1C=O,0.4392253,0.1454437
COc1ccc2cc(Br)ccc2c1C=O,10.115685,6.7977967
O=Cc1c(-c2ccc(Br)cc2)nc2sccn12,9.953291,4.9107146
O=Cc1c[nH]nc1-c1cccc(Br)c1,11.198005,7.2554283
COc1cc(C=O)cc(Br)c1OCc1ccccc1,3.214734,1.1346573
Cc1cc(F)c(C=O)cc1Br,5.8264346,-1.0727166
O=Cc1cc(Br)c(F)cc1F,-0.5460589,0.5085357
O=Cc1cc(Br)c2ccccc2c1,6.679474,-1.1719264
CC1(C)OB(c2cc(Br)cc(C=O)c2)OC1(C)C,10.3389635,6.3473625
CC(C)(C)OC(=O)c1cc(Br)cc(C=O)c1,11.499738,6.450785
O=Cc1cc(Br)cc(C(F)(F)F)c1,13.217584,6.8669915
O=Cc1cc(Br)cc(S(F)(F)(F)(F)F)c1,12.505099,6.6782665
Cc1cc(Br)cc(C=O)c1F,12.387729,7.62525
O=Cc1cc(Br)cc(C(F)(F)F)c1F,12.960249,6.988456
O=Cc1cc(Br)cc(Cl)c1F,12.868773,7.421741
O=Cc1cc(Br)cc(F)c1F,13.055132,7.502824
COc1c(F)cc(Br)cc1C=O,11.864553,7.7133856
CC1(C)OB(c2ccc(Br)cc2C=O)OC1(C)C,10.573263,6.1825314
Cc1ccc(Br)cc1C=O,12.617082,7.76904
N#Cc1ccc(Br)cc1C=O,13.54581,6.4667563
O=Cc1ccc(Br)cc1C=O,13.697513,5.706471
CCc1ccc(Br)cc1C=O,12.26549,7.6143136
O=Cc1cc(Br)ccc1Cl,13.161512,7.43374
O=Cc1cc(Br)ccc1F,12.7857685,7.59722
CN(C)c1ccc(Br)cc1C=O,9.295497,8.030474
O=Cc1cc(Br)ccc1N1CCCC1,8.264899,8.6514015
O=Cc1cc(Br)ccc1N1CCCCC1,8.6702,8.179507
CC(C)(C)OC(=O)N1CCN(c2ccc(Br)cc2C=O)CC1,7.561874,6.023892
O=Cc1cc(Br)ccc1N1CCOCC1,9.914007,7.522686
COc1ccc(Br)cc1C=O,11.032719,7.7085023
CC(C)Oc1ccc(Br)cc1C=O,10.594154,7.6393924
O=Cc1cc(Br)ccc1OC(F)F,12.634185,7.2688217
O=Cc1cc(Br)ccc1OC/C=C/c1ccccc1,9.112598,6.5385222
CC(C)COc1ccc(Br)cc1C=O,10.985452,7.0297747
O=Cc1cc(Br)ccc1OCC(F)(F)F,11.383469,7.0762525
O=Cc1cc(Br)ccc1OCC1CC1,10.518489,7.760566
O=Cc1cc(Br)ccc1OCc1ccc(Cl)cc1,10.529685,6.3834934
O=Cc1cc(Br)ccc1OCc1ccc(F)cc1,10.142112,6.830065
O=Cc1cc(Br)ccc1OCc1cccc(C(F)(F)F)c1,9.998001,6.227447
CC(C)[Si](Oc1ccc(Br)cc1C=O)(C(C)C)C(C)C,8.002079,6.3805704
N#Cc1cc(Br)cc(C=O)c1,13.299817,7.0046716
COc1c(C)cc(C=O)cc1Br,2.6565638,1.4188428
Cc1cc(C=O)cc(C)c1Br,7.0727105,-1.7931281
Cc1cc(C=O)cc(F)c1Br,0.6378437,0.1522194
Cc1cc(C=O)c(C)cc1Br,6.0557437,-1.1726533
Cc1cc(C=O)c(F)cc1Br,6.090573,-0.93381405
Cc1cc(Br)cc(C=O)c1,12.674606,7.575145
COc1c(Br)cc(C)cc1C=O,2.1043804,1.6622161
O=Cc1cc(Br)cc(C=O)c1,13.188606,7.1001797
COc1c(Cl)cc(C=O)cc1Br,2.6798093,1.6313177
O=Cc1cc(Cl)c(Br)c(Cl)c1,2.8166065,4.4805055
Cc1cc(Br)c(Cl)cc1C=O,2.9768112,3.9106083
O=Cc1cc(Cl)c(Br)cc1F,3.1375604,3.8777816
O=Cc1cc(Cl)cc(Br)c1F,-0.31820264,0.7839036
COc1c(Br)cc(Cl)cc1C=O,2.5854232,1.6561506
O=Cc1cc(F)c(F)c(Br)c1,-0.20636185,0.738704
O=Cc1cc(F)c(Br)c(F)c1,-0.90123045,-0.6335257
Cc1cc(Br)c(F)cc1C=O,0.5044697,0.7311881
O=Cc1cc(F)c(Br)cc1F,0.188973,0.73966265
O=Cc1cc(F)cc(Br)c1,13.461547,7.0857153
O=Cc1cc(F)cc(Br)c1F,-0.19320066,0.6980168
COc1c(Br)cc(F)cc1C=O,2.1802132,1.7337227
CC(C)Oc1cc(Br)cc(C=O)c1,11.204038,6.8945756
COc1cc(C=O)c(OC)cc1Br,1.8199852,0.70394796
O=Cc1cc(Br)cc(OCc2ccccc2)c1,10.6242285,6.2354093
O=Cc1cc(C(F)(F)F)cc(Br)c1F,-0.39578852,0.82733274
Cc1cc(C=O)c(C)n1-c1ccc(Br)cc1,9.403091,6.524892
Cc1cc(C=O)c(C)n1-c1cccc(Br)c1,9.935472,6.3911676
Cc1cc(C=O)c(C)n1-c1ccccc1Br,4.6620197,0.872112
O=Cc1cc2ccccc2cc1Br,5.4189744,2.6655586
Cc1ccc(C=O)cc1Br,6.1119556,-0.87616557
N#Cc1ccc(C=O)cc1Br,4.700533,4.225779
O=Cc1ccc(C(F)(F)F)c(Br)c1,3.8706467,3.8797169
O=Cc1ccc(Cl)c(Br)c1,2.5746224,3.6185977
O=Cc1ccc(F)c(Br)c1,-0.06005602,0.7547206
CN(C)c1ccc(C=O)cc1Br,2.7192163,1.2248901
CN1CCN(c2ccc(C=O)cc2Br)CC1,4.460056,0.29839307
COc1ccc(C=O)cc1Br,1.3618824,1.1363161
CC(C)Oc1ccc(C=O)cc1Br,2.248029,1.4608479
O=Cc1ccc(OC(F)(F)F)c(Br)c1,2.888363,2.5516584
O=Cc1ccc(OC(F)F)c(Br)c1,2.6489024,2.129934
O=Cc1ccc(OCC2CC2)c(Br)c1,2.243142,1.3437623
O=Cc1ccc(OCCN2CCOCC2)c(Br)c1,3.6356204,0.60637474
O=Cc1ccc(OCc2ccc(F)cc2)c(Br)c1,2.6199346,0.96169513
O=Cc1ccc(OCc2ccccc2)c(Br)c1,2.5363696,1.2134236
CC(C)(C)[Si](C)(C)Oc1ccc(C=O)cc1Br,2.8956864,0.9994771
O=Cc1ccc(Oc2ccc(Cl)cc2)c(Br)c1,2.7522628,1.3163799
O=Cc1ccc(Oc2ccc(F)cc2F)c(Br)c1,1.8988867,0.83520406
O=Cc1ccc(Oc2ccccc2)c(Br)c1,1.9974388,1.1695254
CS(=O)(=O)c1ccc(C=O)cc1Br,3.2428052,3.6834922
CSc1ccc(C=O)cc1Br,2.1460037,3.335069
N#Cc1cc(C=O)ccc1Br,4.8601885,4.1449695
O=Cc1ccc(Br)c(C(F)(F)F)c1,4.298372,3.8464785
Cc1cc(C=O)ccc1Br,6.4197583,-0.9004788
O=Cc1ccc(Br)c(Cl)c1,3.0564284,3.7409086
O=Cc1ccc(Br)c(F)c1,0.26852426,0.65666276
O=Cc1ccc(Cl)c(Br)c1Cl,2.7353306,4.5388684
Cc1c(Br)ccc(C=O)c1F,6.294568,-0.7165476
O=Cc1ccc(Br)c2ccccc12,6.4704647,-1.5698773
O=Cc1ccc(/C=C/C(=O)c2ccc(Br)cc2)cc1,10.184067,3.835657
O=Cc1ccc(/C=C/c2ccc(Br)cc2)cc1,9.987581,4.646583
O=Cc1ccc(Br)cc1,13.529841,5.612706
O=Cc1ccc(N(c2ccc(Br)cc2)c2ccc(C=O)cc2)cc1,7.871738,5.4515944
O=Cc1ccc(OCc2ccc(Br)cc2)cc1,10.079222,6.5300264
O=Cc1ccc(OCc2cccc(Br)c2)cc1,10.159854,6.5459986
O=Cc1ccc(OCc2ccccc2Br)cc1,6.5118084,-0.33001998
O=Cc1ccc(Oc2ccc(Br)cc2)cc1,10.459037,6.6932726
O=Cc1ccc(Oc2cccc(Br)c2)cc1,11.058213,6.167845
O=Cc1ccc(-c2ccc(Br)cc2)cc1,11.124951,4.9063044
O=Cc1ccc(-c2cccc(Br)c2)cc1,11.437865,6.3622155
O=Cc1ccc(-c2ccccc2Br)cc1,6.205155,-0.49018285
O=Cc1ccc(Br)cc1C(F)(F)F,13.901212,5.781926
Cc1cc(Br)ccc1C=O,13.47555,5.3857822
O=Cc1ccc(Br)cc1Cl,13.99533,5.759843
O=Cc1ccc(Br)cc1F,14.028746,5.9330087
CN(C)c1cc(Br)ccc1C=O,11.607137,5.4313736
O=Cc1ccc(Br)cc1N1CCCC1,11.216555,5.5716243
O=Cc1ccc(Br)cc1N1CCCCC1,11.093962,5.0725274
CN1CCN(c2cc(Br)ccc2C=O)CC1,10.44173,5.189699
O=Cc1ccc(Br)cc1N1CCOCC1,11.185846,5.1793427
CC(C)Oc1cc(Br)ccc1C=O,12.210422,5.149748
O=Cc1ccc(Br)cc1OC(F)(F)F,13.574011,5.0424757
O=Cc1ccc(Br)cc1OC(F)F,13.744446,5.2419
CC(C)(C)OC(=O)N1CC(Oc2cc(Br)ccc2C=O)C1,9.079365,4.1425076
O=Cc1ccc(Br)cc1OCC(F)(F)F,13.163021,4.963726
O=Cc1ccc(Br)cc1Oc1ccccc1,11.989461,4.7203484
O=Cc1ccc(COc2ccc(Br)cc2)o1,10.433487,7.268804
O=Cc1ccc(-c2ccc(Br)cc2)o1,11.027721,5.21573
O=Cc1ccc(-c2ccc(Br)cc2Cl)o1,10.940173,4.778651
O=Cc1ccc(-c2cccc(Br)c2)o1,11.933786,6.9459586
O=Cc1ccc2cccc(Br)c2c1,6.6402526,-0.9965393
O=Cc1ccc2cc(Br)ccc2c1,11.914121,5.1532297
O=Cc1ccc2c(Br)cccc2c1,6.646081,-1.2509556
O=Cc1ccc2ccccc2c1Br,6.9856715,-1.7976853
O=Cc1cccc(Br)c1,13.071123,7.6861777
O=Cc1cccc(OCc2ccc(Br)cc2)c1,10.133224,5.7283645
O=Cc1cccc(OCc2cccc(Br)c2)c1,10.476791,6.494534
N#Cc1c(Br)cccc1C=O,5.391405,4.225417
Cc1c(Br)cccc1C=O,6.066976,-1.3294822
O=Cc1cccc(Br)c1Cl,2.7733705,3.6944165
O=Cc1cccc(Br)c1F,-0.078104675,0.6359382
CC(C)Oc1c(Br)cccc1C=O,2.373701,1.4326019
O=Cc1cccc(Br)c1OCc1ccccc1,2.9466558,1.2984811
O=Cc1ccccc1OCc1ccc(Br)cc1,10.190561,6.2303424
O=Cc1ccccc1OCc1cccc(Br)c1,10.379477,6.2738485
O=Cc1cccn1-c1ccc(Br)cc1,10.763439,7.120394
O=Cc1ccn(-c2ccc(Br)cc2)c1,10.927303,7.4998407
O=Cc1cn(Cc2ccc(Br)cc2)c2ccccc12,9.532182,5.942598
O=Cc1cn(Cc2cccc(Br)c2)c2ccccc12,9.636186,5.9839797
O=Cc1cn(-c2ccccc2)nc1-c1ccc(Br)cc1,9.12583,5.1562176
O=Cc1cnccc1-c1ccc(Br)cc1,12.037874,5.321715
O=Cc1cnn(-c2cccc(Br)c2)c1,0.85277504,-0.61045176
O=Cc1cnn(-c2ccccc2Br)c1,3.5946236,1.443976
O=Cc1coc(-c2ccc(Br)cc2)n1,11.657989,4.9287353
O=Cc1cc(-c2ccc(Br)cc2)no1,12.140067,4.5543323
O=Nc1ccc(Br)cc1,13.193213,5.1600437
O=S=Nc1cccc(Br)c1,12.853438,6.5178413
O=C1NC(=S)S/C1=C\c1ccccc1Br,5.1175303,0.89517736
O=C(N=C=S)c1ccc(Br)cc1,13.892196,4.8519664
S=C=NCc1ccc(Br)cc1,10.769979,8.425884
S=C=Nc1ccc(Br)c(Cl)c1,2.3796043,4.0565295
S=C=Nc1ccc(Br)cc1,10.794682,9.077605
Cc1ccc(N=C=S)c(Br)c1,4.2952123,0.8689466
S=C=Nc1cccc(Br)c1,11.6368475,8.406011
S=C=Nc1ccccc1Br,4.1918907,0.90122133
[C-]#[N+]C(c1cccc(Br)c1)S(=O)(=O)c1ccc(C)cc1,6.9332275,3.1968906
[C-]#[N+]Cc1cccc(Br)c1,11.589343,10.9439335
[C-]#[N+]c1cccc(Br)c1,6.836306,4.4543705
[C-]#[N+]c1ccccc1Br,5.9998665,3.1855235
[C]=Nc1ccc(Br)cc1,11.799543,4.7227435
